timestamp,step,soc_before,soc,price,demand_kw,renewable_kw,requested_battery_power_kw,executed_battery_power_kw,charge_kw,discharge_kw,grid_power_kw,grid_import_kw,grid_export_kw,electricity_cost,peak_penalty,degradation_penalty,constraint_penalty,throughput_kwh,renewable_used_locally_kwh,renewable_generation_kwh,constraint_violation,reward,episode,policy
2025-05-12 01:00:00,0,0.5,0.5,0.1059106496287817,44.50012567306557,0.9098565145262796,0.0,0.0,0.0,-0.0,43.590269158539286,43.590269158539286,0.0,4.616673724074343,0.0,0.0,0.0,0.0,0.9098565145262796,0.9098565145262796,0,-4.616673724074343,0,No Battery
2025-05-12 02:00:00,1,0.5,0.5,0.0906160171101649,43.96381593895602,0.3840618873213719,0.0,0.0,0.0,-0.0,43.579754051634644,43.579754051634644,0.0,3.949023738799703,0.0,0.0,0.0,0.0,0.3840618873213719,0.3840618873213719,0,-3.949023738799703,0,No Battery
2025-05-12 03:00:00,2,0.5,0.5,0.1031309010593861,45.77763012404826,1.047736866294566,0.0,0.0,0.0,-0.0,44.729893257753695,44.729893257753695,0.0,4.613034195962298,0.0,0.0,0.0,0.0,1.047736866294566,1.047736866294566,0,-4.613034195962298,0,No Battery
2025-05-12 04:00:00,3,0.5,0.5,0.1045077937768105,46.34025662838408,1.7299648424907683,0.0,0.0,0.0,-0.0,44.61029178589332,44.61029178589332,0.0,4.662123174283482,0.0,0.0,0.0,0.0,1.7299648424907683,1.7299648424907683,0,-4.662123174283482,0,No Battery
2025-05-12 05:00:00,4,0.5,0.5,0.1085546549196963,45.33189715589871,0.0,0.0,0.0,0.0,-0.0,45.33189715589871,45.33189715589871,0.0,4.920988452613747,0.0,0.0,0.0,0.0,0.0,0.0,0,-4.920988452613747,0,No Battery
2025-05-12 06:00:00,5,0.5,0.5,0.1143357309045077,51.01420181303544,0.0,0.0,0.0,0.0,-0.0,51.01420181303544,51.01420181303544,0.0,5.832746050803469,0.0,0.0,0.0,0.0,0.0,0.0,0,-5.832746050803469,0,No Battery
2025-05-12 07:00:00,6,0.5,0.5,0.0949433926122531,56.98849271333712,21.804743437053222,0.0,0.0,0.0,-0.0,35.183749276283905,35.183749276283905,0.0,3.3404645211092987,0.0,0.0,0.0,0.0,21.804743437053222,21.804743437053222,0,-3.3404645211092987,0,No Battery
2025-05-12 08:00:00,7,0.5,0.5,0.1107866059646547,61.488354246819455,35.22113174329405,0.0,0.0,0.0,-0.0,26.267222503525403,26.267222503525403,0.0,2.9100564292839795,0.0,0.0,0.0,0.0,35.22113174329405,35.22113174329405,0,-2.9100564292839795,0,No Battery
2025-05-12 09:00:00,8,0.5,0.5,0.1043592818975314,57.94894927828455,53.02194100385325,0.0,0.0,0.0,-0.0,4.9270082744313015,4.9270082744313015,0.0,0.5141790454228459,0.0,0.0,0.0,0.0,53.02194100385325,53.02194100385325,0,-0.5141790454228459,0,No Battery
2025-05-12 10:00:00,9,0.5,0.5,0.0842896195864674,44.91697685899402,66.63308207834064,0.0,0.0,0.0,-0.0,-21.716105219346616,0.0,21.716105219346616,-0.9772247348705977,0.0,0.0,0.0,0.0,44.91697685899402,66.63308207834064,0,0.9772247348705977,0,No Battery
2025-05-12 11:00:00,10,0.5,0.5,0.0737315118224858,52.45511462026136,69.71551732296052,0.0,0.0,0.0,-0.0,-17.26040270269916,0.0,17.26040270269916,-0.7767181216214621,0.0,0.0,0.0,0.0,52.45511462026136,69.71551732296052,0,0.7767181216214621,0,No Battery
2025-05-12 12:00:00,11,0.5,0.5,0.0761283810712402,47.183737180223325,71.54330405107947,0.0,0.0,0.0,-0.0,-24.35956687085615,0.0,24.35956687085615,-1.0961805091885266,0.0,0.0,0.0,0.0,47.183737180223325,71.54330405107947,0,1.0961805091885266,0,No Battery
2025-05-12 13:00:00,12,0.5,0.5,0.0679537009118456,50.77586447593297,79.09421618542179,0.0,0.0,0.0,-0.0,-28.318351709488816,0.0,28.318351709488816,-1.2743258269269966,0.0,0.0,0.0,0.0,50.77586447593297,79.09421618542179,0,1.2743258269269966,0,No Battery
2025-05-12 14:00:00,13,0.5,0.5,0.0979516978088855,51.37640161499907,61.59609690660245,0.0,0.0,0.0,-0.0,-10.21969529160338,0.0,10.21969529160338,-0.45988628812215204,0.0,0.0,0.0,0.0,51.37640161499907,61.59609690660245,0,0.45988628812215204,0,No Battery
2025-05-12 15:00:00,14,0.5,0.5,0.128852723195387,54.484857297694965,45.88447940103865,0.0,0.0,0.0,-0.0,8.600377896656319,8.600377896656319,0.0,1.1081821124935811,0.0,0.0,0.0,0.0,45.88447940103865,45.88447940103865,0,-1.1081821124935811,0,No Battery
2025-05-12 16:00:00,15,0.5,0.5,0.1585649718921092,59.62188854399286,34.159903873690155,0.0,0.0,0.0,-0.0,25.461984670302705,25.461984670302705,0.0,4.037378883563863,0.0,0.0,0.0,0.0,34.159903873690155,34.159903873690155,0,-4.037378883563863,0,No Battery
2025-05-12 17:00:00,16,0.5,0.5,0.1575918741839245,64.9514295975311,23.622869016220605,0.0,0.0,0.0,-0.0,41.3285605813105,41.3285605813105,0.0,6.513045319332586,0.0,0.0,0.0,0.0,23.622869016220605,23.622869016220605,0,-6.513045319332586,0,No Battery
2025-05-12 18:00:00,17,0.5,0.5,0.2316158632559687,73.24595957365736,0.0,0.0,0.0,0.0,-0.0,73.24595957365736,73.24595957365736,0.0,16.964926156664433,0.021072507107635727,0.0,0.0,0.0,0.0,0.0,0,-16.98599866377207,0,No Battery
2025-05-12 19:00:00,18,0.5,0.5,0.229974380207038,70.36373874338916,0.0,0.0,0.0,0.0,-0.0,70.36373874338916,70.36373874338916,0.0,16.18185720656087,0.0002646117468846551,0.0,0.0,0.0,0.0,0.0,0,-16.182121818307756,0,No Battery
2025-05-12 20:00:00,19,0.5,0.5,0.191609367759457,72.4175384634933,3.8724938208898103,0.0,0.0,0.0,-0.0,68.54504464260349,68.54504464260349,0.0,13.133872667013009,0.0,0.0,0.0,0.0,3.8724938208898103,3.8724938208898103,0,-13.133872667013009,0,No Battery
2025-05-12 21:00:00,20,0.5,0.5,0.1965071827949567,68.03044544378993,0.0,0.0,0.0,0.0,-0.0,68.03044544378993,68.03044544378993,0.0,13.368471178445155,0.0,0.0,0.0,0.0,0.0,0.0,0,-13.368471178445155,0,No Battery
2025-05-12 22:00:00,21,0.5,0.5,0.1653925821077788,62.07989853708435,0.0,0.0,0.0,0.0,-0.0,62.07989853708435,62.07989853708435,0.0,10.2675547160373,0.0,0.0,0.0,0.0,0.0,0.0,0,-10.2675547160373,0,No Battery
2025-05-12 23:00:00,22,0.5,0.5,0.1479285684353256,49.36021507446455,3.756804870457203,0.0,0.0,0.0,-0.0,45.603410204007346,45.603410204007346,0.0,6.746047187247727,0.0,0.0,0.0,0.0,3.756804870457203,3.756804870457203,0,-6.746047187247727,0,No Battery
2025-05-13 00:00:00,23,0.5,0.5,0.0994591578193764,49.91064552240334,0.0,0.0,0.0,0.0,-0.0,49.91064552240334,49.91064552240334,0.0,4.964070769879666,0.0,0.0,0.0,0.0,0.0,0.0,0,-4.964070769879666,0,No Battery
2025-06-20 14:00:00,0,0.5,0.5,0.0691335020361799,44.85540937383352,65.15266046192455,0.0,0.0,0.0,-0.0,-20.297251088091038,0.0,20.297251088091038,-0.9133762989640967,0.0,0.0,0.0,0.0,44.85540937383352,65.15266046192455,0,0.9133762989640967,1,No Battery
2025-06-20 15:00:00,1,0.5,0.5,0.1159602158507311,51.10377613345808,61.1898612866248,0.0,0.0,0.0,-0.0,-10.08608515316672,0.0,10.08608515316672,-0.4538738318925024,0.0,0.0,0.0,0.0,51.10377613345808,61.1898612866248,0,0.4538738318925024,1,No Battery
2025-06-20 16:00:00,2,0.5,0.5,0.1486781942385715,56.10888453744891,41.65997973468926,0.0,0.0,0.0,-0.0,14.44890480275965,14.44890480275965,0.0,2.148237074799328,0.0,0.0,0.0,0.0,41.65997973468926,41.65997973468926,0,-2.148237074799328,1,No Battery
2025-06-20 17:00:00,3,0.5,0.5,0.189515505422687,60.23683980250561,17.507072371827416,0.0,0.0,0.0,-0.0,42.729767430678194,42.729767430678194,0.0,8.097953471218847,0.0,0.0,0.0,0.0,17.507072371827416,17.507072371827416,0,-8.097953471218847,1,No Battery
2025-06-20 18:00:00,4,0.5,0.5,0.1965868633663754,69.09609945652109,0.0,0.0,0.0,0.0,-0.0,69.09609945652109,69.09609945652109,0.0,13.583385463008597,0.0,0.0,0.0,0.0,0.0,0.0,0,-13.583385463008597,1,No Battery
2025-06-20 19:00:00,5,0.5,0.5,0.2070641694750115,61.52425760963234,0.0,0.0,0.0,0.0,-0.0,61.52425760963234,61.52425760963234,0.0,12.739469304505176,0.0,0.0,0.0,0.0,0.0,0.0,0,-12.739469304505176,1,No Battery
2025-06-20 20:00:00,6,0.5,0.5,0.2133214062258696,59.77615733330785,0.0,0.0,0.0,0.0,-0.0,59.77615733330785,59.77615733330785,0.0,12.751533941120057,0.0,0.0,0.0,0.0,0.0,0.0,0,-12.751533941120057,1,No Battery
2025-06-20 21:00:00,7,0.5,0.5,0.1752649951868889,62.22015244959043,0.0,0.0,0.0,0.0,-0.0,62.22015244959043,62.22015244959043,0.0,10.90501471960496,0.0,0.0,0.0,0.0,0.0,0.0,0,-10.90501471960496,1,No Battery
2025-06-20 22:00:00,8,0.5,0.5,0.1642423644782881,57.43985105714153,3.900912718083106,0.0,0.0,0.0,-0.0,53.538938339058426,53.538938339058426,0.0,8.793361824464228,0.0,0.0,0.0,0.0,3.900912718083106,3.900912718083106,0,-8.793361824464228,1,No Battery
2025-06-20 23:00:00,9,0.5,0.5,0.1488291490208771,53.55777500040973,0.0,0.0,0.0,0.0,-0.0,53.55777500040973,53.55777500040973,0.0,7.970958076762585,0.0,0.0,0.0,0.0,0.0,0.0,0,-7.970958076762585,1,No Battery
2025-06-21 00:00:00,10,0.5,0.5,0.077624513717285,32.84781572547239,8.013380356962925,0.0,0.0,0.0,-0.0,24.83443536850946,24.83443536850946,0.0,1.9277609689238904,0.0,0.0,0.0,0.0,8.013380356962925,8.013380356962925,0,-1.9277609689238904,1,No Battery
2025-06-21 01:00:00,11,0.5,0.5,0.0945907762035274,31.65554711214026,0.0,0.0,0.0,0.0,-0.0,31.65554711214026,31.65554711214026,0.0,2.9943227724846775,0.0,0.0,0.0,0.0,0.0,0.0,0,-2.9943227724846775,1,No Battery
2025-06-21 02:00:00,12,0.5,0.5,0.0784519057513264,34.667628435455484,0.0,0.0,0.0,0.0,-0.0,34.667628435455484,34.667628435455484,0.0,2.719741518640357,0.0,0.0,0.0,0.0,0.0,0.0,0,-2.719741518640357,1,No Battery
2025-06-21 03:00:00,13,0.5,0.5,0.1094967239891028,33.63909904584471,5.9090668886321485,0.0,0.0,0.0,-0.0,27.730032157212563,27.730032157212563,0.0,3.036347677327249,0.0,0.0,0.0,0.0,5.9090668886321485,5.9090668886321485,0,-3.036347677327249,1,No Battery
2025-06-21 04:00:00,14,0.5,0.5,0.0954414093655371,41.02097154157076,4.624394599429346,0.0,0.0,0.0,-0.0,36.396576942141415,36.396576942141415,0.0,3.4737405994391874,0.0,0.0,0.0,0.0,4.624394599429346,4.624394599429346,0,-3.4737405994391874,1,No Battery
2025-06-21 05:00:00,15,0.5,0.5,0.0851698465775518,37.10258024150898,0.0,0.0,0.0,0.0,-0.0,37.10258024150898,37.10258024150898,0.0,3.160021066800625,0.0,0.0,0.0,0.0,0.0,0.0,0,-3.160021066800625,1,No Battery
2025-06-21 06:00:00,16,0.5,0.5,0.0776464104490186,41.07098607972898,1.334663102935843,0.0,0.0,0.0,-0.0,39.73632297679314,39.73632297679314,0.0,3.085382843590849,0.0,0.0,0.0,0.0,1.334663102935843,1.334663102935843,0,-3.085382843590849,1,No Battery
2025-06-21 07:00:00,17,0.5,0.5,0.0962674202019402,52.20010969734645,21.61012031636199,0.0,0.0,0.0,-0.0,30.58998938098446,30.58998938098446,0.0,2.944819361712119,0.0,0.0,0.0,0.0,21.61012031636199,21.61012031636199,0,-2.944819361712119,1,No Battery
2025-06-21 08:00:00,18,0.5,0.5,0.1059180960946911,44.956294540132255,39.4770308599931,0.0,0.0,0.0,-0.0,5.479263680139155,5.479263680139155,0.0,0.5803531770011299,0.0,0.0,0.0,0.0,39.4770308599931,39.4770308599931,0,-0.5803531770011299,1,No Battery
2025-06-21 09:00:00,19,0.5,0.5,0.0768245668410381,46.096791462492526,50.61458206171744,0.0,0.0,0.0,-0.0,-4.5177905992249165,0.0,4.5177905992249165,-0.20330057696512124,0.0,0.0,0.0,0.0,46.096791462492526,50.61458206171744,0,0.20330057696512124,1,No Battery
2025-06-21 10:00:00,20,0.5,0.5,0.0757088386760702,43.44586992874163,58.86056298800573,0.0,0.0,0.0,-0.0,-15.414693059264103,0.0,15.414693059264103,-0.6936611876668846,0.0,0.0,0.0,0.0,43.44586992874163,58.86056298800573,0,0.6936611876668846,1,No Battery
2025-06-21 11:00:00,21,0.5,0.5,0.06641818795416,40.88562048106272,72.38284720773709,0.0,0.0,0.0,-0.0,-31.497226726674363,0.0,31.497226726674363,-1.4173752027003463,0.0,0.0,0.0,0.0,40.88562048106272,72.38284720773709,0,1.4173752027003463,1,No Battery
2025-06-21 12:00:00,22,0.5,0.5,0.0905721116673968,38.03837463253214,84.35361515857963,0.0,0.0,0.0,-0.0,-46.31524052604749,0.0,46.31524052604749,-2.084185823672137,0.0,0.0,0.0,0.0,38.03837463253214,84.35361515857963,0,2.084185823672137,1,No Battery
2025-06-21 13:00:00,23,0.5,0.5,0.0507097906558024,38.088491267172266,81.83333610541234,0.0,0.0,0.0,-0.0,-43.74484483824008,0.0,43.74484483824008,-1.9685180177208035,0.0,0.0,0.0,0.0,38.088491267172266,81.83333610541234,0,1.9685180177208035,1,No Battery
2025-06-29 18:00:00,0,0.5,0.5,0.184774633794586,58.91968482768391,5.485581871454594,0.0,0.0,0.0,-0.0,53.43410295622932,53.43410295622932,0.0,9.873266805879478,0.0,0.0,0.0,0.0,5.485581871454594,5.485581871454594,0,-9.873266805879478,2,No Battery
2025-06-29 19:00:00,1,0.5,0.5,0.2152577897682699,58.19677725759782,0.0,0.0,0.0,0.0,-0.0,58.19677725759782,58.19677725759782,0.0,12.527309644106824,0.0,0.0,0.0,0.0,0.0,0.0,0,-12.527309644106824,2,No Battery
2025-06-29 20:00:00,2,0.5,0.5,0.1938120901233776,57.68660355321464,0.0,0.0,0.0,0.0,-0.0,57.68660355321464,57.68660355321464,0.0,11.18036120676719,0.0,0.0,0.0,0.0,0.0,0.0,0,-11.18036120676719,2,No Battery
2025-06-29 21:00:00,3,0.5,0.5,0.1772566774832079,52.39797865513769,0.0,0.0,0.0,0.0,-0.0,52.39797865513769,52.39797865513769,0.0,9.287891603245754,0.0,0.0,0.0,0.0,0.0,0.0,0,-9.287891603245754,2,No Battery
2025-06-29 22:00:00,4,0.5,0.5,0.1308809833454004,46.98573965727727,1.1915225520210324,0.0,0.0,0.0,-0.0,45.79421710525624,45.79421710525624,0.0,5.993592166268692,0.0,0.0,0.0,0.0,1.1915225520210324,1.1915225520210324,0,-5.993592166268692,2,No Battery
2025-06-29 23:00:00,5,0.5,0.5,0.137239095271288,40.1426066403758,0.0,0.0,0.0,0.0,-0.0,40.1426066403758,40.1426066403758,0.0,5.509135017156373,0.0,0.0,0.0,0.0,0.0,0.0,0,-5.509135017156373,2,No Battery
2025-06-30 00:00:00,6,0.5,0.5,0.1011304864409186,45.77347064034496,1.7483202283670245,0.0,0.0,0.0,-0.0,44.02515041197793,44.02515041197793,0.0,4.452284876797936,0.0,0.0,0.0,0.0,1.7483202283670245,1.7483202283670245,0,-4.452284876797936,2,No Battery
2025-06-30 01:00:00,7,0.5,0.5,0.1210870210183235,48.03151920739823,0.0,0.0,0.0,0.0,-0.0,48.03151920739823,48.03151920739823,0.0,5.815993575808239,0.0,0.0,0.0,0.0,0.0,0.0,0,-5.815993575808239,2,No Battery
2025-06-30 02:00:00,8,0.5,0.5,0.0965525588442139,41.58126431295696,0.0,0.0,0.0,0.0,-0.0,41.58126431295696,41.58126431295696,0.0,4.0147774693935885,0.0,0.0,0.0,0.0,0.0,0.0,0,-4.0147774693935885,2,No Battery
2025-06-30 03:00:00,9,0.5,0.5,0.0959110876502984,45.49504169625572,8.44577557869454,0.0,0.0,0.0,-0.0,37.049266117561174,37.049266117561174,0.0,3.5534354099806404,0.0,0.0,0.0,0.0,8.44577557869454,8.44577557869454,0,-3.5534354099806404,2,No Battery
2025-06-30 04:00:00,10,0.5,0.5,0.1220101312792845,46.11209364697523,0.0,0.0,0.0,0.0,-0.0,46.11209364697523,46.11209364697523,0.0,5.626142599430109,0.0,0.0,0.0,0.0,0.0,0.0,0,-5.626142599430109,2,No Battery
2025-06-30 05:00:00,11,0.5,0.5,0.0973385247489299,46.83758343897586,5.739814124885915,0.0,0.0,0.0,-0.0,41.097769314089945,41.097769314089945,0.0,4.000396235505356,0.0,0.0,0.0,0.0,5.739814124885915,5.739814124885915,0,-4.000396235505356,2,No Battery
2025-06-30 06:00:00,12,0.5,0.5,0.0856893040081581,45.02763521984645,5.064020736883023,0.0,0.0,0.0,-0.0,39.96361448296343,39.96361448296343,0.0,3.424454310695483,0.0,0.0,0.0,0.0,5.064020736883023,5.064020736883023,0,-3.424454310695483,2,No Battery
2025-06-30 07:00:00,13,0.5,0.5,0.0911183374386805,48.785223128469056,21.82455807811208,0.0,0.0,0.0,-0.0,26.960665050356976,26.960665050356976,0.0,2.456610975629667,0.0,0.0,0.0,0.0,21.82455807811208,21.82455807811208,0,-2.456610975629667,2,No Battery
2025-06-30 08:00:00,14,0.5,0.5,0.1119033742414414,51.75194802337534,32.011928604291874,0.0,0.0,0.0,-0.0,19.740019419083467,19.740019419083467,0.0,2.2089747805870177,0.0,0.0,0.0,0.0,32.011928604291874,32.011928604291874,0,-2.2089747805870177,2,No Battery
2025-06-30 09:00:00,15,0.5,0.5,0.1072100602704826,46.14383737981517,54.91427098726848,0.0,0.0,0.0,-0.0,-8.770433607453313,0.0,8.770433607453313,-0.3946695123353991,0.0,0.0,0.0,0.0,46.14383737981517,54.91427098726848,0,0.3946695123353991,2,No Battery
2025-06-30 10:00:00,16,0.5,0.5,0.0838345616733373,54.55494107899318,65.32140884983943,0.0,0.0,0.0,-0.0,-10.766467770846248,0.0,10.766467770846248,-0.48449104968808115,0.0,0.0,0.0,0.0,54.55494107899318,65.32140884983943,0,0.48449104968808115,2,No Battery
2025-06-30 11:00:00,17,0.5,0.5,0.0798632519482707,48.39334855592943,74.9361179961056,0.0,0.0,0.0,-0.0,-26.542769440176166,0.0,26.542769440176166,-1.1944246248079273,0.0,0.0,0.0,0.0,48.39334855592943,74.9361179961056,0,1.1944246248079273,2,No Battery
2025-06-30 12:00:00,18,0.5,0.5,0.0919823907302827,45.68770302972887,73.78639629037286,0.0,0.0,0.0,-0.0,-28.09869326064399,0.0,28.09869326064399,-1.2644411967289795,0.0,0.0,0.0,0.0,45.68770302972887,73.78639629037286,0,1.2644411967289795,2,No Battery
2025-06-30 13:00:00,19,0.5,0.5,0.1014045228257262,39.1310091047915,77.51270339773912,0.0,0.0,0.0,-0.0,-38.381694292947614,0.0,38.381694292947614,-1.7271762431826425,0.0,0.0,0.0,0.0,39.1310091047915,77.51270339773912,0,1.7271762431826425,2,No Battery
2025-06-30 14:00:00,20,0.5,0.5,0.0946300251903341,42.39900319792423,70.57028809561257,0.0,0.0,0.0,-0.0,-28.171284897688338,0.0,28.171284897688338,-1.267707820395975,0.0,0.0,0.0,0.0,42.39900319792423,70.57028809561257,0,1.267707820395975,2,No Battery
2025-06-30 15:00:00,21,0.5,0.5,0.121300865103719,51.90772074849097,58.90065482823241,0.0,0.0,0.0,-0.0,-6.992934079741438,0.0,6.992934079741438,-0.3146820335883647,0.0,0.0,0.0,0.0,51.90772074849097,58.90065482823241,0,0.3146820335883647,2,No Battery
2025-06-30 16:00:00,22,0.5,0.5,0.1519876159955737,63.06836625253687,37.41576452451935,0.0,0.0,0.0,-0.0,25.652601728017515,25.652601728017515,0.0,3.8988777807253165,0.0,0.0,0.0,0.0,37.41576452451935,37.41576452451935,0,-3.8988777807253165,2,No Battery
2025-06-30 17:00:00,23,0.5,0.5,0.1965000099781977,59.601281446716975,16.352242947902127,0.0,0.0,0.0,-0.0,43.24903849881485,43.24903849881485,0.0,8.498436496564574,0.0,0.0,0.0,0.0,16.352242947902127,16.352242947902127,0,-8.498436496564574,2,No Battery
2025-06-14 07:00:00,0,0.5,0.5,0.092026240982895,44.92140910934108,17.669833634935113,0.0,0.0,0.0,-0.0,27.251575474405964,27.251575474405964,0.0,2.5078600517712344,0.0,0.0,0.0,0.0,17.669833634935113,17.669833634935113,0,-2.5078600517712344,3,No Battery
2025-06-14 08:00:00,1,0.5,0.5,0.088612858022336,43.28918881676101,36.84377855442505,0.0,0.0,0.0,-0.0,6.445410262335962,6.445410262335962,0.0,0.571146224472084,0.0,0.0,0.0,0.0,36.84377855442505,36.84377855442505,0,-0.571146224472084,3,No Battery
2025-06-14 09:00:00,2,0.5,0.5,0.0918211536914875,43.70796653427848,52.07461994920503,0.0,0.0,0.0,-0.0,-8.366653414926546,0.0,8.366653414926546,-0.37649940367169454,0.0,0.0,0.0,0.0,43.70796653427848,52.07461994920503,0,0.37649940367169454,3,No Battery
2025-06-14 10:00:00,3,0.5,0.5,0.0616597282900591,44.519030791853055,68.23946998981347,0.0,0.0,0.0,-0.0,-23.720439197960417,0.0,23.720439197960417,-1.0674197639082188,0.0,0.0,0.0,0.0,44.519030791853055,68.23946998981347,0,1.0674197639082188,3,No Battery
2025-06-14 11:00:00,4,0.5,0.5,0.0958568880372765,37.24500395972528,74.60160256240133,0.0,0.0,0.0,-0.0,-37.356598602676044,0.0,37.356598602676044,-1.681046937120422,0.0,0.0,0.0,0.0,37.24500395972528,74.60160256240133,0,1.681046937120422,3,No Battery
2025-06-14 12:00:00,5,0.5,0.5,0.0836804442664193,38.218357359740935,77.96507701570613,0.0,0.0,0.0,-0.0,-39.746719655965194,0.0,39.746719655965194,-1.7886023845184336,0.0,0.0,0.0,0.0,38.218357359740935,77.96507701570613,0,1.7886023845184336,3,No Battery
2025-06-14 13:00:00,6,0.5,0.5,0.0658792858254492,37.77329496551003,83.38443665371942,0.0,0.0,0.0,-0.0,-45.611141688209386,0.0,45.611141688209386,-2.052501375969422,0.0,0.0,0.0,0.0,37.77329496551003,83.38443665371942,0,2.052501375969422,3,No Battery
2025-06-14 14:00:00,7,0.5,0.5,0.0838341864254437,38.08953999032584,66.82975623429638,0.0,0.0,0.0,-0.0,-28.740216243970544,0.0,28.740216243970544,-1.2933097309786745,0.0,0.0,0.0,0.0,38.08953999032584,66.82975623429638,0,1.2933097309786745,3,No Battery
2025-06-14 15:00:00,8,0.5,0.5,0.0959618257204958,41.90574700411673,57.12813725108767,0.0,0.0,0.0,-0.0,-15.222390246970939,0.0,15.222390246970939,-0.6850075611136922,0.0,0.0,0.0,0.0,41.90574700411673,57.12813725108767,0,0.6850075611136922,3,No Battery
2025-06-14 16:00:00,9,0.5,0.5,0.133097239483702,49.375775752983245,41.41414786366478,0.0,0.0,0.0,-0.0,7.961627889318464,7.961627889318464,0.0,1.0596706938647404,0.0,0.0,0.0,0.0,41.41414786366478,41.41414786366478,0,-1.0596706938647404,3,No Battery
2025-06-14 17:00:00,10,0.5,0.5,0.1594001815578995,50.3852514376725,19.915359627566,0.0,0.0,0.0,-0.0,30.4698918101065,30.4698918101065,0.0,4.856906286580531,0.0,0.0,0.0,0.0,19.915359627566,19.915359627566,0,-4.856906286580531,3,No Battery
2025-06-14 18:00:00,11,0.5,0.5,0.1975910619282414,58.87750365908175,0.9582969604076432,0.0,0.0,0.0,-0.0,57.91920669867411,57.91920669867411,0.0,11.444317557632331,0.0,0.0,0.0,0.0,0.9582969604076432,0.9582969604076432,0,-11.444317557632331,3,No Battery
2025-06-14 19:00:00,12,0.5,0.5,0.1915900334182697,57.40570476130198,0.0724436659184897,0.0,0.0,0.0,-0.0,57.33326109538349,57.33326109538349,0.0,10.984481409242905,0.0,0.0,0.0,0.0,0.0724436659184897,0.0724436659184897,0,-10.984481409242905,3,No Battery
2025-06-14 20:00:00,13,0.5,0.5,0.1911676351153027,57.83950430230571,0.708954384990174,0.0,0.0,0.0,-0.0,57.13054991731554,57.13054991731554,0.0,10.921512120529963,0.0,0.0,0.0,0.0,0.708954384990174,0.708954384990174,0,-10.921512120529963,3,No Battery
2025-06-14 21:00:00,14,0.5,0.5,0.1921577310647372,57.93953297494113,0.0,0.0,0.0,0.0,-0.0,57.93953297494113,57.93953297494113,0.0,11.133529195415212,0.0,0.0,0.0,0.0,0.0,0.0,0,-11.133529195415212,3,No Battery
2025-06-14 22:00:00,15,0.5,0.5,0.1381266283512515,47.89524433020832,0.0,0.0,0.0,0.0,-0.0,47.89524433020832,47.89524433020832,0.0,6.61560861339107,0.0,0.0,0.0,0.0,0.0,0.0,0,-6.61560861339107,3,No Battery
2025-06-14 23:00:00,16,0.5,0.5,0.0905230564525531,46.5088752776118,0.0592278864907667,0.0,0.0,0.0,-0.0,46.44964739112103,46.44964739112103,0.0,4.204764052987635,0.0,0.0,0.0,0.0,0.0592278864907667,0.0592278864907667,0,-4.204764052987635,3,No Battery
2025-06-15 00:00:00,17,0.5,0.5,0.0911924017825377,29.129878977079603,0.0,0.0,0.0,0.0,-0.0,29.129878977079603,29.129878977079603,0.0,2.6564236275545414,0.0,0.0,0.0,0.0,0.0,0.0,0,-2.6564236275545414,3,No Battery
2025-06-15 01:00:00,18,0.5,0.5,0.1219376450884885,33.37959480872818,5.236254764178636,0.0,0.0,0.0,-0.0,28.143340044549543,28.143340044549543,0.0,3.4317326099569283,0.0,0.0,0.0,0.0,5.236254764178636,5.236254764178636,0,-3.4317326099569283,3,No Battery
2025-06-15 02:00:00,19,0.5,0.5,0.1031849689248864,35.07149681146511,7.563003062996954,0.0,0.0,0.0,-0.0,27.508493748468155,27.508493748468155,0.0,2.8384630726061184,0.0,0.0,0.0,0.0,7.563003062996954,7.563003062996954,0,-2.8384630726061184,3,No Battery
2025-06-15 03:00:00,20,0.5,0.5,0.0859818638905177,41.498660416361325,0.5962259097365001,0.0,0.0,0.0,-0.0,40.90243450662482,40.90243450662482,0.0,3.51686755653943,0.0,0.0,0.0,0.0,0.5962259097365001,0.5962259097365001,0,-3.51686755653943,3,No Battery
2025-06-15 04:00:00,21,0.5,0.5,0.0923544349307598,30.07754954418325,2.3291421203785165,0.0,0.0,0.0,-0.0,27.748407423804732,27.748407423804732,0.0,2.562688487853986,0.0,0.0,0.0,0.0,2.3291421203785165,2.3291421203785165,0,-2.562688487853986,3,No Battery
2025-06-15 05:00:00,22,0.5,0.5,0.1010089273650717,38.12408904715507,3.783701845176738,0.0,0.0,0.0,-0.0,34.34038720197833,34.34038720197833,0.0,3.4686856765730667,0.0,0.0,0.0,0.0,3.783701845176738,3.783701845176738,0,-3.4686856765730667,3,No Battery
2025-06-15 06:00:00,23,0.5,0.5,0.0726235217297948,46.19443605209804,0.0,0.0,0.0,0.0,-0.0,46.19443605209804,46.19443605209804,0.0,3.3548026304251586,0.0,0.0,0.0,0.0,0.0,0.0,0,-3.3548026304251586,3,No Battery
2025-06-11 23:00:00,0,0.5,0.5,0.1523376052821958,53.7433616128456,0.0,0.0,0.0,0.0,-0.0,53.7433616128456,53.7433616128456,0.0,8.187135007915987,0.0,0.0,0.0,0.0,0.0,0.0,0,-8.187135007915987,4,No Battery
2025-06-12 00:00:00,1,0.5,0.5,0.0968293292566358,39.5607331977863,0.0,0.0,0.0,0.0,-0.0,39.5607331977863,39.5607331977863,0.0,3.8306392604423722,0.0,0.0,0.0,0.0,0.0,0.0,0,-3.8306392604423722,4,No Battery
2025-06-12 01:00:00,2,0.5,0.5,0.1118310893900598,45.71278410770169,1.3895866636545904,0.0,0.0,0.0,-0.0,44.323197444047096,44.323197444047096,0.0,4.956711455418501,0.0,0.0,0.0,0.0,1.3895866636545904,1.3895866636545904,0,-4.956711455418501,4,No Battery
2025-06-12 02:00:00,3,0.5,0.5,0.1044206686515646,39.626336405156046,0.8316485132775776,0.0,0.0,0.0,-0.0,38.79468789187847,38.79468789187847,0.0,4.050967249798707,0.0,0.0,0.0,0.0,0.8316485132775776,0.8316485132775776,0,-4.050967249798707,4,No Battery
2025-06-12 03:00:00,4,0.5,0.5,0.1185161651549955,46.520581545388175,0.0,0.0,0.0,0.0,-0.0,46.520581545388175,46.520581545388175,0.0,5.51344092553966,0.0,0.0,0.0,0.0,0.0,0.0,0,-5.51344092553966,4,No Battery
2025-06-12 04:00:00,5,0.5,0.5,0.1023972053963591,43.89306840495519,0.0,0.0,0.0,0.0,-0.0,43.89306840495519,43.89306840495519,0.0,4.494527540938637,0.0,0.0,0.0,0.0,0.0,0.0,0,-4.494527540938637,4,No Battery
2025-06-12 05:00:00,6,0.5,0.5,0.0969867760342959,47.625421267991605,3.289004903811354,0.0,0.0,0.0,-0.0,44.33641636418025,44.33641636418025,0.0,4.300046084076041,0.0,0.0,0.0,0.0,3.289004903811354,3.289004903811354,0,-4.300046084076041,4,No Battery
2025-06-12 06:00:00,7,0.5,0.5,0.1091463665780937,46.55802134272071,0.0,0.0,0.0,0.0,-0.0,46.55802134272071,46.55802134272071,0.0,5.081638864623305,0.0,0.0,0.0,0.0,0.0,0.0,0,-5.081638864623305,4,No Battery
2025-06-12 07:00:00,8,0.5,0.5,0.0990077231019729,54.12893370246981,21.173785827083297,0.0,0.0,0.0,-0.0,32.955147875386515,32.955147875386515,0.0,3.2628141556308385,0.0,0.0,0.0,0.0,21.173785827083297,21.173785827083297,0,-3.2628141556308385,4,No Battery
2025-06-12 08:00:00,9,0.5,0.5,0.0784727958286761,58.0043072194778,39.50696386639716,0.0,0.0,0.0,-0.0,18.497343353080645,18.497343353080645,0.0,1.4515382483192163,0.0,0.0,0.0,0.0,39.50696386639716,39.50696386639716,0,-1.4515382483192163,4,No Battery
2025-06-12 09:00:00,10,0.5,0.5,0.0908646049957382,51.1933387404844,53.61470046591597,0.0,0.0,0.0,-0.0,-2.4213617254315736,0.0,2.4213617254315736,-0.1089612776444208,0.0,0.0,0.0,0.0,51.1933387404844,53.61470046591597,0,0.1089612776444208,4,No Battery
2025-06-12 10:00:00,11,0.5,0.5,0.1274098023812384,48.89328368254581,64.15941841979935,0.0,0.0,0.0,-0.0,-15.266134737253545,0.0,15.266134737253545,-0.6869760631764095,0.0,0.0,0.0,0.0,48.89328368254581,64.15941841979935,0,0.6869760631764095,4,No Battery
2025-06-12 11:00:00,12,0.5,0.5,0.0655874016521728,49.45846111288175,73.5052304956672,0.0,0.0,0.0,-0.0,-24.046769382785456,0.0,24.046769382785456,-1.0821046222253454,0.0,0.0,0.0,0.0,49.45846111288175,73.5052304956672,0,1.0821046222253454,4,No Battery
2025-06-12 12:00:00,13,0.5,0.5,0.0867987986910223,48.10533263518771,84.20430681700822,0.0,0.0,0.0,-0.0,-36.09897418182051,0.0,36.09897418182051,-1.624453838181923,0.0,0.0,0.0,0.0,48.10533263518771,84.20430681700822,0,1.624453838181923,4,No Battery
2025-06-12 13:00:00,14,0.5,0.5,0.0826987239442144,39.13736558645278,78.8944533206292,0.0,0.0,0.0,-0.0,-39.757087734176416,0.0,39.757087734176416,-1.7890689480379387,0.0,0.0,0.0,0.0,39.13736558645278,78.8944533206292,0,1.7890689480379387,4,No Battery
2025-06-12 14:00:00,15,0.5,0.5,0.1174926584061702,55.47166591300582,70.81531515792474,0.0,0.0,0.0,-0.0,-15.343649244918922,0.0,15.343649244918922,-0.6904642160213514,0.0,0.0,0.0,0.0,55.47166591300582,70.81531515792474,0,0.6904642160213514,4,No Battery
2025-06-12 15:00:00,16,0.5,0.5,0.1013175443477694,54.39355995295534,52.15183604397188,0.0,0.0,0.0,-0.0,2.2417239089834595,2.2417239089834595,0.0,0.22712596156388665,0.0,0.0,0.0,0.0,52.15183604397188,52.15183604397188,0,-0.22712596156388665,4,No Battery
2025-06-12 16:00:00,17,0.5,0.5,0.1427220604323604,59.779913697749066,33.79140283339893,0.0,0.0,0.0,-0.0,25.98851086435014,25.98851086435014,0.0,3.709133818128836,0.0,0.0,0.0,0.0,33.79140283339893,33.79140283339893,0,-3.709133818128836,4,No Battery
2025-06-12 17:00:00,18,0.5,0.5,0.1788983434023608,62.16458905910383,23.934156536669043,0.0,0.0,0.0,-0.0,38.23043252243479,38.23043252243479,0.0,6.839361045819322,0.0,0.0,0.0,0.0,23.934156536669043,23.934156536669043,0,-6.839361045819322,4,No Battery
2025-06-12 18:00:00,19,0.5,0.5,0.2042174946504651,60.60746354002928,3.166685411574815,0.0,0.0,0.0,-0.0,57.44077812845446,57.44077812845446,0.0,11.730411800166202,0.0,0.0,0.0,0.0,3.166685411574815,3.166685411574815,0,-11.730411800166202,4,No Battery
2025-06-12 19:00:00,20,0.5,0.5,0.2190921159000921,70.1864930424901,0.4803714183889329,0.0,0.0,0.0,-0.0,69.70612162410117,69.70612162410117,0.0,15.27206167781349,0.0,0.0,0.0,0.0,0.4803714183889329,0.4803714183889329,0,-15.27206167781349,4,No Battery
2025-06-12 20:00:00,21,0.5,0.5,0.2162852055184927,64.73595225140251,0.0,0.0,0.0,0.0,-0.0,64.73595225140251,64.73595225140251,0.0,14.001428737129922,0.0,0.0,0.0,0.0,0.0,0.0,0,-14.001428737129922,4,No Battery
2025-06-12 21:00:00,22,0.5,0.5,0.1931156074075444,64.3640591988984,0.0,0.0,0.0,0.0,-0.0,64.3640591988984,64.3640591988984,0.0,12.42970438741041,0.0,0.0,0.0,0.0,0.0,0.0,0,-12.42970438741041,4,No Battery
2025-06-12 22:00:00,23,0.5,0.5,0.1586992692307703,56.8459204644038,3.035901555324758,0.0,0.0,0.0,-0.0,53.81001890907904,53.81001890907904,0.0,8.539610678164776,0.0,0.0,0.0,0.0,3.035901555324758,3.035901555324758,0,-8.539610678164776,4,No Battery
2025-06-09 04:00:00,0,0.5,0.5,0.1000423280175818,44.331978356133824,1.4785007274379869,0.0,0.0,0.0,-0.0,42.853477628695835,42.853477628695835,0.0,4.287161665624092,0.0,0.0,0.0,0.0,1.4785007274379869,1.4785007274379869,0,-4.287161665624092,5,No Battery
2025-06-09 05:00:00,1,0.5,0.5,0.0959921580586631,48.52079037091127,5.781041264796406,0.0,0.0,0.0,-0.0,42.739749106114864,42.739749106114864,0.0,4.102680751581783,0.0,0.0,0.0,0.0,5.781041264796406,5.781041264796406,0,-4.102680751581783,5,No Battery
2025-06-09 06:00:00,2,0.5,0.5,0.1135739071857212,52.19427135269208,0.0,0.0,0.0,0.0,-0.0,52.19427135269208,52.19427135269208,0.0,5.927907330236997,0.0,0.0,0.0,0.0,0.0,0.0,0,-5.927907330236997,5,No Battery
2025-06-09 07:00:00,3,0.5,0.5,0.1029377437667787,54.5520038880835,17.33575906815784,0.0,0.0,0.0,-0.0,37.216244819925656,37.216244819925656,0.0,3.8309562732352123,0.0,0.0,0.0,0.0,17.33575906815784,17.33575906815784,0,-3.8309562732352123,5,No Battery
2025-06-09 08:00:00,4,0.5,0.5,0.1046582942417768,51.446499607697255,40.31822955341121,0.0,0.0,0.0,-0.0,11.128270054286048,11.128270054286048,0.0,1.1646657617434228,0.0,0.0,0.0,0.0,40.31822955341121,40.31822955341121,0,-1.1646657617434228,5,No Battery
2025-06-09 09:00:00,5,0.5,0.5,0.0895420584591456,50.759003272227424,57.2813259193736,0.0,0.0,0.0,-0.0,-6.522322647146176,0.0,6.522322647146176,-0.2935045191215779,0.0,0.0,0.0,0.0,50.759003272227424,57.2813259193736,0,0.2935045191215779,5,No Battery
2025-06-09 10:00:00,6,0.5,0.5,0.1006911821423627,52.292584422969306,67.36831216094006,0.0,0.0,0.0,-0.0,-15.075727737970759,0.0,15.075727737970759,-0.6784077482086841,0.0,0.0,0.0,0.0,52.292584422969306,67.36831216094006,0,0.6784077482086841,5,No Battery
2025-06-09 11:00:00,7,0.5,0.5,0.0733033970163289,52.89297268534143,78.22026368198311,0.0,0.0,0.0,-0.0,-25.327290996641686,0.0,25.327290996641686,-1.139728094848876,0.0,0.0,0.0,0.0,52.89297268534143,78.22026368198311,0,1.139728094848876,5,No Battery
2025-06-09 12:00:00,8,0.5,0.5,0.0786215849020279,47.238227762234345,76.6394501297162,0.0,0.0,0.0,-0.0,-29.40122236748185,0.0,29.40122236748185,-1.3230550065366833,0.0,0.0,0.0,0.0,47.238227762234345,76.6394501297162,0,1.3230550065366833,5,No Battery
2025-06-09 13:00:00,9,0.5,0.5,0.0991619722826095,45.789344707162456,75.15484011755422,0.0,0.0,0.0,-0.0,-29.36549541039176,0.0,29.36549541039176,-1.3214472934676291,0.0,0.0,0.0,0.0,45.789344707162456,75.15484011755422,0,1.3214472934676291,5,No Battery
2025-06-09 14:00:00,10,0.5,0.5,0.0818798401557215,49.92019929204667,68.29275716990422,0.0,0.0,0.0,-0.0,-18.372557877857552,0.0,18.372557877857552,-0.8267651045035899,0.0,0.0,0.0,0.0,49.92019929204667,68.29275716990422,0,0.8267651045035899,5,No Battery
2025-06-09 15:00:00,11,0.5,0.5,0.1272529206663888,49.24430453928655,55.69612947628424,0.0,0.0,0.0,-0.0,-6.4518249369976886,0.0,6.4518249369976886,-0.29033212216489596,0.0,0.0,0.0,0.0,49.24430453928655,55.69612947628424,0,0.29033212216489596,5,No Battery
2025-06-09 16:00:00,12,0.5,0.5,0.1245972267196585,61.91833636454511,44.318379255777714,0.0,0.0,0.0,-0.0,17.5999571087674,17.5999571087674,0.0,2.1929058461373567,0.0,0.0,0.0,0.0,44.318379255777714,44.318379255777714,0,-2.1929058461373567,5,No Battery
2025-06-09 17:00:00,13,0.5,0.5,0.1516412607044492,63.4009640365768,21.31151011586,0.0,0.0,0.0,-0.0,42.08945392071681,42.08945392071681,0.0,6.382497854899318,0.0,0.0,0.0,0.0,21.31151011586,21.31151011586,0,-6.382497854899318,5,No Battery
2025-06-09 18:00:00,14,0.5,0.5,0.1955841814082867,64.58227597085154,0.0,0.0,0.0,0.0,-0.0,64.58227597085154,64.58227597085154,0.0,12.631271579243062,0.0,0.0,0.0,0.0,0.0,0.0,0,-12.631271579243062,5,No Battery
2025-06-09 19:00:00,15,0.5,0.5,0.2258239502215955,67.67358124072096,1.8479359552185408,0.0,0.0,0.0,-0.0,65.82564528550242,65.82564528550242,0.0,14.865007244257699,0.0,0.0,0.0,0.0,1.8479359552185408,1.8479359552185408,0,-14.865007244257699,5,No Battery
2025-06-09 20:00:00,16,0.5,0.5,0.2220777606192906,65.03798228486662,3.5309779409454416,0.0,0.0,0.0,-0.0,61.507004343921174,61.507004343921174,0.0,13.659337787098995,0.0,0.0,0.0,0.0,3.5309779409454416,3.5309779409454416,0,-13.659337787098995,5,No Battery
2025-06-09 21:00:00,17,0.5,0.5,0.2122675743254014,67.00076598905441,2.709824045315784,0.0,0.0,0.0,-0.0,64.29094194373863,64.29094194373863,0.0,13.646882297492605,0.0,0.0,0.0,0.0,2.709824045315784,2.709824045315784,0,-13.646882297492605,5,No Battery
2025-06-09 22:00:00,18,0.5,0.5,0.1777543628043278,57.07885988874278,2.515826499070425,0.0,0.0,0.0,-0.0,54.56303338967235,54.56303338967235,0.0,9.69881723285247,0.0,0.0,0.0,0.0,2.515826499070425,2.515826499070425,0,-9.69881723285247,5,No Battery
2025-06-09 23:00:00,19,0.5,0.5,0.151502967575295,53.35524107660612,0.0,0.0,0.0,0.0,-0.0,53.35524107660612,53.35524107660612,0.0,8.083477358801105,0.0,0.0,0.0,0.0,0.0,0.0,0,-8.083477358801105,5,No Battery
2025-06-10 00:00:00,20,0.5,0.5,0.0960040777687762,45.98551278634832,0.0,0.0,0.0,0.0,-0.0,45.98551278634832,45.98551278634832,0.0,4.414796745777637,0.0,0.0,0.0,0.0,0.0,0.0,0,-4.414796745777637,5,No Battery
2025-06-10 01:00:00,21,0.5,0.5,0.0949137093554269,41.79950732948788,4.463425885172184,0.0,0.0,0.0,-0.0,37.336081444315695,37.336081444315695,0.0,3.543705982676327,0.0,0.0,0.0,0.0,4.463425885172184,4.463425885172184,0,-3.543705982676327,5,No Battery
2025-06-10 02:00:00,22,0.5,0.5,0.1144519448297415,44.88796752481051,1.536001061721462,0.0,0.0,0.0,-0.0,43.35196646308905,43.35196646308905,0.0,4.961716873894272,0.0,0.0,0.0,0.0,1.536001061721462,1.536001061721462,0,-4.961716873894272,5,No Battery
2025-06-10 03:00:00,23,0.5,0.5,0.1225547149156545,45.50740007411847,0.0,0.0,0.0,0.0,-0.0,45.50740007411847,45.50740007411847,0.0,5.577146442636224,0.0,0.0,0.0,0.0,0.0,0.0,0,-5.577146442636224,5,No Battery
2025-06-03 14:00:00,0,0.5,0.5,0.0901505390089553,45.73352581933575,59.14066867046768,0.0,0.0,0.0,-0.0,-13.40714285113193,0.0,13.40714285113193,-0.6033214283009368,0.0,0.0,0.0,0.0,45.73352581933575,59.14066867046768,0,0.6033214283009368,6,No Battery
2025-06-03 15:00:00,1,0.5,0.5,0.1207625923481896,57.55942135625397,55.62172561061728,0.0,0.0,0.0,-0.0,1.9376957456366881,1.9376957456366881,0.0,0.23400116142514465,0.0,0.0,0.0,0.0,55.62172561061728,55.62172561061728,0,-0.23400116142514465,6,No Battery
2025-06-03 16:00:00,2,0.5,0.5,0.1397124170929777,57.97045639618877,40.820434085419166,0.0,0.0,0.0,-0.0,17.150022310769607,17.150022310769607,0.0,2.3960710702361165,0.0,0.0,0.0,0.0,40.820434085419166,40.820434085419166,0,-2.3960710702361165,6,No Battery
2025-06-03 17:00:00,3,0.5,0.5,0.1603384925211744,57.67677321986029,16.89106725657655,0.0,0.0,0.0,-0.0,40.78570596328373,40.78570596328373,0.0,6.539518610564787,0.0,0.0,0.0,0.0,16.89106725657655,16.89106725657655,0,-6.539518610564787,6,No Battery
2025-06-03 18:00:00,4,0.5,0.5,0.2140643714919487,69.40202723993973,3.4082492060317726,0.0,0.0,0.0,-0.0,65.99377803390796,65.99377803390796,0.0,14.126916617207678,0.0,0.0,0.0,0.0,3.4082492060317726,3.4082492060317726,0,-14.126916617207678,6,No Battery
2025-06-03 19:00:00,5,0.5,0.5,0.2251862256540501,71.88723592940197,0.0,0.0,0.0,0.0,-0.0,71.88723592940197,71.88723592940197,0.0,16.18801533164425,0.007123318906451416,0.0,0.0,0.0,0.0,0.0,0,-16.195138650550703,6,No Battery
2025-06-03 20:00:00,6,0.5,0.5,0.214867489788035,59.35930313931595,0.0,0.0,0.0,0.0,-0.0,59.35930313931595,59.35930313931595,0.0,12.754384461111844,0.0,0.0,0.0,0.0,0.0,0.0,0,-12.754384461111844,6,No Battery
2025-06-03 21:00:00,7,0.5,0.5,0.1790247198984771,60.56255901605197,3.3712816888228523,0.0,0.0,0.0,-0.0,57.191277327229116,57.191277327229116,0.0,10.238652404143316,0.0,0.0,0.0,0.0,3.3712816888228523,3.3712816888228523,0,-10.238652404143316,6,No Battery
2025-06-03 22:00:00,8,0.5,0.5,0.1529099292217833,57.7702871464254,0.0,0.0,0.0,0.0,-0.0,57.7702871464254,57.7702871464254,0.0,8.833650518682004,0.0,0.0,0.0,0.0,0.0,0.0,0,-8.833650518682004,6,No Battery
2025-06-03 23:00:00,9,0.5,0.5,0.1491443663842304,55.60621741286052,3.042176677973578,0.0,0.0,0.0,-0.0,52.564040734886945,52.564040734886945,0.0,7.8396305499995895,0.0,0.0,0.0,0.0,3.042176677973578,3.042176677973578,0,-7.8396305499995895,6,No Battery
2025-06-04 00:00:00,10,0.5,0.5,0.1183060404211188,42.88867738128837,0.0,0.0,0.0,0.0,-0.0,42.88867738128837,42.88867738128837,0.0,5.073989599879025,0.0,0.0,0.0,0.0,0.0,0.0,0,-5.073989599879025,6,No Battery
2025-06-04 01:00:00,11,0.5,0.5,0.1119604452779436,41.89658470223934,0.999965563559188,0.0,0.0,0.0,-0.0,40.89661913868015,40.89661913868015,0.0,4.5788036891291,0.0,0.0,0.0,0.0,0.999965563559188,0.999965563559188,0,-4.5788036891291,6,No Battery
2025-06-04 02:00:00,12,0.5,0.5,0.0990442262678613,46.984517159176434,0.1534538467472301,0.0,0.0,0.0,-0.0,46.8310633124292,46.8310633124292,0.0,4.638346431080776,0.0,0.0,0.0,0.0,0.1534538467472301,0.1534538467472301,0,-4.638346431080776,6,No Battery
2025-06-04 03:00:00,13,0.5,0.5,0.0961107743416455,43.52005298447321,0.0,0.0,0.0,0.0,-0.0,43.52005298447321,43.52005298447321,0.0,4.1827459917271606,0.0,0.0,0.0,0.0,0.0,0.0,0,-4.1827459917271606,6,No Battery
2025-06-04 04:00:00,14,0.5,0.5,0.098166751848819,47.75865342854859,1.3636870376115389,0.0,0.0,0.0,-0.0,46.39496639093705,46.39496639093705,0.0,4.554443152733415,0.0,0.0,0.0,0.0,1.3636870376115389,1.3636870376115389,0,-4.554443152733415,6,No Battery
2025-06-04 05:00:00,15,0.5,0.5,0.1155353540821613,44.54979284547112,0.0,0.0,0.0,0.0,-0.0,44.54979284547112,44.54979284547112,0.0,5.147076090688442,0.0,0.0,0.0,0.0,0.0,0.0,0,-5.147076090688442,6,No Battery
2025-06-04 06:00:00,16,0.5,0.5,0.0946035207149203,46.88024840378738,3.6914346955694137,0.0,0.0,0.0,-0.0,43.188813708217964,43.188813708217964,0.0,4.085813832298232,0.0,0.0,0.0,0.0,3.6914346955694137,3.6914346955694137,0,-4.085813832298232,6,No Battery
2025-06-04 07:00:00,17,0.5,0.5,0.1142061099951304,56.66216845497853,21.79529561584804,0.0,0.0,0.0,-0.0,34.86687283913049,34.86687283913049,0.0,3.982009914651961,0.0,0.0,0.0,0.0,21.79529561584804,21.79529561584804,0,-3.982009914651961,6,No Battery
2025-06-04 08:00:00,18,0.5,0.5,0.1092657079589517,56.35412647880576,39.90225752201911,0.0,0.0,0.0,-0.0,16.451868956786647,16.451868956786647,0.0,1.7976251088111932,0.0,0.0,0.0,0.0,39.90225752201911,39.90225752201911,0,-1.7976251088111932,6,No Battery
2025-06-04 09:00:00,19,0.5,0.5,0.1129353375298654,57.23548334033151,55.21110583631752,0.0,0.0,0.0,-0.0,2.024377504013991,2.024377504013991,0.0,0.2286237567036865,0.0,0.0,0.0,0.0,55.21110583631752,55.21110583631752,0,-0.2286237567036865,6,No Battery
2025-06-04 10:00:00,20,0.5,0.5,0.1057424116167901,49.6399176390769,64.71584182620859,0.0,0.0,0.0,-0.0,-15.07592418713169,0.0,15.07592418713169,-0.678416588420926,0.0,0.0,0.0,0.0,49.6399176390769,64.71584182620859,0,0.678416588420926,6,No Battery
2025-06-04 11:00:00,21,0.5,0.5,0.0939557433500333,45.96733375334946,72.9680463539779,0.0,0.0,0.0,-0.0,-27.00071260062844,0.0,27.00071260062844,-1.2150320670282797,0.0,0.0,0.0,0.0,45.96733375334946,72.9680463539779,0,1.2150320670282797,6,No Battery
2025-06-04 12:00:00,22,0.5,0.5,0.0662820266143697,51.43285132346727,77.50441085469087,0.0,0.0,0.0,-0.0,-26.071559531223606,0.0,26.071559531223606,-1.1732201789050622,0.0,0.0,0.0,0.0,51.43285132346727,77.50441085469087,0,1.1732201789050622,6,No Battery
2025-06-04 13:00:00,23,0.5,0.5,0.0929350167936962,42.56126818039655,73.41760057401785,0.0,0.0,0.0,-0.0,-30.8563323936213,0.0,30.8563323936213,-1.3885349577129584,0.0,0.0,0.0,0.0,42.56126818039655,73.41760057401785,0,1.3885349577129584,6,No Battery
2025-06-24 13:00:00,0,0.5,0.5,0.0936577828099681,42.814977033988384,77.19149176954815,0.0,0.0,0.0,-0.0,-34.376514735559766,0.0,34.376514735559766,-1.5469431631001895,0.0,0.0,0.0,0.0,42.814977033988384,77.19149176954815,0,1.5469431631001895,7,No Battery
2025-06-24 14:00:00,1,0.5,0.5,0.0950821750858075,54.2144844368039,60.32571459101133,0.0,0.0,0.0,-0.0,-6.111230154207426,0.0,6.111230154207426,-0.2750053569393342,0.0,0.0,0.0,0.0,54.2144844368039,60.32571459101133,0,0.2750053569393342,7,No Battery
2025-06-24 15:00:00,2,0.5,0.5,0.117138179119982,47.83396474631797,52.06897314216647,0.0,0.0,0.0,-0.0,-4.235008395848503,0.0,4.235008395848503,-0.19057537781318262,0.0,0.0,0.0,0.0,47.83396474631797,52.06897314216647,0,0.19057537781318262,7,No Battery
2025-06-24 16:00:00,3,0.5,0.5,0.1456695539242382,55.86167908192835,40.956222817094094,0.0,0.0,0.0,-0.0,14.905456264834257,14.905456264834257,0.0,2.1712711651356478,0.0,0.0,0.0,0.0,40.956222817094094,40.956222817094094,0,-2.1712711651356478,7,No Battery
2025-06-24 17:00:00,4,0.5,0.5,0.1603831851580817,59.00038235830296,15.707056435419911,0.0,0.0,0.0,-0.0,43.29332592288304,43.29332592288304,0.0,6.94352150759893,0.0,0.0,0.0,0.0,15.707056435419911,15.707056435419911,0,-6.94352150759893,7,No Battery
2025-06-24 18:00:00,5,0.5,0.5,0.21596538316505,72.9630330172624,1.3057277933428195,0.0,0.0,0.0,-0.0,71.65730522391958,71.65730522391958,0.0,15.475497379258732,0.005493321210462252,0.0,0.0,0.0,1.3057277933428195,1.3057277933428195,0,-15.480990700469194,7,No Battery
2025-06-24 19:00:00,6,0.5,0.5,0.2284038333125511,65.83373421406237,0.0,0.0,0.0,0.0,-0.0,65.83373421406237,65.83373421406237,0.0,15.036677255771494,0.0,0.0,0.0,0.0,0.0,0.0,0,-15.036677255771494,7,No Battery
2025-06-24 20:00:00,7,0.5,0.5,0.21101538043557,64.35893410073398,0.0575539422314296,0.0,0.0,0.0,-0.0,64.30138015850254,64.30138015850254,0.0,13.568580196678626,0.0,0.0,0.0,0.0,0.0575539422314296,0.0575539422314296,0,-13.568580196678626,7,No Battery
2025-06-24 21:00:00,8,0.5,0.5,0.1700516639315458,60.854153669587895,5.634966378776198,0.0,0.0,0.0,-0.0,55.219187290811696,55.219187290811696,0.0,9.390114679750196,0.0,0.0,0.0,0.0,5.634966378776198,5.634966378776198,0,-9.390114679750196,7,No Battery
2025-06-24 22:00:00,9,0.5,0.5,0.1667335298342092,57.2690847343891,2.7111004036606863,0.0,0.0,0.0,-0.0,54.55798433072841,54.55798433072841,0.0,9.096645308101824,0.0,0.0,0.0,0.0,2.7111004036606863,2.7111004036606863,0,-9.096645308101824,7,No Battery
2025-06-24 23:00:00,10,0.5,0.5,0.1488719381374462,51.04418457069688,0.0,0.0,0.0,0.0,-0.0,51.04418457069688,51.04418457069688,0.0,7.599046687685171,0.0,0.0,0.0,0.0,0.0,0.0,0,-7.599046687685171,7,No Battery
2025-06-25 00:00:00,11,0.5,0.5,0.1178223819518072,42.98471703747512,2.9692999151066464,0.0,0.0,0.0,-0.0,40.015417122368476,40.015417122368476,0.0,4.714711760152585,0.0,0.0,0.0,0.0,2.9692999151066464,2.9692999151066464,0,-4.714711760152585,7,No Battery
2025-06-25 01:00:00,12,0.5,0.5,0.1113874785254079,32.13685529906106,6.377833793553541,0.0,0.0,0.0,-0.0,25.75902150550752,25.75902150550752,0.0,2.869232454780239,0.0,0.0,0.0,0.0,6.377833793553541,6.377833793553541,0,-2.869232454780239,7,No Battery
2025-06-25 02:00:00,13,0.5,0.5,0.1148181239817866,43.71137539558647,9.789556035566086,0.0,0.0,0.0,-0.0,33.921819360020386,33.921819360020386,0.0,3.8948396609665896,0.0,0.0,0.0,0.0,9.789556035566086,9.789556035566086,0,-3.8948396609665896,7,No Battery
2025-06-25 03:00:00,14,0.5,0.5,0.1168417224006423,43.946554128016864,1.6627650811404124,0.0,0.0,0.0,-0.0,42.28378904687645,42.28378904687645,0.0,4.940510741862458,0.0,0.0,0.0,0.0,1.6627650811404124,1.6627650811404124,0,-4.940510741862458,7,No Battery
2025-06-25 04:00:00,15,0.5,0.5,0.1091359131233275,48.2183870586935,0.0,0.0,0.0,0.0,-0.0,48.2183870586935,48.2183870586935,0.0,5.262357700984553,0.0,0.0,0.0,0.0,0.0,0.0,0,-5.262357700984553,7,No Battery
2025-06-25 05:00:00,16,0.5,0.5,0.084068768150153,51.16652633606498,1.521372923085503,0.0,0.0,0.0,-0.0,49.64515341297948,49.64515341297948,0.0,4.173606892054549,0.0,0.0,0.0,0.0,1.521372923085503,1.521372923085503,0,-4.173606892054549,7,No Battery
2025-06-25 06:00:00,17,0.5,0.5,0.118421481612719,49.47793662907118,5.586117594195127,0.0,0.0,0.0,-0.0,43.89181903487605,43.89181903487605,0.0,5.197734240787364,0.0,0.0,0.0,0.0,5.586117594195127,5.586117594195127,0,-5.197734240787364,7,No Battery
2025-06-25 07:00:00,18,0.5,0.5,0.0928778043774651,55.728128572291,19.50272451986952,0.0,0.0,0.0,-0.0,36.22540405242148,36.22540405242148,0.0,3.3645359910754338,0.0,0.0,0.0,0.0,19.50272451986952,19.50272451986952,0,-3.3645359910754338,7,No Battery
2025-06-25 08:00:00,19,0.5,0.5,0.0880523474837293,50.89193102854838,42.59224495587464,0.0,0.0,0.0,-0.0,8.299686072673737,8.299686072673737,0.0,0.7308068420769364,0.0,0.0,0.0,0.0,42.59224495587464,42.59224495587464,0,-0.7308068420769364,7,No Battery
2025-06-25 09:00:00,20,0.5,0.5,0.0848417243116661,55.61000885078427,52.13279422223789,0.0,0.0,0.0,-0.0,3.4772146285463776,3.4772146285463776,0.0,0.2950128848876242,0.0,0.0,0.0,0.0,52.13279422223789,52.13279422223789,0,-0.2950128848876242,7,No Battery
2025-06-25 10:00:00,21,0.5,0.5,0.1227995098539647,48.38318104497595,68.75165687502447,0.0,0.0,0.0,-0.0,-20.368475830048517,0.0,20.368475830048517,-0.9165814123521833,0.0,0.0,0.0,0.0,48.38318104497595,68.75165687502447,0,0.9165814123521833,7,No Battery
2025-06-25 11:00:00,22,0.5,0.5,0.0927304485987901,43.59152718344956,66.51540956420995,0.0,0.0,0.0,-0.0,-22.92388238076039,0.0,22.92388238076039,-1.0315747071342174,0.0,0.0,0.0,0.0,43.59152718344956,66.51540956420995,0,1.0315747071342174,7,No Battery
2025-06-25 12:00:00,23,0.5,0.5,0.0714068039154985,45.35555547326448,74.55655361514287,0.0,0.0,0.0,-0.0,-29.200998141878394,0.0,29.200998141878394,-1.3140449163845276,0.0,0.0,0.0,0.0,45.35555547326448,74.55655361514287,0,1.3140449163845276,7,No Battery
2025-05-12 01:00:00,0,0.5,0.7375,0.1059106496287817,44.50012567306557,0.9098565145262796,30.0,30.0,30.0,0.0,73.59026915853929,73.59026915853929,0.0,7.793993212937794,0.025780065261516782,0.114,0.0,28.5,0.9098565145262796,0.9098565145262796,0,-7.933773278199311,0,Random
2025-05-12 02:00:00,1,0.7375,0.4743421052631579,0.0906160171101649,43.96381593895602,0.3840618873213719,-30.0,-30.0,0.0,30.0,13.579754051634644,13.579754051634644,0.0,1.2305432254947561,0.0,0.12631578947368421,0.0,31.578947368421055,0.3840618873213719,0.3840618873213719,0,-1.3568590149684403,0,Random
2025-05-12 03:00:00,2,0.4743421052631579,0.4743421052631579,0.1031309010593861,45.77763012404826,1.047736866294566,0.0,0.0,0.0,-0.0,44.729893257753695,44.729893257753695,0.0,4.613034195962298,0.0,0.0,0.0,0.0,1.047736866294566,1.047736866294566,0,-4.613034195962298,0,Random
2025-05-12 04:00:00,3,0.4743421052631579,0.4743421052631579,0.1045077937768105,46.34025662838408,1.7299648424907683,0.0,0.0,0.0,-0.0,44.61029178589332,44.61029178589332,0.0,4.662123174283482,0.0,0.0,0.0,0.0,1.7299648424907683,1.7299648424907683,0,-4.662123174283482,0,Random
2025-05-12 05:00:00,4,0.4743421052631579,0.4743421052631579,0.1085546549196963,45.33189715589871,0.0,0.0,0.0,0.0,-0.0,45.33189715589871,45.33189715589871,0.0,4.920988452613747,0.0,0.0,0.0,0.0,0.0,0.0,0,-4.920988452613747,0,Random
2025-05-12 06:00:00,5,0.4743421052631579,0.21118421052631575,0.1143357309045077,51.01420181303544,0.0,-30.0,-30.0,0.0,30.0,21.01420181303544,21.01420181303544,0.0,2.402674123668238,0.0,0.12631578947368421,0.0,31.578947368421055,0.0,0.0,0,-2.5289899131419222,0,Random
2025-05-12 07:00:00,6,0.21118421052631575,0.44868421052631574,0.0949433926122531,56.98849271333712,21.804743437053222,30.0,30.0,30.0,0.0,65.1837492762839,65.1837492762839,0.0,6.1887662994768915,0.0,0.114,0.0,28.5,21.804743437053222,21.804743437053222,0,-6.302766299476891,0,Random
2025-05-12 08:00:00,7,0.44868421052631574,0.18552631578947362,0.1107866059646547,61.488354246819455,35.22113174329405,-30.0,-30.0,0.0,30.0,-3.732777496474597,0.0,3.732777496474597,-0.16797498734135685,0.0,0.12631578947368421,0.0,31.578947368421055,35.22113174329405,35.22113174329405,0,0.04165919786767264,0,Random
2025-05-12 09:00:00,8,0.18552631578947362,0.42302631578947364,0.1043592818975314,57.94894927828455,53.02194100385325,30.0,30.0,30.0,0.0,34.9270082744313,34.9270082744313,0.0,3.6449575023487877,0.0,0.114,0.0,28.5,53.02194100385325,53.02194100385325,0,-3.7589575023487876,0,Random
2025-05-12 10:00:00,9,0.42302631578947364,0.6605263157894736,0.0842896195864674,44.91697685899402,66.63308207834064,30.0,30.0,30.0,0.0,8.283894780653384,8.283894780653384,0.0,0.6982463397555965,0.0,0.114,0.0,28.5,66.63308207834064,66.63308207834064,0,-0.8122463397555965,0,Random
2025-05-12 11:00:00,10,0.6605263157894736,0.6605263157894736,0.0737315118224858,52.45511462026136,69.71551732296052,0.0,0.0,0.0,-0.0,-17.26040270269916,0.0,17.26040270269916,-0.7767181216214621,0.0,0.0,0.0,0.0,52.45511462026136,69.71551732296052,0,0.7767181216214621,0,Random
2025-05-12 12:00:00,11,0.6605263157894736,0.3973684210526315,0.0761283810712402,47.183737180223325,71.54330405107947,-30.0,-30.0,0.0,30.0,-54.35956687085615,0.0,54.35956687085615,-2.4461805091885265,0.0,0.12631578947368421,0.0,31.578947368421055,47.183737180223325,71.54330405107947,0,2.3198647197148423,0,Random
2025-05-12 13:00:00,12,0.3973684210526315,0.1342105263157894,0.0679537009118456,50.77586447593297,79.09421618542179,-30.0,-30.0,0.0,30.0,-58.318351709488816,0.0,58.318351709488816,-2.6243258269269965,0.0,0.12631578947368421,0.0,31.578947368421055,50.77586447593297,79.09421618542179,0,2.4980100374533123,0,Random
2025-05-12 14:00:00,13,0.1342105263157894,0.1,0.0979516978088855,51.37640161499907,61.59609690660245,-30.0,-3.8999999999999893,0.0,3.8999999999999893,-14.11969529160337,0.0,14.11969529160337,-0.6353862881221516,0.0,0.016421052631578902,2.088000000000001,4.105263157894726,51.37640161499907,61.59609690660245,1,-1.4690347645094284,0,Random
2025-05-12 15:00:00,14,0.1,0.1,0.128852723195387,54.484857297694965,45.88447940103865,0.0,0.0,0.0,-0.0,8.600377896656319,8.600377896656319,0.0,1.1081821124935811,0.0,0.0,0.0,0.0,45.88447940103865,45.88447940103865,0,-1.1081821124935811,0,Random
2025-05-12 16:00:00,15,0.1,0.1,0.1585649718921092,59.62188854399286,34.159903873690155,0.0,0.0,0.0,-0.0,25.461984670302705,25.461984670302705,0.0,4.037378883563863,0.0,0.0,0.0,0.0,34.159903873690155,34.159903873690155,0,-4.037378883563863,0,Random
2025-05-12 17:00:00,16,0.1,0.1,0.1575918741839245,64.9514295975311,23.622869016220605,0.0,0.0,0.0,-0.0,41.3285605813105,41.3285605813105,0.0,6.513045319332586,0.0,0.0,0.0,0.0,23.622869016220605,23.622869016220605,0,-6.513045319332586,0,Random
2025-05-12 18:00:00,17,0.1,0.3375,0.2316158632559687,73.24595957365736,0.0,30.0,30.0,30.0,0.0,103.24595957365736,103.24595957365736,0.0,23.913402054343496,2.2105876559465187,0.114,0.0,28.5,0.0,0.0,0,-26.237989710290016,0,Random
2025-05-12 19:00:00,18,0.3375,0.1,0.229974380207038,70.36373874338916,0.0,-30.0,-27.075,0.0,27.075,43.28873874338916,43.28873874338916,0.0,9.955300862455315,0.0,0.114,0.23400000000000007,28.5,0.0,0.0,1,-10.303300862455316,0,Random
2025-05-12 20:00:00,19,0.1,0.3375,0.191609367759457,72.4175384634933,3.8724938208898103,30.0,30.0,30.0,0.0,98.54504464260349,98.54504464260349,0.0,18.88215369979672,1.629639147296452,0.114,0.0,28.5,3.8724938208898103,3.8724938208898103,0,-20.625792847093173,0,Random
2025-05-12 21:00:00,20,0.3375,0.3375,0.1965071827949567,68.03044544378993,0.0,0.0,0.0,0.0,-0.0,68.03044544378993,68.03044544378993,0.0,13.368471178445155,0.0,0.0,0.0,0.0,0.0,0.0,0,-13.368471178445155,0,Random
2025-05-12 22:00:00,21,0.3375,0.3375,0.1653925821077788,62.07989853708435,0.0,0.0,0.0,0.0,-0.0,62.07989853708435,62.07989853708435,0.0,10.2675547160373,0.0,0.0,0.0,0.0,0.0,0.0,0,-10.2675547160373,0,Random
2025-05-12 23:00:00,22,0.3375,0.575,0.1479285684353256,49.36021507446455,3.756804870457203,30.0,30.0,30.0,0.0,75.60341020400735,75.60341020400735,0.0,11.183904240307493,0.0627964118287473,0.114,0.0,28.5,3.756804870457203,3.756804870457203,0,-11.360700652136241,0,Random
2025-05-13 00:00:00,23,0.575,0.31184210526315786,0.0994591578193764,49.91064552240334,0.0,-30.0,-30.0,0.0,30.0,19.910645522403343,19.910645522403343,0.0,1.9802960352983743,0.0,0.12631578947368421,0.0,31.578947368421055,0.0,0.0,0,-2.1066118247720587,0,Random
2025-06-20 14:00:00,0,0.5,0.23684210526315788,0.0691335020361799,44.85540937383352,65.15266046192455,-30.0,-30.0,0.0,30.0,-50.29725108809104,0.0,50.29725108809104,-2.2633762989640966,0.0,0.12631578947368421,0.0,31.578947368421055,44.85540937383352,65.15266046192455,0,2.1370605094904125,1,Random
2025-06-20 15:00:00,1,0.23684210526315788,0.23684210526315788,0.1159602158507311,51.10377613345808,61.1898612866248,0.0,0.0,0.0,-0.0,-10.08608515316672,0.0,10.08608515316672,-0.4538738318925024,0.0,0.0,0.0,0.0,51.10377613345808,61.1898612866248,0,0.4538738318925024,1,Random
2025-06-20 16:00:00,2,0.23684210526315788,0.23684210526315788,0.1486781942385715,56.10888453744891,41.65997973468926,0.0,0.0,0.0,-0.0,14.44890480275965,14.44890480275965,0.0,2.148237074799328,0.0,0.0,0.0,0.0,41.65997973468926,41.65997973468926,0,-2.148237074799328,1,Random
2025-06-20 17:00:00,3,0.23684210526315788,0.1,0.189515505422687,60.23683980250561,17.507072371827416,-30.0,-15.599999999999998,0.0,15.599999999999998,27.129767430678196,27.129767430678196,0.0,5.141511586624931,0.0,0.06568421052631578,1.1520000000000001,16.421052631578945,17.507072371827416,17.507072371827416,1,-6.359195797151247,1,Random
2025-06-20 18:00:00,4,0.1,0.1,0.1965868633663754,69.09609945652109,0.0,0.0,0.0,0.0,-0.0,69.09609945652109,69.09609945652109,0.0,13.583385463008597,0.0,0.0,0.0,0.0,0.0,0.0,0,-13.583385463008597,1,Random
2025-06-20 19:00:00,5,0.1,0.3375,0.2070641694750115,61.52425760963234,0.0,30.0,30.0,30.0,0.0,91.52425760963234,91.52425760963234,0.0,18.95139438875552,0.9265873312916317,0.114,0.0,28.5,0.0,0.0,0,-19.991981720047153,1,Random
2025-06-20 20:00:00,6,0.3375,0.3375,0.2133214062258696,59.77615733330785,0.0,0.0,0.0,0.0,-0.0,59.77615733330785,59.77615733330785,0.0,12.751533941120057,0.0,0.0,0.0,0.0,0.0,0.0,0,-12.751533941120057,1,Random
2025-06-20 21:00:00,7,0.3375,0.575,0.1752649951868889,62.22015244959043,0.0,30.0,30.0,30.0,0.0,92.22015244959043,92.22015244959043,0.0,16.162964575211628,0.9874703497660792,0.114,0.0,28.5,0.0,0.0,0,-17.264434924977706,1,Random
2025-06-20 22:00:00,8,0.575,0.8125,0.1642423644782881,57.43985105714153,3.900912718083106,30.0,30.0,30.0,0.0,83.53893833905843,83.53893833905843,0.0,13.72063275881287,0.36660570269765264,0.114,0.0,28.5,3.900912718083106,3.900912718083106,0,-14.201238461510524,1,Random
2025-06-20 23:00:00,9,0.8125,0.8125,0.1488291490208771,53.55777500040973,0.0,0.0,0.0,0.0,-0.0,53.55777500040973,53.55777500040973,0.0,7.970958076762585,0.0,0.0,0.0,0.0,0.0,0.0,0,-7.970958076762585,1,Random
2025-06-21 00:00:00,10,0.8125,0.5493421052631579,0.077624513717285,32.84781572547239,8.013380356962925,-30.0,-30.0,0.0,30.0,-5.16556463149054,0.0,5.16556463149054,-0.2324504084170743,0.0,0.12631578947368421,0.0,31.578947368421055,8.013380356962925,8.013380356962925,0,0.10613461894339007,1,Random
2025-06-21 01:00:00,11,0.5493421052631579,0.7868421052631579,0.0945907762035274,31.65554711214026,0.0,30.0,30.0,30.0,0.0,61.655547112140255,61.655547112140255,0.0,5.8320460585905,0.0,0.114,0.0,28.5,0.0,0.0,0,-5.9460460585904995,1,Random
2025-06-21 02:00:00,12,0.7868421052631579,0.5236842105263158,0.0784519057513264,34.667628435455484,0.0,-30.0,-30.0,0.0,30.0,4.667628435455484,4.667628435455484,0.0,0.3661843461005647,0.0,0.12631578947368421,0.0,31.578947368421055,0.0,0.0,0,-0.49250013557424893,1,Random
2025-06-21 03:00:00,13,0.5236842105263158,0.2605263157894736,0.1094967239891028,33.63909904584471,5.9090668886321485,-30.0,-30.0,0.0,30.0,-2.2699678427874375,0.0,2.2699678427874375,-0.10214855292543468,0.0,0.12631578947368421,0.0,31.578947368421055,5.9090668886321485,5.9090668886321485,0,-0.024167236548249538,1,Random
2025-06-21 04:00:00,14,0.2605263157894736,0.49802631578947365,0.0954414093655371,41.02097154157076,4.624394599429346,30.0,30.0,30.0,0.0,66.39657694214142,66.39657694214142,0.0,6.336982880405301,0.0,0.114,0.0,28.5,4.624394599429346,4.624394599429346,0,-6.450982880405301,1,Random
2025-06-21 05:00:00,15,0.49802631578947365,0.49802631578947365,0.0851698465775518,37.10258024150898,0.0,0.0,0.0,0.0,-0.0,37.10258024150898,37.10258024150898,0.0,3.160021066800625,0.0,0.0,0.0,0.0,0.0,0.0,0,-3.160021066800625,1,Random
2025-06-21 06:00:00,16,0.49802631578947365,0.7355263157894736,0.0776464104490186,41.07098607972898,1.334663102935843,30.0,30.0,30.0,0.0,69.73632297679313,69.73632297679313,0.0,5.414775157061406,0.0,0.114,0.0,28.5,1.334663102935843,1.334663102935843,0,-5.528775157061406,1,Random
2025-06-21 07:00:00,17,0.7355263157894736,0.4723684210526315,0.0962674202019402,52.20010969734645,21.61012031636199,-30.0,-30.0,0.0,30.0,0.5899893809844592,0.5899893809844592,0.0,0.05679675565391352,0.0,0.12631578947368421,0.0,31.578947368421055,21.61012031636199,21.61012031636199,0,-0.18311254512759773,1,Random
2025-06-21 08:00:00,18,0.4723684210526315,0.20921052631578937,0.1059180960946911,44.956294540132255,39.4770308599931,-30.0,-30.0,0.0,30.0,-24.520736319860845,0.0,24.520736319860845,-1.103433134393738,0.0,0.12631578947368421,0.0,31.578947368421055,39.4770308599931,39.4770308599931,0,0.9771173449200539,1,Random
2025-06-21 09:00:00,19,0.20921052631578937,0.20921052631578937,0.0768245668410381,46.096791462492526,50.61458206171744,0.0,0.0,0.0,-0.0,-4.5177905992249165,0.0,4.5177905992249165,-0.20330057696512124,0.0,0.0,0.0,0.0,46.096791462492526,50.61458206171744,0,0.20330057696512124,1,Random
2025-06-21 10:00:00,20,0.20921052631578937,0.4467105263157894,0.0757088386760702,43.44586992874163,58.86056298800573,30.0,30.0,30.0,0.0,14.585306940735897,14.585306940735897,0.0,1.104236650217141,0.0,0.114,0.0,28.5,58.86056298800573,58.86056298800573,0,-1.2182366502171411,1,Random
2025-06-21 11:00:00,21,0.4467105263157894,0.18355263157894725,0.06641818795416,40.88562048106272,72.38284720773709,-30.0,-30.0,0.0,30.0,-61.49722672667436,0.0,61.49722672667436,-2.767375202700346,0.0,0.12631578947368421,0.0,31.578947368421055,40.88562048106272,72.38284720773709,0,2.641059413226662,1,Random
2025-06-21 12:00:00,22,0.18355263157894725,0.18355263157894725,0.0905721116673968,38.03837463253214,84.35361515857963,0.0,0.0,0.0,-0.0,-46.31524052604749,0.0,46.31524052604749,-2.084185823672137,0.0,0.0,0.0,0.0,38.03837463253214,84.35361515857963,0,2.084185823672137,1,Random
2025-06-21 13:00:00,23,0.18355263157894725,0.1,0.0507097906558024,38.088491267172266,81.83333610541234,-30.0,-9.524999999999986,0.0,9.524999999999986,-53.26984483824006,0.0,53.26984483824006,-2.397143017720803,0.0,0.040105263157894686,1.6380000000000012,10.02631578947367,38.088491267172266,81.83333610541234,1,0.719037754562907,1,Random
2025-06-29 18:00:00,0,0.5,0.23684210526315788,0.184774633794586,58.91968482768391,5.485581871454594,-30.0,-30.0,0.0,30.0,23.434102956229317,23.434102956229317,0.0,4.330027792041897,0.0,0.12631578947368421,0.0,31.578947368421055,5.485581871454594,5.485581871454594,0,-4.456343581515582,2,Random
2025-06-29 19:00:00,1,0.23684210526315788,0.1,0.2152577897682699,58.19677725759782,0.0,-30.0,-15.599999999999998,0.0,15.599999999999998,42.59677725759782,42.59677725759782,0.0,9.169288123721811,0.0,0.06568421052631578,1.1520000000000001,16.421052631578945,0.0,0.0,1,-10.386972334248128,2,Random
2025-06-29 20:00:00,2,0.1,0.1,0.1938120901233776,57.68660355321464,0.0,0.0,0.0,0.0,-0.0,57.68660355321464,57.68660355321464,0.0,11.18036120676719,0.0,0.0,0.0,0.0,0.0,0.0,0,-11.18036120676719,2,Random
2025-06-29 21:00:00,3,0.1,0.3375,0.1772566774832079,52.39797865513769,0.0,30.0,30.0,30.0,0.0,82.39797865513769,82.39797865513769,0.0,14.60559192774199,0.30741974946649964,0.114,0.0,28.5,0.0,0.0,0,-15.02701167720849,2,Random
2025-06-29 22:00:00,4,0.3375,0.3375,0.1308809833454004,46.98573965727727,1.1915225520210324,0.0,0.0,0.0,-0.0,45.79421710525624,45.79421710525624,0.0,5.993592166268692,0.0,0.0,0.0,0.0,1.1915225520210324,1.1915225520210324,0,-5.993592166268692,2,Random
2025-06-29 23:00:00,5,0.3375,0.3375,0.137239095271288,40.1426066403758,0.0,0.0,0.0,0.0,-0.0,40.1426066403758,40.1426066403758,0.0,5.509135017156373,0.0,0.0,0.0,0.0,0.0,0.0,0,-5.509135017156373,2,Random
2025-06-30 00:00:00,6,0.3375,0.3375,0.1011304864409186,45.77347064034496,1.7483202283670245,0.0,0.0,0.0,-0.0,44.02515041197793,44.02515041197793,0.0,4.452284876797936,0.0,0.0,0.0,0.0,1.7483202283670245,1.7483202283670245,0,-4.452284876797936,2,Random
2025-06-30 01:00:00,7,0.3375,0.575,0.1210870210183235,48.03151920739823,0.0,30.0,30.0,30.0,0.0,78.03151920739823,78.03151920739823,0.0,9.448604206357944,0.12901060155761349,0.114,0.0,28.5,0.0,0.0,0,-9.691614807915558,2,Random
2025-06-30 02:00:00,8,0.575,0.575,0.0965525588442139,41.58126431295696,0.0,0.0,0.0,0.0,-0.0,41.58126431295696,41.58126431295696,0.0,4.0147774693935885,0.0,0.0,0.0,0.0,0.0,0.0,0,-4.0147774693935885,2,Random
2025-06-30 03:00:00,9,0.575,0.8125,0.0959110876502984,45.49504169625572,8.44577557869454,30.0,30.0,30.0,0.0,67.04926611756117,67.04926611756117,0.0,6.4307680394895925,0.0,0.114,0.0,28.5,8.44577557869454,8.44577557869454,0,-6.544768039489592,2,Random
2025-06-30 04:00:00,10,0.8125,0.5493421052631579,0.1220101312792845,46.11209364697523,0.0,-30.0,-30.0,0.0,30.0,16.112093646975232,16.112093646975232,0.0,1.965838661051574,0.0,0.12631578947368421,0.0,31.578947368421055,0.0,0.0,0,-2.0921544505252583,2,Random
2025-06-30 05:00:00,11,0.5493421052631579,0.28618421052631576,0.0973385247489299,46.83758343897586,5.739814124885915,-30.0,-30.0,0.0,30.0,11.097769314089945,11.097769314089945,0.0,1.080240493037459,0.0,0.12631578947368421,0.0,31.578947368421055,5.739814124885915,5.739814124885915,0,-1.206556282511143,2,Random
2025-06-30 06:00:00,12,0.28618421052631576,0.1,0.0856893040081581,45.02763521984645,5.064020736883023,-30.0,-21.224999999999994,0.0,21.224999999999994,18.738614482963435,18.738614482963435,0.0,1.6056988331223279,0.0,0.08936842105263157,0.7020000000000005,22.34210526315789,5.064020736883023,5.064020736883023,1,-2.39706725417496,2,Random
2025-06-30 07:00:00,13,0.1,0.1,0.0911183374386805,48.785223128469056,21.82455807811208,0.0,0.0,0.0,-0.0,26.960665050356976,26.960665050356976,0.0,2.456610975629667,0.0,0.0,0.0,0.0,21.82455807811208,21.82455807811208,0,-2.456610975629667,2,Random
2025-06-30 08:00:00,14,0.1,0.3375,0.1119033742414414,51.75194802337534,32.011928604291874,30.0,30.0,30.0,0.0,49.74001941908347,49.74001941908347,0.0,5.56607600783026,0.0,0.114,0.0,28.5,32.011928604291874,32.011928604291874,0,-5.68007600783026,2,Random
2025-06-30 09:00:00,15,0.3375,0.1,0.1072100602704826,46.14383737981517,54.91427098726848,-30.0,-27.075,0.0,27.075,-35.845433607453316,0.0,35.845433607453316,-1.6130445123353991,0.0,0.114,0.23400000000000007,28.5,46.14383737981517,54.91427098726848,1,1.265044512335399,2,Random
2025-06-30 10:00:00,16,0.1,0.3375,0.0838345616733373,54.55494107899318,65.32140884983943,30.0,30.0,30.0,0.0,19.233532229153752,19.233532229153752,0.0,1.612434743861111,0.0,0.114,0.0,28.5,65.32140884983943,65.32140884983943,0,-1.7264347438611112,2,Random
2025-06-30 11:00:00,17,0.3375,0.575,0.0798632519482707,48.39334855592943,74.9361179961056,30.0,30.0,30.0,0.0,3.4572305598238344,3.4572305598238344,0.0,0.2761056752424718,0.0,0.114,0.0,28.5,74.9361179961056,74.9361179961056,0,-0.3901056752424718,2,Random
2025-06-30 12:00:00,18,0.575,0.31184210526315786,0.0919823907302827,45.68770302972887,73.78639629037286,-30.0,-30.0,0.0,30.0,-58.09869326064399,0.0,58.09869326064399,-2.6144411967289796,0.0,0.12631578947368421,0.0,31.578947368421055,45.68770302972887,73.78639629037286,0,2.4881254072552954,2,Random
2025-06-30 13:00:00,19,0.31184210526315786,0.31184210526315786,0.1014045228257262,39.1310091047915,77.51270339773912,0.0,0.0,0.0,-0.0,-38.381694292947614,0.0,38.381694292947614,-1.7271762431826425,0.0,0.0,0.0,0.0,39.1310091047915,77.51270339773912,0,1.7271762431826425,2,Random
2025-06-30 14:00:00,20,0.31184210526315786,0.5493421052631579,0.0946300251903341,42.39900319792423,70.57028809561257,30.0,30.0,30.0,0.0,1.8287151023116621,1.8287151023116621,0.0,0.173051356197697,0.0,0.114,0.0,28.5,70.57028809561257,70.57028809561257,0,-0.287051356197697,2,Random
2025-06-30 15:00:00,21,0.5493421052631579,0.5493421052631579,0.121300865103719,51.90772074849097,58.90065482823241,0.0,0.0,0.0,-0.0,-6.992934079741438,0.0,6.992934079741438,-0.3146820335883647,0.0,0.0,0.0,0.0,51.90772074849097,58.90065482823241,0,0.3146820335883647,2,Random
2025-06-30 16:00:00,22,0.5493421052631579,0.28618421052631576,0.1519876159955737,63.06836625253687,37.41576452451935,-30.0,-30.0,0.0,30.0,-4.347398271982485,0.0,4.347398271982485,-0.1956329222392118,0.0,0.12631578947368421,0.0,31.578947368421055,37.41576452451935,37.41576452451935,0,0.06931713276552759,2,Random
2025-06-30 17:00:00,23,0.28618421052631576,0.5236842105263158,0.1965000099781977,59.601281446716975,16.352242947902127,30.0,30.0,30.0,0.0,73.24903849881485,73.24903849881485,0.0,14.393436795910507,0.021112502333562173,0.114,0.0,28.5,16.352242947902127,16.352242947902127,0,-14.52854929824407,2,Random
2025-06-14 07:00:00,0,0.5,0.5,0.092026240982895,44.92140910934108,17.669833634935113,0.0,0.0,0.0,-0.0,27.251575474405964,27.251575474405964,0.0,2.5078600517712344,0.0,0.0,0.0,0.0,17.669833634935113,17.669833634935113,0,-2.5078600517712344,3,Random
2025-06-14 08:00:00,1,0.5,0.7375,0.088612858022336,43.28918881676101,36.84377855442505,30.0,30.0,30.0,0.0,36.44541026233596,36.44541026233596,0.0,3.2295319651421637,0.0,0.114,0.0,28.5,36.84377855442505,36.84377855442505,0,-3.3435319651421636,3,Random
2025-06-14 09:00:00,2,0.7375,0.4743421052631579,0.0918211536914875,43.70796653427848,52.07461994920503,-30.0,-30.0,0.0,30.0,-38.366653414926546,0.0,38.366653414926546,-1.7264994036716945,0.0,0.12631578947368421,0.0,31.578947368421055,43.70796653427848,52.07461994920503,0,1.6001836141980104,3,Random
2025-06-14 10:00:00,3,0.4743421052631579,0.4743421052631579,0.0616597282900591,44.519030791853055,68.23946998981347,0.0,0.0,0.0,-0.0,-23.720439197960417,0.0,23.720439197960417,-1.0674197639082188,0.0,0.0,0.0,0.0,44.519030791853055,68.23946998981347,0,1.0674197639082188,3,Random
2025-06-14 11:00:00,4,0.4743421052631579,0.7118421052631578,0.0958568880372765,37.24500395972528,74.60160256240133,30.0,30.0,30.0,0.0,-7.356598602676044,0.0,7.356598602676044,-0.331046937120422,0.0,0.114,0.0,28.5,67.24500395972528,74.60160256240133,0,0.217046937120422,3,Random
2025-06-14 12:00:00,5,0.7118421052631578,0.9,0.0836804442664193,38.218357359740935,77.96507701570613,30.0,23.767313019390585,23.767313019390585,0.0,-15.979406636574609,0.0,15.979406636574609,-0.7190732986458573,0.0,0.09031578947368422,0.4986149584487532,22.578947368421055,61.98567037913152,77.96507701570613,1,0.1301425507234199,3,Random
2025-06-14 13:00:00,6,0.9,0.6368421052631579,0.0658792858254492,37.77329496551003,83.38443665371942,-30.0,-30.0,0.0,30.0,-75.61114168820939,0.0,75.61114168820939,-3.4025013759694223,0.0,0.12631578947368421,0.0,31.578947368421055,37.77329496551003,83.38443665371942,0,3.276185586495738,3,Random
2025-06-14 14:00:00,7,0.6368421052631579,0.37368421052631573,0.0838341864254437,38.08953999032584,66.82975623429638,-30.0,-30.0,0.0,30.0,-58.74021624397054,0.0,58.74021624397054,-2.6433097309786744,0.0,0.12631578947368421,0.0,31.578947368421055,38.08953999032584,66.82975623429638,0,2.5169939415049902,3,Random
2025-06-14 15:00:00,8,0.37368421052631573,0.11052631578947363,0.0959618257204958,41.90574700411673,57.12813725108767,-30.0,-30.0,0.0,30.0,-45.22239024697094,0.0,45.22239024697094,-2.035007561113692,0.0,0.12631578947368421,0.0,31.578947368421055,41.90574700411673,57.12813725108767,0,1.908691771640008,3,Random
2025-06-14 16:00:00,9,0.11052631578947363,0.11052631578947363,0.133097239483702,49.375775752983245,41.41414786366478,0.0,0.0,0.0,-0.0,7.961627889318464,7.961627889318464,0.0,1.0596706938647404,0.0,0.0,0.0,0.0,41.41414786366478,41.41414786366478,0,-1.0596706938647404,3,Random
2025-06-14 17:00:00,10,0.11052631578947363,0.34802631578947363,0.1594001815578995,50.3852514376725,19.915359627566,30.0,30.0,30.0,0.0,60.4698918101065,60.4698918101065,0.0,9.638911733317517,0.0,0.114,0.0,28.5,19.915359627566,19.915359627566,0,-9.752911733317518,3,Random
2025-06-14 18:00:00,11,0.34802631578947363,0.1,0.1975910619282414,58.87750365908175,0.9582969604076432,-30.0,-28.27499999999999,0.0,28.27499999999999,29.644206698674118,29.644206698674118,0.0,5.857430281611307,0.0,0.11905263157894734,0.13800000000000068,29.763157894736835,0.9582969604076432,0.9582969604076432,1,-6.114482913190255,3,Random
2025-06-14 19:00:00,12,0.1,0.1,0.1915900334182697,57.40570476130198,0.0724436659184897,0.0,0.0,0.0,-0.0,57.33326109538349,57.33326109538349,0.0,10.984481409242905,0.0,0.0,0.0,0.0,0.0724436659184897,0.0724436659184897,0,-10.984481409242905,3,Random
2025-06-14 20:00:00,13,0.1,0.1,0.1911676351153027,57.83950430230571,0.708954384990174,0.0,0.0,0.0,-0.0,57.13054991731554,57.13054991731554,0.0,10.921512120529963,0.0,0.0,0.0,0.0,0.708954384990174,0.708954384990174,0,-10.921512120529963,3,Random
2025-06-14 21:00:00,14,0.1,0.3375,0.1921577310647372,57.93953297494113,0.0,30.0,30.0,30.0,0.0,87.93953297494113,87.93953297494113,0.0,16.898261127357326,0.6436536867180004,0.114,0.0,28.5,0.0,0.0,0,-17.655914814075327,3,Random
2025-06-14 22:00:00,15,0.3375,0.575,0.1381266283512515,47.89524433020832,0.0,30.0,30.0,30.0,0.0,77.89524433020833,77.89524433020833,0.0,10.759407463928616,0.12466976606737351,0.114,0.0,28.5,0.0,0.0,0,-10.99807722999599,3,Random
2025-06-14 23:00:00,16,0.575,0.31184210526315786,0.0905230564525531,46.5088752776118,0.0592278864907667,-30.0,-30.0,0.0,30.0,16.449647391121033,16.449647391121033,0.0,1.489072359411042,0.0,0.12631578947368421,0.0,31.578947368421055,0.0592278864907667,0.0592278864907667,0,-1.6153881488847261,3,Random
2025-06-15 00:00:00,17,0.31184210526315786,0.10000000000000003,0.0911924017825377,29.129878977079603,0.0,-30.0,-24.149999999999995,0.0,24.149999999999995,4.979878977079608,4.979878977079608,0.0,0.4541271245062564,0.0,0.10168421052631577,0.4680000000000004,25.42105263157894,0.0,0.0,1,-1.0238113350325726,3,Random
2025-06-15 01:00:00,18,0.10000000000000003,0.3375,0.1219376450884885,33.37959480872818,5.236254764178636,30.0,30.0,30.0,0.0,58.14334004454955,58.14334004454955,0.0,7.089861962611584,0.0,0.114,0.0,28.5,5.236254764178636,5.236254764178636,0,-7.203861962611584,3,Random
2025-06-15 02:00:00,19,0.3375,0.1,0.1031849689248864,35.07149681146511,7.563003062996954,-30.0,-27.075,0.0,27.075,0.43349374846815536,0.43349374846815536,0.0,0.044730038964819134,0.0,0.114,0.23400000000000007,28.5,7.563003062996954,7.563003062996954,1,-0.3927300389648192,3,Random
2025-06-15 03:00:00,20,0.1,0.1,0.0859818638905177,41.498660416361325,0.5962259097365001,0.0,0.0,0.0,-0.0,40.90243450662482,40.90243450662482,0.0,3.51686755653943,0.0,0.0,0.0,0.0,0.5962259097365001,0.5962259097365001,0,-3.51686755653943,3,Random
2025-06-15 04:00:00,21,0.1,0.3375,0.0923544349307598,30.07754954418325,2.3291421203785165,30.0,30.0,30.0,0.0,57.748407423804736,57.748407423804736,0.0,5.333321535776781,0.0,0.114,0.0,28.5,2.3291421203785165,2.3291421203785165,0,-5.447321535776781,3,Random
2025-06-15 05:00:00,22,0.3375,0.1,0.1010089273650717,38.12408904715507,3.783701845176738,-30.0,-27.075,0.0,27.075,7.265387201978331,7.265387201978331,0.0,0.7338689681637507,0.0,0.114,0.23400000000000007,28.5,3.783701845176738,3.783701845176738,1,-1.0818689681637508,3,Random
2025-06-15 06:00:00,23,0.1,0.3375,0.0726235217297948,46.19443605209804,0.0,30.0,30.0,30.0,0.0,76.19443605209804,76.19443605209804,0.0,5.533508282319003,0.07674207600706393,0.114,0.0,28.5,0.0,0.0,0,-5.724250358326067,3,Random
2025-06-11 23:00:00,0,0.5,0.7375,0.1523376052821958,53.7433616128456,0.0,30.0,30.0,30.0,0.0,83.7433616128456,83.7433616128456,0.0,12.757263166381863,0.37775997684287627,0.114,0.0,28.5,0.0,0.0,0,-13.24902314322474,4,Random
2025-06-12 00:00:00,1,0.7375,0.4743421052631579,0.0968293292566358,39.5607331977863,0.0,-30.0,-30.0,0.0,30.0,9.560733197786298,9.560733197786298,0.0,0.9257593827432979,0.0,0.12631578947368421,0.0,31.578947368421055,0.0,0.0,0,-1.052075172216982,4,Random
2025-06-12 01:00:00,2,0.4743421052631579,0.4743421052631579,0.1118310893900598,45.71278410770169,1.3895866636545904,0.0,0.0,0.0,-0.0,44.323197444047096,44.323197444047096,0.0,4.956711455418501,0.0,0.0,0.0,0.0,1.3895866636545904,1.3895866636545904,0,-4.956711455418501,4,Random
2025-06-12 02:00:00,3,0.4743421052631579,0.7118421052631578,0.1044206686515646,39.626336405156046,0.8316485132775776,30.0,30.0,30.0,0.0,68.79468789187847,68.79468789187847,0.0,7.183587309345644,0.0,0.114,0.0,28.5,0.8316485132775776,0.8316485132775776,0,-7.297587309345644,4,Random
2025-06-12 03:00:00,4,0.7118421052631578,0.44868421052631574,0.1185161651549955,46.520581545388175,0.0,-30.0,-30.0,0.0,30.0,16.520581545388175,16.520581545388175,0.0,1.9579559708897958,0.0,0.12631578947368421,0.0,31.578947368421055,0.0,0.0,0,-2.08427176036348,4,Random
2025-06-12 04:00:00,5,0.44868421052631574,0.6861842105263157,0.1023972053963591,43.89306840495519,0.0,30.0,30.0,30.0,0.0,73.89306840495519,73.89306840495519,0.0,7.566443702829409,0.03031196321132065,0.114,0.0,28.5,0.0,0.0,0,-7.71075566604073,4,Random
2025-06-12 05:00:00,6,0.6861842105263157,0.42302631578947364,0.0969867760342959,47.625421267991605,3.289004903811354,-30.0,-30.0,0.0,30.0,14.336416364180252,14.336416364180252,0.0,1.3904428030471647,0.0,0.12631578947368421,0.0,31.578947368421055,3.289004903811354,3.289004903811354,0,-1.5167585925208489,4,Random
2025-06-12 06:00:00,7,0.42302631578947364,0.6605263157894736,0.1091463665780937,46.55802134272071,0.0,30.0,30.0,30.0,0.0,76.5580213427207,76.5580213427207,0.0,8.356029861966116,0.08601528786316061,0.114,0.0,28.5,0.0,0.0,0,-8.556045149829277,4,Random
2025-06-12 07:00:00,8,0.6605263157894736,0.3973684210526315,0.0990077231019729,54.12893370246981,21.173785827083297,-30.0,-30.0,0.0,30.0,2.9551478753865155,2.9551478753865155,0.0,0.2925824625716516,0.0,0.12631578947368421,0.0,31.578947368421055,21.173785827083297,21.173785827083297,0,-0.4188982520453358,4,Random
2025-06-12 08:00:00,9,0.3973684210526315,0.1342105263157894,0.0784727958286761,58.0043072194778,39.50696386639716,-30.0,-30.0,0.0,30.0,-11.502656646919355,0.0,11.502656646919355,-0.517619549111371,0.0,0.12631578947368421,0.0,31.578947368421055,39.50696386639716,39.50696386639716,0,0.39130375963768677,4,Random
2025-06-12 09:00:00,10,0.1342105263157894,0.1,0.0908646049957382,51.1933387404844,53.61470046591597,-30.0,-3.8999999999999893,0.0,3.8999999999999893,-6.321361725431563,0.0,6.321361725431563,-0.28446127764442036,0.0,0.016421052631578902,2.088000000000001,4.105263157894726,51.1933387404844,53.61470046591597,1,-1.8199597749871594,4,Random
2025-06-12 10:00:00,11,0.1,0.1,0.1274098023812384,48.89328368254581,64.15941841979935,0.0,0.0,0.0,-0.0,-15.266134737253545,0.0,15.266134737253545,-0.6869760631764095,0.0,0.0,0.0,0.0,48.89328368254581,64.15941841979935,0,0.6869760631764095,4,Random
2025-06-12 11:00:00,12,0.1,0.3375,0.0655874016521728,49.45846111288175,73.5052304956672,30.0,30.0,30.0,0.0,5.953230617214544,5.953230617214544,0.0,0.39045692761926293,0.0,0.114,0.0,28.5,73.5052304956672,73.5052304956672,0,-0.504456927619263,4,Random
2025-06-12 12:00:00,13,0.3375,0.1,0.0867987986910223,48.10533263518771,84.20430681700822,-30.0,-27.075,0.0,27.075,-63.17397418182051,0.0,63.17397418182051,-2.842828838181923,0.0,0.114,0.23400000000000007,28.5,48.10533263518771,84.20430681700822,1,2.494828838181923,4,Random
2025-06-12 13:00:00,14,0.1,0.3375,0.0826987239442144,39.13736558645278,78.8944533206292,30.0,30.0,30.0,0.0,-9.757087734176416,0.0,9.757087734176416,-0.4390689480379387,0.0,0.114,0.0,28.5,69.13736558645277,78.8944533206292,0,0.32506894803793873,4,Random
2025-06-12 14:00:00,15,0.3375,0.1,0.1174926584061702,55.47166591300582,70.81531515792474,-30.0,-27.075,0.0,27.075,-42.418649244918925,0.0,42.418649244918925,-1.9088392160213514,0.0,0.114,0.23400000000000007,28.5,55.47166591300582,70.81531515792474,1,1.5608392160213513,4,Random
2025-06-12 15:00:00,16,0.1,0.1,0.1013175443477694,54.39355995295534,52.15183604397188,0.0,0.0,0.0,-0.0,2.2417239089834595,2.2417239089834595,0.0,0.22712596156388665,0.0,0.0,0.0,0.0,52.15183604397188,52.15183604397188,0,-0.22712596156388665,4,Random
2025-06-12 16:00:00,17,0.1,0.3375,0.1427220604323604,59.779913697749066,33.79140283339893,30.0,30.0,30.0,0.0,55.98851086435014,55.98851086435014,0.0,7.9907956310996475,0.0,0.114,0.0,28.5,33.79140283339893,33.79140283339893,0,-8.104795631099648,4,Random
2025-06-12 17:00:00,18,0.3375,0.3375,0.1788983434023608,62.16458905910383,23.934156536669043,0.0,0.0,0.0,-0.0,38.23043252243479,38.23043252243479,0.0,6.839361045819322,0.0,0.0,0.0,0.0,23.934156536669043,23.934156536669043,0,-6.839361045819322,4,Random
2025-06-12 18:00:00,19,0.3375,0.3375,0.2042174946504651,60.60746354002928,3.166685411574815,0.0,0.0,0.0,-0.0,57.44077812845446,57.44077812845446,0.0,11.730411800166202,0.0,0.0,0.0,0.0,3.166685411574815,3.166685411574815,0,-11.730411800166202,4,Random
2025-06-12 19:00:00,20,0.3375,0.575,0.2190921159000921,70.1864930424901,0.4803714183889329,30.0,30.0,30.0,0.0,99.70612162410117,99.70612162410117,0.0,21.844825154816252,1.7649073238917825,0.114,0.0,28.5,0.4803714183889329,0.4803714183889329,0,-23.723732478708037,4,Random
2025-06-12 20:00:00,21,0.575,0.8125,0.2162852055184927,64.73595225140251,0.0,30.0,30.0,30.0,0.0,94.73595225140251,94.73595225140251,0.0,20.489984902684704,1.2237346675673297,0.114,0.0,28.5,0.0,0.0,0,-21.827719570252032,4,Random
2025-06-12 21:00:00,22,0.8125,0.9,0.1931156074075444,64.3640591988984,0.0,30.0,11.052631578947368,11.052631578947368,0.0,75.41669077784577,75.41669077784577,0.0,14.56414004823064,0.058681077965598884,0.042,1.5157894736842104,10.5,0.0,0.0,1,-16.18061059988045,4,Random
2025-06-12 22:00:00,23,0.9,0.9,0.1586992692307703,56.8459204644038,3.035901555324758,0.0,0.0,0.0,-0.0,53.81001890907904,53.81001890907904,0.0,8.539610678164776,0.0,0.0,0.0,0.0,3.035901555324758,3.035901555324758,0,-8.539610678164776,4,Random
2025-06-09 04:00:00,0,0.5,0.5,0.1000423280175818,44.331978356133824,1.4785007274379869,0.0,0.0,0.0,-0.0,42.853477628695835,42.853477628695835,0.0,4.287161665624092,0.0,0.0,0.0,0.0,1.4785007274379869,1.4785007274379869,0,-4.287161665624092,5,Random
2025-06-09 05:00:00,1,0.5,0.23684210526315788,0.0959921580586631,48.52079037091127,5.781041264796406,-30.0,-30.0,0.0,30.0,12.739749106114864,12.739749106114864,0.0,1.2229160098218899,0.0,0.12631578947368421,0.0,31.578947368421055,5.781041264796406,5.781041264796406,0,-1.349231799295574,5,Random
2025-06-09 06:00:00,2,0.23684210526315788,0.23684210526315788,0.1135739071857212,52.19427135269208,0.0,0.0,0.0,0.0,-0.0,52.19427135269208,52.19427135269208,0.0,5.927907330236997,0.0,0.0,0.0,0.0,0.0,0.0,0,-5.927907330236997,5,Random
2025-06-09 07:00:00,3,0.23684210526315788,0.23684210526315788,0.1029377437667787,54.5520038880835,17.33575906815784,0.0,0.0,0.0,-0.0,37.216244819925656,37.216244819925656,0.0,3.8309562732352123,0.0,0.0,0.0,0.0,17.33575906815784,17.33575906815784,0,-3.8309562732352123,5,Random
2025-06-09 08:00:00,4,0.23684210526315788,0.1,0.1046582942417768,51.446499607697255,40.31822955341121,-30.0,-15.599999999999998,0.0,15.599999999999998,-4.47172994571395,0.0,4.47172994571395,-0.20122784755712772,0.0,0.06568421052631578,1.1520000000000001,16.421052631578945,40.31822955341121,40.31822955341121,1,-1.0164563629691883,5,Random
2025-06-09 09:00:00,5,0.1,0.1,0.0895420584591456,50.759003272227424,57.2813259193736,0.0,0.0,0.0,-0.0,-6.522322647146176,0.0,6.522322647146176,-0.2935045191215779,0.0,0.0,0.0,0.0,50.759003272227424,57.2813259193736,0,0.2935045191215779,5,Random
2025-06-09 10:00:00,6,0.1,0.3375,0.1006911821423627,52.292584422969306,67.36831216094006,30.0,30.0,30.0,0.0,14.924272262029241,14.924272262029241,0.0,1.5027426166781976,0.0,0.114,0.0,28.5,67.36831216094006,67.36831216094006,0,-1.6167426166781977,5,Random
2025-06-09 11:00:00,7,0.3375,0.1,0.0733033970163289,52.89297268534143,78.22026368198311,-30.0,-27.075,0.0,27.075,-52.40229099664168,0.0,52.40229099664168,-2.3581030948488757,0.0,0.114,0.23400000000000007,28.5,52.89297268534143,78.22026368198311,1,2.010103094848876,5,Random
2025-06-09 12:00:00,8,0.1,0.1,0.0786215849020279,47.238227762234345,76.6394501297162,0.0,0.0,0.0,-0.0,-29.40122236748185,0.0,29.40122236748185,-1.3230550065366833,0.0,0.0,0.0,0.0,47.238227762234345,76.6394501297162,0,1.3230550065366833,5,Random
2025-06-09 13:00:00,9,0.1,0.1,0.0991619722826095,45.789344707162456,75.15484011755422,0.0,0.0,0.0,-0.0,-29.36549541039176,0.0,29.36549541039176,-1.3214472934676291,0.0,0.0,0.0,0.0,45.789344707162456,75.15484011755422,0,1.3214472934676291,5,Random
2025-06-09 14:00:00,10,0.1,0.1,0.0818798401557215,49.92019929204667,68.29275716990422,0.0,0.0,0.0,-0.0,-18.372557877857552,0.0,18.372557877857552,-0.8267651045035899,0.0,0.0,0.0,0.0,49.92019929204667,68.29275716990422,0,0.8267651045035899,5,Random
2025-06-09 15:00:00,11,0.1,0.1,0.1272529206663888,49.24430453928655,55.69612947628424,0.0,0.0,0.0,-0.0,-6.4518249369976886,0.0,6.4518249369976886,-0.29033212216489596,0.0,0.0,0.0,0.0,49.24430453928655,55.69612947628424,0,0.29033212216489596,5,Random
2025-06-09 16:00:00,12,0.1,0.3375,0.1245972267196585,61.91833636454511,44.318379255777714,30.0,30.0,30.0,0.0,47.5999571087674,47.5999571087674,0.0,5.930822647727112,0.0,0.114,0.0,28.5,44.318379255777714,44.318379255777714,0,-6.044822647727112,5,Random
2025-06-09 17:00:00,13,0.3375,0.3375,0.1516412607044492,63.4009640365768,21.31151011586,0.0,0.0,0.0,-0.0,42.08945392071681,42.08945392071681,0.0,6.382497854899318,0.0,0.0,0.0,0.0,21.31151011586,21.31151011586,0,-6.382497854899318,5,Random
2025-06-09 18:00:00,14,0.3375,0.1,0.1955841814082867,64.58227597085154,0.0,-30.0,-27.075,0.0,27.075,37.50727597085154,37.50727597085154,0.0,7.3358298676137,0.0,0.114,0.23400000000000007,28.5,0.0,0.0,1,-7.6838298676137,5,Random
2025-06-09 19:00:00,15,0.1,0.3375,0.2258239502215955,67.67358124072096,1.8479359552185408,30.0,30.0,30.0,0.0,95.82564528550242,95.82564528550242,0.0,21.639725750905566,1.3339279088251865,0.114,0.0,28.5,1.8479359552185408,1.8479359552185408,0,-23.08765365973075,5,Random
2025-06-09 20:00:00,16,0.3375,0.3375,0.2220777606192906,65.03798228486662,3.5309779409454416,0.0,0.0,0.0,-0.0,61.507004343921174,61.507004343921174,0.0,13.659337787098995,0.0,0.0,0.0,0.0,3.5309779409454416,3.5309779409454416,0,-13.659337787098995,5,Random
2025-06-09 21:00:00,17,0.3375,0.575,0.2122675743254014,67.00076598905441,2.709824045315784,30.0,30.0,30.0,0.0,94.29094194373863,94.29094194373863,0.0,20.01490952725465,1.1800997210281614,0.114,0.0,28.5,2.709824045315784,2.709824045315784,0,-21.30900924828281,5,Random
2025-06-09 22:00:00,18,0.575,0.575,0.1777543628043278,57.07885988874278,2.515826499070425,0.0,0.0,0.0,-0.0,54.56303338967235,54.56303338967235,0.0,9.69881723285247,0.0,0.0,0.0,0.0,2.515826499070425,2.515826499070425,0,-9.69881723285247,5,Random
2025-06-09 23:00:00,19,0.575,0.575,0.151502967575295,53.35524107660612,0.0,0.0,0.0,0.0,-0.0,53.35524107660612,53.35524107660612,0.0,8.083477358801105,0.0,0.0,0.0,0.0,0.0,0.0,0,-8.083477358801105,5,Random
2025-06-10 00:00:00,20,0.575,0.31184210526315786,0.0960040777687762,45.98551278634832,0.0,-30.0,-30.0,0.0,30.0,15.985512786348323,15.985512786348323,0.0,1.5346744127143508,0.0,0.12631578947368421,0.0,31.578947368421055,0.0,0.0,0,-1.660990202188035,5,Random
2025-06-10 01:00:00,21,0.31184210526315786,0.5493421052631579,0.0949137093554269,41.79950732948788,4.463425885172184,30.0,30.0,30.0,0.0,67.3360814443157,67.3360814443157,0.0,6.391117263339134,0.0,0.114,0.0,28.5,4.463425885172184,4.463425885172184,0,-6.505117263339134,5,Random
2025-06-10 02:00:00,22,0.5493421052631579,0.7868421052631579,0.1144519448297415,44.88796752481051,1.536001061721462,30.0,30.0,30.0,0.0,73.35196646308904,73.35196646308904,0.0,8.395275218786516,0.02247135833934732,0.114,0.0,28.5,1.536001061721462,1.536001061721462,0,-8.531746577125864,5,Random
2025-06-10 03:00:00,23,0.7868421052631579,0.7868421052631579,0.1225547149156545,45.50740007411847,0.0,0.0,0.0,0.0,-0.0,45.50740007411847,45.50740007411847,0.0,5.577146442636224,0.0,0.0,0.0,0.0,0.0,0.0,0,-5.577146442636224,5,Random
2025-06-03 14:00:00,0,0.5,0.23684210526315788,0.0901505390089553,45.73352581933575,59.14066867046768,-30.0,-30.0,0.0,30.0,-43.40714285113193,0.0,43.40714285113193,-1.9533214283009368,0.0,0.12631578947368421,0.0,31.578947368421055,45.73352581933575,59.14066867046768,0,1.8270056388272526,6,Random
2025-06-03 15:00:00,1,0.23684210526315788,0.1,0.1207625923481896,57.55942135625397,55.62172561061728,-30.0,-15.599999999999998,0.0,15.599999999999998,-13.66230425436331,0.0,13.66230425436331,-0.6148036914463489,0.0,0.06568421052631578,1.1520000000000001,16.421052631578945,55.62172561061728,55.62172561061728,1,-0.602880519079967,6,Random
2025-06-03 16:00:00,2,0.1,0.3375,0.1397124170929777,57.97045639618877,40.820434085419166,30.0,30.0,30.0,0.0,47.15002231076961,47.15002231076961,0.0,6.587443583025447,0.0,0.114,0.0,28.5,40.820434085419166,40.820434085419166,0,-6.701443583025447,6,Random
2025-06-03 17:00:00,3,0.3375,0.575,0.1603384925211744,57.67677321986029,16.89106725657655,30.0,30.0,30.0,0.0,70.78570596328373,70.78570596328373,0.0,11.349673386200019,0.0012346677214792343,0.114,0.0,28.5,16.89106725657655,16.89106725657655,0,-11.4649080539215,6,Random
2025-06-03 18:00:00,4,0.575,0.31184210526315786,0.2140643714919487,69.40202723993973,3.4082492060317726,-30.0,-30.0,0.0,30.0,35.99377803390796,35.99377803390796,0.0,7.704985472449216,0.0,0.12631578947368421,0.0,31.578947368421055,3.4082492060317726,3.4082492060317726,0,-7.831301261922901,6,Random
2025-06-03 19:00:00,5,0.31184210526315786,0.5493421052631579,0.2251862256540501,71.88723592940197,0.0,30.0,30.0,30.0,0.0,101.88723592940197,101.88723592940197,0.0,22.943602101265753,2.0335916304346875,0.114,0.0,28.5,0.0,0.0,0,-25.091193731700443,6,Random
2025-06-03 20:00:00,6,0.5493421052631579,0.28618421052631576,0.214867489788035,59.35930313931595,0.0,-30.0,-30.0,0.0,30.0,29.359303139315948,29.359303139315948,0.0,6.308359767470793,0.0,0.12631578947368421,0.0,31.578947368421055,0.0,0.0,0,-6.434675556944478,6,Random
2025-06-03 21:00:00,7,0.28618421052631576,0.5236842105263158,0.1790247198984771,60.56255901605197,3.3712816888228523,30.0,30.0,30.0,0.0,87.19127732722912,87.19127732722912,0.0,15.609394001097629,0.5910800322834038,0.114,0.0,28.5,3.3712816888228523,3.3712816888228523,0,-16.314474033381032,6,Random
2025-06-03 22:00:00,8,0.5236842105263158,0.2605263157894736,0.1529099292217833,57.7702871464254,0.0,-30.0,-30.0,0.0,30.0,27.770287146425403,27.770287146425403,0.0,4.246352642028507,0.0,0.12631578947368421,0.0,31.578947368421055,0.0,0.0,0,-4.372668431502191,6,Random
2025-06-03 23:00:00,9,0.2605263157894736,0.49802631578947365,0.1491443663842304,55.60621741286052,3.042176677973578,30.0,30.0,30.0,0.0,82.56404073488694,82.56404073488694,0.0,12.313961541526501,0.315710239175797,0.114,0.0,28.5,3.042176677973578,3.042176677973578,0,-12.743671780702298,6,Random
2025-06-04 00:00:00,10,0.49802631578947365,0.49802631578947365,0.1183060404211188,42.88867738128837,0.0,0.0,0.0,0.0,-0.0,42.88867738128837,42.88867738128837,0.0,5.073989599879025,0.0,0.0,0.0,0.0,0.0,0.0,0,-5.073989599879025,6,Random
2025-06-04 01:00:00,11,0.49802631578947365,0.49802631578947365,0.1119604452779436,41.89658470223934,0.999965563559188,0.0,0.0,0.0,-0.0,40.89661913868015,40.89661913868015,0.0,4.5788036891291,0.0,0.0,0.0,0.0,0.999965563559188,0.999965563559188,0,-4.5788036891291,6,Random
2025-06-04 02:00:00,12,0.49802631578947365,0.7355263157894736,0.0990442262678613,46.984517159176434,0.1534538467472301,30.0,30.0,30.0,0.0,76.8310633124292,76.8310633124292,0.0,7.6096732191166145,0.09332685195683223,0.114,0.0,28.5,0.1534538467472301,0.1534538467472301,0,-7.817000071073447,6,Random
2025-06-04 03:00:00,13,0.7355263157894736,0.7355263157894736,0.0961107743416455,43.52005298447321,0.0,0.0,0.0,0.0,-0.0,43.52005298447321,43.52005298447321,0.0,4.1827459917271606,0.0,0.0,0.0,0.0,0.0,0.0,0,-4.1827459917271606,6,Random
2025-06-04 04:00:00,14,0.7355263157894736,0.7355263157894736,0.098166751848819,47.75865342854859,1.3636870376115389,0.0,0.0,0.0,-0.0,46.39496639093705,46.39496639093705,0.0,4.554443152733415,0.0,0.0,0.0,0.0,1.3636870376115389,1.3636870376115389,0,-4.554443152733415,6,Random
2025-06-04 05:00:00,15,0.7355263157894736,0.4723684210526315,0.1155353540821613,44.54979284547112,0.0,-30.0,-30.0,0.0,30.0,14.549792845471117,14.549792845471117,0.0,1.6810154682236027,0.0,0.12631578947368421,0.0,31.578947368421055,0.0,0.0,0,-1.8073312576972869,6,Random
2025-06-04 06:00:00,16,0.4723684210526315,0.20921052631578937,0.0946035207149203,46.88024840378738,3.6914346955694137,-30.0,-30.0,0.0,30.0,13.188813708217964,13.188813708217964,0.0,1.247708210850623,0.0,0.12631578947368421,0.0,31.578947368421055,3.6914346955694137,3.6914346955694137,0,-1.3740240003243072,6,Random
2025-06-04 07:00:00,17,0.20921052631578937,0.20921052631578937,0.1142061099951304,56.66216845497853,21.79529561584804,0.0,0.0,0.0,-0.0,34.86687283913049,34.86687283913049,0.0,3.982009914651961,0.0,0.0,0.0,0.0,21.79529561584804,21.79529561584804,0,-3.982009914651961,6,Random
2025-06-04 08:00:00,18,0.20921052631578937,0.20921052631578937,0.1092657079589517,56.35412647880576,39.90225752201911,0.0,0.0,0.0,-0.0,16.451868956786647,16.451868956786647,0.0,1.7976251088111932,0.0,0.0,0.0,0.0,39.90225752201911,39.90225752201911,0,-1.7976251088111932,6,Random
2025-06-04 09:00:00,19,0.20921052631578937,0.20921052631578937,0.1129353375298654,57.23548334033151,55.21110583631752,0.0,0.0,0.0,-0.0,2.024377504013991,2.024377504013991,0.0,0.2286237567036865,0.0,0.0,0.0,0.0,55.21110583631752,55.21110583631752,0,-0.2286237567036865,6,Random
2025-06-04 10:00:00,20,0.20921052631578937,0.20921052631578937,0.1057424116167901,49.6399176390769,64.71584182620859,0.0,0.0,0.0,-0.0,-15.07592418713169,0.0,15.07592418713169,-0.678416588420926,0.0,0.0,0.0,0.0,49.6399176390769,64.71584182620859,0,0.678416588420926,6,Random
2025-06-04 11:00:00,21,0.20921052631578937,0.1,0.0939557433500333,45.96733375334946,72.9680463539779,-30.0,-12.449999999999989,0.0,12.449999999999989,-39.45071260062843,0.0,39.45071260062843,-1.7752820670282792,0.0,0.0524210526315789,1.404000000000001,13.105263157894726,45.96733375334946,72.9680463539779,1,0.3188610143966992,6,Random
2025-06-04 12:00:00,22,0.1,0.3375,0.0662820266143697,51.43285132346727,77.50441085469087,30.0,30.0,30.0,0.0,3.928440468776394,3.928440468776394,0.0,0.26038499570440393,0.0,0.114,0.0,28.5,77.50441085469087,77.50441085469087,0,-0.3743849957044039,6,Random
2025-06-04 13:00:00,23,0.3375,0.575,0.0929350167936962,42.56126818039655,73.41760057401785,30.0,30.0,30.0,0.0,-0.856332393621301,0.0,0.856332393621301,-0.03853495771295854,0.0,0.114,0.0,28.5,72.56126818039655,73.41760057401785,0,-0.07546504228704146,6,Random
2025-06-24 13:00:00,0,0.5,0.5,0.0936577828099681,42.814977033988384,77.19149176954815,0.0,0.0,0.0,-0.0,-34.376514735559766,0.0,34.376514735559766,-1.5469431631001895,0.0,0.0,0.0,0.0,42.814977033988384,77.19149176954815,0,1.5469431631001895,7,Random
2025-06-24 14:00:00,1,0.5,0.7375,0.0950821750858075,54.2144844368039,60.32571459101133,30.0,30.0,30.0,0.0,23.888769845792574,23.888769845792574,0.0,2.271396197062208,0.0,0.114,0.0,28.5,60.32571459101133,60.32571459101133,0,-2.385396197062208,7,Random
2025-06-24 15:00:00,2,0.7375,0.9,0.117138179119982,47.83396474631797,52.06897314216647,30.0,20.526315789473685,20.526315789473685,0.0,16.291307393625182,16.291307393625182,0.0,1.9083340835731537,0.0,0.078,0.7578947368421052,19.5,52.06897314216647,52.06897314216647,1,-2.744228820415259,7,Random
2025-06-24 16:00:00,3,0.9,0.9,0.1456695539242382,55.86167908192835,40.956222817094094,0.0,0.0,0.0,-0.0,14.905456264834257,14.905456264834257,0.0,2.1712711651356478,0.0,0.0,0.0,0.0,40.956222817094094,40.956222817094094,0,-2.1712711651356478,7,Random
2025-06-24 17:00:00,4,0.9,0.6368421052631579,0.1603831851580817,59.00038235830296,15.707056435419911,-30.0,-30.0,0.0,30.0,13.293325922883042,13.293325922883042,0.0,2.1320259528564782,0.0,0.12631578947368421,0.0,31.578947368421055,15.707056435419911,15.707056435419911,0,-2.2583417423301624,7,Random
2025-06-24 18:00:00,5,0.6368421052631579,0.37368421052631573,0.21596538316505,72.9630330172624,1.3057277933428195,-30.0,-30.0,0.0,30.0,41.65730522391958,41.65730522391958,0.0,8.996535884307232,0.0,0.12631578947368421,0.0,31.578947368421055,1.3057277933428195,1.3057277933428195,0,-9.122851673780916,7,Random
2025-06-24 19:00:00,6,0.37368421052631573,0.11052631578947363,0.2284038333125511,65.83373421406237,0.0,-30.0,-30.0,0.0,30.0,35.833734214062375,35.833734214062375,0.0,8.184562256394962,0.0,0.12631578947368421,0.0,31.578947368421055,0.0,0.0,0,-8.310878045868646,7,Random
2025-06-24 20:00:00,7,0.11052631578947363,0.11052631578947363,0.21101538043557,64.35893410073398,0.0575539422314296,0.0,0.0,0.0,-0.0,64.30138015850254,64.30138015850254,0.0,13.568580196678626,0.0,0.0,0.0,0.0,0.0575539422314296,0.0575539422314296,0,-13.568580196678626,7,Random
2025-06-24 21:00:00,8,0.11052631578947363,0.1,0.1700516639315458,60.854153669587895,5.634966378776198,-30.0,-1.1999999999999935,0.0,1.1999999999999935,54.0191872908117,54.0191872908117,0.0,9.186052683032342,0.0,0.005052631578947342,2.3040000000000007,1.2631578947368354,5.634966378776198,5.634966378776198,1,-11.495105314611289,7,Random
2025-06-24 22:00:00,9,0.1,0.3375,0.1667335298342092,57.2690847343891,2.7111004036606863,30.0,30.0,30.0,0.0,84.5579843307284,84.5579843307284,0.0,14.098651203128098,0.4238698155474674,0.114,0.0,28.5,2.7111004036606863,2.7111004036606863,0,-14.636521018675566,7,Random
2025-06-24 23:00:00,10,0.3375,0.1,0.1488719381374462,51.04418457069688,0.0,-30.0,-27.075,0.0,27.075,23.96918457069688,23.96918457069688,0.0,3.5683389626138156,0.0,0.114,0.23400000000000007,28.5,0.0,0.0,1,-3.9163389626138154,7,Random
2025-06-25 00:00:00,11,0.1,0.1,0.1178223819518072,42.98471703747512,2.9692999151066464,0.0,0.0,0.0,-0.0,40.015417122368476,40.015417122368476,0.0,4.714711760152585,0.0,0.0,0.0,0.0,2.9692999151066464,2.9692999151066464,0,-4.714711760152585,7,Random
2025-06-25 01:00:00,12,0.1,0.1,0.1113874785254079,32.13685529906106,6.377833793553541,0.0,0.0,0.0,-0.0,25.75902150550752,25.75902150550752,0.0,2.869232454780239,0.0,0.0,0.0,0.0,6.377833793553541,6.377833793553541,0,-2.869232454780239,7,Random
2025-06-25 02:00:00,13,0.1,0.3375,0.1148181239817866,43.71137539558647,9.789556035566086,30.0,30.0,30.0,0.0,63.921819360020386,63.921819360020386,0.0,7.339383380420188,0.0,0.114,0.0,28.5,9.789556035566086,9.789556035566086,0,-7.453383380420187,7,Random
2025-06-25 03:00:00,14,0.3375,0.3375,0.1168417224006423,43.946554128016864,1.6627650811404124,0.0,0.0,0.0,-0.0,42.28378904687645,42.28378904687645,0.0,4.940510741862458,0.0,0.0,0.0,0.0,1.6627650811404124,1.6627650811404124,0,-4.940510741862458,7,Random
2025-06-25 04:00:00,15,0.3375,0.1,0.1091359131233275,48.2183870586935,0.0,-30.0,-27.075,0.0,27.075,21.143387058693502,21.143387058693502,0.0,2.307502853170461,0.0,0.114,0.23400000000000007,28.5,0.0,0.0,1,-2.6555028531704608,7,Random
2025-06-25 05:00:00,16,0.1,0.3375,0.084068768150153,51.16652633606498,1.521372923085503,30.0,30.0,30.0,0.0,79.64515341297948,79.64515341297948,0.0,6.695669936559139,0.18605796871981953,0.114,0.0,28.5,1.521372923085503,1.521372923085503,0,-6.995727905278959,7,Random
2025-06-25 06:00:00,17,0.3375,0.3375,0.118421481612719,49.47793662907118,5.586117594195127,0.0,0.0,0.0,-0.0,43.89181903487605,43.89181903487605,0.0,5.197734240787364,0.0,0.0,0.0,0.0,5.586117594195127,5.586117594195127,0,-5.197734240787364,7,Random
2025-06-25 07:00:00,18,0.3375,0.575,0.0928778043774651,55.728128572291,19.50272451986952,30.0,30.0,30.0,0.0,66.22540405242148,66.22540405242148,0.0,6.150870122399387,0.0,0.114,0.0,28.5,19.50272451986952,19.50272451986952,0,-6.264870122399387,7,Random
2025-06-25 08:00:00,19,0.575,0.575,0.0880523474837293,50.89193102854838,42.59224495587464,0.0,0.0,0.0,-0.0,8.299686072673737,8.299686072673737,0.0,0.7308068420769364,0.0,0.0,0.0,0.0,42.59224495587464,42.59224495587464,0,-0.7308068420769364,7,Random
2025-06-25 09:00:00,20,0.575,0.8125,0.0848417243116661,55.61000885078427,52.13279422223789,30.0,30.0,30.0,0.0,33.47721462854638,33.47721462854638,0.0,2.8402646142376073,0.0,0.114,0.0,28.5,52.13279422223789,52.13279422223789,0,-2.9542646142376072,7,Random
2025-06-25 10:00:00,21,0.8125,0.9,0.1227995098539647,48.38318104497595,68.75165687502447,30.0,11.052631578947368,11.052631578947368,0.0,-9.315844251101149,0.0,9.315844251101149,-0.4192129912995517,0.0,0.042,1.5157894736842104,10.5,59.43581262392332,68.75165687502447,1,-1.1385764823846587,7,Random
2025-06-25 11:00:00,22,0.9,0.6368421052631579,0.0927304485987901,43.59152718344956,66.51540956420995,-30.0,-30.0,0.0,30.0,-52.92388238076039,0.0,52.92388238076039,-2.3815747071342175,0.0,0.12631578947368421,0.0,31.578947368421055,43.59152718344956,66.51540956420995,0,2.2552589176605333,7,Random
2025-06-25 12:00:00,23,0.6368421052631579,0.6368421052631579,0.0714068039154985,45.35555547326448,74.55655361514287,0.0,0.0,0.0,-0.0,-29.200998141878394,0.0,29.200998141878394,-1.3140449163845276,0.0,0.0,0.0,0.0,45.35555547326448,74.55655361514287,0,1.3140449163845276,7,Random
2025-05-12 01:00:00,0,0.5,0.5,0.1059106496287817,44.50012567306557,0.9098565145262796,0.0,0.0,0.0,-0.0,43.590269158539286,43.590269158539286,0.0,4.616673724074343,0.0,0.0,0.0,0.0,0.9098565145262796,0.9098565145262796,0,-4.616673724074343,0,Rule-based
2025-05-12 02:00:00,1,0.5,0.7375,0.0906160171101649,43.96381593895602,0.3840618873213719,30.0,30.0,30.0,0.0,73.57975405163464,73.57975405163464,0.0,6.667504252104649,0.025629278140389206,0.114,0.0,28.5,0.3840618873213719,0.3840618873213719,0,-6.807133530245038,0,Rule-based
2025-05-12 03:00:00,2,0.7375,0.7375,0.1031309010593861,45.77763012404826,1.047736866294566,0.0,0.0,0.0,-0.0,44.729893257753695,44.729893257753695,0.0,4.613034195962298,0.0,0.0,0.0,0.0,1.047736866294566,1.047736866294566,0,-4.613034195962298,0,Rule-based
2025-05-12 04:00:00,3,0.7375,0.7375,0.1045077937768105,46.34025662838408,1.7299648424907683,0.0,0.0,0.0,-0.0,44.61029178589332,44.61029178589332,0.0,4.662123174283482,0.0,0.0,0.0,0.0,1.7299648424907683,1.7299648424907683,0,-4.662123174283482,0,Rule-based
2025-05-12 05:00:00,4,0.7375,0.7375,0.1085546549196963,45.33189715589871,0.0,0.0,0.0,0.0,-0.0,45.33189715589871,45.33189715589871,0.0,4.920988452613747,0.0,0.0,0.0,0.0,0.0,0.0,0,-4.920988452613747,0,Rule-based
2025-05-12 06:00:00,5,0.7375,0.7375,0.1143357309045077,51.01420181303544,0.0,0.0,0.0,0.0,-0.0,51.01420181303544,51.01420181303544,0.0,5.832746050803469,0.0,0.0,0.0,0.0,0.0,0.0,0,-5.832746050803469,0,Rule-based
2025-05-12 07:00:00,6,0.7375,0.9,0.0949433926122531,56.98849271333712,21.804743437053222,30.0,20.526315789473685,20.526315789473685,0.0,55.71006506575759,55.71006506575759,0.0,5.2893025799923885,0.0,0.078,0.7578947368421052,19.5,21.804743437053222,21.804743437053222,1,-6.125197316834494,0,Rule-based
2025-05-12 08:00:00,7,0.9,0.9,0.1107866059646547,61.488354246819455,35.22113174329405,0.0,0.0,0.0,-0.0,26.267222503525403,26.267222503525403,0.0,2.9100564292839795,0.0,0.0,0.0,0.0,35.22113174329405,35.22113174329405,0,-2.9100564292839795,0,Rule-based
2025-05-12 09:00:00,8,0.9,0.9,0.1043592818975314,57.94894927828455,53.02194100385325,0.0,0.0,0.0,-0.0,4.9270082744313015,4.9270082744313015,0.0,0.5141790454228459,0.0,0.0,0.0,0.0,53.02194100385325,53.02194100385325,0,-0.5141790454228459,0,Rule-based
2025-05-12 10:00:00,9,0.9,0.9,0.0842896195864674,44.91697685899402,66.63308207834064,0.0,0.0,0.0,-0.0,-21.716105219346616,0.0,21.716105219346616,-0.9772247348705977,0.0,0.0,0.0,0.0,44.91697685899402,66.63308207834064,0,0.9772247348705977,0,Rule-based
2025-05-12 11:00:00,10,0.9,0.9,0.0737315118224858,52.45511462026136,69.71551732296052,0.0,0.0,0.0,-0.0,-17.26040270269916,0.0,17.26040270269916,-0.7767181216214621,0.0,0.0,0.0,0.0,52.45511462026136,69.71551732296052,0,0.7767181216214621,0,Rule-based
2025-05-12 12:00:00,11,0.9,0.9,0.0761283810712402,47.183737180223325,71.54330405107947,0.0,0.0,0.0,-0.0,-24.35956687085615,0.0,24.35956687085615,-1.0961805091885266,0.0,0.0,0.0,0.0,47.183737180223325,71.54330405107947,0,1.0961805091885266,0,Rule-based
2025-05-12 13:00:00,12,0.9,0.9,0.0679537009118456,50.77586447593297,79.09421618542179,0.0,0.0,0.0,-0.0,-28.318351709488816,0.0,28.318351709488816,-1.2743258269269966,0.0,0.0,0.0,0.0,50.77586447593297,79.09421618542179,0,1.2743258269269966,0,Rule-based
2025-05-12 14:00:00,13,0.9,0.9,0.0979516978088855,51.37640161499907,61.59609690660245,0.0,0.0,0.0,-0.0,-10.21969529160338,0.0,10.21969529160338,-0.45988628812215204,0.0,0.0,0.0,0.0,51.37640161499907,61.59609690660245,0,0.45988628812215204,0,Rule-based
2025-05-12 15:00:00,14,0.9,0.9,0.128852723195387,54.484857297694965,45.88447940103865,0.0,0.0,0.0,-0.0,8.600377896656319,8.600377896656319,0.0,1.1081821124935811,0.0,0.0,0.0,0.0,45.88447940103865,45.88447940103865,0,-1.1081821124935811,0,Rule-based
2025-05-12 16:00:00,15,0.9,0.6368421052631579,0.1585649718921092,59.62188854399286,34.159903873690155,-30.0,-30.0,0.0,30.0,-4.538015329697295,0.0,4.538015329697295,-0.20421068983637827,0.0,0.12631578947368421,0.0,31.578947368421055,34.159903873690155,34.159903873690155,0,0.07789490036269406,0,Rule-based
2025-05-12 17:00:00,16,0.6368421052631579,0.37368421052631573,0.1575918741839245,64.9514295975311,23.622869016220605,-30.0,-30.0,0.0,30.0,11.328560581310498,11.328560581310498,0.0,1.7852890938148507,0.0,0.12631578947368421,0.0,31.578947368421055,23.622869016220605,23.622869016220605,0,-1.9116048832885348,0,Rule-based
2025-05-12 18:00:00,17,0.37368421052631573,0.11052631578947363,0.2316158632559687,73.24595957365736,0.0,-30.0,-30.0,0.0,30.0,43.24595957365736,43.24595957365736,0.0,10.016450258985373,0.0,0.12631578947368421,0.0,31.578947368421055,0.0,0.0,0,-10.142766048459057,0,Rule-based
2025-05-12 19:00:00,18,0.11052631578947363,0.1,0.229974380207038,70.36373874338916,0.0,-30.0,-1.1999999999999935,0.0,1.1999999999999935,69.16373874338917,69.16373874338917,0.0,15.905887950312428,0.0,0.005052631578947342,2.3040000000000007,1.2631578947368354,0.0,0.0,1,-18.214940581891376,0,Rule-based
2025-05-12 20:00:00,19,0.1,0.1,0.191609367759457,72.4175384634933,3.8724938208898103,0.0,0.0,0.0,-0.0,68.54504464260349,68.54504464260349,0.0,13.133872667013009,0.0,0.0,0.0,0.0,3.8724938208898103,3.8724938208898103,0,-13.133872667013009,0,Rule-based
2025-05-12 21:00:00,20,0.1,0.1,0.1965071827949567,68.03044544378993,0.0,0.0,0.0,0.0,-0.0,68.03044544378993,68.03044544378993,0.0,13.368471178445155,0.0,0.0,0.0,0.0,0.0,0.0,0,-13.368471178445155,0,Rule-based
2025-05-12 22:00:00,21,0.1,0.1,0.1653925821077788,62.07989853708435,0.0,0.0,0.0,0.0,-0.0,62.07989853708435,62.07989853708435,0.0,10.2675547160373,0.0,0.0,0.0,0.0,0.0,0.0,0,-10.2675547160373,0,Rule-based
2025-05-12 23:00:00,22,0.1,0.1,0.1479285684353256,49.36021507446455,3.756804870457203,0.0,0.0,0.0,-0.0,45.603410204007346,45.603410204007346,0.0,6.746047187247727,0.0,0.0,0.0,0.0,3.756804870457203,3.756804870457203,0,-6.746047187247727,0,Rule-based
2025-05-13 00:00:00,23,0.1,0.1,0.0994591578193764,49.91064552240334,0.0,0.0,0.0,0.0,-0.0,49.91064552240334,49.91064552240334,0.0,4.964070769879666,0.0,0.0,0.0,0.0,0.0,0.0,0,-4.964070769879666,0,Rule-based
2025-06-20 14:00:00,0,0.5,0.7375,0.0691335020361799,44.85540937383352,65.15266046192455,30.0,30.0,30.0,0.0,9.702748911908962,9.702748911908962,0.0,0.6707850116580006,0.0,0.114,0.0,28.5,65.15266046192455,65.15266046192455,0,-0.7847850116580006,1,Rule-based
2025-06-20 15:00:00,1,0.7375,0.7375,0.1159602158507311,51.10377613345808,61.1898612866248,0.0,0.0,0.0,-0.0,-10.08608515316672,0.0,10.08608515316672,-0.4538738318925024,0.0,0.0,0.0,0.0,51.10377613345808,61.1898612866248,0,0.4538738318925024,1,Rule-based
2025-06-20 16:00:00,2,0.7375,0.7375,0.1486781942385715,56.10888453744891,41.65997973468926,0.0,0.0,0.0,-0.0,14.44890480275965,14.44890480275965,0.0,2.148237074799328,0.0,0.0,0.0,0.0,41.65997973468926,41.65997973468926,0,-2.148237074799328,1,Rule-based
2025-06-20 17:00:00,3,0.7375,0.4743421052631579,0.189515505422687,60.23683980250561,17.507072371827416,-30.0,-30.0,0.0,30.0,12.729767430678194,12.729767430678194,0.0,2.412488308538238,0.0,0.12631578947368421,0.0,31.578947368421055,17.507072371827416,17.507072371827416,0,-2.538804098011922,1,Rule-based
2025-06-20 18:00:00,4,0.4743421052631579,0.21118421052631575,0.1965868633663754,69.09609945652109,0.0,-30.0,-30.0,0.0,30.0,39.09609945652109,39.09609945652109,0.0,7.685779562017335,0.0,0.12631578947368421,0.0,31.578947368421055,0.0,0.0,0,-7.81209535149102,1,Rule-based
2025-06-20 19:00:00,5,0.21118421052631575,0.1,0.2070641694750115,61.52425760963234,0.0,-30.0,-12.674999999999995,0.0,12.674999999999995,48.849257609632346,48.849257609632346,0.0,10.114930956409408,0.0,0.053368421052631565,1.3860000000000003,13.34210526315789,0.0,0.0,1,-11.55429937746204,1,Rule-based
2025-06-20 20:00:00,6,0.1,0.1,0.2133214062258696,59.77615733330785,0.0,0.0,0.0,0.0,-0.0,59.77615733330785,59.77615733330785,0.0,12.751533941120057,0.0,0.0,0.0,0.0,0.0,0.0,0,-12.751533941120057,1,Rule-based
2025-06-20 21:00:00,7,0.1,0.1,0.1752649951868889,62.22015244959043,0.0,0.0,0.0,0.0,-0.0,62.22015244959043,62.22015244959043,0.0,10.90501471960496,0.0,0.0,0.0,0.0,0.0,0.0,0,-10.90501471960496,1,Rule-based
2025-06-20 22:00:00,8,0.1,0.1,0.1642423644782881,57.43985105714153,3.900912718083106,0.0,0.0,0.0,-0.0,53.538938339058426,53.538938339058426,0.0,8.793361824464228,0.0,0.0,0.0,0.0,3.900912718083106,3.900912718083106,0,-8.793361824464228,1,Rule-based
2025-06-20 23:00:00,9,0.1,0.1,0.1488291490208771,53.55777500040973,0.0,0.0,0.0,0.0,-0.0,53.55777500040973,53.55777500040973,0.0,7.970958076762585,0.0,0.0,0.0,0.0,0.0,0.0,0,-7.970958076762585,1,Rule-based
2025-06-21 00:00:00,10,0.1,0.3375,0.077624513717285,32.84781572547239,8.013380356962925,30.0,30.0,30.0,0.0,54.83443536850946,54.83443536850946,0.0,4.2564963804424405,0.0,0.114,0.0,28.5,8.013380356962925,8.013380356962925,0,-4.37049638044244,1,Rule-based
2025-06-21 01:00:00,11,0.3375,0.575,0.0945907762035274,31.65554711214026,0.0,30.0,30.0,30.0,0.0,61.655547112140255,61.655547112140255,0.0,5.8320460585905,0.0,0.114,0.0,28.5,0.0,0.0,0,-5.9460460585904995,1,Rule-based
2025-06-21 02:00:00,12,0.575,0.8125,0.0784519057513264,34.667628435455484,0.0,30.0,30.0,30.0,0.0,64.66762843545548,64.66762843545548,0.0,5.073298691180149,0.0,0.114,0.0,28.5,0.0,0.0,0,-5.187298691180149,1,Rule-based
2025-06-21 03:00:00,13,0.8125,0.8125,0.1094967239891028,33.63909904584471,5.9090668886321485,0.0,0.0,0.0,-0.0,27.730032157212563,27.730032157212563,0.0,3.036347677327249,0.0,0.0,0.0,0.0,5.9090668886321485,5.9090668886321485,0,-3.036347677327249,1,Rule-based
2025-06-21 04:00:00,14,0.8125,0.9,0.0954414093655371,41.02097154157076,4.624394599429346,30.0,11.052631578947368,11.052631578947368,0.0,47.449208521088785,47.449208521088785,0.0,4.5286193345319665,0.0,0.042,1.5157894736842104,10.5,4.624394599429346,4.624394599429346,1,-6.086408808216177,1,Rule-based
2025-06-21 05:00:00,15,0.9,0.9,0.0851698465775518,37.10258024150898,0.0,0.0,0.0,0.0,-0.0,37.10258024150898,37.10258024150898,0.0,3.160021066800625,0.0,0.0,0.0,0.0,0.0,0.0,0,-3.160021066800625,1,Rule-based
2025-06-21 06:00:00,16,0.9,0.9,0.0776464104490186,41.07098607972898,1.334663102935843,0.0,0.0,0.0,-0.0,39.73632297679314,39.73632297679314,0.0,3.085382843590849,0.0,0.0,0.0,0.0,1.334663102935843,1.334663102935843,0,-3.085382843590849,1,Rule-based
2025-06-21 07:00:00,17,0.9,0.9,0.0962674202019402,52.20010969734645,21.61012031636199,0.0,0.0,0.0,-0.0,30.58998938098446,30.58998938098446,0.0,2.944819361712119,0.0,0.0,0.0,0.0,21.61012031636199,21.61012031636199,0,-2.944819361712119,1,Rule-based
2025-06-21 08:00:00,18,0.9,0.9,0.1059180960946911,44.956294540132255,39.4770308599931,0.0,0.0,0.0,-0.0,5.479263680139155,5.479263680139155,0.0,0.5803531770011299,0.0,0.0,0.0,0.0,39.4770308599931,39.4770308599931,0,-0.5803531770011299,1,Rule-based
2025-06-21 09:00:00,19,0.9,0.9,0.0768245668410381,46.096791462492526,50.61458206171744,0.0,0.0,0.0,-0.0,-4.5177905992249165,0.0,4.5177905992249165,-0.20330057696512124,0.0,0.0,0.0,0.0,46.096791462492526,50.61458206171744,0,0.20330057696512124,1,Rule-based
2025-06-21 10:00:00,20,0.9,0.9,0.0757088386760702,43.44586992874163,58.86056298800573,0.0,0.0,0.0,-0.0,-15.414693059264103,0.0,15.414693059264103,-0.6936611876668846,0.0,0.0,0.0,0.0,43.44586992874163,58.86056298800573,0,0.6936611876668846,1,Rule-based
2025-06-21 11:00:00,21,0.9,0.9,0.06641818795416,40.88562048106272,72.38284720773709,0.0,0.0,0.0,-0.0,-31.497226726674363,0.0,31.497226726674363,-1.4173752027003463,0.0,0.0,0.0,0.0,40.88562048106272,72.38284720773709,0,1.4173752027003463,1,Rule-based
2025-06-21 12:00:00,22,0.9,0.9,0.0905721116673968,38.03837463253214,84.35361515857963,0.0,0.0,0.0,-0.0,-46.31524052604749,0.0,46.31524052604749,-2.084185823672137,0.0,0.0,0.0,0.0,38.03837463253214,84.35361515857963,0,2.084185823672137,1,Rule-based
2025-06-21 13:00:00,23,0.9,0.9,0.0507097906558024,38.088491267172266,81.83333610541234,0.0,0.0,0.0,-0.0,-43.74484483824008,0.0,43.74484483824008,-1.9685180177208035,0.0,0.0,0.0,0.0,38.088491267172266,81.83333610541234,0,1.9685180177208035,1,Rule-based
2025-06-29 18:00:00,0,0.5,0.23684210526315788,0.184774633794586,58.91968482768391,5.485581871454594,-30.0,-30.0,0.0,30.0,23.434102956229317,23.434102956229317,0.0,4.330027792041897,0.0,0.12631578947368421,0.0,31.578947368421055,5.485581871454594,5.485581871454594,0,-4.456343581515582,2,Rule-based
2025-06-29 19:00:00,1,0.23684210526315788,0.1,0.2152577897682699,58.19677725759782,0.0,-30.0,-15.599999999999998,0.0,15.599999999999998,42.59677725759782,42.59677725759782,0.0,9.169288123721811,0.0,0.06568421052631578,1.1520000000000001,16.421052631578945,0.0,0.0,1,-10.386972334248128,2,Rule-based
2025-06-29 20:00:00,2,0.1,0.1,0.1938120901233776,57.68660355321464,0.0,0.0,0.0,0.0,-0.0,57.68660355321464,57.68660355321464,0.0,11.18036120676719,0.0,0.0,0.0,0.0,0.0,0.0,0,-11.18036120676719,2,Rule-based
2025-06-29 21:00:00,3,0.1,0.1,0.1772566774832079,52.39797865513769,0.0,0.0,0.0,0.0,-0.0,52.39797865513769,52.39797865513769,0.0,9.287891603245754,0.0,0.0,0.0,0.0,0.0,0.0,0,-9.287891603245754,2,Rule-based
2025-06-29 22:00:00,4,0.1,0.1,0.1308809833454004,46.98573965727727,1.1915225520210324,0.0,0.0,0.0,-0.0,45.79421710525624,45.79421710525624,0.0,5.993592166268692,0.0,0.0,0.0,0.0,1.1915225520210324,1.1915225520210324,0,-5.993592166268692,2,Rule-based
2025-06-29 23:00:00,5,0.1,0.1,0.137239095271288,40.1426066403758,0.0,0.0,0.0,0.0,-0.0,40.1426066403758,40.1426066403758,0.0,5.509135017156373,0.0,0.0,0.0,0.0,0.0,0.0,0,-5.509135017156373,2,Rule-based
2025-06-30 00:00:00,6,0.1,0.1,0.1011304864409186,45.77347064034496,1.7483202283670245,0.0,0.0,0.0,-0.0,44.02515041197793,44.02515041197793,0.0,4.452284876797936,0.0,0.0,0.0,0.0,1.7483202283670245,1.7483202283670245,0,-4.452284876797936,2,Rule-based
2025-06-30 01:00:00,7,0.1,0.1,0.1210870210183235,48.03151920739823,0.0,0.0,0.0,0.0,-0.0,48.03151920739823,48.03151920739823,0.0,5.815993575808239,0.0,0.0,0.0,0.0,0.0,0.0,0,-5.815993575808239,2,Rule-based
2025-06-30 02:00:00,8,0.1,0.3375,0.0965525588442139,41.58126431295696,0.0,30.0,30.0,30.0,0.0,71.58126431295696,71.58126431295696,0.0,6.911354234720005,0.005000793654862498,0.114,0.0,28.5,0.0,0.0,0,-7.030355028374868,2,Rule-based
2025-06-30 03:00:00,9,0.3375,0.575,0.0959110876502984,45.49504169625572,8.44577557869454,30.0,30.0,30.0,0.0,67.04926611756117,67.04926611756117,0.0,6.4307680394895925,0.0,0.114,0.0,28.5,8.44577557869454,8.44577557869454,0,-6.544768039489592,2,Rule-based
2025-06-30 04:00:00,10,0.575,0.575,0.1220101312792845,46.11209364697523,0.0,0.0,0.0,0.0,-0.0,46.11209364697523,46.11209364697523,0.0,5.626142599430109,0.0,0.0,0.0,0.0,0.0,0.0,0,-5.626142599430109,2,Rule-based
2025-06-30 05:00:00,11,0.575,0.8125,0.0973385247489299,46.83758343897586,5.739814124885915,30.0,30.0,30.0,0.0,71.09776931408994,71.09776931408994,0.0,6.920551977973253,0.0024101949339150153,0.114,0.0,28.5,5.739814124885915,5.739814124885915,0,-7.036962172907168,2,Rule-based
2025-06-30 06:00:00,12,0.8125,0.9,0.0856893040081581,45.02763521984645,5.064020736883023,30.0,11.052631578947368,11.052631578947368,0.0,51.0162460619108,51.0162460619108,0.0,4.371546618154072,0.0,0.042,1.5157894736842104,10.5,5.064020736883023,5.064020736883023,1,-5.929336091838282,2,Rule-based
2025-06-30 07:00:00,13,0.9,0.9,0.0911183374386805,48.785223128469056,21.82455807811208,0.0,0.0,0.0,-0.0,26.960665050356976,26.960665050356976,0.0,2.456610975629667,0.0,0.0,0.0,0.0,21.82455807811208,21.82455807811208,0,-2.456610975629667,2,Rule-based
2025-06-30 08:00:00,14,0.9,0.9,0.1119033742414414,51.75194802337534,32.011928604291874,0.0,0.0,0.0,-0.0,19.740019419083467,19.740019419083467,0.0,2.2089747805870177,0.0,0.0,0.0,0.0,32.011928604291874,32.011928604291874,0,-2.2089747805870177,2,Rule-based
2025-06-30 09:00:00,15,0.9,0.9,0.1072100602704826,46.14383737981517,54.91427098726848,0.0,0.0,0.0,-0.0,-8.770433607453313,0.0,8.770433607453313,-0.3946695123353991,0.0,0.0,0.0,0.0,46.14383737981517,54.91427098726848,0,0.3946695123353991,2,Rule-based
2025-06-30 10:00:00,16,0.9,0.9,0.0838345616733373,54.55494107899318,65.32140884983943,0.0,0.0,0.0,-0.0,-10.766467770846248,0.0,10.766467770846248,-0.48449104968808115,0.0,0.0,0.0,0.0,54.55494107899318,65.32140884983943,0,0.48449104968808115,2,Rule-based
2025-06-30 11:00:00,17,0.9,0.9,0.0798632519482707,48.39334855592943,74.9361179961056,0.0,0.0,0.0,-0.0,-26.542769440176166,0.0,26.542769440176166,-1.1944246248079273,0.0,0.0,0.0,0.0,48.39334855592943,74.9361179961056,0,1.1944246248079273,2,Rule-based
2025-06-30 12:00:00,18,0.9,0.9,0.0919823907302827,45.68770302972887,73.78639629037286,0.0,0.0,0.0,-0.0,-28.09869326064399,0.0,28.09869326064399,-1.2644411967289795,0.0,0.0,0.0,0.0,45.68770302972887,73.78639629037286,0,1.2644411967289795,2,Rule-based
2025-06-30 13:00:00,19,0.9,0.9,0.1014045228257262,39.1310091047915,77.51270339773912,0.0,0.0,0.0,-0.0,-38.381694292947614,0.0,38.381694292947614,-1.7271762431826425,0.0,0.0,0.0,0.0,39.1310091047915,77.51270339773912,0,1.7271762431826425,2,Rule-based
2025-06-30 14:00:00,20,0.9,0.9,0.0946300251903341,42.39900319792423,70.57028809561257,0.0,0.0,0.0,-0.0,-28.171284897688338,0.0,28.171284897688338,-1.267707820395975,0.0,0.0,0.0,0.0,42.39900319792423,70.57028809561257,0,1.267707820395975,2,Rule-based
2025-06-30 15:00:00,21,0.9,0.9,0.121300865103719,51.90772074849097,58.90065482823241,0.0,0.0,0.0,-0.0,-6.992934079741438,0.0,6.992934079741438,-0.3146820335883647,0.0,0.0,0.0,0.0,51.90772074849097,58.90065482823241,0,0.3146820335883647,2,Rule-based
2025-06-30 16:00:00,22,0.9,0.9,0.1519876159955737,63.06836625253687,37.41576452451935,0.0,0.0,0.0,-0.0,25.652601728017515,25.652601728017515,0.0,3.8988777807253165,0.0,0.0,0.0,0.0,37.41576452451935,37.41576452451935,0,-3.8988777807253165,2,Rule-based
2025-06-30 17:00:00,23,0.9,0.6368421052631579,0.1965000099781977,59.601281446716975,16.352242947902127,-30.0,-30.0,0.0,30.0,13.249038498814848,13.249038498814848,0.0,2.603436197218643,0.0,0.12631578947368421,0.0,31.578947368421055,16.352242947902127,16.352242947902127,0,-2.729751986692327,2,Rule-based
2025-06-14 07:00:00,0,0.5,0.7375,0.092026240982895,44.92140910934108,17.669833634935113,30.0,30.0,30.0,0.0,57.25157547440597,57.25157547440597,0.0,5.268647281258085,0.0,0.114,0.0,28.5,17.669833634935113,17.669833634935113,0,-5.382647281258085,3,Rule-based
2025-06-14 08:00:00,1,0.7375,0.9,0.088612858022336,43.28918881676101,36.84377855442505,30.0,20.526315789473685,20.526315789473685,0.0,26.971726051809647,26.971726051809647,0.0,2.3900417312463493,0.0,0.078,0.7578947368421052,19.5,36.84377855442505,36.84377855442505,1,-3.225936468088454,3,Rule-based
2025-06-14 09:00:00,2,0.9,0.9,0.0918211536914875,43.70796653427848,52.07461994920503,0.0,0.0,0.0,-0.0,-8.366653414926546,0.0,8.366653414926546,-0.37649940367169454,0.0,0.0,0.0,0.0,43.70796653427848,52.07461994920503,0,0.37649940367169454,3,Rule-based
2025-06-14 10:00:00,3,0.9,0.9,0.0616597282900591,44.519030791853055,68.23946998981347,0.0,0.0,0.0,-0.0,-23.720439197960417,0.0,23.720439197960417,-1.0674197639082188,0.0,0.0,0.0,0.0,44.519030791853055,68.23946998981347,0,1.0674197639082188,3,Rule-based
2025-06-14 11:00:00,4,0.9,0.9,0.0958568880372765,37.24500395972528,74.60160256240133,0.0,0.0,0.0,-0.0,-37.356598602676044,0.0,37.356598602676044,-1.681046937120422,0.0,0.0,0.0,0.0,37.24500395972528,74.60160256240133,0,1.681046937120422,3,Rule-based
2025-06-14 12:00:00,5,0.9,0.9,0.0836804442664193,38.218357359740935,77.96507701570613,0.0,0.0,0.0,-0.0,-39.746719655965194,0.0,39.746719655965194,-1.7886023845184336,0.0,0.0,0.0,0.0,38.218357359740935,77.96507701570613,0,1.7886023845184336,3,Rule-based
2025-06-14 13:00:00,6,0.9,0.9,0.0658792858254492,37.77329496551003,83.38443665371942,0.0,0.0,0.0,-0.0,-45.611141688209386,0.0,45.611141688209386,-2.052501375969422,0.0,0.0,0.0,0.0,37.77329496551003,83.38443665371942,0,2.052501375969422,3,Rule-based
2025-06-14 14:00:00,7,0.9,0.9,0.0838341864254437,38.08953999032584,66.82975623429638,0.0,0.0,0.0,-0.0,-28.740216243970544,0.0,28.740216243970544,-1.2933097309786745,0.0,0.0,0.0,0.0,38.08953999032584,66.82975623429638,0,1.2933097309786745,3,Rule-based
2025-06-14 15:00:00,8,0.9,0.9,0.0959618257204958,41.90574700411673,57.12813725108767,0.0,0.0,0.0,-0.0,-15.222390246970939,0.0,15.222390246970939,-0.6850075611136922,0.0,0.0,0.0,0.0,41.90574700411673,57.12813725108767,0,0.6850075611136922,3,Rule-based
2025-06-14 16:00:00,9,0.9,0.9,0.133097239483702,49.375775752983245,41.41414786366478,0.0,0.0,0.0,-0.0,7.961627889318464,7.961627889318464,0.0,1.0596706938647404,0.0,0.0,0.0,0.0,41.41414786366478,41.41414786366478,0,-1.0596706938647404,3,Rule-based
2025-06-14 17:00:00,10,0.9,0.6368421052631579,0.1594001815578995,50.3852514376725,19.915359627566,-30.0,-30.0,0.0,30.0,0.4698918101064997,0.4698918101064997,0.0,0.07490083984354609,0.0,0.12631578947368421,0.0,31.578947368421055,19.915359627566,19.915359627566,0,-0.2012166293172303,3,Rule-based
2025-06-14 18:00:00,11,0.6368421052631579,0.37368421052631573,0.1975910619282414,58.87750365908175,0.9582969604076432,-30.0,-30.0,0.0,30.0,27.91920669867411,27.91920669867411,0.0,5.516585699785089,0.0,0.12631578947368421,0.0,31.578947368421055,0.9582969604076432,0.9582969604076432,0,-5.642901489258773,3,Rule-based
2025-06-14 19:00:00,12,0.37368421052631573,0.11052631578947363,0.1915900334182697,57.40570476130198,0.0724436659184897,-30.0,-30.0,0.0,30.0,27.33326109538349,27.33326109538349,0.0,5.236780406694814,0.0,0.12631578947368421,0.0,31.578947368421055,0.0724436659184897,0.0724436659184897,0,-5.363096196168499,3,Rule-based
2025-06-14 20:00:00,13,0.11052631578947363,0.1,0.1911676351153027,57.83950430230571,0.708954384990174,-30.0,-1.1999999999999935,0.0,1.1999999999999935,55.930549917315545,55.930549917315545,0.0,10.6921109583916,0.0,0.005052631578947342,2.3040000000000007,1.2631578947368354,0.708954384990174,0.708954384990174,1,-13.001163589970547,3,Rule-based
2025-06-14 21:00:00,14,0.1,0.1,0.1921577310647372,57.93953297494113,0.0,0.0,0.0,0.0,-0.0,57.93953297494113,57.93953297494113,0.0,11.133529195415212,0.0,0.0,0.0,0.0,0.0,0.0,0,-11.133529195415212,3,Rule-based
2025-06-14 22:00:00,15,0.1,0.1,0.1381266283512515,47.89524433020832,0.0,0.0,0.0,0.0,-0.0,47.89524433020832,47.89524433020832,0.0,6.61560861339107,0.0,0.0,0.0,0.0,0.0,0.0,0,-6.61560861339107,3,Rule-based
2025-06-14 23:00:00,16,0.1,0.3375,0.0905230564525531,46.5088752776118,0.0592278864907667,30.0,30.0,30.0,0.0,76.44964739112103,76.44964739112103,0.0,6.920455746564228,0.08319590293958869,0.114,0.0,28.5,0.0592278864907667,0.0592278864907667,0,-7.1176516495038165,3,Rule-based
2025-06-15 00:00:00,17,0.3375,0.575,0.0911924017825377,29.129878977079603,0.0,30.0,30.0,30.0,0.0,59.1298789770796,59.1298789770796,0.0,5.392195681030672,0.0,0.114,0.0,28.5,0.0,0.0,0,-5.506195681030672,3,Rule-based
2025-06-15 01:00:00,18,0.575,0.575,0.1219376450884885,33.37959480872818,5.236254764178636,0.0,0.0,0.0,-0.0,28.143340044549543,28.143340044549543,0.0,3.4317326099569283,0.0,0.0,0.0,0.0,5.236254764178636,5.236254764178636,0,-3.4317326099569283,3,Rule-based
2025-06-15 02:00:00,19,0.575,0.575,0.1031849689248864,35.07149681146511,7.563003062996954,0.0,0.0,0.0,-0.0,27.508493748468155,27.508493748468155,0.0,2.8384630726061184,0.0,0.0,0.0,0.0,7.563003062996954,7.563003062996954,0,-2.8384630726061184,3,Rule-based
2025-06-15 03:00:00,20,0.575,0.8125,0.0859818638905177,41.498660416361325,0.5962259097365001,30.0,30.0,30.0,0.0,70.90243450662481,70.90243450662481,0.0,6.0963234732549605,0.0016287760774943447,0.114,0.0,28.5,0.5962259097365001,0.5962259097365001,0,-6.211952249332454,3,Rule-based
2025-06-15 04:00:00,21,0.8125,0.9,0.0923544349307598,30.07754954418325,2.3291421203785165,30.0,11.052631578947368,11.052631578947368,0.0,38.8010390027521,38.8010390027521,0.0,3.583448031825542,0.0,0.042,1.5157894736842104,10.5,2.3291421203785165,2.3291421203785165,1,-5.141237505509752,3,Rule-based
2025-06-15 05:00:00,22,0.9,0.9,0.1010089273650717,38.12408904715507,3.783701845176738,0.0,0.0,0.0,-0.0,34.34038720197833,34.34038720197833,0.0,3.4686856765730667,0.0,0.0,0.0,0.0,3.783701845176738,3.783701845176738,0,-3.4686856765730667,3,Rule-based
2025-06-15 06:00:00,23,0.9,0.9,0.0726235217297948,46.19443605209804,0.0,0.0,0.0,0.0,-0.0,46.19443605209804,46.19443605209804,0.0,3.3548026304251586,0.0,0.0,0.0,0.0,0.0,0.0,0,-3.3548026304251586,3,Rule-based
2025-06-11 23:00:00,0,0.5,0.5,0.1523376052821958,53.7433616128456,0.0,0.0,0.0,0.0,-0.0,53.7433616128456,53.7433616128456,0.0,8.187135007915987,0.0,0.0,0.0,0.0,0.0,0.0,0,-8.187135007915987,4,Rule-based
2025-06-12 00:00:00,1,0.5,0.7375,0.0968293292566358,39.5607331977863,0.0,30.0,30.0,30.0,0.0,69.5607331977863,69.5607331977863,0.0,6.735519138141447,0.0,0.114,0.0,28.5,0.0,0.0,0,-6.849519138141447,4,Rule-based
2025-06-12 01:00:00,2,0.7375,0.7375,0.1118310893900598,45.71278410770169,1.3895866636545904,0.0,0.0,0.0,-0.0,44.323197444047096,44.323197444047096,0.0,4.956711455418501,0.0,0.0,0.0,0.0,1.3895866636545904,1.3895866636545904,0,-4.956711455418501,4,Rule-based
2025-06-12 02:00:00,3,0.7375,0.7375,0.1044206686515646,39.626336405156046,0.8316485132775776,0.0,0.0,0.0,-0.0,38.79468789187847,38.79468789187847,0.0,4.050967249798707,0.0,0.0,0.0,0.0,0.8316485132775776,0.8316485132775776,0,-4.050967249798707,4,Rule-based
2025-06-12 03:00:00,4,0.7375,0.7375,0.1185161651549955,46.520581545388175,0.0,0.0,0.0,0.0,-0.0,46.520581545388175,46.520581545388175,0.0,5.51344092553966,0.0,0.0,0.0,0.0,0.0,0.0,0,-5.51344092553966,4,Rule-based
2025-06-12 04:00:00,5,0.7375,0.7375,0.1023972053963591,43.89306840495519,0.0,0.0,0.0,0.0,-0.0,43.89306840495519,43.89306840495519,0.0,4.494527540938637,0.0,0.0,0.0,0.0,0.0,0.0,0,-4.494527540938637,4,Rule-based
2025-06-12 05:00:00,6,0.7375,0.9,0.0969867760342959,47.625421267991605,3.289004903811354,30.0,20.526315789473685,20.526315789473685,0.0,64.86273215365394,64.86273215365394,0.0,6.290827276358957,0.0,0.078,0.7578947368421052,19.5,3.289004903811354,3.289004903811354,1,-7.1267220132010625,4,Rule-based
2025-06-12 06:00:00,7,0.9,0.9,0.1091463665780937,46.55802134272071,0.0,0.0,0.0,0.0,-0.0,46.55802134272071,46.55802134272071,0.0,5.081638864623305,0.0,0.0,0.0,0.0,0.0,0.0,0,-5.081638864623305,4,Rule-based
2025-06-12 07:00:00,8,0.9,0.9,0.0990077231019729,54.12893370246981,21.173785827083297,0.0,0.0,0.0,-0.0,32.955147875386515,32.955147875386515,0.0,3.2628141556308385,0.0,0.0,0.0,0.0,21.173785827083297,21.173785827083297,0,-3.2628141556308385,4,Rule-based
2025-06-12 08:00:00,9,0.9,0.9,0.0784727958286761,58.0043072194778,39.50696386639716,0.0,0.0,0.0,-0.0,18.497343353080645,18.497343353080645,0.0,1.4515382483192163,0.0,0.0,0.0,0.0,39.50696386639716,39.50696386639716,0,-1.4515382483192163,4,Rule-based
2025-06-12 09:00:00,10,0.9,0.9,0.0908646049957382,51.1933387404844,53.61470046591597,0.0,0.0,0.0,-0.0,-2.4213617254315736,0.0,2.4213617254315736,-0.1089612776444208,0.0,0.0,0.0,0.0,51.1933387404844,53.61470046591597,0,0.1089612776444208,4,Rule-based
2025-06-12 10:00:00,11,0.9,0.9,0.1274098023812384,48.89328368254581,64.15941841979935,0.0,0.0,0.0,-0.0,-15.266134737253545,0.0,15.266134737253545,-0.6869760631764095,0.0,0.0,0.0,0.0,48.89328368254581,64.15941841979935,0,0.6869760631764095,4,Rule-based
2025-06-12 11:00:00,12,0.9,0.9,0.0655874016521728,49.45846111288175,73.5052304956672,0.0,0.0,0.0,-0.0,-24.046769382785456,0.0,24.046769382785456,-1.0821046222253454,0.0,0.0,0.0,0.0,49.45846111288175,73.5052304956672,0,1.0821046222253454,4,Rule-based
2025-06-12 12:00:00,13,0.9,0.9,0.0867987986910223,48.10533263518771,84.20430681700822,0.0,0.0,0.0,-0.0,-36.09897418182051,0.0,36.09897418182051,-1.624453838181923,0.0,0.0,0.0,0.0,48.10533263518771,84.20430681700822,0,1.624453838181923,4,Rule-based
2025-06-12 13:00:00,14,0.9,0.9,0.0826987239442144,39.13736558645278,78.8944533206292,0.0,0.0,0.0,-0.0,-39.757087734176416,0.0,39.757087734176416,-1.7890689480379387,0.0,0.0,0.0,0.0,39.13736558645278,78.8944533206292,0,1.7890689480379387,4,Rule-based
2025-06-12 14:00:00,15,0.9,0.9,0.1174926584061702,55.47166591300582,70.81531515792474,0.0,0.0,0.0,-0.0,-15.343649244918922,0.0,15.343649244918922,-0.6904642160213514,0.0,0.0,0.0,0.0,55.47166591300582,70.81531515792474,0,0.6904642160213514,4,Rule-based
2025-06-12 15:00:00,16,0.9,0.9,0.1013175443477694,54.39355995295534,52.15183604397188,0.0,0.0,0.0,-0.0,2.2417239089834595,2.2417239089834595,0.0,0.22712596156388665,0.0,0.0,0.0,0.0,52.15183604397188,52.15183604397188,0,-0.22712596156388665,4,Rule-based
2025-06-12 16:00:00,17,0.9,0.9,0.1427220604323604,59.779913697749066,33.79140283339893,0.0,0.0,0.0,-0.0,25.98851086435014,25.98851086435014,0.0,3.709133818128836,0.0,0.0,0.0,0.0,33.79140283339893,33.79140283339893,0,-3.709133818128836,4,Rule-based
2025-06-12 17:00:00,18,0.9,0.6368421052631579,0.1788983434023608,62.16458905910383,23.934156536669043,-30.0,-30.0,0.0,30.0,8.23043252243479,8.23043252243479,0.0,1.4724107437484975,0.0,0.12631578947368421,0.0,31.578947368421055,23.934156536669043,23.934156536669043,0,-1.5987265332221816,4,Rule-based
2025-06-12 18:00:00,19,0.6368421052631579,0.37368421052631573,0.2042174946504651,60.60746354002928,3.166685411574815,-30.0,-30.0,0.0,30.0,27.44077812845446,27.44077812845446,0.0,5.603886960652249,0.0,0.12631578947368421,0.0,31.578947368421055,3.166685411574815,3.166685411574815,0,-5.730202750125933,4,Rule-based
2025-06-12 19:00:00,20,0.37368421052631573,0.11052631578947363,0.2190921159000921,70.1864930424901,0.4803714183889329,-30.0,-30.0,0.0,30.0,39.70612162410117,39.70612162410117,0.0,8.699298200810727,0.0,0.12631578947368421,0.0,31.578947368421055,0.4803714183889329,0.4803714183889329,0,-8.825613990284412,4,Rule-based
2025-06-12 20:00:00,21,0.11052631578947363,0.1,0.2162852055184927,64.73595225140251,0.0,-30.0,-1.1999999999999935,0.0,1.1999999999999935,63.53595225140251,63.53595225140251,0.0,13.741886490507731,0.0,0.005052631578947342,2.3040000000000007,1.2631578947368354,0.0,0.0,1,-16.050939122086678,4,Rule-based
2025-06-12 21:00:00,22,0.1,0.1,0.1931156074075444,64.3640591988984,0.0,0.0,0.0,0.0,-0.0,64.3640591988984,64.3640591988984,0.0,12.42970438741041,0.0,0.0,0.0,0.0,0.0,0.0,0,-12.42970438741041,4,Rule-based
2025-06-12 22:00:00,23,0.1,0.1,0.1586992692307703,56.8459204644038,3.035901555324758,0.0,0.0,0.0,-0.0,53.81001890907904,53.81001890907904,0.0,8.539610678164776,0.0,0.0,0.0,0.0,3.035901555324758,3.035901555324758,0,-8.539610678164776,4,Rule-based
2025-06-09 04:00:00,0,0.5,0.5,0.1000423280175818,44.331978356133824,1.4785007274379869,0.0,0.0,0.0,-0.0,42.853477628695835,42.853477628695835,0.0,4.287161665624092,0.0,0.0,0.0,0.0,1.4785007274379869,1.4785007274379869,0,-4.287161665624092,5,Rule-based
2025-06-09 05:00:00,1,0.5,0.7375,0.0959921580586631,48.52079037091127,5.781041264796406,30.0,30.0,30.0,0.0,72.73974910611486,72.73974910611486,0.0,6.982445493341675,0.015012450328914318,0.114,0.0,28.5,5.781041264796406,5.781041264796406,0,-7.111457943670589,5,Rule-based
2025-06-09 06:00:00,2,0.7375,0.7375,0.1135739071857212,52.19427135269208,0.0,0.0,0.0,0.0,-0.0,52.19427135269208,52.19427135269208,0.0,5.927907330236997,0.0,0.0,0.0,0.0,0.0,0.0,0,-5.927907330236997,5,Rule-based
2025-06-09 07:00:00,3,0.7375,0.7375,0.1029377437667787,54.5520038880835,17.33575906815784,0.0,0.0,0.0,-0.0,37.216244819925656,37.216244819925656,0.0,3.8309562732352123,0.0,0.0,0.0,0.0,17.33575906815784,17.33575906815784,0,-3.8309562732352123,5,Rule-based
2025-06-09 08:00:00,4,0.7375,0.7375,0.1046582942417768,51.446499607697255,40.31822955341121,0.0,0.0,0.0,-0.0,11.128270054286048,11.128270054286048,0.0,1.1646657617434228,0.0,0.0,0.0,0.0,40.31822955341121,40.31822955341121,0,-1.1646657617434228,5,Rule-based
2025-06-09 09:00:00,5,0.7375,0.9,0.0895420584591456,50.759003272227424,57.2813259193736,30.0,20.526315789473685,20.526315789473685,0.0,14.00399314232751,14.00399314232751,0.0,1.253946372611764,0.0,0.078,0.7578947368421052,19.5,57.2813259193736,57.2813259193736,1,-2.089841109453869,5,Rule-based
2025-06-09 10:00:00,6,0.9,0.9,0.1006911821423627,52.292584422969306,67.36831216094006,0.0,0.0,0.0,-0.0,-15.075727737970759,0.0,15.075727737970759,-0.6784077482086841,0.0,0.0,0.0,0.0,52.292584422969306,67.36831216094006,0,0.6784077482086841,5,Rule-based
2025-06-09 11:00:00,7,0.9,0.9,0.0733033970163289,52.89297268534143,78.22026368198311,0.0,0.0,0.0,-0.0,-25.327290996641686,0.0,25.327290996641686,-1.139728094848876,0.0,0.0,0.0,0.0,52.89297268534143,78.22026368198311,0,1.139728094848876,5,Rule-based
2025-06-09 12:00:00,8,0.9,0.9,0.0786215849020279,47.238227762234345,76.6394501297162,0.0,0.0,0.0,-0.0,-29.40122236748185,0.0,29.40122236748185,-1.3230550065366833,0.0,0.0,0.0,0.0,47.238227762234345,76.6394501297162,0,1.3230550065366833,5,Rule-based
2025-06-09 13:00:00,9,0.9,0.9,0.0991619722826095,45.789344707162456,75.15484011755422,0.0,0.0,0.0,-0.0,-29.36549541039176,0.0,29.36549541039176,-1.3214472934676291,0.0,0.0,0.0,0.0,45.789344707162456,75.15484011755422,0,1.3214472934676291,5,Rule-based
2025-06-09 14:00:00,10,0.9,0.9,0.0818798401557215,49.92019929204667,68.29275716990422,0.0,0.0,0.0,-0.0,-18.372557877857552,0.0,18.372557877857552,-0.8267651045035899,0.0,0.0,0.0,0.0,49.92019929204667,68.29275716990422,0,0.8267651045035899,5,Rule-based
2025-06-09 15:00:00,11,0.9,0.9,0.1272529206663888,49.24430453928655,55.69612947628424,0.0,0.0,0.0,-0.0,-6.4518249369976886,0.0,6.4518249369976886,-0.29033212216489596,0.0,0.0,0.0,0.0,49.24430453928655,55.69612947628424,0,0.29033212216489596,5,Rule-based
2025-06-09 16:00:00,12,0.9,0.9,0.1245972267196585,61.91833636454511,44.318379255777714,0.0,0.0,0.0,-0.0,17.5999571087674,17.5999571087674,0.0,2.1929058461373567,0.0,0.0,0.0,0.0,44.318379255777714,44.318379255777714,0,-2.1929058461373567,5,Rule-based
2025-06-09 17:00:00,13,0.9,0.9,0.1516412607044492,63.4009640365768,21.31151011586,0.0,0.0,0.0,-0.0,42.08945392071681,42.08945392071681,0.0,6.382497854899318,0.0,0.0,0.0,0.0,21.31151011586,21.31151011586,0,-6.382497854899318,5,Rule-based
2025-06-09 18:00:00,14,0.9,0.6368421052631579,0.1955841814082867,64.58227597085154,0.0,-30.0,-30.0,0.0,30.0,34.58227597085154,34.58227597085154,0.0,6.763746136994462,0.0,0.12631578947368421,0.0,31.578947368421055,0.0,0.0,0,-6.890061926468147,5,Rule-based
2025-06-09 19:00:00,15,0.6368421052631579,0.37368421052631573,0.2258239502215955,67.67358124072096,1.8479359552185408,-30.0,-30.0,0.0,30.0,35.82564528550242,35.82564528550242,0.0,8.090288737609836,0.0,0.12631578947368421,0.0,31.578947368421055,1.8479359552185408,1.8479359552185408,0,-8.21660452708352,5,Rule-based
2025-06-09 20:00:00,16,0.37368421052631573,0.11052631578947363,0.2220777606192906,65.03798228486662,3.5309779409454416,-30.0,-30.0,0.0,30.0,31.507004343921174,31.507004343921174,0.0,6.997004968520276,0.0,0.12631578947368421,0.0,31.578947368421055,3.5309779409454416,3.5309779409454416,0,-7.123320757993961,5,Rule-based
2025-06-09 21:00:00,17,0.11052631578947363,0.1,0.2122675743254014,67.00076598905441,2.709824045315784,-30.0,-1.1999999999999935,0.0,1.1999999999999935,63.090941943738635,63.090941943738635,0.0,13.392161208302124,0.0,0.005052631578947342,2.3040000000000007,1.2631578947368354,2.709824045315784,2.709824045315784,1,-15.70121383988107,5,Rule-based
2025-06-09 22:00:00,18,0.1,0.1,0.1777543628043278,57.07885988874278,2.515826499070425,0.0,0.0,0.0,-0.0,54.56303338967235,54.56303338967235,0.0,9.69881723285247,0.0,0.0,0.0,0.0,2.515826499070425,2.515826499070425,0,-9.69881723285247,5,Rule-based
2025-06-09 23:00:00,19,0.1,0.1,0.151502967575295,53.35524107660612,0.0,0.0,0.0,0.0,-0.0,53.35524107660612,53.35524107660612,0.0,8.083477358801105,0.0,0.0,0.0,0.0,0.0,0.0,0,-8.083477358801105,5,Rule-based
2025-06-10 00:00:00,20,0.1,0.3375,0.0960040777687762,45.98551278634832,0.0,30.0,30.0,30.0,0.0,75.98551278634832,75.98551278634832,0.0,7.294919078840923,0.07165272663107854,0.114,0.0,28.5,0.0,0.0,0,-7.480571805472001,5,Rule-based
2025-06-10 01:00:00,21,0.3375,0.575,0.0949137093554269,41.79950732948788,4.463425885172184,30.0,30.0,30.0,0.0,67.3360814443157,67.3360814443157,0.0,6.391117263339134,0.0,0.114,0.0,28.5,4.463425885172184,4.463425885172184,0,-6.505117263339134,5,Rule-based
2025-06-10 02:00:00,22,0.575,0.575,0.1144519448297415,44.88796752481051,1.536001061721462,0.0,0.0,0.0,-0.0,43.35196646308905,43.35196646308905,0.0,4.961716873894272,0.0,0.0,0.0,0.0,1.536001061721462,1.536001061721462,0,-4.961716873894272,5,Rule-based
2025-06-10 03:00:00,23,0.575,0.575,0.1225547149156545,45.50740007411847,0.0,0.0,0.0,0.0,-0.0,45.50740007411847,45.50740007411847,0.0,5.577146442636224,0.0,0.0,0.0,0.0,0.0,0.0,0,-5.577146442636224,5,Rule-based
2025-06-03 14:00:00,0,0.5,0.7375,0.0901505390089553,45.73352581933575,59.14066867046768,30.0,30.0,30.0,0.0,16.59285714886807,16.59285714886807,0.0,1.4958550156690538,0.0,0.114,0.0,28.5,59.14066867046768,59.14066867046768,0,-1.6098550156690539,6,Rule-based
2025-06-03 15:00:00,1,0.7375,0.7375,0.1207625923481896,57.55942135625397,55.62172561061728,0.0,0.0,0.0,-0.0,1.9376957456366881,1.9376957456366881,0.0,0.23400116142514465,0.0,0.0,0.0,0.0,55.62172561061728,55.62172561061728,0,-0.23400116142514465,6,Rule-based
2025-06-03 16:00:00,2,0.7375,0.7375,0.1397124170929777,57.97045639618877,40.820434085419166,0.0,0.0,0.0,-0.0,17.150022310769607,17.150022310769607,0.0,2.3960710702361165,0.0,0.0,0.0,0.0,40.820434085419166,40.820434085419166,0,-2.3960710702361165,6,Rule-based
2025-06-03 17:00:00,3,0.7375,0.4743421052631579,0.1603384925211744,57.67677321986029,16.89106725657655,-30.0,-30.0,0.0,30.0,10.785705963283732,10.785705963283732,0.0,1.7293638349295548,0.0,0.12631578947368421,0.0,31.578947368421055,16.89106725657655,16.89106725657655,0,-1.855679624403239,6,Rule-based
2025-06-03 18:00:00,4,0.4743421052631579,0.21118421052631575,0.2140643714919487,69.40202723993973,3.4082492060317726,-30.0,-30.0,0.0,30.0,35.99377803390796,35.99377803390796,0.0,7.704985472449216,0.0,0.12631578947368421,0.0,31.578947368421055,3.4082492060317726,3.4082492060317726,0,-7.831301261922901,6,Rule-based
2025-06-03 19:00:00,5,0.21118421052631575,0.1,0.2251862256540501,71.88723592940197,0.0,-30.0,-12.674999999999995,0.0,12.674999999999995,59.21223592940197,59.21223592940197,0.0,13.333779921479165,0.0,0.053368421052631565,1.3860000000000003,13.34210526315789,0.0,0.0,1,-14.773148342531798,6,Rule-based
2025-06-03 20:00:00,6,0.1,0.1,0.214867489788035,59.35930313931595,0.0,0.0,0.0,0.0,-0.0,59.35930313931595,59.35930313931595,0.0,12.754384461111844,0.0,0.0,0.0,0.0,0.0,0.0,0,-12.754384461111844,6,Rule-based
2025-06-03 21:00:00,7,0.1,0.1,0.1790247198984771,60.56255901605197,3.3712816888228523,0.0,0.0,0.0,-0.0,57.191277327229116,57.191277327229116,0.0,10.238652404143316,0.0,0.0,0.0,0.0,3.3712816888228523,3.3712816888228523,0,-10.238652404143316,6,Rule-based
2025-06-03 22:00:00,8,0.1,0.1,0.1529099292217833,57.7702871464254,0.0,0.0,0.0,0.0,-0.0,57.7702871464254,57.7702871464254,0.0,8.833650518682004,0.0,0.0,0.0,0.0,0.0,0.0,0,-8.833650518682004,6,Rule-based
2025-06-03 23:00:00,9,0.1,0.1,0.1491443663842304,55.60621741286052,3.042176677973578,0.0,0.0,0.0,-0.0,52.564040734886945,52.564040734886945,0.0,7.8396305499995895,0.0,0.0,0.0,0.0,3.042176677973578,3.042176677973578,0,-7.8396305499995895,6,Rule-based
2025-06-04 00:00:00,10,0.1,0.1,0.1183060404211188,42.88867738128837,0.0,0.0,0.0,0.0,-0.0,42.88867738128837,42.88867738128837,0.0,5.073989599879025,0.0,0.0,0.0,0.0,0.0,0.0,0,-5.073989599879025,6,Rule-based
2025-06-04 01:00:00,11,0.1,0.1,0.1119604452779436,41.89658470223934,0.999965563559188,0.0,0.0,0.0,-0.0,40.89661913868015,40.89661913868015,0.0,4.5788036891291,0.0,0.0,0.0,0.0,0.999965563559188,0.999965563559188,0,-4.5788036891291,6,Rule-based
2025-06-04 02:00:00,12,0.1,0.1,0.0990442262678613,46.984517159176434,0.1534538467472301,0.0,0.0,0.0,-0.0,46.8310633124292,46.8310633124292,0.0,4.638346431080776,0.0,0.0,0.0,0.0,0.1534538467472301,0.1534538467472301,0,-4.638346431080776,6,Rule-based
2025-06-04 03:00:00,13,0.1,0.3375,0.0961107743416455,43.52005298447321,0.0,30.0,30.0,30.0,0.0,73.52005298447321,73.52005298447321,0.0,7.066069221976526,0.02478154602699751,0.114,0.0,28.5,0.0,0.0,0,-7.204850768003523,6,Rule-based
2025-06-04 04:00:00,14,0.3375,0.3375,0.098166751848819,47.75865342854859,1.3636870376115389,0.0,0.0,0.0,-0.0,46.39496639093705,46.39496639093705,0.0,4.554443152733415,0.0,0.0,0.0,0.0,1.3636870376115389,1.3636870376115389,0,-4.554443152733415,6,Rule-based
2025-06-04 05:00:00,15,0.3375,0.3375,0.1155353540821613,44.54979284547112,0.0,0.0,0.0,0.0,-0.0,44.54979284547112,44.54979284547112,0.0,5.147076090688442,0.0,0.0,0.0,0.0,0.0,0.0,0,-5.147076090688442,6,Rule-based
2025-06-04 06:00:00,16,0.3375,0.575,0.0946035207149203,46.88024840378738,3.6914346955694137,30.0,30.0,30.0,0.0,73.18881370821796,73.18881370821796,0.0,6.923919453745841,0.020337065731437606,0.114,0.0,28.5,3.6914346955694137,3.6914346955694137,0,-7.058256519477278,6,Rule-based
2025-06-04 07:00:00,17,0.575,0.575,0.1142061099951304,56.66216845497853,21.79529561584804,0.0,0.0,0.0,-0.0,34.86687283913049,34.86687283913049,0.0,3.982009914651961,0.0,0.0,0.0,0.0,21.79529561584804,21.79529561584804,0,-3.982009914651961,6,Rule-based
2025-06-04 08:00:00,18,0.575,0.575,0.1092657079589517,56.35412647880576,39.90225752201911,0.0,0.0,0.0,-0.0,16.451868956786647,16.451868956786647,0.0,1.7976251088111932,0.0,0.0,0.0,0.0,39.90225752201911,39.90225752201911,0,-1.7976251088111932,6,Rule-based
2025-06-04 09:00:00,19,0.575,0.575,0.1129353375298654,57.23548334033151,55.21110583631752,0.0,0.0,0.0,-0.0,2.024377504013991,2.024377504013991,0.0,0.2286237567036865,0.0,0.0,0.0,0.0,55.21110583631752,55.21110583631752,0,-0.2286237567036865,6,Rule-based
2025-06-04 10:00:00,20,0.575,0.575,0.1057424116167901,49.6399176390769,64.71584182620859,0.0,0.0,0.0,-0.0,-15.07592418713169,0.0,15.07592418713169,-0.678416588420926,0.0,0.0,0.0,0.0,49.6399176390769,64.71584182620859,0,0.678416588420926,6,Rule-based
2025-06-04 11:00:00,21,0.575,0.8125,0.0939557433500333,45.96733375334946,72.9680463539779,30.0,30.0,30.0,0.0,2.9992873993715605,2.9992873993715605,0.0,0.28180027712834316,0.0,0.114,0.0,28.5,72.9680463539779,72.9680463539779,0,-0.39580027712834315,6,Rule-based
2025-06-04 12:00:00,22,0.8125,0.9,0.0662820266143697,51.43285132346727,77.50441085469087,30.0,11.052631578947368,11.052631578947368,0.0,-15.018927952276238,0.0,15.018927952276238,-0.6758517578524307,0.0,0.042,1.5157894736842104,10.5,62.48548290241464,77.50441085469087,1,-0.8819377158317797,6,Rule-based
2025-06-04 13:00:00,23,0.9,0.9,0.0929350167936962,42.56126818039655,73.41760057401785,0.0,0.0,0.0,-0.0,-30.8563323936213,0.0,30.8563323936213,-1.3885349577129584,0.0,0.0,0.0,0.0,42.56126818039655,73.41760057401785,0,1.3885349577129584,6,Rule-based
2025-06-24 13:00:00,0,0.5,0.7375,0.0936577828099681,42.814977033988384,77.19149176954815,30.0,30.0,30.0,0.0,-4.376514735559766,0.0,4.376514735559766,-0.19694316310018947,0.0,0.114,0.0,28.5,72.81497703398838,77.19149176954815,0,0.08294316310018947,7,Rule-based
2025-06-24 14:00:00,1,0.7375,0.9,0.0950821750858075,54.2144844368039,60.32571459101133,30.0,20.526315789473685,20.526315789473685,0.0,14.415085635266259,14.415085635266259,0.0,1.370617696249295,0.0,0.078,0.7578947368421052,19.5,60.32571459101133,60.32571459101133,1,-2.2065124330914,7,Rule-based
2025-06-24 15:00:00,2,0.9,0.9,0.117138179119982,47.83396474631797,52.06897314216647,0.0,0.0,0.0,-0.0,-4.235008395848503,0.0,4.235008395848503,-0.19057537781318262,0.0,0.0,0.0,0.0,47.83396474631797,52.06897314216647,0,0.19057537781318262,7,Rule-based
2025-06-24 16:00:00,3,0.9,0.9,0.1456695539242382,55.86167908192835,40.956222817094094,0.0,0.0,0.0,-0.0,14.905456264834257,14.905456264834257,0.0,2.1712711651356478,0.0,0.0,0.0,0.0,40.956222817094094,40.956222817094094,0,-2.1712711651356478,7,Rule-based
2025-06-24 17:00:00,4,0.9,0.6368421052631579,0.1603831851580817,59.00038235830296,15.707056435419911,-30.0,-30.0,0.0,30.0,13.293325922883042,13.293325922883042,0.0,2.1320259528564782,0.0,0.12631578947368421,0.0,31.578947368421055,15.707056435419911,15.707056435419911,0,-2.2583417423301624,7,Rule-based
2025-06-24 18:00:00,5,0.6368421052631579,0.37368421052631573,0.21596538316505,72.9630330172624,1.3057277933428195,-30.0,-30.0,0.0,30.0,41.65730522391958,41.65730522391958,0.0,8.996535884307232,0.0,0.12631578947368421,0.0,31.578947368421055,1.3057277933428195,1.3057277933428195,0,-9.122851673780916,7,Rule-based
2025-06-24 19:00:00,6,0.37368421052631573,0.11052631578947363,0.2284038333125511,65.83373421406237,0.0,-30.0,-30.0,0.0,30.0,35.833734214062375,35.833734214062375,0.0,8.184562256394962,0.0,0.12631578947368421,0.0,31.578947368421055,0.0,0.0,0,-8.310878045868646,7,Rule-based
2025-06-24 20:00:00,7,0.11052631578947363,0.1,0.21101538043557,64.35893410073398,0.0575539422314296,-30.0,-1.1999999999999935,0.0,1.1999999999999935,63.10138015850254,63.10138015850254,0.0,13.315361740155943,0.0,0.005052631578947342,2.3040000000000007,1.2631578947368354,0.0575539422314296,0.0575539422314296,1,-15.62441437173489,7,Rule-based
2025-06-24 21:00:00,8,0.1,0.1,0.1700516639315458,60.854153669587895,5.634966378776198,0.0,0.0,0.0,-0.0,55.219187290811696,55.219187290811696,0.0,9.390114679750196,0.0,0.0,0.0,0.0,5.634966378776198,5.634966378776198,0,-9.390114679750196,7,Rule-based
2025-06-24 22:00:00,9,0.1,0.1,0.1667335298342092,57.2690847343891,2.7111004036606863,0.0,0.0,0.0,-0.0,54.55798433072841,54.55798433072841,0.0,9.096645308101824,0.0,0.0,0.0,0.0,2.7111004036606863,2.7111004036606863,0,-9.096645308101824,7,Rule-based
2025-06-24 23:00:00,10,0.1,0.1,0.1488719381374462,51.04418457069688,0.0,0.0,0.0,0.0,-0.0,51.04418457069688,51.04418457069688,0.0,7.599046687685171,0.0,0.0,0.0,0.0,0.0,0.0,0,-7.599046687685171,7,Rule-based
2025-06-25 00:00:00,11,0.1,0.1,0.1178223819518072,42.98471703747512,2.9692999151066464,0.0,0.0,0.0,-0.0,40.015417122368476,40.015417122368476,0.0,4.714711760152585,0.0,0.0,0.0,0.0,2.9692999151066464,2.9692999151066464,0,-4.714711760152585,7,Rule-based
2025-06-25 01:00:00,12,0.1,0.1,0.1113874785254079,32.13685529906106,6.377833793553541,0.0,0.0,0.0,-0.0,25.75902150550752,25.75902150550752,0.0,2.869232454780239,0.0,0.0,0.0,0.0,6.377833793553541,6.377833793553541,0,-2.869232454780239,7,Rule-based
2025-06-25 02:00:00,13,0.1,0.1,0.1148181239817866,43.71137539558647,9.789556035566086,0.0,0.0,0.0,-0.0,33.921819360020386,33.921819360020386,0.0,3.8948396609665896,0.0,0.0,0.0,0.0,9.789556035566086,9.789556035566086,0,-3.8948396609665896,7,Rule-based
2025-06-25 03:00:00,14,0.1,0.1,0.1168417224006423,43.946554128016864,1.6627650811404124,0.0,0.0,0.0,-0.0,42.28378904687645,42.28378904687645,0.0,4.940510741862458,0.0,0.0,0.0,0.0,1.6627650811404124,1.6627650811404124,0,-4.940510741862458,7,Rule-based
2025-06-25 04:00:00,15,0.1,0.1,0.1091359131233275,48.2183870586935,0.0,0.0,0.0,0.0,-0.0,48.2183870586935,48.2183870586935,0.0,5.262357700984553,0.0,0.0,0.0,0.0,0.0,0.0,0,-5.262357700984553,7,Rule-based
2025-06-25 05:00:00,16,0.1,0.3375,0.084068768150153,51.16652633606498,1.521372923085503,30.0,30.0,30.0,0.0,79.64515341297948,79.64515341297948,0.0,6.695669936559139,0.18605796871981953,0.114,0.0,28.5,1.521372923085503,1.521372923085503,0,-6.995727905278959,7,Rule-based
2025-06-25 06:00:00,17,0.3375,0.3375,0.118421481612719,49.47793662907118,5.586117594195127,0.0,0.0,0.0,-0.0,43.89181903487605,43.89181903487605,0.0,5.197734240787364,0.0,0.0,0.0,0.0,5.586117594195127,5.586117594195127,0,-5.197734240787364,7,Rule-based
2025-06-25 07:00:00,18,0.3375,0.575,0.0928778043774651,55.728128572291,19.50272451986952,30.0,30.0,30.0,0.0,66.22540405242148,66.22540405242148,0.0,6.150870122399387,0.0,0.114,0.0,28.5,19.50272451986952,19.50272451986952,0,-6.264870122399387,7,Rule-based
2025-06-25 08:00:00,19,0.575,0.8125,0.0880523474837293,50.89193102854838,42.59224495587464,30.0,30.0,30.0,0.0,38.29968607267374,38.29968607267374,0.0,3.372377266588815,0.0,0.114,0.0,28.5,42.59224495587464,42.59224495587464,0,-3.486377266588815,7,Rule-based
2025-06-25 09:00:00,20,0.8125,0.9,0.0848417243116661,55.61000885078427,52.13279422223789,30.0,11.052631578947368,11.052631578947368,0.0,14.529846207493746,14.529846207493746,0.0,1.2327372062270916,0.0,0.042,1.5157894736842104,10.5,52.13279422223789,52.13279422223789,1,-2.790526679911302,7,Rule-based
2025-06-25 10:00:00,21,0.9,0.9,0.1227995098539647,48.38318104497595,68.75165687502447,0.0,0.0,0.0,-0.0,-20.368475830048517,0.0,20.368475830048517,-0.9165814123521833,0.0,0.0,0.0,0.0,48.38318104497595,68.75165687502447,0,0.9165814123521833,7,Rule-based
2025-06-25 11:00:00,22,0.9,0.9,0.0927304485987901,43.59152718344956,66.51540956420995,0.0,0.0,0.0,-0.0,-22.92388238076039,0.0,22.92388238076039,-1.0315747071342174,0.0,0.0,0.0,0.0,43.59152718344956,66.51540956420995,0,1.0315747071342174,7,Rule-based
2025-06-25 12:00:00,23,0.9,0.9,0.0714068039154985,45.35555547326448,74.55655361514287,0.0,0.0,0.0,-0.0,-29.200998141878394,0.0,29.200998141878394,-1.3140449163845276,0.0,0.0,0.0,0.0,45.35555547326448,74.55655361514287,0,1.3140449163845276,7,Rule-based
2025-05-12 01:00:00,0,0.5,0.5,0.1059106496287817,44.50012567306557,0.9098565145262796,0.0,0.0,0.0,-0.0,43.590269158539286,43.590269158539286,0.0,4.616673724074343,0.0,0.0,0.0,0.0,0.9098565145262796,0.9098565145262796,0,-4.616673724074343,0,Perfect-info heuristic
2025-05-12 02:00:00,1,0.5,0.7375,0.0906160171101649,43.96381593895602,0.3840618873213719,30.0,30.0,30.0,0.0,73.57975405163464,73.57975405163464,0.0,6.667504252104649,0.025629278140389206,0.114,0.0,28.5,0.3840618873213719,0.3840618873213719,0,-6.807133530245038,0,Perfect-info heuristic
2025-05-12 03:00:00,2,0.7375,0.7375,0.1031309010593861,45.77763012404826,1.047736866294566,0.0,0.0,0.0,-0.0,44.729893257753695,44.729893257753695,0.0,4.613034195962298,0.0,0.0,0.0,0.0,1.047736866294566,1.047736866294566,0,-4.613034195962298,0,Perfect-info heuristic
2025-05-12 04:00:00,3,0.7375,0.7375,0.1045077937768105,46.34025662838408,1.7299648424907683,0.0,0.0,0.0,-0.0,44.61029178589332,44.61029178589332,0.0,4.662123174283482,0.0,0.0,0.0,0.0,1.7299648424907683,1.7299648424907683,0,-4.662123174283482,0,Perfect-info heuristic
2025-05-12 05:00:00,4,0.7375,0.7375,0.1085546549196963,45.33189715589871,0.0,0.0,0.0,0.0,-0.0,45.33189715589871,45.33189715589871,0.0,4.920988452613747,0.0,0.0,0.0,0.0,0.0,0.0,0,-4.920988452613747,0,Perfect-info heuristic
2025-05-12 06:00:00,5,0.7375,0.7375,0.1143357309045077,51.01420181303544,0.0,0.0,0.0,0.0,-0.0,51.01420181303544,51.01420181303544,0.0,5.832746050803469,0.0,0.0,0.0,0.0,0.0,0.0,0,-5.832746050803469,0,Perfect-info heuristic
2025-05-12 07:00:00,6,0.7375,0.9,0.0949433926122531,56.98849271333712,21.804743437053222,30.0,20.526315789473685,20.526315789473685,0.0,55.71006506575759,55.71006506575759,0.0,5.2893025799923885,0.0,0.078,0.7578947368421052,19.5,21.804743437053222,21.804743437053222,1,-6.125197316834494,0,Perfect-info heuristic
2025-05-12 08:00:00,7,0.9,0.9,0.1107866059646547,61.488354246819455,35.22113174329405,0.0,0.0,0.0,-0.0,26.267222503525403,26.267222503525403,0.0,2.9100564292839795,0.0,0.0,0.0,0.0,35.22113174329405,35.22113174329405,0,-2.9100564292839795,0,Perfect-info heuristic
2025-05-12 09:00:00,8,0.9,0.9,0.1043592818975314,57.94894927828455,53.02194100385325,0.0,0.0,0.0,-0.0,4.9270082744313015,4.9270082744313015,0.0,0.5141790454228459,0.0,0.0,0.0,0.0,53.02194100385325,53.02194100385325,0,-0.5141790454228459,0,Perfect-info heuristic
2025-05-12 10:00:00,9,0.9,0.9,0.0842896195864674,44.91697685899402,66.63308207834064,0.0,0.0,0.0,-0.0,-21.716105219346616,0.0,21.716105219346616,-0.9772247348705977,0.0,0.0,0.0,0.0,44.91697685899402,66.63308207834064,0,0.9772247348705977,0,Perfect-info heuristic
2025-05-12 11:00:00,10,0.9,0.9,0.0737315118224858,52.45511462026136,69.71551732296052,0.0,0.0,0.0,-0.0,-17.26040270269916,0.0,17.26040270269916,-0.7767181216214621,0.0,0.0,0.0,0.0,52.45511462026136,69.71551732296052,0,0.7767181216214621,0,Perfect-info heuristic
2025-05-12 12:00:00,11,0.9,0.9,0.0761283810712402,47.183737180223325,71.54330405107947,0.0,0.0,0.0,-0.0,-24.35956687085615,0.0,24.35956687085615,-1.0961805091885266,0.0,0.0,0.0,0.0,47.183737180223325,71.54330405107947,0,1.0961805091885266,0,Perfect-info heuristic
2025-05-12 13:00:00,12,0.9,0.9,0.0679537009118456,50.77586447593297,79.09421618542179,0.0,0.0,0.0,-0.0,-28.318351709488816,0.0,28.318351709488816,-1.2743258269269966,0.0,0.0,0.0,0.0,50.77586447593297,79.09421618542179,0,1.2743258269269966,0,Perfect-info heuristic
2025-05-12 14:00:00,13,0.9,0.9,0.0979516978088855,51.37640161499907,61.59609690660245,0.0,0.0,0.0,-0.0,-10.21969529160338,0.0,10.21969529160338,-0.45988628812215204,0.0,0.0,0.0,0.0,51.37640161499907,61.59609690660245,0,0.45988628812215204,0,Perfect-info heuristic
2025-05-12 15:00:00,14,0.9,0.9,0.128852723195387,54.484857297694965,45.88447940103865,0.0,0.0,0.0,-0.0,8.600377896656319,8.600377896656319,0.0,1.1081821124935811,0.0,0.0,0.0,0.0,45.88447940103865,45.88447940103865,0,-1.1081821124935811,0,Perfect-info heuristic
2025-05-12 16:00:00,15,0.9,0.6368421052631579,0.1585649718921092,59.62188854399286,34.159903873690155,-30.0,-30.0,0.0,30.0,-4.538015329697295,0.0,4.538015329697295,-0.20421068983637827,0.0,0.12631578947368421,0.0,31.578947368421055,34.159903873690155,34.159903873690155,0,0.07789490036269406,0,Perfect-info heuristic
2025-05-12 17:00:00,16,0.6368421052631579,0.6368421052631579,0.1575918741839245,64.9514295975311,23.622869016220605,0.0,0.0,0.0,-0.0,41.3285605813105,41.3285605813105,0.0,6.513045319332586,0.0,0.0,0.0,0.0,23.622869016220605,23.622869016220605,0,-6.513045319332586,0,Perfect-info heuristic
2025-05-12 18:00:00,17,0.6368421052631579,0.37368421052631573,0.2316158632559687,73.24595957365736,0.0,-30.0,-30.0,0.0,30.0,43.24595957365736,43.24595957365736,0.0,10.016450258985373,0.0,0.12631578947368421,0.0,31.578947368421055,0.0,0.0,0,-10.142766048459057,0,Perfect-info heuristic
2025-05-12 19:00:00,18,0.37368421052631573,0.11052631578947363,0.229974380207038,70.36373874338916,0.0,-30.0,-30.0,0.0,30.0,40.36373874338916,40.36373874338916,0.0,9.282625800349729,0.0,0.12631578947368421,0.0,31.578947368421055,0.0,0.0,0,-9.408941589823414,0,Perfect-info heuristic
2025-05-12 20:00:00,19,0.11052631578947363,0.1,0.191609367759457,72.4175384634933,3.8724938208898103,-30.0,-1.1999999999999935,0.0,1.1999999999999935,67.3450446426035,67.3450446426035,0.0,12.903941425701662,0.0,0.005052631578947342,2.3040000000000007,1.2631578947368354,3.8724938208898103,3.8724938208898103,1,-15.212994057280609,0,Perfect-info heuristic
2025-05-12 21:00:00,20,0.1,0.1,0.1965071827949567,68.03044544378993,0.0,0.0,0.0,0.0,-0.0,68.03044544378993,68.03044544378993,0.0,13.368471178445155,0.0,0.0,0.0,0.0,0.0,0.0,0,-13.368471178445155,0,Perfect-info heuristic
2025-05-12 22:00:00,21,0.1,0.1,0.1653925821077788,62.07989853708435,0.0,0.0,0.0,0.0,-0.0,62.07989853708435,62.07989853708435,0.0,10.2675547160373,0.0,0.0,0.0,0.0,0.0,0.0,0,-10.2675547160373,0,Perfect-info heuristic
2025-05-12 23:00:00,22,0.1,0.1,0.1479285684353256,49.36021507446455,3.756804870457203,0.0,0.0,0.0,-0.0,45.603410204007346,45.603410204007346,0.0,6.746047187247727,0.0,0.0,0.0,0.0,3.756804870457203,3.756804870457203,0,-6.746047187247727,0,Perfect-info heuristic
2025-05-13 00:00:00,23,0.1,0.1,0.0994591578193764,49.91064552240334,0.0,0.0,0.0,0.0,-0.0,49.91064552240334,49.91064552240334,0.0,4.964070769879666,0.0,0.0,0.0,0.0,0.0,0.0,0,-4.964070769879666,0,Perfect-info heuristic
2025-06-20 14:00:00,0,0.5,0.7375,0.0691335020361799,44.85540937383352,65.15266046192455,30.0,30.0,30.0,0.0,9.702748911908962,9.702748911908962,0.0,0.6707850116580006,0.0,0.114,0.0,28.5,65.15266046192455,65.15266046192455,0,-0.7847850116580006,1,Perfect-info heuristic
2025-06-20 15:00:00,1,0.7375,0.7375,0.1159602158507311,51.10377613345808,61.1898612866248,0.0,0.0,0.0,-0.0,-10.08608515316672,0.0,10.08608515316672,-0.4538738318925024,0.0,0.0,0.0,0.0,51.10377613345808,61.1898612866248,0,0.4538738318925024,1,Perfect-info heuristic
2025-06-20 16:00:00,2,0.7375,0.7375,0.1486781942385715,56.10888453744891,41.65997973468926,0.0,0.0,0.0,-0.0,14.44890480275965,14.44890480275965,0.0,2.148237074799328,0.0,0.0,0.0,0.0,41.65997973468926,41.65997973468926,0,-2.148237074799328,1,Perfect-info heuristic
2025-06-20 17:00:00,3,0.7375,0.4743421052631579,0.189515505422687,60.23683980250561,17.507072371827416,-30.0,-30.0,0.0,30.0,12.729767430678194,12.729767430678194,0.0,2.412488308538238,0.0,0.12631578947368421,0.0,31.578947368421055,17.507072371827416,17.507072371827416,0,-2.538804098011922,1,Perfect-info heuristic
2025-06-20 18:00:00,4,0.4743421052631579,0.21118421052631575,0.1965868633663754,69.09609945652109,0.0,-30.0,-30.0,0.0,30.0,39.09609945652109,39.09609945652109,0.0,7.685779562017335,0.0,0.12631578947368421,0.0,31.578947368421055,0.0,0.0,0,-7.81209535149102,1,Perfect-info heuristic
2025-06-20 19:00:00,5,0.21118421052631575,0.1,0.2070641694750115,61.52425760963234,0.0,-30.0,-12.674999999999995,0.0,12.674999999999995,48.849257609632346,48.849257609632346,0.0,10.114930956409408,0.0,0.053368421052631565,1.3860000000000003,13.34210526315789,0.0,0.0,1,-11.55429937746204,1,Perfect-info heuristic
2025-06-20 20:00:00,6,0.1,0.1,0.2133214062258696,59.77615733330785,0.0,0.0,0.0,0.0,-0.0,59.77615733330785,59.77615733330785,0.0,12.751533941120057,0.0,0.0,0.0,0.0,0.0,0.0,0,-12.751533941120057,1,Perfect-info heuristic
2025-06-20 21:00:00,7,0.1,0.1,0.1752649951868889,62.22015244959043,0.0,0.0,0.0,0.0,-0.0,62.22015244959043,62.22015244959043,0.0,10.90501471960496,0.0,0.0,0.0,0.0,0.0,0.0,0,-10.90501471960496,1,Perfect-info heuristic
2025-06-20 22:00:00,8,0.1,0.1,0.1642423644782881,57.43985105714153,3.900912718083106,0.0,0.0,0.0,-0.0,53.538938339058426,53.538938339058426,0.0,8.793361824464228,0.0,0.0,0.0,0.0,3.900912718083106,3.900912718083106,0,-8.793361824464228,1,Perfect-info heuristic
2025-06-20 23:00:00,9,0.1,0.1,0.1488291490208771,53.55777500040973,0.0,0.0,0.0,0.0,-0.0,53.55777500040973,53.55777500040973,0.0,7.970958076762585,0.0,0.0,0.0,0.0,0.0,0.0,0,-7.970958076762585,1,Perfect-info heuristic
2025-06-21 00:00:00,10,0.1,0.3375,0.077624513717285,32.84781572547239,8.013380356962925,30.0,30.0,30.0,0.0,54.83443536850946,54.83443536850946,0.0,4.2564963804424405,0.0,0.114,0.0,28.5,8.013380356962925,8.013380356962925,0,-4.37049638044244,1,Perfect-info heuristic
2025-06-21 01:00:00,11,0.3375,0.3375,0.0945907762035274,31.65554711214026,0.0,0.0,0.0,0.0,-0.0,31.65554711214026,31.65554711214026,0.0,2.9943227724846775,0.0,0.0,0.0,0.0,0.0,0.0,0,-2.9943227724846775,1,Perfect-info heuristic
2025-06-21 02:00:00,12,0.3375,0.3375,0.0784519057513264,34.667628435455484,0.0,0.0,0.0,0.0,-0.0,34.667628435455484,34.667628435455484,0.0,2.719741518640357,0.0,0.0,0.0,0.0,0.0,0.0,0,-2.719741518640357,1,Perfect-info heuristic
2025-06-21 03:00:00,13,0.3375,0.3375,0.1094967239891028,33.63909904584471,5.9090668886321485,0.0,0.0,0.0,-0.0,27.730032157212563,27.730032157212563,0.0,3.036347677327249,0.0,0.0,0.0,0.0,5.9090668886321485,5.9090668886321485,0,-3.036347677327249,1,Perfect-info heuristic
2025-06-21 04:00:00,14,0.3375,0.3375,0.0954414093655371,41.02097154157076,4.624394599429346,0.0,0.0,0.0,-0.0,36.396576942141415,36.396576942141415,0.0,3.4737405994391874,0.0,0.0,0.0,0.0,4.624394599429346,4.624394599429346,0,-3.4737405994391874,1,Perfect-info heuristic
2025-06-21 05:00:00,15,0.3375,0.3375,0.0851698465775518,37.10258024150898,0.0,0.0,0.0,0.0,-0.0,37.10258024150898,37.10258024150898,0.0,3.160021066800625,0.0,0.0,0.0,0.0,0.0,0.0,0,-3.160021066800625,1,Perfect-info heuristic
2025-06-21 06:00:00,16,0.3375,0.3375,0.0776464104490186,41.07098607972898,1.334663102935843,0.0,0.0,0.0,-0.0,39.73632297679314,39.73632297679314,0.0,3.085382843590849,0.0,0.0,0.0,0.0,1.334663102935843,1.334663102935843,0,-3.085382843590849,1,Perfect-info heuristic
2025-06-21 07:00:00,17,0.3375,0.3375,0.0962674202019402,52.20010969734645,21.61012031636199,0.0,0.0,0.0,-0.0,30.58998938098446,30.58998938098446,0.0,2.944819361712119,0.0,0.0,0.0,0.0,21.61012031636199,21.61012031636199,0,-2.944819361712119,1,Perfect-info heuristic
2025-06-21 08:00:00,18,0.3375,0.3375,0.1059180960946911,44.956294540132255,39.4770308599931,0.0,0.0,0.0,-0.0,5.479263680139155,5.479263680139155,0.0,0.5803531770011299,0.0,0.0,0.0,0.0,39.4770308599931,39.4770308599931,0,-0.5803531770011299,1,Perfect-info heuristic
2025-06-21 09:00:00,19,0.3375,0.575,0.0768245668410381,46.096791462492526,50.61458206171744,30.0,30.0,30.0,0.0,25.482209400775083,25.482209400775083,0.0,1.9576596993671747,0.0,0.114,0.0,28.5,50.61458206171744,50.61458206171744,0,-2.0716596993671748,1,Perfect-info heuristic
2025-06-21 10:00:00,20,0.575,0.8125,0.0757088386760702,43.44586992874163,58.86056298800573,30.0,30.0,30.0,0.0,14.585306940735897,14.585306940735897,0.0,1.104236650217141,0.0,0.114,0.0,28.5,58.86056298800573,58.86056298800573,0,-1.2182366502171411,1,Perfect-info heuristic
2025-06-21 11:00:00,21,0.8125,0.9,0.06641818795416,40.88562048106272,72.38284720773709,30.0,11.052631578947368,11.052631578947368,0.0,-20.444595147726993,0.0,20.444595147726993,-0.9200067816477147,0.0,0.042,1.5157894736842104,10.5,51.93825206001009,72.38284720773709,1,-0.6377826920364957,1,Perfect-info heuristic
2025-06-21 12:00:00,22,0.9,0.9,0.0905721116673968,38.03837463253214,84.35361515857963,0.0,0.0,0.0,-0.0,-46.31524052604749,0.0,46.31524052604749,-2.084185823672137,0.0,0.0,0.0,0.0,38.03837463253214,84.35361515857963,0,2.084185823672137,1,Perfect-info heuristic
2025-06-21 13:00:00,23,0.9,0.9,0.0507097906558024,38.088491267172266,81.83333610541234,0.0,0.0,0.0,-0.0,-43.74484483824008,0.0,43.74484483824008,-1.9685180177208035,0.0,0.0,0.0,0.0,38.088491267172266,81.83333610541234,0,1.9685180177208035,1,Perfect-info heuristic
2025-06-29 18:00:00,0,0.5,0.23684210526315788,0.184774633794586,58.91968482768391,5.485581871454594,-30.0,-30.0,0.0,30.0,23.434102956229317,23.434102956229317,0.0,4.330027792041897,0.0,0.12631578947368421,0.0,31.578947368421055,5.485581871454594,5.485581871454594,0,-4.456343581515582,2,Perfect-info heuristic
2025-06-29 19:00:00,1,0.23684210526315788,0.1,0.2152577897682699,58.19677725759782,0.0,-30.0,-15.599999999999998,0.0,15.599999999999998,42.59677725759782,42.59677725759782,0.0,9.169288123721811,0.0,0.06568421052631578,1.1520000000000001,16.421052631578945,0.0,0.0,1,-10.386972334248128,2,Perfect-info heuristic
2025-06-29 20:00:00,2,0.1,0.1,0.1938120901233776,57.68660355321464,0.0,0.0,0.0,0.0,-0.0,57.68660355321464,57.68660355321464,0.0,11.18036120676719,0.0,0.0,0.0,0.0,0.0,0.0,0,-11.18036120676719,2,Perfect-info heuristic
2025-06-29 21:00:00,3,0.1,0.1,0.1772566774832079,52.39797865513769,0.0,0.0,0.0,0.0,-0.0,52.39797865513769,52.39797865513769,0.0,9.287891603245754,0.0,0.0,0.0,0.0,0.0,0.0,0,-9.287891603245754,2,Perfect-info heuristic
2025-06-29 22:00:00,4,0.1,0.1,0.1308809833454004,46.98573965727727,1.1915225520210324,0.0,0.0,0.0,-0.0,45.79421710525624,45.79421710525624,0.0,5.993592166268692,0.0,0.0,0.0,0.0,1.1915225520210324,1.1915225520210324,0,-5.993592166268692,2,Perfect-info heuristic
2025-06-29 23:00:00,5,0.1,0.1,0.137239095271288,40.1426066403758,0.0,0.0,0.0,0.0,-0.0,40.1426066403758,40.1426066403758,0.0,5.509135017156373,0.0,0.0,0.0,0.0,0.0,0.0,0,-5.509135017156373,2,Perfect-info heuristic
2025-06-30 00:00:00,6,0.1,0.1,0.1011304864409186,45.77347064034496,1.7483202283670245,0.0,0.0,0.0,-0.0,44.02515041197793,44.02515041197793,0.0,4.452284876797936,0.0,0.0,0.0,0.0,1.7483202283670245,1.7483202283670245,0,-4.452284876797936,2,Perfect-info heuristic
2025-06-30 01:00:00,7,0.1,0.1,0.1210870210183235,48.03151920739823,0.0,0.0,0.0,0.0,-0.0,48.03151920739823,48.03151920739823,0.0,5.815993575808239,0.0,0.0,0.0,0.0,0.0,0.0,0,-5.815993575808239,2,Perfect-info heuristic
2025-06-30 02:00:00,8,0.1,0.1,0.0965525588442139,41.58126431295696,0.0,0.0,0.0,0.0,-0.0,41.58126431295696,41.58126431295696,0.0,4.0147774693935885,0.0,0.0,0.0,0.0,0.0,0.0,0,-4.0147774693935885,2,Perfect-info heuristic
2025-06-30 03:00:00,9,0.1,0.1,0.0959110876502984,45.49504169625572,8.44577557869454,0.0,0.0,0.0,-0.0,37.049266117561174,37.049266117561174,0.0,3.5534354099806404,0.0,0.0,0.0,0.0,8.44577557869454,8.44577557869454,0,-3.5534354099806404,2,Perfect-info heuristic
2025-06-30 04:00:00,10,0.1,0.1,0.1220101312792845,46.11209364697523,0.0,0.0,0.0,0.0,-0.0,46.11209364697523,46.11209364697523,0.0,5.626142599430109,0.0,0.0,0.0,0.0,0.0,0.0,0,-5.626142599430109,2,Perfect-info heuristic
2025-06-30 05:00:00,11,0.1,0.1,0.0973385247489299,46.83758343897586,5.739814124885915,0.0,0.0,0.0,-0.0,41.097769314089945,41.097769314089945,0.0,4.000396235505356,0.0,0.0,0.0,0.0,5.739814124885915,5.739814124885915,0,-4.000396235505356,2,Perfect-info heuristic
2025-06-30 06:00:00,12,0.1,0.3375,0.0856893040081581,45.02763521984645,5.064020736883023,30.0,30.0,30.0,0.0,69.96361448296344,69.96361448296344,0.0,5.995133430940227,0.0,0.114,0.0,28.5,5.064020736883023,5.064020736883023,0,-6.1091334309402265,2,Perfect-info heuristic
2025-06-30 07:00:00,13,0.3375,0.575,0.0911183374386805,48.785223128469056,21.82455807811208,30.0,30.0,30.0,0.0,56.96066505035698,56.96066505035698,0.0,5.190161098790083,0.0,0.114,0.0,28.5,21.82455807811208,21.82455807811208,0,-5.3041610987900825,2,Perfect-info heuristic
2025-06-30 08:00:00,14,0.575,0.575,0.1119033742414414,51.75194802337534,32.011928604291874,0.0,0.0,0.0,-0.0,19.740019419083467,19.740019419083467,0.0,2.2089747805870177,0.0,0.0,0.0,0.0,32.011928604291874,32.011928604291874,0,-2.2089747805870177,2,Perfect-info heuristic
2025-06-30 09:00:00,15,0.575,0.575,0.1072100602704826,46.14383737981517,54.91427098726848,0.0,0.0,0.0,-0.0,-8.770433607453313,0.0,8.770433607453313,-0.3946695123353991,0.0,0.0,0.0,0.0,46.14383737981517,54.91427098726848,0,0.3946695123353991,2,Perfect-info heuristic
2025-06-30 10:00:00,16,0.575,0.8125,0.0838345616733373,54.55494107899318,65.32140884983943,30.0,30.0,30.0,0.0,19.233532229153752,19.233532229153752,0.0,1.612434743861111,0.0,0.114,0.0,28.5,65.32140884983943,65.32140884983943,0,-1.7264347438611112,2,Perfect-info heuristic
2025-06-30 11:00:00,17,0.8125,0.9,0.0798632519482707,48.39334855592943,74.9361179961056,30.0,11.052631578947368,11.052631578947368,0.0,-15.490137861228797,0.0,15.490137861228797,-0.6970562037552959,0.0,0.042,1.5157894736842104,10.5,59.4459801348768,74.9361179961056,1,-0.8607332699289145,2,Perfect-info heuristic
2025-06-30 12:00:00,18,0.9,0.9,0.0919823907302827,45.68770302972887,73.78639629037286,0.0,0.0,0.0,-0.0,-28.09869326064399,0.0,28.09869326064399,-1.2644411967289795,0.0,0.0,0.0,0.0,45.68770302972887,73.78639629037286,0,1.2644411967289795,2,Perfect-info heuristic
2025-06-30 13:00:00,19,0.9,0.9,0.1014045228257262,39.1310091047915,77.51270339773912,0.0,0.0,0.0,-0.0,-38.381694292947614,0.0,38.381694292947614,-1.7271762431826425,0.0,0.0,0.0,0.0,39.1310091047915,77.51270339773912,0,1.7271762431826425,2,Perfect-info heuristic
2025-06-30 14:00:00,20,0.9,0.9,0.0946300251903341,42.39900319792423,70.57028809561257,0.0,0.0,0.0,-0.0,-28.171284897688338,0.0,28.171284897688338,-1.267707820395975,0.0,0.0,0.0,0.0,42.39900319792423,70.57028809561257,0,1.267707820395975,2,Perfect-info heuristic
2025-06-30 15:00:00,21,0.9,0.9,0.121300865103719,51.90772074849097,58.90065482823241,0.0,0.0,0.0,-0.0,-6.992934079741438,0.0,6.992934079741438,-0.3146820335883647,0.0,0.0,0.0,0.0,51.90772074849097,58.90065482823241,0,0.3146820335883647,2,Perfect-info heuristic
2025-06-30 16:00:00,22,0.9,0.6368421052631579,0.1519876159955737,63.06836625253687,37.41576452451935,-30.0,-30.0,0.0,30.0,-4.347398271982485,0.0,4.347398271982485,-0.1956329222392118,0.0,0.12631578947368421,0.0,31.578947368421055,37.41576452451935,37.41576452451935,0,0.06931713276552759,2,Perfect-info heuristic
2025-06-30 17:00:00,23,0.6368421052631579,0.37368421052631573,0.1965000099781977,59.601281446716975,16.352242947902127,-30.0,-30.0,0.0,30.0,13.249038498814848,13.249038498814848,0.0,2.603436197218643,0.0,0.12631578947368421,0.0,31.578947368421055,16.352242947902127,16.352242947902127,0,-2.729751986692327,2,Perfect-info heuristic
2025-06-14 07:00:00,0,0.5,0.5,0.092026240982895,44.92140910934108,17.669833634935113,0.0,0.0,0.0,-0.0,27.251575474405964,27.251575474405964,0.0,2.5078600517712344,0.0,0.0,0.0,0.0,17.669833634935113,17.669833634935113,0,-2.5078600517712344,3,Perfect-info heuristic
2025-06-14 08:00:00,1,0.5,0.5,0.088612858022336,43.28918881676101,36.84377855442505,0.0,0.0,0.0,-0.0,6.445410262335962,6.445410262335962,0.0,0.571146224472084,0.0,0.0,0.0,0.0,36.84377855442505,36.84377855442505,0,-0.571146224472084,3,Perfect-info heuristic
2025-06-14 09:00:00,2,0.5,0.5,0.0918211536914875,43.70796653427848,52.07461994920503,0.0,0.0,0.0,-0.0,-8.366653414926546,0.0,8.366653414926546,-0.37649940367169454,0.0,0.0,0.0,0.0,43.70796653427848,52.07461994920503,0,0.37649940367169454,3,Perfect-info heuristic
2025-06-14 10:00:00,3,0.5,0.7375,0.0616597282900591,44.519030791853055,68.23946998981347,30.0,30.0,30.0,0.0,6.279560802039583,6.279560802039583,0.0,0.3871960128346663,0.0,0.114,0.0,28.5,68.23946998981347,68.23946998981347,0,-0.5011960128346663,3,Perfect-info heuristic
2025-06-14 11:00:00,4,0.7375,0.7375,0.0958568880372765,37.24500395972528,74.60160256240133,0.0,0.0,0.0,-0.0,-37.356598602676044,0.0,37.356598602676044,-1.681046937120422,0.0,0.0,0.0,0.0,37.24500395972528,74.60160256240133,0,1.681046937120422,3,Perfect-info heuristic
2025-06-14 12:00:00,5,0.7375,0.9,0.0836804442664193,38.218357359740935,77.96507701570613,30.0,20.526315789473685,20.526315789473685,0.0,-19.22040386649151,0.0,19.22040386649151,-0.8649181739921179,0.0,0.078,0.7578947368421052,19.5,58.74467314921462,77.96507701570613,1,0.029023437150012765,3,Perfect-info heuristic
2025-06-14 13:00:00,6,0.9,0.9,0.0658792858254492,37.77329496551003,83.38443665371942,0.0,0.0,0.0,-0.0,-45.611141688209386,0.0,45.611141688209386,-2.052501375969422,0.0,0.0,0.0,0.0,37.77329496551003,83.38443665371942,0,2.052501375969422,3,Perfect-info heuristic
2025-06-14 14:00:00,7,0.9,0.9,0.0838341864254437,38.08953999032584,66.82975623429638,0.0,0.0,0.0,-0.0,-28.740216243970544,0.0,28.740216243970544,-1.2933097309786745,0.0,0.0,0.0,0.0,38.08953999032584,66.82975623429638,0,1.2933097309786745,3,Perfect-info heuristic
2025-06-14 15:00:00,8,0.9,0.9,0.0959618257204958,41.90574700411673,57.12813725108767,0.0,0.0,0.0,-0.0,-15.222390246970939,0.0,15.222390246970939,-0.6850075611136922,0.0,0.0,0.0,0.0,41.90574700411673,57.12813725108767,0,0.6850075611136922,3,Perfect-info heuristic
2025-06-14 16:00:00,9,0.9,0.9,0.133097239483702,49.375775752983245,41.41414786366478,0.0,0.0,0.0,-0.0,7.961627889318464,7.961627889318464,0.0,1.0596706938647404,0.0,0.0,0.0,0.0,41.41414786366478,41.41414786366478,0,-1.0596706938647404,3,Perfect-info heuristic
2025-06-14 17:00:00,10,0.9,0.6368421052631579,0.1594001815578995,50.3852514376725,19.915359627566,-30.0,-30.0,0.0,30.0,0.4698918101064997,0.4698918101064997,0.0,0.07490083984354609,0.0,0.12631578947368421,0.0,31.578947368421055,19.915359627566,19.915359627566,0,-0.2012166293172303,3,Perfect-info heuristic
2025-06-14 18:00:00,11,0.6368421052631579,0.37368421052631573,0.1975910619282414,58.87750365908175,0.9582969604076432,-30.0,-30.0,0.0,30.0,27.91920669867411,27.91920669867411,0.0,5.516585699785089,0.0,0.12631578947368421,0.0,31.578947368421055,0.9582969604076432,0.9582969604076432,0,-5.642901489258773,3,Perfect-info heuristic
2025-06-14 19:00:00,12,0.37368421052631573,0.11052631578947363,0.1915900334182697,57.40570476130198,0.0724436659184897,-30.0,-30.0,0.0,30.0,27.33326109538349,27.33326109538349,0.0,5.236780406694814,0.0,0.12631578947368421,0.0,31.578947368421055,0.0724436659184897,0.0724436659184897,0,-5.363096196168499,3,Perfect-info heuristic
2025-06-14 20:00:00,13,0.11052631578947363,0.1,0.1911676351153027,57.83950430230571,0.708954384990174,-30.0,-1.1999999999999935,0.0,1.1999999999999935,55.930549917315545,55.930549917315545,0.0,10.6921109583916,0.0,0.005052631578947342,2.3040000000000007,1.2631578947368354,0.708954384990174,0.708954384990174,1,-13.001163589970547,3,Perfect-info heuristic
2025-06-14 21:00:00,14,0.1,0.1,0.1921577310647372,57.93953297494113,0.0,0.0,0.0,0.0,-0.0,57.93953297494113,57.93953297494113,0.0,11.133529195415212,0.0,0.0,0.0,0.0,0.0,0.0,0,-11.133529195415212,3,Perfect-info heuristic
2025-06-14 22:00:00,15,0.1,0.1,0.1381266283512515,47.89524433020832,0.0,0.0,0.0,0.0,-0.0,47.89524433020832,47.89524433020832,0.0,6.61560861339107,0.0,0.0,0.0,0.0,0.0,0.0,0,-6.61560861339107,3,Perfect-info heuristic
2025-06-14 23:00:00,16,0.1,0.1,0.0905230564525531,46.5088752776118,0.0592278864907667,0.0,0.0,0.0,-0.0,46.44964739112103,46.44964739112103,0.0,4.204764052987635,0.0,0.0,0.0,0.0,0.0592278864907667,0.0592278864907667,0,-4.204764052987635,3,Perfect-info heuristic
2025-06-15 00:00:00,17,0.1,0.1,0.0911924017825377,29.129878977079603,0.0,0.0,0.0,0.0,-0.0,29.129878977079603,29.129878977079603,0.0,2.6564236275545414,0.0,0.0,0.0,0.0,0.0,0.0,0,-2.6564236275545414,3,Perfect-info heuristic
2025-06-15 01:00:00,18,0.1,0.1,0.1219376450884885,33.37959480872818,5.236254764178636,0.0,0.0,0.0,-0.0,28.143340044549543,28.143340044549543,0.0,3.4317326099569283,0.0,0.0,0.0,0.0,5.236254764178636,5.236254764178636,0,-3.4317326099569283,3,Perfect-info heuristic
2025-06-15 02:00:00,19,0.1,0.1,0.1031849689248864,35.07149681146511,7.563003062996954,0.0,0.0,0.0,-0.0,27.508493748468155,27.508493748468155,0.0,2.8384630726061184,0.0,0.0,0.0,0.0,7.563003062996954,7.563003062996954,0,-2.8384630726061184,3,Perfect-info heuristic
2025-06-15 03:00:00,20,0.1,0.3375,0.0859818638905177,41.498660416361325,0.5962259097365001,30.0,30.0,30.0,0.0,70.90243450662481,70.90243450662481,0.0,6.0963234732549605,0.0016287760774943447,0.114,0.0,28.5,0.5962259097365001,0.5962259097365001,0,-6.211952249332454,3,Perfect-info heuristic
2025-06-15 04:00:00,21,0.3375,0.3375,0.0923544349307598,30.07754954418325,2.3291421203785165,0.0,0.0,0.0,-0.0,27.748407423804732,27.748407423804732,0.0,2.562688487853986,0.0,0.0,0.0,0.0,2.3291421203785165,2.3291421203785165,0,-2.562688487853986,3,Perfect-info heuristic
2025-06-15 05:00:00,22,0.3375,0.3375,0.1010089273650717,38.12408904715507,3.783701845176738,0.0,0.0,0.0,-0.0,34.34038720197833,34.34038720197833,0.0,3.4686856765730667,0.0,0.0,0.0,0.0,3.783701845176738,3.783701845176738,0,-3.4686856765730667,3,Perfect-info heuristic
2025-06-15 06:00:00,23,0.3375,0.575,0.0726235217297948,46.19443605209804,0.0,30.0,30.0,30.0,0.0,76.19443605209804,76.19443605209804,0.0,5.533508282319003,0.07674207600706393,0.114,0.0,28.5,0.0,0.0,0,-5.724250358326067,3,Perfect-info heuristic
2025-06-11 23:00:00,0,0.5,0.5,0.1523376052821958,53.7433616128456,0.0,0.0,0.0,0.0,-0.0,53.7433616128456,53.7433616128456,0.0,8.187135007915987,0.0,0.0,0.0,0.0,0.0,0.0,0,-8.187135007915987,4,Perfect-info heuristic
2025-06-12 00:00:00,1,0.5,0.7375,0.0968293292566358,39.5607331977863,0.0,30.0,30.0,30.0,0.0,69.5607331977863,69.5607331977863,0.0,6.735519138141447,0.0,0.114,0.0,28.5,0.0,0.0,0,-6.849519138141447,4,Perfect-info heuristic
2025-06-12 01:00:00,2,0.7375,0.7375,0.1118310893900598,45.71278410770169,1.3895866636545904,0.0,0.0,0.0,-0.0,44.323197444047096,44.323197444047096,0.0,4.956711455418501,0.0,0.0,0.0,0.0,1.3895866636545904,1.3895866636545904,0,-4.956711455418501,4,Perfect-info heuristic
2025-06-12 02:00:00,3,0.7375,0.7375,0.1044206686515646,39.626336405156046,0.8316485132775776,0.0,0.0,0.0,-0.0,38.79468789187847,38.79468789187847,0.0,4.050967249798707,0.0,0.0,0.0,0.0,0.8316485132775776,0.8316485132775776,0,-4.050967249798707,4,Perfect-info heuristic
2025-06-12 03:00:00,4,0.7375,0.7375,0.1185161651549955,46.520581545388175,0.0,0.0,0.0,0.0,-0.0,46.520581545388175,46.520581545388175,0.0,5.51344092553966,0.0,0.0,0.0,0.0,0.0,0.0,0,-5.51344092553966,4,Perfect-info heuristic
2025-06-12 04:00:00,5,0.7375,0.7375,0.1023972053963591,43.89306840495519,0.0,0.0,0.0,0.0,-0.0,43.89306840495519,43.89306840495519,0.0,4.494527540938637,0.0,0.0,0.0,0.0,0.0,0.0,0,-4.494527540938637,4,Perfect-info heuristic
2025-06-12 05:00:00,6,0.7375,0.7375,0.0969867760342959,47.625421267991605,3.289004903811354,0.0,0.0,0.0,-0.0,44.33641636418025,44.33641636418025,0.0,4.300046084076041,0.0,0.0,0.0,0.0,3.289004903811354,3.289004903811354,0,-4.300046084076041,4,Perfect-info heuristic
2025-06-12 06:00:00,7,0.7375,0.7375,0.1091463665780937,46.55802134272071,0.0,0.0,0.0,0.0,-0.0,46.55802134272071,46.55802134272071,0.0,5.081638864623305,0.0,0.0,0.0,0.0,0.0,0.0,0,-5.081638864623305,4,Perfect-info heuristic
2025-06-12 07:00:00,8,0.7375,0.7375,0.0990077231019729,54.12893370246981,21.173785827083297,0.0,0.0,0.0,-0.0,32.955147875386515,32.955147875386515,0.0,3.2628141556308385,0.0,0.0,0.0,0.0,21.173785827083297,21.173785827083297,0,-3.2628141556308385,4,Perfect-info heuristic
2025-06-12 08:00:00,9,0.7375,0.9,0.0784727958286761,58.0043072194778,39.50696386639716,30.0,20.526315789473685,20.526315789473685,0.0,39.02365914255433,39.02365914255433,0.0,3.0622956363815153,0.0,0.078,0.7578947368421052,19.5,39.50696386639716,39.50696386639716,1,-3.8981903732236205,4,Perfect-info heuristic
2025-06-12 09:00:00,10,0.9,0.9,0.0908646049957382,51.1933387404844,53.61470046591597,0.0,0.0,0.0,-0.0,-2.4213617254315736,0.0,2.4213617254315736,-0.1089612776444208,0.0,0.0,0.0,0.0,51.1933387404844,53.61470046591597,0,0.1089612776444208,4,Perfect-info heuristic
2025-06-12 10:00:00,11,0.9,0.9,0.1274098023812384,48.89328368254581,64.15941841979935,0.0,0.0,0.0,-0.0,-15.266134737253545,0.0,15.266134737253545,-0.6869760631764095,0.0,0.0,0.0,0.0,48.89328368254581,64.15941841979935,0,0.6869760631764095,4,Perfect-info heuristic
2025-06-12 11:00:00,12,0.9,0.9,0.0655874016521728,49.45846111288175,73.5052304956672,0.0,0.0,0.0,-0.0,-24.046769382785456,0.0,24.046769382785456,-1.0821046222253454,0.0,0.0,0.0,0.0,49.45846111288175,73.5052304956672,0,1.0821046222253454,4,Perfect-info heuristic
2025-06-12 12:00:00,13,0.9,0.9,0.0867987986910223,48.10533263518771,84.20430681700822,0.0,0.0,0.0,-0.0,-36.09897418182051,0.0,36.09897418182051,-1.624453838181923,0.0,0.0,0.0,0.0,48.10533263518771,84.20430681700822,0,1.624453838181923,4,Perfect-info heuristic
2025-06-12 13:00:00,14,0.9,0.9,0.0826987239442144,39.13736558645278,78.8944533206292,0.0,0.0,0.0,-0.0,-39.757087734176416,0.0,39.757087734176416,-1.7890689480379387,0.0,0.0,0.0,0.0,39.13736558645278,78.8944533206292,0,1.7890689480379387,4,Perfect-info heuristic
2025-06-12 14:00:00,15,0.9,0.9,0.1174926584061702,55.47166591300582,70.81531515792474,0.0,0.0,0.0,-0.0,-15.343649244918922,0.0,15.343649244918922,-0.6904642160213514,0.0,0.0,0.0,0.0,55.47166591300582,70.81531515792474,0,0.6904642160213514,4,Perfect-info heuristic
2025-06-12 15:00:00,16,0.9,0.9,0.1013175443477694,54.39355995295534,52.15183604397188,0.0,0.0,0.0,-0.0,2.2417239089834595,2.2417239089834595,0.0,0.22712596156388665,0.0,0.0,0.0,0.0,52.15183604397188,52.15183604397188,0,-0.22712596156388665,4,Perfect-info heuristic
2025-06-12 16:00:00,17,0.9,0.9,0.1427220604323604,59.779913697749066,33.79140283339893,0.0,0.0,0.0,-0.0,25.98851086435014,25.98851086435014,0.0,3.709133818128836,0.0,0.0,0.0,0.0,33.79140283339893,33.79140283339893,0,-3.709133818128836,4,Perfect-info heuristic
2025-06-12 17:00:00,18,0.9,0.6368421052631579,0.1788983434023608,62.16458905910383,23.934156536669043,-30.0,-30.0,0.0,30.0,8.23043252243479,8.23043252243479,0.0,1.4724107437484975,0.0,0.12631578947368421,0.0,31.578947368421055,23.934156536669043,23.934156536669043,0,-1.5987265332221816,4,Perfect-info heuristic
2025-06-12 18:00:00,19,0.6368421052631579,0.37368421052631573,0.2042174946504651,60.60746354002928,3.166685411574815,-30.0,-30.0,0.0,30.0,27.44077812845446,27.44077812845446,0.0,5.603886960652249,0.0,0.12631578947368421,0.0,31.578947368421055,3.166685411574815,3.166685411574815,0,-5.730202750125933,4,Perfect-info heuristic
2025-06-12 19:00:00,20,0.37368421052631573,0.11052631578947363,0.2190921159000921,70.1864930424901,0.4803714183889329,-30.0,-30.0,0.0,30.0,39.70612162410117,39.70612162410117,0.0,8.699298200810727,0.0,0.12631578947368421,0.0,31.578947368421055,0.4803714183889329,0.4803714183889329,0,-8.825613990284412,4,Perfect-info heuristic
2025-06-12 20:00:00,21,0.11052631578947363,0.1,0.2162852055184927,64.73595225140251,0.0,-30.0,-1.1999999999999935,0.0,1.1999999999999935,63.53595225140251,63.53595225140251,0.0,13.741886490507731,0.0,0.005052631578947342,2.3040000000000007,1.2631578947368354,0.0,0.0,1,-16.050939122086678,4,Perfect-info heuristic
2025-06-12 21:00:00,22,0.1,0.1,0.1931156074075444,64.3640591988984,0.0,0.0,0.0,0.0,-0.0,64.3640591988984,64.3640591988984,0.0,12.42970438741041,0.0,0.0,0.0,0.0,0.0,0.0,0,-12.42970438741041,4,Perfect-info heuristic
2025-06-12 22:00:00,23,0.1,0.1,0.1586992692307703,56.8459204644038,3.035901555324758,0.0,0.0,0.0,-0.0,53.81001890907904,53.81001890907904,0.0,8.539610678164776,0.0,0.0,0.0,0.0,3.035901555324758,3.035901555324758,0,-8.539610678164776,4,Perfect-info heuristic
2025-06-09 04:00:00,0,0.5,0.5,0.1000423280175818,44.331978356133824,1.4785007274379869,0.0,0.0,0.0,-0.0,42.853477628695835,42.853477628695835,0.0,4.287161665624092,0.0,0.0,0.0,0.0,1.4785007274379869,1.4785007274379869,0,-4.287161665624092,5,Perfect-info heuristic
2025-06-09 05:00:00,1,0.5,0.7375,0.0959921580586631,48.52079037091127,5.781041264796406,30.0,30.0,30.0,0.0,72.73974910611486,72.73974910611486,0.0,6.982445493341675,0.015012450328914318,0.114,0.0,28.5,5.781041264796406,5.781041264796406,0,-7.111457943670589,5,Perfect-info heuristic
2025-06-09 06:00:00,2,0.7375,0.7375,0.1135739071857212,52.19427135269208,0.0,0.0,0.0,0.0,-0.0,52.19427135269208,52.19427135269208,0.0,5.927907330236997,0.0,0.0,0.0,0.0,0.0,0.0,0,-5.927907330236997,5,Perfect-info heuristic
2025-06-09 07:00:00,3,0.7375,0.7375,0.1029377437667787,54.5520038880835,17.33575906815784,0.0,0.0,0.0,-0.0,37.216244819925656,37.216244819925656,0.0,3.8309562732352123,0.0,0.0,0.0,0.0,17.33575906815784,17.33575906815784,0,-3.8309562732352123,5,Perfect-info heuristic
2025-06-09 08:00:00,4,0.7375,0.7375,0.1046582942417768,51.446499607697255,40.31822955341121,0.0,0.0,0.0,-0.0,11.128270054286048,11.128270054286048,0.0,1.1646657617434228,0.0,0.0,0.0,0.0,40.31822955341121,40.31822955341121,0,-1.1646657617434228,5,Perfect-info heuristic
2025-06-09 09:00:00,5,0.7375,0.9,0.0895420584591456,50.759003272227424,57.2813259193736,30.0,20.526315789473685,20.526315789473685,0.0,14.00399314232751,14.00399314232751,0.0,1.253946372611764,0.0,0.078,0.7578947368421052,19.5,57.2813259193736,57.2813259193736,1,-2.089841109453869,5,Perfect-info heuristic
2025-06-09 10:00:00,6,0.9,0.9,0.1006911821423627,52.292584422969306,67.36831216094006,0.0,0.0,0.0,-0.0,-15.075727737970759,0.0,15.075727737970759,-0.6784077482086841,0.0,0.0,0.0,0.0,52.292584422969306,67.36831216094006,0,0.6784077482086841,5,Perfect-info heuristic
2025-06-09 11:00:00,7,0.9,0.9,0.0733033970163289,52.89297268534143,78.22026368198311,0.0,0.0,0.0,-0.0,-25.327290996641686,0.0,25.327290996641686,-1.139728094848876,0.0,0.0,0.0,0.0,52.89297268534143,78.22026368198311,0,1.139728094848876,5,Perfect-info heuristic
2025-06-09 12:00:00,8,0.9,0.9,0.0786215849020279,47.238227762234345,76.6394501297162,0.0,0.0,0.0,-0.0,-29.40122236748185,0.0,29.40122236748185,-1.3230550065366833,0.0,0.0,0.0,0.0,47.238227762234345,76.6394501297162,0,1.3230550065366833,5,Perfect-info heuristic
2025-06-09 13:00:00,9,0.9,0.9,0.0991619722826095,45.789344707162456,75.15484011755422,0.0,0.0,0.0,-0.0,-29.36549541039176,0.0,29.36549541039176,-1.3214472934676291,0.0,0.0,0.0,0.0,45.789344707162456,75.15484011755422,0,1.3214472934676291,5,Perfect-info heuristic
2025-06-09 14:00:00,10,0.9,0.9,0.0818798401557215,49.92019929204667,68.29275716990422,0.0,0.0,0.0,-0.0,-18.372557877857552,0.0,18.372557877857552,-0.8267651045035899,0.0,0.0,0.0,0.0,49.92019929204667,68.29275716990422,0,0.8267651045035899,5,Perfect-info heuristic
2025-06-09 15:00:00,11,0.9,0.9,0.1272529206663888,49.24430453928655,55.69612947628424,0.0,0.0,0.0,-0.0,-6.4518249369976886,0.0,6.4518249369976886,-0.29033212216489596,0.0,0.0,0.0,0.0,49.24430453928655,55.69612947628424,0,0.29033212216489596,5,Perfect-info heuristic
2025-06-09 16:00:00,12,0.9,0.9,0.1245972267196585,61.91833636454511,44.318379255777714,0.0,0.0,0.0,-0.0,17.5999571087674,17.5999571087674,0.0,2.1929058461373567,0.0,0.0,0.0,0.0,44.318379255777714,44.318379255777714,0,-2.1929058461373567,5,Perfect-info heuristic
2025-06-09 17:00:00,13,0.9,0.6368421052631579,0.1516412607044492,63.4009640365768,21.31151011586,-30.0,-30.0,0.0,30.0,12.089453920716807,12.089453920716807,0.0,1.8332600337658427,0.0,0.12631578947368421,0.0,31.578947368421055,21.31151011586,21.31151011586,0,-1.9595758232395268,5,Perfect-info heuristic
2025-06-09 18:00:00,14,0.6368421052631579,0.37368421052631573,0.1955841814082867,64.58227597085154,0.0,-30.0,-30.0,0.0,30.0,34.58227597085154,34.58227597085154,0.0,6.763746136994462,0.0,0.12631578947368421,0.0,31.578947368421055,0.0,0.0,0,-6.890061926468147,5,Perfect-info heuristic
2025-06-09 19:00:00,15,0.37368421052631573,0.11052631578947363,0.2258239502215955,67.67358124072096,1.8479359552185408,-30.0,-30.0,0.0,30.0,35.82564528550242,35.82564528550242,0.0,8.090288737609836,0.0,0.12631578947368421,0.0,31.578947368421055,1.8479359552185408,1.8479359552185408,0,-8.21660452708352,5,Perfect-info heuristic
2025-06-09 20:00:00,16,0.11052631578947363,0.1,0.2220777606192906,65.03798228486662,3.5309779409454416,-30.0,-1.1999999999999935,0.0,1.1999999999999935,60.30700434392118,60.30700434392118,0.0,13.392844474355845,0.0,0.005052631578947342,2.3040000000000007,1.2631578947368354,3.5309779409454416,3.5309779409454416,1,-15.701897105934792,5,Perfect-info heuristic
2025-06-09 21:00:00,17,0.1,0.1,0.2122675743254014,67.00076598905441,2.709824045315784,0.0,0.0,0.0,-0.0,64.29094194373863,64.29094194373863,0.0,13.646882297492605,0.0,0.0,0.0,0.0,2.709824045315784,2.709824045315784,0,-13.646882297492605,5,Perfect-info heuristic
2025-06-09 22:00:00,18,0.1,0.1,0.1777543628043278,57.07885988874278,2.515826499070425,0.0,0.0,0.0,-0.0,54.56303338967235,54.56303338967235,0.0,9.69881723285247,0.0,0.0,0.0,0.0,2.515826499070425,2.515826499070425,0,-9.69881723285247,5,Perfect-info heuristic
2025-06-09 23:00:00,19,0.1,0.1,0.151502967575295,53.35524107660612,0.0,0.0,0.0,0.0,-0.0,53.35524107660612,53.35524107660612,0.0,8.083477358801105,0.0,0.0,0.0,0.0,0.0,0.0,0,-8.083477358801105,5,Perfect-info heuristic
2025-06-10 00:00:00,20,0.1,0.1,0.0960040777687762,45.98551278634832,0.0,0.0,0.0,0.0,-0.0,45.98551278634832,45.98551278634832,0.0,4.414796745777637,0.0,0.0,0.0,0.0,0.0,0.0,0,-4.414796745777637,5,Perfect-info heuristic
2025-06-10 01:00:00,21,0.1,0.3375,0.0949137093554269,41.79950732948788,4.463425885172184,30.0,30.0,30.0,0.0,67.3360814443157,67.3360814443157,0.0,6.391117263339134,0.0,0.114,0.0,28.5,4.463425885172184,4.463425885172184,0,-6.505117263339134,5,Perfect-info heuristic
2025-06-10 02:00:00,22,0.3375,0.3375,0.1144519448297415,44.88796752481051,1.536001061721462,0.0,0.0,0.0,-0.0,43.35196646308905,43.35196646308905,0.0,4.961716873894272,0.0,0.0,0.0,0.0,1.536001061721462,1.536001061721462,0,-4.961716873894272,5,Perfect-info heuristic
2025-06-10 03:00:00,23,0.3375,0.3375,0.1225547149156545,45.50740007411847,0.0,0.0,0.0,0.0,-0.0,45.50740007411847,45.50740007411847,0.0,5.577146442636224,0.0,0.0,0.0,0.0,0.0,0.0,0,-5.577146442636224,5,Perfect-info heuristic
2025-06-03 14:00:00,0,0.5,0.7375,0.0901505390089553,45.73352581933575,59.14066867046768,30.0,30.0,30.0,0.0,16.59285714886807,16.59285714886807,0.0,1.4958550156690538,0.0,0.114,0.0,28.5,59.14066867046768,59.14066867046768,0,-1.6098550156690539,6,Perfect-info heuristic
2025-06-03 15:00:00,1,0.7375,0.7375,0.1207625923481896,57.55942135625397,55.62172561061728,0.0,0.0,0.0,-0.0,1.9376957456366881,1.9376957456366881,0.0,0.23400116142514465,0.0,0.0,0.0,0.0,55.62172561061728,55.62172561061728,0,-0.23400116142514465,6,Perfect-info heuristic
2025-06-03 16:00:00,2,0.7375,0.7375,0.1397124170929777,57.97045639618877,40.820434085419166,0.0,0.0,0.0,-0.0,17.150022310769607,17.150022310769607,0.0,2.3960710702361165,0.0,0.0,0.0,0.0,40.820434085419166,40.820434085419166,0,-2.3960710702361165,6,Perfect-info heuristic
2025-06-03 17:00:00,3,0.7375,0.4743421052631579,0.1603384925211744,57.67677321986029,16.89106725657655,-30.0,-30.0,0.0,30.0,10.785705963283732,10.785705963283732,0.0,1.7293638349295548,0.0,0.12631578947368421,0.0,31.578947368421055,16.89106725657655,16.89106725657655,0,-1.855679624403239,6,Perfect-info heuristic
2025-06-03 18:00:00,4,0.4743421052631579,0.21118421052631575,0.2140643714919487,69.40202723993973,3.4082492060317726,-30.0,-30.0,0.0,30.0,35.99377803390796,35.99377803390796,0.0,7.704985472449216,0.0,0.12631578947368421,0.0,31.578947368421055,3.4082492060317726,3.4082492060317726,0,-7.831301261922901,6,Perfect-info heuristic
2025-06-03 19:00:00,5,0.21118421052631575,0.1,0.2251862256540501,71.88723592940197,0.0,-30.0,-12.674999999999995,0.0,12.674999999999995,59.21223592940197,59.21223592940197,0.0,13.333779921479165,0.0,0.053368421052631565,1.3860000000000003,13.34210526315789,0.0,0.0,1,-14.773148342531798,6,Perfect-info heuristic
2025-06-03 20:00:00,6,0.1,0.1,0.214867489788035,59.35930313931595,0.0,0.0,0.0,0.0,-0.0,59.35930313931595,59.35930313931595,0.0,12.754384461111844,0.0,0.0,0.0,0.0,0.0,0.0,0,-12.754384461111844,6,Perfect-info heuristic
2025-06-03 21:00:00,7,0.1,0.1,0.1790247198984771,60.56255901605197,3.3712816888228523,0.0,0.0,0.0,-0.0,57.191277327229116,57.191277327229116,0.0,10.238652404143316,0.0,0.0,0.0,0.0,3.3712816888228523,3.3712816888228523,0,-10.238652404143316,6,Perfect-info heuristic
2025-06-03 22:00:00,8,0.1,0.1,0.1529099292217833,57.7702871464254,0.0,0.0,0.0,0.0,-0.0,57.7702871464254,57.7702871464254,0.0,8.833650518682004,0.0,0.0,0.0,0.0,0.0,0.0,0,-8.833650518682004,6,Perfect-info heuristic
2025-06-03 23:00:00,9,0.1,0.1,0.1491443663842304,55.60621741286052,3.042176677973578,0.0,0.0,0.0,-0.0,52.564040734886945,52.564040734886945,0.0,7.8396305499995895,0.0,0.0,0.0,0.0,3.042176677973578,3.042176677973578,0,-7.8396305499995895,6,Perfect-info heuristic
2025-06-04 00:00:00,10,0.1,0.1,0.1183060404211188,42.88867738128837,0.0,0.0,0.0,0.0,-0.0,42.88867738128837,42.88867738128837,0.0,5.073989599879025,0.0,0.0,0.0,0.0,0.0,0.0,0,-5.073989599879025,6,Perfect-info heuristic
2025-06-04 01:00:00,11,0.1,0.1,0.1119604452779436,41.89658470223934,0.999965563559188,0.0,0.0,0.0,-0.0,40.89661913868015,40.89661913868015,0.0,4.5788036891291,0.0,0.0,0.0,0.0,0.999965563559188,0.999965563559188,0,-4.5788036891291,6,Perfect-info heuristic
2025-06-04 02:00:00,12,0.1,0.1,0.0990442262678613,46.984517159176434,0.1534538467472301,0.0,0.0,0.0,-0.0,46.8310633124292,46.8310633124292,0.0,4.638346431080776,0.0,0.0,0.0,0.0,0.1534538467472301,0.1534538467472301,0,-4.638346431080776,6,Perfect-info heuristic
2025-06-04 03:00:00,13,0.1,0.3375,0.0961107743416455,43.52005298447321,0.0,30.0,30.0,30.0,0.0,73.52005298447321,73.52005298447321,0.0,7.066069221976526,0.02478154602699751,0.114,0.0,28.5,0.0,0.0,0,-7.204850768003523,6,Perfect-info heuristic
2025-06-04 04:00:00,14,0.3375,0.3375,0.098166751848819,47.75865342854859,1.3636870376115389,0.0,0.0,0.0,-0.0,46.39496639093705,46.39496639093705,0.0,4.554443152733415,0.0,0.0,0.0,0.0,1.3636870376115389,1.3636870376115389,0,-4.554443152733415,6,Perfect-info heuristic
2025-06-04 05:00:00,15,0.3375,0.3375,0.1155353540821613,44.54979284547112,0.0,0.0,0.0,0.0,-0.0,44.54979284547112,44.54979284547112,0.0,5.147076090688442,0.0,0.0,0.0,0.0,0.0,0.0,0,-5.147076090688442,6,Perfect-info heuristic
2025-06-04 06:00:00,16,0.3375,0.575,0.0946035207149203,46.88024840378738,3.6914346955694137,30.0,30.0,30.0,0.0,73.18881370821796,73.18881370821796,0.0,6.923919453745841,0.020337065731437606,0.114,0.0,28.5,3.6914346955694137,3.6914346955694137,0,-7.058256519477278,6,Perfect-info heuristic
2025-06-04 07:00:00,17,0.575,0.575,0.1142061099951304,56.66216845497853,21.79529561584804,0.0,0.0,0.0,-0.0,34.86687283913049,34.86687283913049,0.0,3.982009914651961,0.0,0.0,0.0,0.0,21.79529561584804,21.79529561584804,0,-3.982009914651961,6,Perfect-info heuristic
2025-06-04 08:00:00,18,0.575,0.575,0.1092657079589517,56.35412647880576,39.90225752201911,0.0,0.0,0.0,-0.0,16.451868956786647,16.451868956786647,0.0,1.7976251088111932,0.0,0.0,0.0,0.0,39.90225752201911,39.90225752201911,0,-1.7976251088111932,6,Perfect-info heuristic
2025-06-04 09:00:00,19,0.575,0.575,0.1129353375298654,57.23548334033151,55.21110583631752,0.0,0.0,0.0,-0.0,2.024377504013991,2.024377504013991,0.0,0.2286237567036865,0.0,0.0,0.0,0.0,55.21110583631752,55.21110583631752,0,-0.2286237567036865,6,Perfect-info heuristic
2025-06-04 10:00:00,20,0.575,0.575,0.1057424116167901,49.6399176390769,64.71584182620859,0.0,0.0,0.0,-0.0,-15.07592418713169,0.0,15.07592418713169,-0.678416588420926,0.0,0.0,0.0,0.0,49.6399176390769,64.71584182620859,0,0.678416588420926,6,Perfect-info heuristic
2025-06-04 11:00:00,21,0.575,0.8125,0.0939557433500333,45.96733375334946,72.9680463539779,30.0,30.0,30.0,0.0,2.9992873993715605,2.9992873993715605,0.0,0.28180027712834316,0.0,0.114,0.0,28.5,72.9680463539779,72.9680463539779,0,-0.39580027712834315,6,Perfect-info heuristic
2025-06-04 12:00:00,22,0.8125,0.9,0.0662820266143697,51.43285132346727,77.50441085469087,30.0,11.052631578947368,11.052631578947368,0.0,-15.018927952276238,0.0,15.018927952276238,-0.6758517578524307,0.0,0.042,1.5157894736842104,10.5,62.48548290241464,77.50441085469087,1,-0.8819377158317797,6,Perfect-info heuristic
2025-06-04 13:00:00,23,0.9,0.9,0.0929350167936962,42.56126818039655,73.41760057401785,0.0,0.0,0.0,-0.0,-30.8563323936213,0.0,30.8563323936213,-1.3885349577129584,0.0,0.0,0.0,0.0,42.56126818039655,73.41760057401785,0,1.3885349577129584,6,Perfect-info heuristic
2025-06-24 13:00:00,0,0.5,0.5,0.0936577828099681,42.814977033988384,77.19149176954815,0.0,0.0,0.0,-0.0,-34.376514735559766,0.0,34.376514735559766,-1.5469431631001895,0.0,0.0,0.0,0.0,42.814977033988384,77.19149176954815,0,1.5469431631001895,7,Perfect-info heuristic
2025-06-24 14:00:00,1,0.5,0.5,0.0950821750858075,54.2144844368039,60.32571459101133,0.0,0.0,0.0,-0.0,-6.111230154207426,0.0,6.111230154207426,-0.2750053569393342,0.0,0.0,0.0,0.0,54.2144844368039,60.32571459101133,0,0.2750053569393342,7,Perfect-info heuristic
2025-06-24 15:00:00,2,0.5,0.5,0.117138179119982,47.83396474631797,52.06897314216647,0.0,0.0,0.0,-0.0,-4.235008395848503,0.0,4.235008395848503,-0.19057537781318262,0.0,0.0,0.0,0.0,47.83396474631797,52.06897314216647,0,0.19057537781318262,7,Perfect-info heuristic
2025-06-24 16:00:00,3,0.5,0.5,0.1456695539242382,55.86167908192835,40.956222817094094,0.0,0.0,0.0,-0.0,14.905456264834257,14.905456264834257,0.0,2.1712711651356478,0.0,0.0,0.0,0.0,40.956222817094094,40.956222817094094,0,-2.1712711651356478,7,Perfect-info heuristic
2025-06-24 17:00:00,4,0.5,0.23684210526315788,0.1603831851580817,59.00038235830296,15.707056435419911,-30.0,-30.0,0.0,30.0,13.293325922883042,13.293325922883042,0.0,2.1320259528564782,0.0,0.12631578947368421,0.0,31.578947368421055,15.707056435419911,15.707056435419911,0,-2.2583417423301624,7,Perfect-info heuristic
2025-06-24 18:00:00,5,0.23684210526315788,0.1,0.21596538316505,72.9630330172624,1.3057277933428195,-30.0,-15.599999999999998,0.0,15.599999999999998,56.057305223919585,56.057305223919585,0.0,12.106437401883953,0.0,0.06568421052631578,1.1520000000000001,16.421052631578945,1.3057277933428195,1.3057277933428195,1,-13.32412161241027,7,Perfect-info heuristic
2025-06-24 19:00:00,6,0.1,0.1,0.2284038333125511,65.83373421406237,0.0,0.0,0.0,0.0,-0.0,65.83373421406237,65.83373421406237,0.0,15.036677255771494,0.0,0.0,0.0,0.0,0.0,0.0,0,-15.036677255771494,7,Perfect-info heuristic
2025-06-24 20:00:00,7,0.1,0.1,0.21101538043557,64.35893410073398,0.0575539422314296,0.0,0.0,0.0,-0.0,64.30138015850254,64.30138015850254,0.0,13.568580196678626,0.0,0.0,0.0,0.0,0.0575539422314296,0.0575539422314296,0,-13.568580196678626,7,Perfect-info heuristic
2025-06-24 21:00:00,8,0.1,0.1,0.1700516639315458,60.854153669587895,5.634966378776198,0.0,0.0,0.0,-0.0,55.219187290811696,55.219187290811696,0.0,9.390114679750196,0.0,0.0,0.0,0.0,5.634966378776198,5.634966378776198,0,-9.390114679750196,7,Perfect-info heuristic
2025-06-24 22:00:00,9,0.1,0.1,0.1667335298342092,57.2690847343891,2.7111004036606863,0.0,0.0,0.0,-0.0,54.55798433072841,54.55798433072841,0.0,9.096645308101824,0.0,0.0,0.0,0.0,2.7111004036606863,2.7111004036606863,0,-9.096645308101824,7,Perfect-info heuristic
2025-06-24 23:00:00,10,0.1,0.1,0.1488719381374462,51.04418457069688,0.0,0.0,0.0,0.0,-0.0,51.04418457069688,51.04418457069688,0.0,7.599046687685171,0.0,0.0,0.0,0.0,0.0,0.0,0,-7.599046687685171,7,Perfect-info heuristic
2025-06-25 00:00:00,11,0.1,0.1,0.1178223819518072,42.98471703747512,2.9692999151066464,0.0,0.0,0.0,-0.0,40.015417122368476,40.015417122368476,0.0,4.714711760152585,0.0,0.0,0.0,0.0,2.9692999151066464,2.9692999151066464,0,-4.714711760152585,7,Perfect-info heuristic
2025-06-25 01:00:00,12,0.1,0.1,0.1113874785254079,32.13685529906106,6.377833793553541,0.0,0.0,0.0,-0.0,25.75902150550752,25.75902150550752,0.0,2.869232454780239,0.0,0.0,0.0,0.0,6.377833793553541,6.377833793553541,0,-2.869232454780239,7,Perfect-info heuristic
2025-06-25 02:00:00,13,0.1,0.1,0.1148181239817866,43.71137539558647,9.789556035566086,0.0,0.0,0.0,-0.0,33.921819360020386,33.921819360020386,0.0,3.8948396609665896,0.0,0.0,0.0,0.0,9.789556035566086,9.789556035566086,0,-3.8948396609665896,7,Perfect-info heuristic
2025-06-25 03:00:00,14,0.1,0.1,0.1168417224006423,43.946554128016864,1.6627650811404124,0.0,0.0,0.0,-0.0,42.28378904687645,42.28378904687645,0.0,4.940510741862458,0.0,0.0,0.0,0.0,1.6627650811404124,1.6627650811404124,0,-4.940510741862458,7,Perfect-info heuristic
2025-06-25 04:00:00,15,0.1,0.1,0.1091359131233275,48.2183870586935,0.0,0.0,0.0,0.0,-0.0,48.2183870586935,48.2183870586935,0.0,5.262357700984553,0.0,0.0,0.0,0.0,0.0,0.0,0,-5.262357700984553,7,Perfect-info heuristic
2025-06-25 05:00:00,16,0.1,0.3375,0.084068768150153,51.16652633606498,1.521372923085503,30.0,30.0,30.0,0.0,79.64515341297948,79.64515341297948,0.0,6.695669936559139,0.18605796871981953,0.114,0.0,28.5,1.521372923085503,1.521372923085503,0,-6.995727905278959,7,Perfect-info heuristic
2025-06-25 06:00:00,17,0.3375,0.3375,0.118421481612719,49.47793662907118,5.586117594195127,0.0,0.0,0.0,-0.0,43.89181903487605,43.89181903487605,0.0,5.197734240787364,0.0,0.0,0.0,0.0,5.586117594195127,5.586117594195127,0,-5.197734240787364,7,Perfect-info heuristic
2025-06-25 07:00:00,18,0.3375,0.575,0.0928778043774651,55.728128572291,19.50272451986952,30.0,30.0,30.0,0.0,66.22540405242148,66.22540405242148,0.0,6.150870122399387,0.0,0.114,0.0,28.5,19.50272451986952,19.50272451986952,0,-6.264870122399387,7,Perfect-info heuristic
2025-06-25 08:00:00,19,0.575,0.8125,0.0880523474837293,50.89193102854838,42.59224495587464,30.0,30.0,30.0,0.0,38.29968607267374,38.29968607267374,0.0,3.372377266588815,0.0,0.114,0.0,28.5,42.59224495587464,42.59224495587464,0,-3.486377266588815,7,Perfect-info heuristic
2025-06-25 09:00:00,20,0.8125,0.9,0.0848417243116661,55.61000885078427,52.13279422223789,30.0,11.052631578947368,11.052631578947368,0.0,14.529846207493746,14.529846207493746,0.0,1.2327372062270916,0.0,0.042,1.5157894736842104,10.5,52.13279422223789,52.13279422223789,1,-2.790526679911302,7,Perfect-info heuristic
2025-06-25 10:00:00,21,0.9,0.9,0.1227995098539647,48.38318104497595,68.75165687502447,0.0,0.0,0.0,-0.0,-20.368475830048517,0.0,20.368475830048517,-0.9165814123521833,0.0,0.0,0.0,0.0,48.38318104497595,68.75165687502447,0,0.9165814123521833,7,Perfect-info heuristic
2025-06-25 11:00:00,22,0.9,0.9,0.0927304485987901,43.59152718344956,66.51540956420995,0.0,0.0,0.0,-0.0,-22.92388238076039,0.0,22.92388238076039,-1.0315747071342174,0.0,0.0,0.0,0.0,43.59152718344956,66.51540956420995,0,1.0315747071342174,7,Perfect-info heuristic
2025-06-25 12:00:00,23,0.9,0.9,0.0714068039154985,45.35555547326448,74.55655361514287,0.0,0.0,0.0,-0.0,-29.200998141878394,0.0,29.200998141878394,-1.3140449163845276,0.0,0.0,0.0,0.0,45.35555547326448,74.55655361514287,0,1.3140449163845276,7,Perfect-info heuristic
