question_id,method,mrr,hit_rate,latency_ms,recall@1,precision@1,ndcg@1,recall@3,precision@3,ndcg@3,recall@5,precision@5,ndcg@5,recall@10,precision@10,ndcg@10
q_0000,BM25,1.0,1.0,0.16863200016814517,1.0,1.0,1.0,1.0,0.3333333333333333,1.0,1.0,0.2,1.0,1.0,0.1,1.0
q_0000,Dense,1.0,1.0,0.09510799918643897,1.0,1.0,1.0,1.0,0.3333333333333333,1.0,1.0,0.2,1.0,1.0,0.1,1.0
q_0000,Hybrid,1.0,1.0,0.2666829996087472,1.0,1.0,1.0,1.0,0.3333333333333333,1.0,1.0,0.2,1.0,1.0,0.1,1.0
q_0000,Hybrid + Reranking,1.0,1.0,0.5439119995571673,1.0,1.0,1.0,1.0,0.3333333333333333,1.0,1.0,0.2,1.0,1.0,0.1,1.0
q_0000,Hybrid + Reranking + Query Rewrite,1.0,1.0,0.573274000089441,1.0,1.0,1.0,1.0,0.3333333333333333,1.0,1.0,0.2,1.0,1.0,0.1,1.0
q_0001,BM25,1.0,1.0,0.15361399982793955,1.0,1.0,1.0,1.0,0.3333333333333333,1.0,1.0,0.2,1.0,1.0,0.1,1.0
q_0001,Dense,0.5,1.0,0.05647099987982074,0.0,0.0,0.0,1.0,0.3333333333333333,0.6309297535714575,1.0,0.2,0.6309297535714575,1.0,0.1,0.6309297535714575
q_0001,Hybrid,1.0,1.0,0.224031000470859,1.0,1.0,1.0,1.0,0.3333333333333333,1.0,1.0,0.2,1.0,1.0,0.1,1.0
q_0001,Hybrid + Reranking,1.0,1.0,0.4665320002459339,1.0,1.0,1.0,1.0,0.3333333333333333,1.0,1.0,0.2,1.0,1.0,0.1,1.0
q_0001,Hybrid + Reranking + Query Rewrite,1.0,1.0,0.579657999878691,1.0,1.0,1.0,1.0,0.3333333333333333,1.0,1.0,0.2,1.0,1.0,0.1,1.0
q_0002,BM25,0.3333333333333333,1.0,0.1374769999529235,0.0,0.0,0.0,1.0,0.3333333333333333,0.5,1.0,0.2,0.5,1.0,0.1,0.5
q_0002,Dense,0.2,1.0,0.06031599968991941,0.0,0.0,0.0,0.0,0.0,0.0,1.0,0.2,0.38685280723454163,1.0,0.1,0.38685280723454163
q_0002,Hybrid,0.2,1.0,0.2095460004056804,0.0,0.0,0.0,0.0,0.0,0.0,1.0,0.2,0.38685280723454163,1.0,0.1,0.38685280723454163
q_0002,Hybrid + Reranking,0.2,1.0,0.46849299997120397,0.0,0.0,0.0,0.0,0.0,0.0,1.0,0.2,0.38685280723454163,1.0,0.1,0.38685280723454163
q_0002,Hybrid + Reranking + Query Rewrite,0.2,1.0,0.45705299999099225,0.0,0.0,0.0,0.0,0.0,0.0,1.0,0.2,0.38685280723454163,1.0,0.1,0.38685280723454163
q_0003,BM25,1.0,1.0,0.1452229998903931,1.0,1.0,1.0,1.0,0.3333333333333333,1.0,1.0,0.2,1.0,1.0,0.1,1.0
q_0003,Dense,0.25,1.0,0.04569999964587623,0.0,0.0,0.0,0.0,0.0,0.0,1.0,0.2,0.43067655807339306,1.0,0.1,0.43067655807339306
q_0003,Hybrid,1.0,1.0,0.24308999945787946,1.0,1.0,1.0,1.0,0.3333333333333333,1.0,1.0,0.2,1.0,1.0,0.1,1.0
q_0003,Hybrid + Reranking,1.0,1.0,0.49619000037637306,1.0,1.0,1.0,1.0,0.3333333333333333,1.0,1.0,0.2,1.0,1.0,0.1,1.0
q_0003,Hybrid + Reranking + Query Rewrite,1.0,1.0,0.6278000000747852,1.0,1.0,1.0,1.0,0.3333333333333333,1.0,1.0,0.2,1.0,1.0,0.1,1.0
q_0004,BM25,0.2,1.0,0.13845699959347257,0.0,0.0,0.0,0.0,0.0,0.0,1.0,0.2,0.38685280723454163,1.0,0.1,0.38685280723454163
q_0004,Dense,0.1,1.0,0.06682100047328277,0.0,0.0,0.0,0.0,0.0,0.0,0.0,0.0,0.0,1.0,0.1,0.2890648263178879
q_0004,Hybrid,0.14285714285714285,1.0,0.2297689998158603,0.0,0.0,0.0,0.0,0.0,0.0,0.0,0.0,0.0,1.0,0.1,0.3333333333333333
q_0004,Hybrid + Reranking,0.14285714285714285,1.0,0.555741000425769,0.0,0.0,0.0,0.0,0.0,0.0,0.0,0.0,0.0,1.0,0.1,0.3333333333333333
q_0004,Hybrid + Reranking + Query Rewrite,0.14285714285714285,1.0,0.4675050004152581,0.0,0.0,0.0,0.0,0.0,0.0,0.0,0.0,0.0,1.0,0.1,0.3333333333333333
q_0006,BM25,1.0,1.0,0.11660900054266676,1.0,1.0,1.0,1.0,0.3333333333333333,1.0,1.0,0.2,1.0,1.0,0.1,1.0
q_0006,Dense,1.0,1.0,0.0893360002010013,1.0,1.0,1.0,1.0,0.3333333333333333,1.0,1.0,0.2,1.0,1.0,0.1,1.0
q_0006,Hybrid,1.0,1.0,0.19965299998148112,1.0,1.0,1.0,1.0,0.3333333333333333,1.0,1.0,0.2,1.0,1.0,0.1,1.0
q_0006,Hybrid + Reranking,1.0,1.0,0.4225009997753659,1.0,1.0,1.0,1.0,0.3333333333333333,1.0,1.0,0.2,1.0,1.0,0.1,1.0
q_0006,Hybrid + Reranking + Query Rewrite,1.0,1.0,0.4460059999473742,1.0,1.0,1.0,1.0,0.3333333333333333,1.0,1.0,0.2,1.0,1.0,0.1,1.0
q_0007,BM25,1.0,1.0,0.21177599955990445,1.0,1.0,1.0,1.0,0.3333333333333333,1.0,1.0,0.2,1.0,1.0,0.1,1.0
q_0007,Dense,0.16666666666666666,1.0,0.06277899956330657,0.0,0.0,0.0,0.0,0.0,0.0,0.0,0.0,0.0,1.0,0.1,0.3562071871080222
q_0007,Hybrid,0.5,1.0,0.2335560002393322,0.0,0.0,0.0,1.0,0.3333333333333333,0.6309297535714575,1.0,0.2,0.6309297535714575,1.0,0.1,0.6309297535714575
q_0007,Hybrid + Reranking,1.0,1.0,0.5266429998300737,1.0,1.0,1.0,1.0,0.3333333333333333,1.0,1.0,0.2,1.0,1.0,0.1,1.0
q_0007,Hybrid + Reranking + Query Rewrite,1.0,1.0,0.47398100014106603,1.0,1.0,1.0,1.0,0.3333333333333333,1.0,1.0,0.2,1.0,1.0,0.1,1.0
q_0008,BM25,1.0,1.0,0.13384900012169965,1.0,1.0,1.0,1.0,0.3333333333333333,1.0,1.0,0.2,1.0,1.0,0.1,1.0
q_0008,Dense,1.0,1.0,0.07330999960686313,1.0,1.0,1.0,1.0,0.3333333333333333,1.0,1.0,0.2,1.0,1.0,0.1,1.0
q_0008,Hybrid,1.0,1.0,0.2040090002992656,1.0,1.0,1.0,1.0,0.3333333333333333,1.0,1.0,0.2,1.0,1.0,0.1,1.0
q_0008,Hybrid + Reranking,1.0,1.0,0.425414000346791,1.0,1.0,1.0,1.0,0.3333333333333333,1.0,1.0,0.2,1.0,1.0,0.1,1.0
q_0008,Hybrid + Reranking + Query Rewrite,1.0,1.0,0.6472489994848729,1.0,1.0,1.0,1.0,0.3333333333333333,1.0,1.0,0.2,1.0,1.0,0.1,1.0
q_0010,BM25,1.0,1.0,0.1502659997640876,1.0,1.0,1.0,1.0,0.3333333333333333,1.0,1.0,0.2,1.0,1.0,0.1,1.0
q_0010,Dense,0.5,1.0,0.07218799964903155,0.0,0.0,0.0,1.0,0.3333333333333333,0.6309297535714575,1.0,0.2,0.6309297535714575,1.0,0.1,0.6309297535714575
q_0010,Hybrid,1.0,1.0,0.3770020002775709,1.0,1.0,1.0,1.0,0.3333333333333333,1.0,1.0,0.2,1.0,1.0,0.1,1.0
q_0010,Hybrid + Reranking,1.0,1.0,0.5145459999766899,1.0,1.0,1.0,1.0,0.3333333333333333,1.0,1.0,0.2,1.0,1.0,0.1,1.0
q_0010,Hybrid + Reranking + Query Rewrite,1.0,1.0,0.4857479998463532,1.0,1.0,1.0,1.0,0.3333333333333333,1.0,1.0,0.2,1.0,1.0,0.1,1.0
q_0011,BM25,1.0,1.0,0.14310299957287498,1.0,1.0,1.0,1.0,0.3333333333333333,1.0,1.0,0.2,1.0,1.0,0.1,1.0
q_0011,Dense,1.0,1.0,0.04970600002707215,1.0,1.0,1.0,1.0,0.3333333333333333,1.0,1.0,0.2,1.0,1.0,0.1,1.0
q_0011,Hybrid,1.0,1.0,0.21630700030073058,1.0,1.0,1.0,1.0,0.3333333333333333,1.0,1.0,0.2,1.0,1.0,0.1,1.0
q_0011,Hybrid + Reranking,1.0,1.0,0.46514499990735203,1.0,1.0,1.0,1.0,0.3333333333333333,1.0,1.0,0.2,1.0,1.0,0.1,1.0
q_0011,Hybrid + Reranking + Query Rewrite,1.0,1.0,0.4482550002649077,1.0,1.0,1.0,1.0,0.3333333333333333,1.0,1.0,0.2,1.0,1.0,0.1,1.0
q_0012,BM25,0.25,1.0,0.13556700014305534,0.0,0.0,0.0,0.0,0.0,0.0,1.0,0.2,0.43067655807339306,1.0,0.1,0.43067655807339306
q_0012,Dense,0.3333333333333333,1.0,0.04558700038614916,0.0,0.0,0.0,1.0,0.3333333333333333,0.5,1.0,0.2,0.5,1.0,0.1,0.5
q_0012,Hybrid,0.25,1.0,0.230476000069757,0.0,0.0,0.0,0.0,0.0,0.0,1.0,0.2,0.43067655807339306,1.0,0.1,0.43067655807339306
q_0012,Hybrid + Reranking,0.25,1.0,0.43894800000998657,0.0,0.0,0.0,0.0,0.0,0.0,1.0,0.2,0.43067655807339306,1.0,0.1,0.43067655807339306
q_0012,Hybrid + Reranking + Query Rewrite,0.25,1.0,0.42644799941626843,0.0,0.0,0.0,0.0,0.0,0.0,1.0,0.2,0.43067655807339306,1.0,0.1,0.43067655807339306
q_0013,BM25,1.0,1.0,0.16803200014692266,1.0,1.0,1.0,1.0,0.3333333333333333,1.0,1.0,0.2,1.0,1.0,0.1,1.0
q_0013,Dense,1.0,1.0,0.04815600004803855,1.0,1.0,1.0,1.0,0.3333333333333333,1.0,1.0,0.2,1.0,1.0,0.1,1.0
q_0013,Hybrid,1.0,1.0,0.2573789997768472,1.0,1.0,1.0,1.0,0.3333333333333333,1.0,1.0,0.2,1.0,1.0,0.1,1.0
q_0013,Hybrid + Reranking,1.0,1.0,0.4424519993335707,1.0,1.0,1.0,1.0,0.3333333333333333,1.0,1.0,0.2,1.0,1.0,0.1,1.0
q_0013,Hybrid + Reranking + Query Rewrite,1.0,1.0,0.4550200001176563,1.0,1.0,1.0,1.0,0.3333333333333333,1.0,1.0,0.2,1.0,1.0,0.1,1.0
q_0014,BM25,0.14285714285714285,1.0,0.13280599978315877,0.0,0.0,0.0,0.0,0.0,0.0,0.0,0.0,0.0,1.0,0.1,0.3333333333333333
q_0014,Dense,0.16666666666666666,1.0,0.04314099987823283,0.0,0.0,0.0,0.0,0.0,0.0,0.0,0.0,0.0,1.0,0.1,0.3562071871080222
q_0014,Hybrid,0.16666666666666666,1.0,0.2019869998548529,0.0,0.0,0.0,0.0,0.0,0.0,0.0,0.0,0.0,1.0,0.1,0.3562071871080222
q_0014,Hybrid + Reranking,0.16666666666666666,1.0,0.45959799990669126,0.0,0.0,0.0,0.0,0.0,0.0,0.0,0.0,0.0,1.0,0.1,0.3562071871080222
q_0014,Hybrid + Reranking + Query Rewrite,0.16666666666666666,1.0,0.46604700037278235,0.0,0.0,0.0,0.0,0.0,0.0,0.0,0.0,0.0,1.0,0.1,0.3562071871080222
q_0016,BM25,1.0,1.0,0.15519799944740953,1.0,1.0,1.0,1.0,0.3333333333333333,1.0,1.0,0.2,1.0,1.0,0.1,1.0
q_0016,Dense,1.0,1.0,0.06898199990246212,1.0,1.0,1.0,1.0,0.3333333333333333,1.0,1.0,0.2,1.0,1.0,0.1,1.0
q_0016,Hybrid,1.0,1.0,0.1923000008900999,1.0,1.0,1.0,1.0,0.3333333333333333,1.0,1.0,0.2,1.0,1.0,0.1,1.0
q_0016,Hybrid + Reranking,1.0,1.0,0.4103419996681623,1.0,1.0,1.0,1.0,0.3333333333333333,1.0,1.0,0.2,1.0,1.0,0.1,1.0
q_0016,Hybrid + Reranking + Query Rewrite,1.0,1.0,0.43020900011470076,1.0,1.0,1.0,1.0,0.3333333333333333,1.0,1.0,0.2,1.0,1.0,0.1,1.0
q_0017,BM25,1.0,1.0,0.21483000000444008,1.0,1.0,1.0,1.0,0.3333333333333333,1.0,1.0,0.2,1.0,1.0,0.1,1.0
q_0017,Dense,0.16666666666666666,1.0,0.06349500017677201,0.0,0.0,0.0,0.0,0.0,0.0,0.0,0.0,0.0,1.0,0.1,0.3562071871080222
q_0017,Hybrid,0.5,1.0,0.24005800059967441,0.0,0.0,0.0,1.0,0.3333333333333333,0.6309297535714575,1.0,0.2,0.6309297535714575,1.0,0.1,0.6309297535714575
q_0017,Hybrid + Reranking,1.0,1.0,0.5150439992576139,1.0,1.0,1.0,1.0,0.3333333333333333,1.0,1.0,0.2,1.0,1.0,0.1,1.0
q_0017,Hybrid + Reranking + Query Rewrite,1.0,1.0,0.46729699988645734,1.0,1.0,1.0,1.0,0.3333333333333333,1.0,1.0,0.2,1.0,1.0,0.1,1.0
q_0018,BM25,1.0,1.0,0.15652100046281703,1.0,1.0,1.0,1.0,0.3333333333333333,1.0,1.0,0.2,1.0,1.0,0.1,1.0
q_0018,Dense,1.0,1.0,0.045077999857312534,1.0,1.0,1.0,1.0,0.3333333333333333,1.0,1.0,0.2,1.0,1.0,0.1,1.0
q_0018,Hybrid,1.0,1.0,0.20081600086996332,1.0,1.0,1.0,1.0,0.3333333333333333,1.0,1.0,0.2,1.0,1.0,0.1,1.0
q_0018,Hybrid + Reranking,1.0,1.0,0.42825599939533276,1.0,1.0,1.0,1.0,0.3333333333333333,1.0,1.0,0.2,1.0,1.0,0.1,1.0
q_0018,Hybrid + Reranking + Query Rewrite,1.0,1.0,0.6095500002629706,1.0,1.0,1.0,1.0,0.3333333333333333,1.0,1.0,0.2,1.0,1.0,0.1,1.0
q_0020,BM25,1.0,1.0,0.14479600031336304,1.0,1.0,1.0,1.0,0.3333333333333333,1.0,1.0,0.2,1.0,1.0,0.1,1.0
q_0020,Dense,1.0,1.0,0.04644799992092885,1.0,1.0,1.0,1.0,0.3333333333333333,1.0,1.0,0.2,1.0,1.0,0.1,1.0
q_0020,Hybrid,1.0,1.0,0.21422800000436837,1.0,1.0,1.0,1.0,0.3333333333333333,1.0,1.0,0.2,1.0,1.0,0.1,1.0
q_0020,Hybrid + Reranking,1.0,1.0,0.5286270006763516,1.0,1.0,1.0,1.0,0.3333333333333333,1.0,1.0,0.2,1.0,1.0,0.1,1.0
q_0020,Hybrid + Reranking + Query Rewrite,1.0,1.0,0.44859599984192755,1.0,1.0,1.0,1.0,0.3333333333333333,1.0,1.0,0.2,1.0,1.0,0.1,1.0
q_0021,BM25,1.0,1.0,0.163463999342639,1.0,1.0,1.0,1.0,0.3333333333333333,1.0,1.0,0.2,1.0,1.0,0.1,1.0
q_0021,Dense,0.16666666666666666,1.0,0.04928299949824577,0.0,0.0,0.0,0.0,0.0,0.0,0.0,0.0,0.0,1.0,0.1,0.3562071871080222
q_0021,Hybrid,0.5,1.0,0.2154020003217738,0.0,0.0,0.0,1.0,0.3333333333333333,0.6309297535714575,1.0,0.2,0.6309297535714575,1.0,0.1,0.6309297535714575
q_0021,Hybrid + Reranking,1.0,1.0,0.44326499937596964,1.0,1.0,1.0,1.0,0.3333333333333333,1.0,1.0,0.2,1.0,1.0,0.1,1.0
q_0021,Hybrid + Reranking + Query Rewrite,1.0,1.0,0.4852579995713313,1.0,1.0,1.0,1.0,0.3333333333333333,1.0,1.0,0.2,1.0,1.0,0.1,1.0
q_0022,BM25,0.2,1.0,0.12888299988844665,0.0,0.0,0.0,0.0,0.0,0.0,1.0,0.2,0.38685280723454163,1.0,0.1,0.38685280723454163
q_0022,Dense,0.5,1.0,0.0455149993285886,0.0,0.0,0.0,1.0,0.3333333333333333,0.6309297535714575,1.0,0.2,0.6309297535714575,1.0,0.1,0.6309297535714575
q_0022,Hybrid,0.25,1.0,0.20164199941063998,0.0,0.0,0.0,0.0,0.0,0.0,1.0,0.2,0.43067655807339306,1.0,0.1,0.43067655807339306
q_0022,Hybrid + Reranking,0.25,1.0,0.6706710000798921,0.0,0.0,0.0,0.0,0.0,0.0,1.0,0.2,0.43067655807339306,1.0,0.1,0.43067655807339306
q_0022,Hybrid + Reranking + Query Rewrite,0.25,1.0,0.5071490004411316,0.0,0.0,0.0,0.0,0.0,0.0,1.0,0.2,0.43067655807339306,1.0,0.1,0.43067655807339306
q_0023,BM25,0.5,1.0,0.14429200018639676,0.0,0.0,0.0,1.0,0.3333333333333333,0.6309297535714575,1.0,0.2,0.6309297535714575,1.0,0.1,0.6309297535714575
q_0023,Dense,0.5,1.0,0.05367599987948779,0.0,0.0,0.0,1.0,0.3333333333333333,0.6309297535714575,1.0,0.2,0.6309297535714575,1.0,0.1,0.6309297535714575
q_0023,Hybrid,0.5,1.0,0.2668529996299185,0.0,0.0,0.0,1.0,0.3333333333333333,0.6309297535714575,1.0,0.2,0.6309297535714575,1.0,0.1,0.6309297535714575
q_0023,Hybrid + Reranking,0.5,1.0,0.4718910004157806,0.0,0.0,0.0,1.0,0.3333333333333333,0.6309297535714575,1.0,0.2,0.6309297535714575,1.0,0.1,0.6309297535714575
q_0023,Hybrid + Reranking + Query Rewrite,0.5,1.0,0.4453089995877235,0.0,0.0,0.0,1.0,0.3333333333333333,0.6309297535714575,1.0,0.2,0.6309297535714575,1.0,0.1,0.6309297535714575
q_0024,BM25,0.125,1.0,0.13002200012124376,0.0,0.0,0.0,0.0,0.0,0.0,0.0,0.0,0.0,1.0,0.1,0.31546487678572877
q_0024,Dense,0.14285714285714285,1.0,0.04274500042811269,0.0,0.0,0.0,0.0,0.0,0.0,0.0,0.0,0.0,1.0,0.1,0.3333333333333333
q_0024,Hybrid,0.125,1.0,0.3418670003156876,0.0,0.0,0.0,0.0,0.0,0.0,0.0,0.0,0.0,1.0,0.1,0.31546487678572877
q_0024,Hybrid + Reranking,0.125,1.0,0.4592870000124094,0.0,0.0,0.0,0.0,0.0,0.0,0.0,0.0,0.0,1.0,0.1,0.31546487678572877
q_0024,Hybrid + Reranking + Query Rewrite,0.125,1.0,0.5877339999642572,0.0,0.0,0.0,0.0,0.0,0.0,0.0,0.0,0.0,1.0,0.1,0.31546487678572877
q_0026,BM25,1.0,1.0,0.12389499988785246,1.0,1.0,1.0,1.0,0.3333333333333333,1.0,1.0,0.2,1.0,1.0,0.1,1.0
q_0026,Dense,1.0,1.0,0.058724999689729884,1.0,1.0,1.0,1.0,0.3333333333333333,1.0,1.0,0.2,1.0,1.0,0.1,1.0
q_0026,Hybrid,1.0,1.0,0.19288400017103413,1.0,1.0,1.0,1.0,0.3333333333333333,1.0,1.0,0.2,1.0,1.0,0.1,1.0
q_0026,Hybrid + Reranking,1.0,1.0,0.4543979994195979,1.0,1.0,1.0,1.0,0.3333333333333333,1.0,1.0,0.2,1.0,1.0,0.1,1.0
q_0026,Hybrid + Reranking + Query Rewrite,1.0,1.0,0.4572609996102983,1.0,1.0,1.0,1.0,0.3333333333333333,1.0,1.0,0.2,1.0,1.0,0.1,1.0
q_0027,BM25,1.0,1.0,0.15438800073752645,1.0,1.0,1.0,1.0,0.3333333333333333,1.0,1.0,0.2,1.0,1.0,0.1,1.0
q_0027,Dense,0.5,1.0,0.05367900030250894,0.0,0.0,0.0,1.0,0.3333333333333333,0.6309297535714575,1.0,0.2,0.6309297535714575,1.0,0.1,0.6309297535714575
q_0027,Hybrid,1.0,1.0,0.25823299984040204,1.0,1.0,1.0,1.0,0.3333333333333333,1.0,1.0,0.2,1.0,1.0,0.1,1.0
q_0027,Hybrid + Reranking,1.0,1.0,0.5026380003982922,1.0,1.0,1.0,1.0,0.3333333333333333,1.0,1.0,0.2,1.0,1.0,0.1,1.0
q_0027,Hybrid + Reranking + Query Rewrite,1.0,1.0,0.49297599980491214,1.0,1.0,1.0,1.0,0.3333333333333333,1.0,1.0,0.2,1.0,1.0,0.1,1.0
q_0028,BM25,1.0,1.0,0.13256300007924438,1.0,1.0,1.0,1.0,0.3333333333333333,1.0,1.0,0.2,1.0,1.0,0.1,1.0
q_0028,Dense,0.3333333333333333,1.0,0.046072000259300694,0.0,0.0,0.0,1.0,0.3333333333333333,0.5,1.0,0.2,0.5,1.0,0.1,0.5
q_0028,Hybrid,0.5,1.0,0.20045800010848325,0.0,0.0,0.0,1.0,0.3333333333333333,0.6309297535714575,1.0,0.2,0.6309297535714575,1.0,0.1,0.6309297535714575
q_0028,Hybrid + Reranking,1.0,1.0,0.44384299962985096,1.0,1.0,1.0,1.0,0.3333333333333333,1.0,1.0,0.2,1.0,1.0,0.1,1.0
q_0028,Hybrid + Reranking + Query Rewrite,1.0,1.0,0.42946099983964814,1.0,1.0,1.0,1.0,0.3333333333333333,1.0,1.0,0.2,1.0,1.0,0.1,1.0
q_0030,BM25,1.0,1.0,0.1458670003557927,1.0,1.0,1.0,1.0,0.3333333333333333,1.0,1.0,0.2,1.0,1.0,0.1,1.0
q_0030,Dense,0.16666666666666666,1.0,0.04783199983648956,0.0,0.0,0.0,0.0,0.0,0.0,0.0,0.0,0.0,1.0,0.1,0.3562071871080222
q_0030,Hybrid,0.5,1.0,0.24471699998684926,0.0,0.0,0.0,1.0,0.3333333333333333,0.6309297535714575,1.0,0.2,0.6309297535714575,1.0,0.1,0.6309297535714575
q_0030,Hybrid + Reranking,1.0,1.0,0.7467279992852127,1.0,1.0,1.0,1.0,0.3333333333333333,1.0,1.0,0.2,1.0,1.0,0.1,1.0
q_0030,Hybrid + Reranking + Query Rewrite,1.0,1.0,0.5225629993219627,1.0,1.0,1.0,1.0,0.3333333333333333,1.0,1.0,0.2,1.0,1.0,0.1,1.0
q_0031,BM25,1.0,1.0,0.1436930006093462,1.0,1.0,1.0,1.0,0.3333333333333333,1.0,1.0,0.2,1.0,1.0,0.1,1.0
q_0031,Dense,0.25,1.0,0.047016000280564185,0.0,0.0,0.0,0.0,0.0,0.0,1.0,0.2,0.43067655807339306,1.0,0.1,0.43067655807339306
q_0031,Hybrid,1.0,1.0,0.2149579995602835,1.0,1.0,1.0,1.0,0.3333333333333333,1.0,1.0,0.2,1.0,1.0,0.1,1.0
q_0031,Hybrid + Reranking,1.0,1.0,0.47262400039471686,1.0,1.0,1.0,1.0,0.3333333333333333,1.0,1.0,0.2,1.0,1.0,0.1,1.0
q_0031,Hybrid + Reranking + Query Rewrite,1.0,1.0,0.4595059999701334,1.0,1.0,1.0,1.0,0.3333333333333333,1.0,1.0,0.2,1.0,1.0,0.1,1.0
q_0032,BM25,0.14285714285714285,1.0,0.16349199995602248,0.0,0.0,0.0,0.0,0.0,0.0,0.0,0.0,0.0,1.0,0.1,0.3333333333333333
q_0032,Dense,0.14285714285714285,1.0,0.04781000006914837,0.0,0.0,0.0,0.0,0.0,0.0,0.0,0.0,0.0,1.0,0.1,0.3333333333333333
q_0032,Hybrid,0.14285714285714285,1.0,0.20354200023575686,0.0,0.0,0.0,0.0,0.0,0.0,0.0,0.0,0.0,1.0,0.1,0.3333333333333333
q_0032,Hybrid + Reranking,0.14285714285714285,1.0,0.560860999939905,0.0,0.0,0.0,0.0,0.0,0.0,0.0,0.0,0.0,1.0,0.1,0.3333333333333333
q_0032,Hybrid + Reranking + Query Rewrite,0.14285714285714285,1.0,0.5403219993240782,0.0,0.0,0.0,0.0,0.0,0.0,0.0,0.0,0.0,1.0,0.1,0.3333333333333333
q_0033,BM25,1.0,1.0,0.14489600016531767,1.0,1.0,1.0,1.0,0.3333333333333333,1.0,1.0,0.2,1.0,1.0,0.1,1.0
q_0033,Dense,1.0,1.0,0.052723000408150256,1.0,1.0,1.0,1.0,0.3333333333333333,1.0,1.0,0.2,1.0,1.0,0.1,1.0
q_0033,Hybrid,1.0,1.0,0.23763299941492733,1.0,1.0,1.0,1.0,0.3333333333333333,1.0,1.0,0.2,1.0,1.0,0.1,1.0
q_0033,Hybrid + Reranking,1.0,1.0,0.4870449993177317,1.0,1.0,1.0,1.0,0.3333333333333333,1.0,1.0,0.2,1.0,1.0,0.1,1.0
q_0033,Hybrid + Reranking + Query Rewrite,1.0,1.0,0.48552799944445724,1.0,1.0,1.0,1.0,0.3333333333333333,1.0,1.0,0.2,1.0,1.0,0.1,1.0
q_0034,BM25,0.1111111111111111,1.0,0.13552300060837297,0.0,0.0,0.0,0.0,0.0,0.0,0.0,0.0,0.0,1.0,0.1,0.3010299956639812
q_0034,Dense,0.125,1.0,0.04859399996348657,0.0,0.0,0.0,0.0,0.0,0.0,0.0,0.0,0.0,1.0,0.1,0.31546487678572877
q_0034,Hybrid,0.1111111111111111,1.0,0.20475499968597433,0.0,0.0,0.0,0.0,0.0,0.0,0.0,0.0,0.0,1.0,0.1,0.3010299956639812
q_0034,Hybrid + Reranking,0.0,0.0,0.4329049997977563,0.0,0.0,0.0,0.0,0.0,0.0,0.0,0.0,0.0,0.0,0.0,0.0
q_0034,Hybrid + Reranking + Query Rewrite,0.0,0.0,0.4703149998022127,0.0,0.0,0.0,0.0,0.0,0.0,0.0,0.0,0.0,0.0,0.0,0.0
q_0036,BM25,1.0,1.0,0.11480899956950452,1.0,1.0,1.0,1.0,0.3333333333333333,1.0,1.0,0.2,1.0,1.0,0.1,1.0
q_0036,Dense,1.0,1.0,0.04283299949747743,1.0,1.0,1.0,1.0,0.3333333333333333,1.0,1.0,0.2,1.0,1.0,0.1,1.0
q_0036,Hybrid,1.0,1.0,0.18406399976811372,1.0,1.0,1.0,1.0,0.3333333333333333,1.0,1.0,0.2,1.0,1.0,0.1,1.0
q_0036,Hybrid + Reranking,1.0,1.0,0.4424370008564438,1.0,1.0,1.0,1.0,0.3333333333333333,1.0,1.0,0.2,1.0,1.0,0.1,1.0
q_0036,Hybrid + Reranking + Query Rewrite,1.0,1.0,0.47207900024659466,1.0,1.0,1.0,1.0,0.3333333333333333,1.0,1.0,0.2,1.0,1.0,0.1,1.0
q_0037,BM25,1.0,1.0,0.1840799995989073,1.0,1.0,1.0,1.0,0.3333333333333333,1.0,1.0,0.2,1.0,1.0,0.1,1.0
q_0037,Dense,0.16666666666666666,1.0,0.057934000324166846,0.0,0.0,0.0,0.0,0.0,0.0,0.0,0.0,0.0,1.0,0.1,0.3562071871080222
q_0037,Hybrid,0.3333333333333333,1.0,0.2346480005144258,0.0,0.0,0.0,1.0,0.3333333333333333,0.5,1.0,0.2,0.5,1.0,0.1,0.5
q_0037,Hybrid + Reranking,1.0,1.0,0.4623120003088843,1.0,1.0,1.0,1.0,0.3333333333333333,1.0,1.0,0.2,1.0,1.0,0.1,1.0
q_0037,Hybrid + Reranking + Query Rewrite,1.0,1.0,0.4836469997826498,1.0,1.0,1.0,1.0,0.3333333333333333,1.0,1.0,0.2,1.0,1.0,0.1,1.0
q_0038,BM25,1.0,1.0,0.12974200035387184,1.0,1.0,1.0,1.0,0.3333333333333333,1.0,1.0,0.2,1.0,1.0,0.1,1.0
q_0038,Dense,0.5,1.0,0.041029000385606196,0.0,0.0,0.0,1.0,0.3333333333333333,0.6309297535714575,1.0,0.2,0.6309297535714575,1.0,0.1,0.6309297535714575
q_0038,Hybrid,1.0,1.0,0.19738199989660643,1.0,1.0,1.0,1.0,0.3333333333333333,1.0,1.0,0.2,1.0,1.0,0.1,1.0
q_0038,Hybrid + Reranking,1.0,1.0,0.4758869999932358,1.0,1.0,1.0,1.0,0.3333333333333333,1.0,1.0,0.2,1.0,1.0,0.1,1.0
q_0038,Hybrid + Reranking + Query Rewrite,1.0,1.0,0.4227479994369787,1.0,1.0,1.0,1.0,0.3333333333333333,1.0,1.0,0.2,1.0,1.0,0.1,1.0
q_0040,BM25,1.0,1.0,0.14033899969945196,1.0,1.0,1.0,1.0,0.3333333333333333,1.0,1.0,0.2,1.0,1.0,0.1,1.0
q_0040,Dense,0.25,1.0,0.044081999476475175,0.0,0.0,0.0,0.0,0.0,0.0,1.0,0.2,0.43067655807339306,1.0,0.1,0.43067655807339306
q_0040,Hybrid,1.0,1.0,0.24245100030384492,1.0,1.0,1.0,1.0,0.3333333333333333,1.0,1.0,0.2,1.0,1.0,0.1,1.0
q_0040,Hybrid + Reranking,1.0,1.0,0.4928210000798572,1.0,1.0,1.0,1.0,0.3333333333333333,1.0,1.0,0.2,1.0,1.0,0.1,1.0
q_0040,Hybrid + Reranking + Query Rewrite,1.0,1.0,0.47557399921061005,1.0,1.0,1.0,1.0,0.3333333333333333,1.0,1.0,0.2,1.0,1.0,0.1,1.0
q_0041,BM25,1.0,1.0,0.1418370002284064,1.0,1.0,1.0,1.0,0.3333333333333333,1.0,1.0,0.2,1.0,1.0,0.1,1.0
q_0041,Dense,0.16666666666666666,1.0,0.04803999945579562,0.0,0.0,0.0,0.0,0.0,0.0,0.0,0.0,0.0,1.0,0.1,0.3562071871080222
q_0041,Hybrid,0.25,1.0,0.2159549994757981,0.0,0.0,0.0,0.0,0.0,0.0,1.0,0.2,0.43067655807339306,1.0,0.1,0.43067655807339306
q_0041,Hybrid + Reranking,1.0,1.0,0.45553300060419133,1.0,1.0,1.0,1.0,0.3333333333333333,1.0,1.0,0.2,1.0,1.0,0.1,1.0
q_0041,Hybrid + Reranking + Query Rewrite,1.0,1.0,0.4354129996499978,1.0,1.0,1.0,1.0,0.3333333333333333,1.0,1.0,0.2,1.0,1.0,0.1,1.0
q_0042,BM25,0.125,1.0,0.1280879996556905,0.0,0.0,0.0,0.0,0.0,0.0,0.0,0.0,0.0,1.0,0.1,0.31546487678572877
q_0042,Dense,0.125,1.0,0.04277700008969987,0.0,0.0,0.0,0.0,0.0,0.0,0.0,0.0,0.0,1.0,0.1,0.31546487678572877
q_0042,Hybrid,0.125,1.0,0.23090600006980821,0.0,0.0,0.0,0.0,0.0,0.0,0.0,0.0,0.0,1.0,0.1,0.31546487678572877
q_0042,Hybrid + Reranking,0.125,1.0,0.4279589993529953,0.0,0.0,0.0,0.0,0.0,0.0,0.0,0.0,0.0,1.0,0.1,0.31546487678572877
q_0042,Hybrid + Reranking + Query Rewrite,0.125,1.0,0.4448350000529899,0.0,0.0,0.0,0.0,0.0,0.0,0.0,0.0,0.0,1.0,0.1,0.31546487678572877
q_0043,BM25,1.0,1.0,0.14503599959425628,1.0,1.0,1.0,1.0,0.3333333333333333,1.0,1.0,0.2,1.0,1.0,0.1,1.0
q_0043,Dense,1.0,1.0,0.04834399987885263,1.0,1.0,1.0,1.0,0.3333333333333333,1.0,1.0,0.2,1.0,1.0,0.1,1.0
q_0043,Hybrid,1.0,1.0,0.25609800013626227,1.0,1.0,1.0,1.0,0.3333333333333333,1.0,1.0,0.2,1.0,1.0,0.1,1.0
q_0043,Hybrid + Reranking,1.0,1.0,0.461409999843454,1.0,1.0,1.0,1.0,0.3333333333333333,1.0,1.0,0.2,1.0,1.0,0.1,1.0
q_0043,Hybrid + Reranking + Query Rewrite,1.0,1.0,0.43465399994602194,1.0,1.0,1.0,1.0,0.3333333333333333,1.0,1.0,0.2,1.0,1.0,0.1,1.0
q_0044,BM25,0.1,1.0,0.12900999990961282,0.0,0.0,0.0,0.0,0.0,0.0,0.0,0.0,0.0,1.0,0.1,0.2890648263178879
q_0044,Dense,0.1111111111111111,1.0,0.041786999645410106,0.0,0.0,0.0,0.0,0.0,0.0,0.0,0.0,0.0,1.0,0.1,0.3010299956639812
q_0044,Hybrid,0.1,1.0,0.19856200015055947,0.0,0.0,0.0,0.0,0.0,0.0,0.0,0.0,0.0,1.0,0.1,0.2890648263178879
q_0044,Hybrid + Reranking,0.0,0.0,0.44562799939740216,0.0,0.0,0.0,0.0,0.0,0.0,0.0,0.0,0.0,0.0,0.0,0.0
q_0044,Hybrid + Reranking + Query Rewrite,0.0,0.0,0.4121110005144146,0.0,0.0,0.0,0.0,0.0,0.0,0.0,0.0,0.0,0.0,0.0,0.0
q_0046,BM25,1.0,1.0,0.11240200001338962,1.0,1.0,1.0,1.0,0.3333333333333333,1.0,1.0,0.2,1.0,1.0,0.1,1.0
q_0046,Dense,1.0,1.0,0.06493599994428223,1.0,1.0,1.0,1.0,0.3333333333333333,1.0,1.0,0.2,1.0,1.0,0.1,1.0
q_0046,Hybrid,1.0,1.0,0.18661900048755342,1.0,1.0,1.0,1.0,0.3333333333333333,1.0,1.0,0.2,1.0,1.0,0.1,1.0
q_0046,Hybrid + Reranking,1.0,1.0,0.4096350003237603,1.0,1.0,1.0,1.0,0.3333333333333333,1.0,1.0,0.2,1.0,1.0,0.1,1.0
q_0046,Hybrid + Reranking + Query Rewrite,1.0,1.0,0.42567200034682173,1.0,1.0,1.0,1.0,0.3333333333333333,1.0,1.0,0.2,1.0,1.0,0.1,1.0
q_0047,BM25,1.0,1.0,0.15514100050495472,1.0,1.0,1.0,1.0,0.3333333333333333,1.0,1.0,0.2,1.0,1.0,0.1,1.0
q_0047,Dense,0.3333333333333333,1.0,0.1259929995285347,0.0,0.0,0.0,1.0,0.3333333333333333,0.5,1.0,0.2,0.5,1.0,0.1,0.5
q_0047,Hybrid,1.0,1.0,0.23555499956273707,1.0,1.0,1.0,1.0,0.3333333333333333,1.0,1.0,0.2,1.0,1.0,0.1,1.0
q_0047,Hybrid + Reranking,1.0,1.0,0.4779249993589474,1.0,1.0,1.0,1.0,0.3333333333333333,1.0,1.0,0.2,1.0,1.0,0.1,1.0
q_0047,Hybrid + Reranking + Query Rewrite,1.0,1.0,0.45676300032937434,1.0,1.0,1.0,1.0,0.3333333333333333,1.0,1.0,0.2,1.0,1.0,0.1,1.0
q_0048,BM25,1.0,1.0,0.12899800003651762,1.0,1.0,1.0,1.0,0.3333333333333333,1.0,1.0,0.2,1.0,1.0,0.1,1.0
q_0048,Dense,0.25,1.0,0.0406340004701633,0.0,0.0,0.0,0.0,0.0,0.0,1.0,0.2,0.43067655807339306,1.0,0.1,0.43067655807339306
q_0048,Hybrid,0.5,1.0,0.23084800068318145,0.0,0.0,0.0,1.0,0.3333333333333333,0.6309297535714575,1.0,0.2,0.6309297535714575,1.0,0.1,0.6309297535714575
q_0048,Hybrid + Reranking,1.0,1.0,0.4354559996500029,1.0,1.0,1.0,1.0,0.3333333333333333,1.0,1.0,0.2,1.0,1.0,0.1,1.0
q_0048,Hybrid + Reranking + Query Rewrite,1.0,1.0,0.46125300013954984,1.0,1.0,1.0,1.0,0.3333333333333333,1.0,1.0,0.2,1.0,1.0,0.1,1.0
q_0050,BM25,1.0,1.0,0.14379599997482728,1.0,1.0,1.0,1.0,0.3333333333333333,1.0,1.0,0.2,1.0,1.0,0.1,1.0
q_0050,Dense,0.16666666666666666,1.0,0.050288000238651875,0.0,0.0,0.0,0.0,0.0,0.0,0.0,0.0,0.0,1.0,0.1,0.3562071871080222
q_0050,Hybrid,0.25,1.0,0.21717800063925097,0.0,0.0,0.0,0.0,0.0,0.0,1.0,0.2,0.43067655807339306,1.0,0.1,0.43067655807339306
q_0050,Hybrid + Reranking,1.0,1.0,0.46511500022461405,1.0,1.0,1.0,1.0,0.3333333333333333,1.0,1.0,0.2,1.0,1.0,0.1,1.0
q_0050,Hybrid + Reranking + Query Rewrite,1.0,1.0,0.4810880000150064,1.0,1.0,1.0,1.0,0.3333333333333333,1.0,1.0,0.2,1.0,1.0,0.1,1.0
q_0051,BM25,1.0,1.0,0.14302299950941233,1.0,1.0,1.0,1.0,0.3333333333333333,1.0,1.0,0.2,1.0,1.0,0.1,1.0
q_0051,Dense,0.5,1.0,0.05043300006946083,0.0,0.0,0.0,1.0,0.3333333333333333,0.6309297535714575,1.0,0.2,0.6309297535714575,1.0,0.1,0.6309297535714575
q_0051,Hybrid,1.0,1.0,0.24301299981743796,1.0,1.0,1.0,1.0,0.3333333333333333,1.0,1.0,0.2,1.0,1.0,0.1,1.0
q_0051,Hybrid + Reranking,1.0,1.0,0.44794400037062587,1.0,1.0,1.0,1.0,0.3333333333333333,1.0,1.0,0.2,1.0,1.0,0.1,1.0
q_0051,Hybrid + Reranking + Query Rewrite,1.0,1.0,0.6780249996154453,1.0,1.0,1.0,1.0,0.3333333333333333,1.0,1.0,0.2,1.0,1.0,0.1,1.0
q_0052,BM25,0.1111111111111111,1.0,0.24833200041030068,0.0,0.0,0.0,0.0,0.0,0.0,0.0,0.0,0.0,1.0,0.1,0.3010299956639812
q_0052,Dense,0.1111111111111111,1.0,0.07732999984000344,0.0,0.0,0.0,0.0,0.0,0.0,0.0,0.0,0.0,1.0,0.1,0.3010299956639812
q_0052,Hybrid,0.1111111111111111,1.0,0.2144310001312988,0.0,0.0,0.0,0.0,0.0,0.0,0.0,0.0,0.0,1.0,0.1,0.3010299956639812
q_0052,Hybrid + Reranking,0.0,0.0,0.48690600033296505,0.0,0.0,0.0,0.0,0.0,0.0,0.0,0.0,0.0,0.0,0.0,0.0
q_0052,Hybrid + Reranking + Query Rewrite,0.0,0.0,0.4406589996506227,0.0,0.0,0.0,0.0,0.0,0.0,0.0,0.0,0.0,0.0,0.0,0.0
q_0053,BM25,1.0,1.0,0.1691450006546802,1.0,1.0,1.0,1.0,0.3333333333333333,1.0,1.0,0.2,1.0,1.0,0.1,1.0
q_0053,Dense,1.0,1.0,0.05083599990030052,1.0,1.0,1.0,1.0,0.3333333333333333,1.0,1.0,0.2,1.0,1.0,0.1,1.0
q_0053,Hybrid,1.0,1.0,0.21664900032192236,1.0,1.0,1.0,1.0,0.3333333333333333,1.0,1.0,0.2,1.0,1.0,0.1,1.0
q_0053,Hybrid + Reranking,1.0,1.0,0.49664400012261467,1.0,1.0,1.0,1.0,0.3333333333333333,1.0,1.0,0.2,1.0,1.0,0.1,1.0
q_0053,Hybrid + Reranking + Query Rewrite,1.0,1.0,0.4727530003947322,1.0,1.0,1.0,1.0,0.3333333333333333,1.0,1.0,0.2,1.0,1.0,0.1,1.0
q_0054,BM25,0.3333333333333333,1.0,0.13178599965613103,0.0,0.0,0.0,1.0,0.3333333333333333,0.5,1.0,0.2,0.5,1.0,0.1,0.5
q_0054,Dense,0.3333333333333333,1.0,0.043278000703139696,0.0,0.0,0.0,1.0,0.3333333333333333,0.5,1.0,0.2,0.5,1.0,0.1,0.5
q_0054,Hybrid,0.25,1.0,0.20027200025651837,0.0,0.0,0.0,0.0,0.0,0.0,1.0,0.2,0.43067655807339306,1.0,0.1,0.43067655807339306
q_0054,Hybrid + Reranking,0.25,1.0,0.48796399914863287,0.0,0.0,0.0,0.0,0.0,0.0,1.0,0.2,0.43067655807339306,1.0,0.1,0.43067655807339306
q_0054,Hybrid + Reranking + Query Rewrite,0.25,1.0,0.43278199973428855,0.0,0.0,0.0,0.0,0.0,0.0,1.0,0.2,0.43067655807339306,1.0,0.1,0.43067655807339306
q_0056,BM25,1.0,1.0,0.11486000039440114,1.0,1.0,1.0,1.0,0.3333333333333333,1.0,1.0,0.2,1.0,1.0,0.1,1.0
q_0056,Dense,1.0,1.0,0.06656599998677848,1.0,1.0,1.0,1.0,0.3333333333333333,1.0,1.0,0.2,1.0,1.0,0.1,1.0
q_0056,Hybrid,1.0,1.0,0.19502800023474265,1.0,1.0,1.0,1.0,0.3333333333333333,1.0,1.0,0.2,1.0,1.0,0.1,1.0
q_0056,Hybrid + Reranking,1.0,1.0,0.4072700003234786,1.0,1.0,1.0,1.0,0.3333333333333333,1.0,1.0,0.2,1.0,1.0,0.1,1.0
q_0056,Hybrid + Reranking + Query Rewrite,1.0,1.0,0.4384760004541022,1.0,1.0,1.0,1.0,0.3333333333333333,1.0,1.0,0.2,1.0,1.0,0.1,1.0
q_0057,BM25,1.0,1.0,0.15531400003965246,1.0,1.0,1.0,1.0,0.3333333333333333,1.0,1.0,0.2,1.0,1.0,0.1,1.0
q_0057,Dense,1.0,1.0,0.06129000030341558,1.0,1.0,1.0,1.0,0.3333333333333333,1.0,1.0,0.2,1.0,1.0,0.1,1.0
q_0057,Hybrid,1.0,1.0,0.23049100036587333,1.0,1.0,1.0,1.0,0.3333333333333333,1.0,1.0,0.2,1.0,1.0,0.1,1.0
q_0057,Hybrid + Reranking,1.0,1.0,0.5152389994691475,1.0,1.0,1.0,1.0,0.3333333333333333,1.0,1.0,0.2,1.0,1.0,0.1,1.0
q_0057,Hybrid + Reranking + Query Rewrite,1.0,1.0,0.46602900056313956,1.0,1.0,1.0,1.0,0.3333333333333333,1.0,1.0,0.2,1.0,1.0,0.1,1.0
q_0058,BM25,1.0,1.0,0.13866500012227334,1.0,1.0,1.0,1.0,0.3333333333333333,1.0,1.0,0.2,1.0,1.0,0.1,1.0
q_0058,Dense,0.5,1.0,0.0661510002828436,0.0,0.0,0.0,1.0,0.3333333333333333,0.6309297535714575,1.0,0.2,0.6309297535714575,1.0,0.1,0.6309297535714575
q_0058,Hybrid,1.0,1.0,0.21770799958176212,1.0,1.0,1.0,1.0,0.3333333333333333,1.0,1.0,0.2,1.0,1.0,0.1,1.0
q_0058,Hybrid + Reranking,1.0,1.0,0.4304059993955889,1.0,1.0,1.0,1.0,0.3333333333333333,1.0,1.0,0.2,1.0,1.0,0.1,1.0
q_0058,Hybrid + Reranking + Query Rewrite,1.0,1.0,0.44385099954524776,1.0,1.0,1.0,1.0,0.3333333333333333,1.0,1.0,0.2,1.0,1.0,0.1,1.0
q_0060,BM25,1.0,1.0,0.14084900067246053,1.0,1.0,1.0,1.0,0.3333333333333333,1.0,1.0,0.2,1.0,1.0,0.1,1.0
q_0060,Dense,0.5,1.0,0.04849200013268273,0.0,0.0,0.0,1.0,0.3333333333333333,0.6309297535714575,1.0,0.2,0.6309297535714575,1.0,0.1,0.6309297535714575
q_0060,Hybrid,1.0,1.0,0.24251700051536318,1.0,1.0,1.0,1.0,0.3333333333333333,1.0,1.0,0.2,1.0,1.0,0.1,1.0
q_0060,Hybrid + Reranking,1.0,1.0,0.47208699925249675,1.0,1.0,1.0,1.0,0.3333333333333333,1.0,1.0,0.2,1.0,1.0,0.1,1.0
q_0060,Hybrid + Reranking + Query Rewrite,1.0,1.0,0.47796299986657687,1.0,1.0,1.0,1.0,0.3333333333333333,1.0,1.0,0.2,1.0,1.0,0.1,1.0
q_0061,BM25,1.0,1.0,0.13912299982621334,1.0,1.0,1.0,1.0,0.3333333333333333,1.0,1.0,0.2,1.0,1.0,0.1,1.0
q_0061,Dense,0.3333333333333333,1.0,0.044018999687978067,0.0,0.0,0.0,1.0,0.3333333333333333,0.5,1.0,0.2,0.5,1.0,0.1,0.5
q_0061,Hybrid,1.0,1.0,0.2919609996752115,1.0,1.0,1.0,1.0,0.3333333333333333,1.0,1.0,0.2,1.0,1.0,0.1,1.0
q_0061,Hybrid + Reranking,1.0,1.0,0.4377790000944515,1.0,1.0,1.0,1.0,0.3333333333333333,1.0,1.0,0.2,1.0,1.0,0.1,1.0
q_0061,Hybrid + Reranking + Query Rewrite,1.0,1.0,0.4531210006462061,1.0,1.0,1.0,1.0,0.3333333333333333,1.0,1.0,0.2,1.0,1.0,0.1,1.0
q_0062,BM25,0.1,1.0,0.12962800064997282,0.0,0.0,0.0,0.0,0.0,0.0,0.0,0.0,0.0,1.0,0.1,0.2890648263178879
q_0062,Dense,0.1,1.0,0.0783890000093379,0.0,0.0,0.0,0.0,0.0,0.0,0.0,0.0,0.0,1.0,0.1,0.2890648263178879
q_0062,Hybrid,0.1,1.0,0.2037209997070022,0.0,0.0,0.0,0.0,0.0,0.0,0.0,0.0,0.0,1.0,0.1,0.2890648263178879
q_0062,Hybrid + Reranking,0.0,0.0,0.45937699997011805,0.0,0.0,0.0,0.0,0.0,0.0,0.0,0.0,0.0,0.0,0.0,0.0
q_0062,Hybrid + Reranking + Query Rewrite,0.0,0.0,0.44025199986208463,0.0,0.0,0.0,0.0,0.0,0.0,0.0,0.0,0.0,0.0,0.0,0.0
q_0063,BM25,1.0,1.0,0.14281699986895546,1.0,1.0,1.0,1.0,0.3333333333333333,1.0,1.0,0.2,1.0,1.0,0.1,1.0
q_0063,Dense,1.0,1.0,0.04671199985750718,1.0,1.0,1.0,1.0,0.3333333333333333,1.0,1.0,0.2,1.0,1.0,0.1,1.0
q_0063,Hybrid,1.0,1.0,0.2686199995878269,1.0,1.0,1.0,1.0,0.3333333333333333,1.0,1.0,0.2,1.0,1.0,0.1,1.0
q_0063,Hybrid + Reranking,1.0,1.0,0.4970879999746103,1.0,1.0,1.0,1.0,0.3333333333333333,1.0,1.0,0.2,1.0,1.0,0.1,1.0
q_0063,Hybrid + Reranking + Query Rewrite,1.0,1.0,0.48217699986707885,1.0,1.0,1.0,1.0,0.3333333333333333,1.0,1.0,0.2,1.0,1.0,0.1,1.0
q_0064,BM25,1.0,1.0,0.13030300033278763,1.0,1.0,1.0,1.0,0.3333333333333333,1.0,1.0,0.2,1.0,1.0,0.1,1.0
q_0064,Dense,0.5,1.0,0.04929900023853406,0.0,0.0,0.0,1.0,0.3333333333333333,0.6309297535714575,1.0,0.2,0.6309297535714575,1.0,0.1,0.6309297535714575
q_0064,Hybrid,1.0,1.0,0.20731899985548807,1.0,1.0,1.0,1.0,0.3333333333333333,1.0,1.0,0.2,1.0,1.0,0.1,1.0
q_0064,Hybrid + Reranking,1.0,1.0,0.4373319998194347,1.0,1.0,1.0,1.0,0.3333333333333333,1.0,1.0,0.2,1.0,1.0,0.1,1.0
q_0064,Hybrid + Reranking + Query Rewrite,1.0,1.0,0.4167609995420207,1.0,1.0,1.0,1.0,0.3333333333333333,1.0,1.0,0.2,1.0,1.0,0.1,1.0
q_0066,BM25,1.0,1.0,0.11531400014064275,1.0,1.0,1.0,1.0,0.3333333333333333,1.0,1.0,0.2,1.0,1.0,0.1,1.0
q_0066,Dense,1.0,1.0,0.0435009997090674,1.0,1.0,1.0,1.0,0.3333333333333333,1.0,1.0,0.2,1.0,1.0,0.1,1.0
q_0066,Hybrid,1.0,1.0,0.19919100031984271,1.0,1.0,1.0,1.0,0.3333333333333333,1.0,1.0,0.2,1.0,1.0,0.1,1.0
q_0066,Hybrid + Reranking,1.0,1.0,0.4819309997401433,1.0,1.0,1.0,1.0,0.3333333333333333,1.0,1.0,0.2,1.0,1.0,0.1,1.0
q_0066,Hybrid + Reranking + Query Rewrite,1.0,1.0,0.41681799939397024,1.0,1.0,1.0,1.0,0.3333333333333333,1.0,1.0,0.2,1.0,1.0,0.1,1.0
q_0067,BM25,1.0,1.0,0.17947200012713438,1.0,1.0,1.0,1.0,0.3333333333333333,1.0,1.0,0.2,1.0,1.0,0.1,1.0
q_0067,Dense,0.3333333333333333,1.0,0.05637200047203805,0.0,0.0,0.0,1.0,0.3333333333333333,0.5,1.0,0.2,0.5,1.0,0.1,0.5
q_0067,Hybrid,1.0,1.0,0.269444999503321,1.0,1.0,1.0,1.0,0.3333333333333333,1.0,1.0,0.2,1.0,1.0,0.1,1.0
q_0067,Hybrid + Reranking,1.0,1.0,0.5300570001054439,1.0,1.0,1.0,1.0,0.3333333333333333,1.0,1.0,0.2,1.0,1.0,0.1,1.0
q_0067,Hybrid + Reranking + Query Rewrite,1.0,1.0,0.475031999485509,1.0,1.0,1.0,1.0,0.3333333333333333,1.0,1.0,0.2,1.0,1.0,0.1,1.0
q_0068,BM25,1.0,1.0,0.13161399965611054,1.0,1.0,1.0,1.0,0.3333333333333333,1.0,1.0,0.2,1.0,1.0,0.1,1.0
q_0068,Dense,1.0,1.0,0.04196099962427979,1.0,1.0,1.0,1.0,0.3333333333333333,1.0,1.0,0.2,1.0,1.0,0.1,1.0
q_0068,Hybrid,1.0,1.0,0.22831899968878133,1.0,1.0,1.0,1.0,0.3333333333333333,1.0,1.0,0.2,1.0,1.0,0.1,1.0
q_0068,Hybrid + Reranking,1.0,1.0,0.4414430004544556,1.0,1.0,1.0,1.0,0.3333333333333333,1.0,1.0,0.2,1.0,1.0,0.1,1.0
q_0068,Hybrid + Reranking + Query Rewrite,1.0,1.0,0.4254320001564338,1.0,1.0,1.0,1.0,0.3333333333333333,1.0,1.0,0.2,1.0,1.0,0.1,1.0
q_0070,BM25,1.0,1.0,0.1629090002097655,1.0,1.0,1.0,1.0,0.3333333333333333,1.0,1.0,0.2,1.0,1.0,0.1,1.0
q_0070,Dense,0.3333333333333333,1.0,0.047480999455729034,0.0,0.0,0.0,1.0,0.3333333333333333,0.5,1.0,0.2,0.5,1.0,0.1,0.5
q_0070,Hybrid,1.0,1.0,0.21542100057558855,1.0,1.0,1.0,1.0,0.3333333333333333,1.0,1.0,0.2,1.0,1.0,0.1,1.0
q_0070,Hybrid + Reranking,1.0,1.0,0.4833740003959974,1.0,1.0,1.0,1.0,0.3333333333333333,1.0,1.0,0.2,1.0,1.0,0.1,1.0
q_0070,Hybrid + Reranking + Query Rewrite,1.0,1.0,0.5096479999338044,1.0,1.0,1.0,1.0,0.3333333333333333,1.0,1.0,0.2,1.0,1.0,0.1,1.0
q_0071,BM25,1.0,1.0,0.14552299944625702,1.0,1.0,1.0,1.0,0.3333333333333333,1.0,1.0,0.2,1.0,1.0,0.1,1.0
q_0071,Dense,1.0,1.0,0.050927000302181114,1.0,1.0,1.0,1.0,0.3333333333333333,1.0,1.0,0.2,1.0,1.0,0.1,1.0
q_0071,Hybrid,1.0,1.0,0.26011099998868303,1.0,1.0,1.0,1.0,0.3333333333333333,1.0,1.0,0.2,1.0,1.0,0.1,1.0
q_0071,Hybrid + Reranking,1.0,1.0,0.47047599946381524,1.0,1.0,1.0,1.0,0.3333333333333333,1.0,1.0,0.2,1.0,1.0,0.1,1.0
q_0071,Hybrid + Reranking + Query Rewrite,1.0,1.0,0.4649940001399955,1.0,1.0,1.0,1.0,0.3333333333333333,1.0,1.0,0.2,1.0,1.0,0.1,1.0
q_0072,BM25,1.0,1.0,0.13124099950800883,1.0,1.0,1.0,1.0,0.3333333333333333,1.0,1.0,0.2,1.0,1.0,0.1,1.0
q_0072,Dense,0.5,1.0,0.046554000618925784,0.0,0.0,0.0,1.0,0.3333333333333333,0.6309297535714575,1.0,0.2,0.6309297535714575,1.0,0.1,0.6309297535714575
q_0072,Hybrid,1.0,1.0,0.1991400004044408,1.0,1.0,1.0,1.0,0.3333333333333333,1.0,1.0,0.2,1.0,1.0,0.1,1.0
q_0072,Hybrid + Reranking,1.0,1.0,0.44168099975649966,1.0,1.0,1.0,1.0,0.3333333333333333,1.0,1.0,0.2,1.0,1.0,0.1,1.0
q_0072,Hybrid + Reranking + Query Rewrite,1.0,1.0,0.4720760007330682,1.0,1.0,1.0,1.0,0.3333333333333333,1.0,1.0,0.2,1.0,1.0,0.1,1.0
q_0073,BM25,1.0,1.0,0.14555800044036005,1.0,1.0,1.0,1.0,0.3333333333333333,1.0,1.0,0.2,1.0,1.0,0.1,1.0
q_0073,Dense,1.0,1.0,0.05165799939277349,1.0,1.0,1.0,1.0,0.3333333333333333,1.0,1.0,0.2,1.0,1.0,0.1,1.0
q_0073,Hybrid,1.0,1.0,0.2598529999886523,1.0,1.0,1.0,1.0,0.3333333333333333,1.0,1.0,0.2,1.0,1.0,0.1,1.0
q_0073,Hybrid + Reranking,1.0,1.0,0.49483999919175403,1.0,1.0,1.0,1.0,0.3333333333333333,1.0,1.0,0.2,1.0,1.0,0.1,1.0
q_0073,Hybrid + Reranking + Query Rewrite,1.0,1.0,0.6897279999975581,1.0,1.0,1.0,1.0,0.3333333333333333,1.0,1.0,0.2,1.0,1.0,0.1,1.0
q_0074,BM25,0.5,1.0,0.13823300014337292,0.0,0.0,0.0,1.0,0.3333333333333333,0.6309297535714575,1.0,0.2,0.6309297535714575,1.0,0.1,0.6309297535714575
q_0074,Dense,0.25,1.0,0.06677599958493374,0.0,0.0,0.0,0.0,0.0,0.0,1.0,0.2,0.43067655807339306,1.0,0.1,0.43067655807339306
q_0074,Hybrid,0.3333333333333333,1.0,0.34494500050641363,0.0,0.0,0.0,1.0,0.3333333333333333,0.5,1.0,0.2,0.5,1.0,0.1,0.5
q_0074,Hybrid + Reranking,0.5,1.0,0.5226160001257085,0.0,0.0,0.0,1.0,0.3333333333333333,0.6309297535714575,1.0,0.2,0.6309297535714575,1.0,0.1,0.6309297535714575
q_0074,Hybrid + Reranking + Query Rewrite,0.5,1.0,0.443803000052867,0.0,0.0,0.0,1.0,0.3333333333333333,0.6309297535714575,1.0,0.2,0.6309297535714575,1.0,0.1,0.6309297535714575
q_0076,BM25,1.0,1.0,0.11874800020450493,1.0,1.0,1.0,1.0,0.3333333333333333,1.0,1.0,0.2,1.0,1.0,0.1,1.0
q_0076,Dense,0.5,1.0,0.05014500038669212,0.0,0.0,0.0,1.0,0.3333333333333333,0.6309297535714575,1.0,0.2,0.6309297535714575,1.0,0.1,0.6309297535714575
q_0076,Hybrid,1.0,1.0,0.21839300006831763,1.0,1.0,1.0,1.0,0.3333333333333333,1.0,1.0,0.2,1.0,1.0,0.1,1.0
q_0076,Hybrid + Reranking,1.0,1.0,0.44298800003161887,1.0,1.0,1.0,1.0,0.3333333333333333,1.0,1.0,0.2,1.0,1.0,0.1,1.0
q_0076,Hybrid + Reranking + Query Rewrite,1.0,1.0,0.4395730002215714,1.0,1.0,1.0,1.0,0.3333333333333333,1.0,1.0,0.2,1.0,1.0,0.1,1.0
q_0077,BM25,0.5,1.0,0.21162599932722514,0.0,0.0,0.0,1.0,0.3333333333333333,0.6309297535714575,1.0,0.2,0.6309297535714575,1.0,0.1,0.6309297535714575
q_0077,Dense,0.5,1.0,0.0638960000287625,0.0,0.0,0.0,1.0,0.3333333333333333,0.6309297535714575,1.0,0.2,0.6309297535714575,1.0,0.1,0.6309297535714575
q_0077,Hybrid,1.0,1.0,0.23584499922435498,1.0,1.0,1.0,1.0,0.3333333333333333,1.0,1.0,0.2,1.0,1.0,0.1,1.0
q_0077,Hybrid + Reranking,1.0,1.0,0.5275850007819827,1.0,1.0,1.0,1.0,0.3333333333333333,1.0,1.0,0.2,1.0,1.0,0.1,1.0
q_0077,Hybrid + Reranking + Query Rewrite,1.0,1.0,0.47292599992942996,1.0,1.0,1.0,1.0,0.3333333333333333,1.0,1.0,0.2,1.0,1.0,0.1,1.0
q_0078,BM25,1.0,1.0,0.1527759995951783,1.0,1.0,1.0,1.0,0.3333333333333333,1.0,1.0,0.2,1.0,1.0,0.1,1.0
q_0078,Dense,1.0,1.0,0.04594400070345728,1.0,1.0,1.0,1.0,0.3333333333333333,1.0,1.0,0.2,1.0,1.0,0.1,1.0
q_0078,Hybrid,1.0,1.0,0.20340599985502195,1.0,1.0,1.0,1.0,0.3333333333333333,1.0,1.0,0.2,1.0,1.0,0.1,1.0
q_0078,Hybrid + Reranking,1.0,1.0,0.4500960003497312,1.0,1.0,1.0,1.0,0.3333333333333333,1.0,1.0,0.2,1.0,1.0,0.1,1.0
q_0078,Hybrid + Reranking + Query Rewrite,1.0,1.0,0.4554489996735356,1.0,1.0,1.0,1.0,0.3333333333333333,1.0,1.0,0.2,1.0,1.0,0.1,1.0
q_0080,BM25,1.0,1.0,0.14064100014365977,1.0,1.0,1.0,1.0,0.3333333333333333,1.0,1.0,0.2,1.0,1.0,0.1,1.0
q_0080,Dense,1.0,1.0,0.04454100053408183,1.0,1.0,1.0,1.0,0.3333333333333333,1.0,1.0,0.2,1.0,1.0,0.1,1.0
q_0080,Hybrid,1.0,1.0,0.21275699964462547,1.0,1.0,1.0,1.0,0.3333333333333333,1.0,1.0,0.2,1.0,1.0,0.1,1.0
q_0080,Hybrid + Reranking,1.0,1.0,0.5055299998275586,1.0,1.0,1.0,1.0,0.3333333333333333,1.0,1.0,0.2,1.0,1.0,0.1,1.0
q_0080,Hybrid + Reranking + Query Rewrite,1.0,1.0,0.5909259998588823,1.0,1.0,1.0,1.0,0.3333333333333333,1.0,1.0,0.2,1.0,1.0,0.1,1.0
q_0081,BM25,1.0,1.0,0.24197299990191823,1.0,1.0,1.0,1.0,0.3333333333333333,1.0,1.0,0.2,1.0,1.0,0.1,1.0
q_0081,Dense,1.0,1.0,0.075687999924412,1.0,1.0,1.0,1.0,0.3333333333333333,1.0,1.0,0.2,1.0,1.0,0.1,1.0
q_0081,Hybrid,1.0,1.0,0.25069000002986286,1.0,1.0,1.0,1.0,0.3333333333333333,1.0,1.0,0.2,1.0,1.0,0.1,1.0
q_0081,Hybrid + Reranking,1.0,1.0,0.6124820001787157,1.0,1.0,1.0,1.0,0.3333333333333333,1.0,1.0,0.2,1.0,1.0,0.1,1.0
q_0081,Hybrid + Reranking + Query Rewrite,1.0,1.0,0.4674560004787054,1.0,1.0,1.0,1.0,0.3333333333333333,1.0,1.0,0.2,1.0,1.0,0.1,1.0
q_0082,BM25,0.5,1.0,0.15559100029349793,0.0,0.0,0.0,1.0,0.3333333333333333,0.6309297535714575,1.0,0.2,0.6309297535714575,1.0,0.1,0.6309297535714575
q_0082,Dense,0.25,1.0,0.05046400019637076,0.0,0.0,0.0,0.0,0.0,0.0,1.0,0.2,0.43067655807339306,1.0,0.1,0.43067655807339306
q_0082,Hybrid,0.3333333333333333,1.0,0.2022540002144524,0.0,0.0,0.0,1.0,0.3333333333333333,0.5,1.0,0.2,0.5,1.0,0.1,0.5
q_0082,Hybrid + Reranking,0.3333333333333333,1.0,0.4308840007070103,0.0,0.0,0.0,1.0,0.3333333333333333,0.5,1.0,0.2,0.5,1.0,0.1,0.5
q_0082,Hybrid + Reranking + Query Rewrite,0.3333333333333333,1.0,0.47356199956993805,0.0,0.0,0.0,1.0,0.3333333333333333,0.5,1.0,0.2,0.5,1.0,0.1,0.5
q_0083,BM25,1.0,1.0,0.17649099936534185,1.0,1.0,1.0,1.0,0.3333333333333333,1.0,1.0,0.2,1.0,1.0,0.1,1.0
q_0083,Dense,0.3333333333333333,1.0,0.05380399943533121,0.0,0.0,0.0,1.0,0.3333333333333333,0.5,1.0,0.2,0.5,1.0,0.1,0.5
q_0083,Hybrid,1.0,1.0,0.24285499966936186,1.0,1.0,1.0,1.0,0.3333333333333333,1.0,1.0,0.2,1.0,1.0,0.1,1.0
q_0083,Hybrid + Reranking,1.0,1.0,0.4901849997622776,1.0,1.0,1.0,1.0,0.3333333333333333,1.0,1.0,0.2,1.0,1.0,0.1,1.0
q_0083,Hybrid + Reranking + Query Rewrite,1.0,1.0,0.43775600079243304,1.0,1.0,1.0,1.0,0.3333333333333333,1.0,1.0,0.2,1.0,1.0,0.1,1.0
q_0084,BM25,0.25,1.0,0.13004999982513255,0.0,0.0,0.0,0.0,0.0,0.0,1.0,0.2,0.43067655807339306,1.0,0.1,0.43067655807339306
q_0084,Dense,1.0,1.0,0.04780100061907433,1.0,1.0,1.0,1.0,0.3333333333333333,1.0,1.0,0.2,1.0,1.0,0.1,1.0
q_0084,Hybrid,0.5,1.0,0.22701300076732878,0.0,0.0,0.0,1.0,0.3333333333333333,0.6309297535714575,1.0,0.2,0.6309297535714575,1.0,0.1,0.6309297535714575
q_0084,Hybrid + Reranking,0.3333333333333333,1.0,0.45133299954613904,0.0,0.0,0.0,1.0,0.3333333333333333,0.5,1.0,0.2,0.5,1.0,0.1,0.5
q_0084,Hybrid + Reranking + Query Rewrite,0.3333333333333333,1.0,0.44167299984110286,0.0,0.0,0.0,1.0,0.3333333333333333,0.5,1.0,0.2,0.5,1.0,0.1,0.5
q_0086,BM25,0.5,1.0,0.11509300020406954,0.0,0.0,0.0,1.0,0.3333333333333333,0.6309297535714575,1.0,0.2,0.6309297535714575,1.0,0.1,0.6309297535714575
q_0086,Dense,1.0,1.0,0.04636499943444505,1.0,1.0,1.0,1.0,0.3333333333333333,1.0,1.0,0.2,1.0,1.0,0.1,1.0
q_0086,Hybrid,0.5,1.0,0.195730000086769,0.0,0.0,0.0,1.0,0.3333333333333333,0.6309297535714575,1.0,0.2,0.6309297535714575,1.0,0.1,0.6309297535714575
q_0086,Hybrid + Reranking,0.5,1.0,0.43202400047448464,0.0,0.0,0.0,1.0,0.3333333333333333,0.6309297535714575,1.0,0.2,0.6309297535714575,1.0,0.1,0.6309297535714575
q_0086,Hybrid + Reranking + Query Rewrite,0.5,1.0,0.4495900002439157,0.0,0.0,0.0,1.0,0.3333333333333333,0.6309297535714575,1.0,0.2,0.6309297535714575,1.0,0.1,0.6309297535714575
q_0087,BM25,1.0,1.0,0.1575880005475483,1.0,1.0,1.0,1.0,0.3333333333333333,1.0,1.0,0.2,1.0,1.0,0.1,1.0
q_0087,Dense,0.16666666666666666,1.0,0.05679100013367133,0.0,0.0,0.0,0.0,0.0,0.0,0.0,0.0,0.0,1.0,0.1,0.3562071871080222
q_0087,Hybrid,0.5,1.0,0.2581979997557937,0.0,0.0,0.0,1.0,0.3333333333333333,0.6309297535714575,1.0,0.2,0.6309297535714575,1.0,0.1,0.6309297535714575
q_0087,Hybrid + Reranking,1.0,1.0,0.4810390000784537,1.0,1.0,1.0,1.0,0.3333333333333333,1.0,1.0,0.2,1.0,1.0,0.1,1.0
q_0087,Hybrid + Reranking + Query Rewrite,1.0,1.0,0.60547500015673,1.0,1.0,1.0,1.0,0.3333333333333333,1.0,1.0,0.2,1.0,1.0,0.1,1.0
q_0088,BM25,1.0,1.0,0.22678099958284292,1.0,1.0,1.0,1.0,0.3333333333333333,1.0,1.0,0.2,1.0,1.0,0.1,1.0
q_0088,Dense,1.0,1.0,0.07395200009341352,1.0,1.0,1.0,1.0,0.3333333333333333,1.0,1.0,0.2,1.0,1.0,0.1,1.0
q_0088,Hybrid,1.0,1.0,0.3055630004382692,1.0,1.0,1.0,1.0,0.3333333333333333,1.0,1.0,0.2,1.0,1.0,0.1,1.0
q_0088,Hybrid + Reranking,1.0,1.0,0.578189000407292,1.0,1.0,1.0,1.0,0.3333333333333333,1.0,1.0,0.2,1.0,1.0,0.1,1.0
q_0088,Hybrid + Reranking + Query Rewrite,1.0,1.0,0.5147829997440567,1.0,1.0,1.0,1.0,0.3333333333333333,1.0,1.0,0.2,1.0,1.0,0.1,1.0
q_0090,BM25,1.0,1.0,0.14398599978449056,1.0,1.0,1.0,1.0,0.3333333333333333,1.0,1.0,0.2,1.0,1.0,0.1,1.0
q_0090,Dense,1.0,1.0,0.05993000013404526,1.0,1.0,1.0,1.0,0.3333333333333333,1.0,1.0,0.2,1.0,1.0,0.1,1.0
q_0090,Hybrid,1.0,1.0,0.2232670003650128,1.0,1.0,1.0,1.0,0.3333333333333333,1.0,1.0,0.2,1.0,1.0,0.1,1.0
q_0090,Hybrid + Reranking,1.0,1.0,0.4799649996130029,1.0,1.0,1.0,1.0,0.3333333333333333,1.0,1.0,0.2,1.0,1.0,0.1,1.0
q_0090,Hybrid + Reranking + Query Rewrite,1.0,1.0,0.4523859997789259,1.0,1.0,1.0,1.0,0.3333333333333333,1.0,1.0,0.2,1.0,1.0,0.1,1.0
q_0091,BM25,1.0,1.0,0.14031499995326158,1.0,1.0,1.0,1.0,0.3333333333333333,1.0,1.0,0.2,1.0,1.0,0.1,1.0
q_0091,Dense,0.5,1.0,0.04376099968794733,0.0,0.0,0.0,1.0,0.3333333333333333,0.6309297535714575,1.0,0.2,0.6309297535714575,1.0,0.1,0.6309297535714575
q_0091,Hybrid,1.0,1.0,0.24366999969060998,1.0,1.0,1.0,1.0,0.3333333333333333,1.0,1.0,0.2,1.0,1.0,0.1,1.0
q_0091,Hybrid + Reranking,1.0,1.0,0.4748069995912374,1.0,1.0,1.0,1.0,0.3333333333333333,1.0,1.0,0.2,1.0,1.0,0.1,1.0
q_0091,Hybrid + Reranking + Query Rewrite,1.0,1.0,0.46114599990687566,1.0,1.0,1.0,1.0,0.3333333333333333,1.0,1.0,0.2,1.0,1.0,0.1,1.0
q_0092,BM25,0.3333333333333333,1.0,0.13040800058661262,0.0,0.0,0.0,1.0,0.3333333333333333,0.5,1.0,0.2,0.5,1.0,0.1,0.5
q_0092,Dense,0.2,1.0,0.04674200044973986,0.0,0.0,0.0,0.0,0.0,0.0,1.0,0.2,0.38685280723454163,1.0,0.1,0.38685280723454163
q_0092,Hybrid,0.2,1.0,0.20276400027796626,0.0,0.0,0.0,0.0,0.0,0.0,1.0,0.2,0.38685280723454163,1.0,0.1,0.38685280723454163
q_0092,Hybrid + Reranking,0.2,1.0,0.4649600004995591,0.0,0.0,0.0,0.0,0.0,0.0,1.0,0.2,0.38685280723454163,1.0,0.1,0.38685280723454163
q_0092,Hybrid + Reranking + Query Rewrite,0.2,1.0,0.46708000081707723,0.0,0.0,0.0,0.0,0.0,0.0,1.0,0.2,0.38685280723454163,1.0,0.1,0.38685280723454163
q_0093,BM25,1.0,1.0,0.14676299997518072,1.0,1.0,1.0,1.0,0.3333333333333333,1.0,1.0,0.2,1.0,1.0,0.1,1.0
q_0093,Dense,0.25,1.0,0.05089799924462568,0.0,0.0,0.0,0.0,0.0,0.0,1.0,0.2,0.43067655807339306,1.0,0.1,0.43067655807339306
q_0093,Hybrid,1.0,1.0,0.27172299996891525,1.0,1.0,1.0,1.0,0.3333333333333333,1.0,1.0,0.2,1.0,1.0,0.1,1.0
q_0093,Hybrid + Reranking,1.0,1.0,0.4712250001830398,1.0,1.0,1.0,1.0,0.3333333333333333,1.0,1.0,0.2,1.0,1.0,0.1,1.0
q_0093,Hybrid + Reranking + Query Rewrite,1.0,1.0,0.47987700054363813,1.0,1.0,1.0,1.0,0.3333333333333333,1.0,1.0,0.2,1.0,1.0,0.1,1.0
q_0094,BM25,0.2,1.0,0.1323810001849779,0.0,0.0,0.0,0.0,0.0,0.0,1.0,0.2,0.38685280723454163,1.0,0.1,0.38685280723454163
q_0094,Dense,0.1,1.0,0.04946100034430856,0.0,0.0,0.0,0.0,0.0,0.0,0.0,0.0,0.0,1.0,0.1,0.2890648263178879
q_0094,Hybrid,0.14285714285714285,1.0,0.3238239996790071,0.0,0.0,0.0,0.0,0.0,0.0,0.0,0.0,0.0,1.0,0.1,0.3333333333333333
q_0094,Hybrid + Reranking,0.14285714285714285,1.0,0.5249429996183608,0.0,0.0,0.0,0.0,0.0,0.0,0.0,0.0,0.0,1.0,0.1,0.3333333333333333
q_0094,Hybrid + Reranking + Query Rewrite,0.14285714285714285,1.0,0.5530649996217107,0.0,0.0,0.0,0.0,0.0,0.0,0.0,0.0,0.0,1.0,0.1,0.3333333333333333
q_0096,BM25,1.0,1.0,0.15696900027251104,1.0,1.0,1.0,1.0,0.3333333333333333,1.0,1.0,0.2,1.0,1.0,0.1,1.0
q_0096,Dense,1.0,1.0,0.061654000091948546,1.0,1.0,1.0,1.0,0.3333333333333333,1.0,1.0,0.2,1.0,1.0,0.1,1.0
q_0096,Hybrid,1.0,1.0,0.23630099985894049,1.0,1.0,1.0,1.0,0.3333333333333333,1.0,1.0,0.2,1.0,1.0,0.1,1.0
q_0096,Hybrid + Reranking,1.0,1.0,0.44720000005327165,1.0,1.0,1.0,1.0,0.3333333333333333,1.0,1.0,0.2,1.0,1.0,0.1,1.0
q_0096,Hybrid + Reranking + Query Rewrite,1.0,1.0,0.43686099979822757,1.0,1.0,1.0,1.0,0.3333333333333333,1.0,1.0,0.2,1.0,1.0,0.1,1.0
q_0097,BM25,1.0,1.0,0.15556899961666204,1.0,1.0,1.0,1.0,0.3333333333333333,1.0,1.0,0.2,1.0,1.0,0.1,1.0
q_0097,Dense,0.16666666666666666,1.0,0.05298099949868629,0.0,0.0,0.0,0.0,0.0,0.0,0.0,0.0,0.0,1.0,0.1,0.3562071871080222
q_0097,Hybrid,0.5,1.0,0.22865699975227471,0.0,0.0,0.0,1.0,0.3333333333333333,0.6309297535714575,1.0,0.2,0.6309297535714575,1.0,0.1,0.6309297535714575
q_0097,Hybrid + Reranking,1.0,1.0,0.5191020009078784,1.0,1.0,1.0,1.0,0.3333333333333333,1.0,1.0,0.2,1.0,1.0,0.1,1.0
q_0097,Hybrid + Reranking + Query Rewrite,1.0,1.0,0.46515999929397367,1.0,1.0,1.0,1.0,0.3333333333333333,1.0,1.0,0.2,1.0,1.0,0.1,1.0
q_0098,BM25,1.0,1.0,0.1578979999976582,1.0,1.0,1.0,1.0,0.3333333333333333,1.0,1.0,0.2,1.0,1.0,0.1,1.0
q_0098,Dense,1.0,1.0,0.045605000195791945,1.0,1.0,1.0,1.0,0.3333333333333333,1.0,1.0,0.2,1.0,1.0,0.1,1.0
q_0098,Hybrid,1.0,1.0,0.22909500057721743,1.0,1.0,1.0,1.0,0.3333333333333333,1.0,1.0,0.2,1.0,1.0,0.1,1.0
q_0098,Hybrid + Reranking,1.0,1.0,0.45459100056177704,1.0,1.0,1.0,1.0,0.3333333333333333,1.0,1.0,0.2,1.0,1.0,0.1,1.0
q_0098,Hybrid + Reranking + Query Rewrite,1.0,1.0,0.48197600062849233,1.0,1.0,1.0,1.0,0.3333333333333333,1.0,1.0,0.2,1.0,1.0,0.1,1.0
q_0100,BM25,1.0,1.0,0.14141799965727841,1.0,1.0,1.0,1.0,0.3333333333333333,1.0,1.0,0.2,1.0,1.0,0.1,1.0
q_0100,Dense,0.5,1.0,0.05001399949833285,0.0,0.0,0.0,1.0,0.3333333333333333,0.6309297535714575,1.0,0.2,0.6309297535714575,1.0,0.1,0.6309297535714575
q_0100,Hybrid,1.0,1.0,0.21647600078722462,1.0,1.0,1.0,1.0,0.3333333333333333,1.0,1.0,0.2,1.0,1.0,0.1,1.0
q_0100,Hybrid + Reranking,1.0,1.0,0.4935349998049787,1.0,1.0,1.0,1.0,0.3333333333333333,1.0,1.0,0.2,1.0,1.0,0.1,1.0
q_0100,Hybrid + Reranking + Query Rewrite,1.0,1.0,0.4566910001813085,1.0,1.0,1.0,1.0,0.3333333333333333,1.0,1.0,0.2,1.0,1.0,0.1,1.0
q_0101,BM25,1.0,1.0,0.1640209993638564,1.0,1.0,1.0,1.0,0.3333333333333333,1.0,1.0,0.2,1.0,1.0,0.1,1.0
q_0101,Dense,1.0,1.0,0.07447600000887178,1.0,1.0,1.0,1.0,0.3333333333333333,1.0,1.0,0.2,1.0,1.0,0.1,1.0
q_0101,Hybrid,1.0,1.0,0.22488100057671545,1.0,1.0,1.0,1.0,0.3333333333333333,1.0,1.0,0.2,1.0,1.0,0.1,1.0
q_0101,Hybrid + Reranking,1.0,1.0,0.4656889996113023,1.0,1.0,1.0,1.0,0.3333333333333333,1.0,1.0,0.2,1.0,1.0,0.1,1.0
q_0101,Hybrid + Reranking + Query Rewrite,1.0,1.0,0.6151229999886709,1.0,1.0,1.0,1.0,0.3333333333333333,1.0,1.0,0.2,1.0,1.0,0.1,1.0
q_0102,BM25,0.25,1.0,0.18384800023341086,0.0,0.0,0.0,0.0,0.0,0.0,1.0,0.2,0.43067655807339306,1.0,0.1,0.43067655807339306
q_0102,Dense,0.3333333333333333,1.0,0.05594499998551328,0.0,0.0,0.0,1.0,0.3333333333333333,0.5,1.0,0.2,0.5,1.0,0.1,0.5
q_0102,Hybrid,0.25,1.0,0.25948499933292624,0.0,0.0,0.0,0.0,0.0,0.0,1.0,0.2,0.43067655807339306,1.0,0.1,0.43067655807339306
q_0102,Hybrid + Reranking,0.25,1.0,0.48579800022707786,0.0,0.0,0.0,0.0,0.0,0.0,1.0,0.2,0.43067655807339306,1.0,0.1,0.43067655807339306
q_0102,Hybrid + Reranking + Query Rewrite,0.25,1.0,0.4986160001863027,0.0,0.0,0.0,0.0,0.0,0.0,1.0,0.2,0.43067655807339306,1.0,0.1,0.43067655807339306
q_0103,BM25,1.0,1.0,0.14733300031366525,1.0,1.0,1.0,1.0,0.3333333333333333,1.0,1.0,0.2,1.0,1.0,0.1,1.0
q_0103,Dense,1.0,1.0,0.05280999994283775,1.0,1.0,1.0,1.0,0.3333333333333333,1.0,1.0,0.2,1.0,1.0,0.1,1.0
q_0103,Hybrid,1.0,1.0,0.2413340007478837,1.0,1.0,1.0,1.0,0.3333333333333333,1.0,1.0,0.2,1.0,1.0,0.1,1.0
q_0103,Hybrid + Reranking,1.0,1.0,0.4668970004786388,1.0,1.0,1.0,1.0,0.3333333333333333,1.0,1.0,0.2,1.0,1.0,0.1,1.0
q_0103,Hybrid + Reranking + Query Rewrite,1.0,1.0,0.46625200047856197,1.0,1.0,1.0,1.0,0.3333333333333333,1.0,1.0,0.2,1.0,1.0,0.1,1.0
q_0104,BM25,0.14285714285714285,1.0,0.13274899993120926,0.0,0.0,0.0,0.0,0.0,0.0,0.0,0.0,0.0,1.0,0.1,0.3333333333333333
q_0104,Dense,0.16666666666666666,1.0,0.04646699926524889,0.0,0.0,0.0,0.0,0.0,0.0,0.0,0.0,0.0,1.0,0.1,0.3562071871080222
q_0104,Hybrid,0.16666666666666666,1.0,0.22774999979446875,0.0,0.0,0.0,0.0,0.0,0.0,0.0,0.0,0.0,1.0,0.1,0.3562071871080222
q_0104,Hybrid + Reranking,0.16666666666666666,1.0,0.4686150004999945,0.0,0.0,0.0,0.0,0.0,0.0,0.0,0.0,0.0,1.0,0.1,0.3562071871080222
q_0104,Hybrid + Reranking + Query Rewrite,0.16666666666666666,1.0,0.4443400002855924,0.0,0.0,0.0,0.0,0.0,0.0,0.0,0.0,0.0,1.0,0.1,0.3562071871080222
q_0106,BM25,1.0,1.0,0.11822199940070277,1.0,1.0,1.0,1.0,0.3333333333333333,1.0,1.0,0.2,1.0,1.0,0.1,1.0
q_0106,Dense,1.0,1.0,0.0774790005380055,1.0,1.0,1.0,1.0,0.3333333333333333,1.0,1.0,0.2,1.0,1.0,0.1,1.0
q_0106,Hybrid,1.0,1.0,0.2545059996919008,1.0,1.0,1.0,1.0,0.3333333333333333,1.0,1.0,0.2,1.0,1.0,0.1,1.0
q_0106,Hybrid + Reranking,1.0,1.0,0.5520639997484977,1.0,1.0,1.0,1.0,0.3333333333333333,1.0,1.0,0.2,1.0,1.0,0.1,1.0
q_0106,Hybrid + Reranking + Query Rewrite,1.0,1.0,0.550556000234792,1.0,1.0,1.0,1.0,0.3333333333333333,1.0,1.0,0.2,1.0,1.0,0.1,1.0
q_0107,BM25,1.0,1.0,0.2006129998335382,1.0,1.0,1.0,1.0,0.3333333333333333,1.0,1.0,0.2,1.0,1.0,0.1,1.0
q_0107,Dense,0.16666666666666666,1.0,0.07175200062192744,0.0,0.0,0.0,0.0,0.0,0.0,0.0,0.0,0.0,1.0,0.1,0.3562071871080222
q_0107,Hybrid,0.5,1.0,0.2720830007092445,0.0,0.0,0.0,1.0,0.3333333333333333,0.6309297535714575,1.0,0.2,0.6309297535714575,1.0,0.1,0.6309297535714575
q_0107,Hybrid + Reranking,1.0,1.0,0.5084739996163989,1.0,1.0,1.0,1.0,0.3333333333333333,1.0,1.0,0.2,1.0,1.0,0.1,1.0
q_0107,Hybrid + Reranking + Query Rewrite,1.0,1.0,0.463497000055213,1.0,1.0,1.0,1.0,0.3333333333333333,1.0,1.0,0.2,1.0,1.0,0.1,1.0
q_0108,BM25,1.0,1.0,0.1281020004171296,1.0,1.0,1.0,1.0,0.3333333333333333,1.0,1.0,0.2,1.0,1.0,0.1,1.0
q_0108,Dense,1.0,1.0,0.04107200038561132,1.0,1.0,1.0,1.0,0.3333333333333333,1.0,1.0,0.2,1.0,1.0,0.1,1.0
q_0108,Hybrid,1.0,1.0,0.208456000109436,1.0,1.0,1.0,1.0,0.3333333333333333,1.0,1.0,0.2,1.0,1.0,0.1,1.0
q_0108,Hybrid + Reranking,1.0,1.0,0.5083139994894736,1.0,1.0,1.0,1.0,0.3333333333333333,1.0,1.0,0.2,1.0,1.0,0.1,1.0
q_0108,Hybrid + Reranking + Query Rewrite,1.0,1.0,0.46212200049922103,1.0,1.0,1.0,1.0,0.3333333333333333,1.0,1.0,0.2,1.0,1.0,0.1,1.0
q_0110,BM25,1.0,1.0,0.1413610007148236,1.0,1.0,1.0,1.0,0.3333333333333333,1.0,1.0,0.2,1.0,1.0,0.1,1.0
q_0110,Dense,1.0,1.0,0.04978699962521205,1.0,1.0,1.0,1.0,0.3333333333333333,1.0,1.0,0.2,1.0,1.0,0.1,1.0
q_0110,Hybrid,1.0,1.0,0.23880800017650472,1.0,1.0,1.0,1.0,0.3333333333333333,1.0,1.0,0.2,1.0,1.0,0.1,1.0
q_0110,Hybrid + Reranking,1.0,1.0,0.803664999693865,1.0,1.0,1.0,1.0,0.3333333333333333,1.0,1.0,0.2,1.0,1.0,0.1,1.0
q_0110,Hybrid + Reranking + Query Rewrite,1.0,1.0,0.546287999895867,1.0,1.0,1.0,1.0,0.3333333333333333,1.0,1.0,0.2,1.0,1.0,0.1,1.0
q_0111,BM25,1.0,1.0,0.18277400067745475,1.0,1.0,1.0,1.0,0.3333333333333333,1.0,1.0,0.2,1.0,1.0,0.1,1.0
q_0111,Dense,0.16666666666666666,1.0,0.05502400017576292,0.0,0.0,0.0,0.0,0.0,0.0,0.0,0.0,0.0,1.0,0.1,0.3562071871080222
q_0111,Hybrid,0.5,1.0,0.22798900045017945,0.0,0.0,0.0,1.0,0.3333333333333333,0.6309297535714575,1.0,0.2,0.6309297535714575,1.0,0.1,0.6309297535714575
q_0111,Hybrid + Reranking,1.0,1.0,0.4484389992285287,1.0,1.0,1.0,1.0,0.3333333333333333,1.0,1.0,0.2,1.0,1.0,0.1,1.0
q_0111,Hybrid + Reranking + Query Rewrite,1.0,1.0,0.5025820000810199,1.0,1.0,1.0,1.0,0.3333333333333333,1.0,1.0,0.2,1.0,1.0,0.1,1.0
q_0112,BM25,0.2,1.0,0.12977999995200662,0.0,0.0,0.0,0.0,0.0,0.0,1.0,0.2,0.38685280723454163,1.0,0.1,0.38685280723454163
q_0112,Dense,0.5,1.0,0.04867000006925082,0.0,0.0,0.0,1.0,0.3333333333333333,0.6309297535714575,1.0,0.2,0.6309297535714575,1.0,0.1,0.6309297535714575
q_0112,Hybrid,0.25,1.0,0.500140999974974,0.0,0.0,0.0,0.0,0.0,0.0,1.0,0.2,0.43067655807339306,1.0,0.1,0.43067655807339306
q_0112,Hybrid + Reranking,0.25,1.0,0.5429790007838164,0.0,0.0,0.0,0.0,0.0,0.0,1.0,0.2,0.43067655807339306,1.0,0.1,0.43067655807339306
q_0112,Hybrid + Reranking + Query Rewrite,0.25,1.0,0.48704999971960206,0.0,0.0,0.0,0.0,0.0,0.0,1.0,0.2,0.43067655807339306,1.0,0.1,0.43067655807339306
q_0113,BM25,0.5,1.0,0.14843899953120854,0.0,0.0,0.0,1.0,0.3333333333333333,0.6309297535714575,1.0,0.2,0.6309297535714575,1.0,0.1,0.6309297535714575
q_0113,Dense,0.5,1.0,0.05288700049277395,0.0,0.0,0.0,1.0,0.3333333333333333,0.6309297535714575,1.0,0.2,0.6309297535714575,1.0,0.1,0.6309297535714575
q_0113,Hybrid,0.5,1.0,0.2465939996909583,0.0,0.0,0.0,1.0,0.3333333333333333,0.6309297535714575,1.0,0.2,0.6309297535714575,1.0,0.1,0.6309297535714575
q_0113,Hybrid + Reranking,0.5,1.0,0.660158000755473,0.0,0.0,0.0,1.0,0.3333333333333333,0.6309297535714575,1.0,0.2,0.6309297535714575,1.0,0.1,0.6309297535714575
q_0113,Hybrid + Reranking + Query Rewrite,0.5,1.0,0.73962699934782,0.0,0.0,0.0,1.0,0.3333333333333333,0.6309297535714575,1.0,0.2,0.6309297535714575,1.0,0.1,0.6309297535714575
q_0114,BM25,0.125,1.0,0.14802399982727366,0.0,0.0,0.0,0.0,0.0,0.0,0.0,0.0,0.0,1.0,0.1,0.31546487678572877
q_0114,Dense,0.14285714285714285,1.0,0.06585499977518339,0.0,0.0,0.0,0.0,0.0,0.0,0.0,0.0,0.0,1.0,0.1,0.3333333333333333
q_0114,Hybrid,0.125,1.0,0.2141029999620514,0.0,0.0,0.0,0.0,0.0,0.0,0.0,0.0,0.0,1.0,0.1,0.31546487678572877
q_0114,Hybrid + Reranking,0.125,1.0,0.5131039997650078,0.0,0.0,0.0,0.0,0.0,0.0,0.0,0.0,0.0,1.0,0.1,0.31546487678572877
q_0114,Hybrid + Reranking + Query Rewrite,0.125,1.0,2.8178530001241597,0.0,0.0,0.0,0.0,0.0,0.0,0.0,0.0,0.0,1.0,0.1,0.31546487678572877
q_0116,BM25,1.0,1.0,0.17171299987239763,1.0,1.0,1.0,1.0,0.3333333333333333,1.0,1.0,0.2,1.0,1.0,0.1,1.0
q_0116,Dense,1.0,1.0,0.07822899988241261,1.0,1.0,1.0,1.0,0.3333333333333333,1.0,1.0,0.2,1.0,1.0,0.1,1.0
q_0116,Hybrid,1.0,1.0,0.21491099960257998,1.0,1.0,1.0,1.0,0.3333333333333333,1.0,1.0,0.2,1.0,1.0,0.1,1.0
q_0116,Hybrid + Reranking,1.0,1.0,0.46245700013969326,1.0,1.0,1.0,1.0,0.3333333333333333,1.0,1.0,0.2,1.0,1.0,0.1,1.0
q_0116,Hybrid + Reranking + Query Rewrite,1.0,1.0,0.4335730000093463,1.0,1.0,1.0,1.0,0.3333333333333333,1.0,1.0,0.2,1.0,1.0,0.1,1.0
q_0117,BM25,1.0,1.0,0.1564680005685659,1.0,1.0,1.0,1.0,0.3333333333333333,1.0,1.0,0.2,1.0,1.0,0.1,1.0
q_0117,Dense,0.5,1.0,0.08272400009445846,0.0,0.0,0.0,1.0,0.3333333333333333,0.6309297535714575,1.0,0.2,0.6309297535714575,1.0,0.1,0.6309297535714575
q_0117,Hybrid,1.0,1.0,0.23533399962616386,1.0,1.0,1.0,1.0,0.3333333333333333,1.0,1.0,0.2,1.0,1.0,0.1,1.0
q_0117,Hybrid + Reranking,1.0,1.0,0.5032050003137556,1.0,1.0,1.0,1.0,0.3333333333333333,1.0,1.0,0.2,1.0,1.0,0.1,1.0
q_0117,Hybrid + Reranking + Query Rewrite,1.0,1.0,2.640497000356845,1.0,1.0,1.0,1.0,0.3333333333333333,1.0,1.0,0.2,1.0,1.0,0.1,1.0
q_0118,BM25,1.0,1.0,0.1527519998489879,1.0,1.0,1.0,1.0,0.3333333333333333,1.0,1.0,0.2,1.0,1.0,0.1,1.0
q_0118,Dense,0.3333333333333333,1.0,0.051560000429162756,0.0,0.0,0.0,1.0,0.3333333333333333,0.5,1.0,0.2,0.5,1.0,0.1,0.5
q_0118,Hybrid,0.5,1.0,0.2578739995442447,0.0,0.0,0.0,1.0,0.3333333333333333,0.6309297535714575,1.0,0.2,0.6309297535714575,1.0,0.1,0.6309297535714575
q_0118,Hybrid + Reranking,1.0,1.0,0.5500600000232225,1.0,1.0,1.0,1.0,0.3333333333333333,1.0,1.0,0.2,1.0,1.0,0.1,1.0
q_0118,Hybrid + Reranking + Query Rewrite,1.0,1.0,0.48077500014187535,1.0,1.0,1.0,1.0,0.3333333333333333,1.0,1.0,0.2,1.0,1.0,0.1,1.0
q_0120,BM25,1.0,1.0,0.14396400001714937,1.0,1.0,1.0,1.0,0.3333333333333333,1.0,1.0,0.2,1.0,1.0,0.1,1.0
q_0120,Dense,0.16666666666666666,1.0,0.05352399966795929,0.0,0.0,0.0,0.0,0.0,0.0,0.0,0.0,0.0,1.0,0.1,0.3562071871080222
q_0120,Hybrid,0.5,1.0,0.22063899996282998,0.0,0.0,0.0,1.0,0.3333333333333333,0.6309297535714575,1.0,0.2,0.6309297535714575,1.0,0.1,0.6309297535714575
q_0120,Hybrid + Reranking,1.0,1.0,0.5036860002292087,1.0,1.0,1.0,1.0,0.3333333333333333,1.0,1.0,0.2,1.0,1.0,0.1,1.0
q_0120,Hybrid + Reranking + Query Rewrite,1.0,1.0,0.490397999783454,1.0,1.0,1.0,1.0,0.3333333333333333,1.0,1.0,0.2,1.0,1.0,0.1,1.0
q_0121,BM25,1.0,1.0,0.1440699998056516,1.0,1.0,1.0,1.0,0.3333333333333333,1.0,1.0,0.2,1.0,1.0,0.1,1.0
q_0121,Dense,0.25,1.0,0.04600299962476129,0.0,0.0,0.0,0.0,0.0,0.0,1.0,0.2,0.43067655807339306,1.0,0.1,0.43067655807339306
q_0121,Hybrid,1.0,1.0,0.8047780002016225,1.0,1.0,1.0,1.0,0.3333333333333333,1.0,1.0,0.2,1.0,1.0,0.1,1.0
q_0121,Hybrid + Reranking,1.0,1.0,1.070952999725705,1.0,1.0,1.0,1.0,0.3333333333333333,1.0,1.0,0.2,1.0,1.0,0.1,1.0
q_0121,Hybrid + Reranking + Query Rewrite,1.0,1.0,0.5643740005325526,1.0,1.0,1.0,1.0,0.3333333333333333,1.0,1.0,0.2,1.0,1.0,0.1,1.0
q_0122,BM25,0.14285714285714285,1.0,0.2548910006225924,0.0,0.0,0.0,0.0,0.0,0.0,0.0,0.0,0.0,1.0,0.1,0.3333333333333333
q_0122,Dense,0.14285714285714285,1.0,0.1264529992113239,0.0,0.0,0.0,0.0,0.0,0.0,0.0,0.0,0.0,1.0,0.1,0.3333333333333333
q_0122,Hybrid,0.14285714285714285,1.0,0.5655719996866537,0.0,0.0,0.0,0.0,0.0,0.0,0.0,0.0,0.0,1.0,0.1,0.3333333333333333
q_0122,Hybrid + Reranking,0.14285714285714285,1.0,0.6829670001025079,0.0,0.0,0.0,0.0,0.0,0.0,0.0,0.0,0.0,1.0,0.1,0.3333333333333333
q_0122,Hybrid + Reranking + Query Rewrite,0.14285714285714285,1.0,0.7489970003007329,0.0,0.0,0.0,0.0,0.0,0.0,0.0,0.0,0.0,1.0,0.1,0.3333333333333333
q_0123,BM25,1.0,1.0,0.15154700031416724,1.0,1.0,1.0,1.0,0.3333333333333333,1.0,1.0,0.2,1.0,1.0,0.1,1.0
q_0123,Dense,1.0,1.0,0.059081000472360756,1.0,1.0,1.0,1.0,0.3333333333333333,1.0,1.0,0.2,1.0,1.0,0.1,1.0
q_0123,Hybrid,1.0,1.0,0.45733699971606256,1.0,1.0,1.0,1.0,0.3333333333333333,1.0,1.0,0.2,1.0,1.0,0.1,1.0
q_0123,Hybrid + Reranking,1.0,1.0,0.5887359993721475,1.0,1.0,1.0,1.0,0.3333333333333333,1.0,1.0,0.2,1.0,1.0,0.1,1.0
q_0123,Hybrid + Reranking + Query Rewrite,1.0,1.0,0.737669000045571,1.0,1.0,1.0,1.0,0.3333333333333333,1.0,1.0,0.2,1.0,1.0,0.1,1.0
q_0124,BM25,0.1111111111111111,1.0,0.37221499951556325,0.0,0.0,0.0,0.0,0.0,0.0,0.0,0.0,0.0,1.0,0.1,0.3010299956639812
q_0124,Dense,0.125,1.0,0.07893299971328815,0.0,0.0,0.0,0.0,0.0,0.0,0.0,0.0,0.0,1.0,0.1,0.31546487678572877
q_0124,Hybrid,0.1111111111111111,1.0,0.29605300005641766,0.0,0.0,0.0,0.0,0.0,0.0,0.0,0.0,0.0,1.0,0.1,0.3010299956639812
q_0124,Hybrid + Reranking,0.0,0.0,1.401827999870875,0.0,0.0,0.0,0.0,0.0,0.0,0.0,0.0,0.0,0.0,0.0,0.0
q_0124,Hybrid + Reranking + Query Rewrite,0.0,0.0,0.7398930001727422,0.0,0.0,0.0,0.0,0.0,0.0,0.0,0.0,0.0,0.0,0.0,0.0
q_0126,BM25,1.0,1.0,0.13129000035405625,1.0,1.0,1.0,1.0,0.3333333333333333,1.0,1.0,0.2,1.0,1.0,0.1,1.0
q_0126,Dense,1.0,1.0,0.10574199950497132,1.0,1.0,1.0,1.0,0.3333333333333333,1.0,1.0,0.2,1.0,1.0,0.1,1.0
q_0126,Hybrid,1.0,1.0,0.21267600004648557,1.0,1.0,1.0,1.0,0.3333333333333333,1.0,1.0,0.2,1.0,1.0,0.1,1.0
q_0126,Hybrid + Reranking,1.0,1.0,0.8791059999566642,1.0,1.0,1.0,1.0,0.3333333333333333,1.0,1.0,0.2,1.0,1.0,0.1,1.0
q_0126,Hybrid + Reranking + Query Rewrite,1.0,1.0,0.6531509998239926,1.0,1.0,1.0,1.0,0.3333333333333333,1.0,1.0,0.2,1.0,1.0,0.1,1.0
q_0127,BM25,1.0,1.0,0.161451999701967,1.0,1.0,1.0,1.0,0.3333333333333333,1.0,1.0,0.2,1.0,1.0,0.1,1.0
q_0127,Dense,0.16666666666666666,1.0,0.13964599929749966,0.0,0.0,0.0,0.0,0.0,0.0,0.0,0.0,0.0,1.0,0.1,0.3562071871080222
q_0127,Hybrid,0.3333333333333333,1.0,0.49881399991136277,0.0,0.0,0.0,1.0,0.3333333333333333,0.5,1.0,0.2,0.5,1.0,0.1,0.5
q_0127,Hybrid + Reranking,1.0,1.0,0.4841619993385393,1.0,1.0,1.0,1.0,0.3333333333333333,1.0,1.0,0.2,1.0,1.0,0.1,1.0
q_0127,Hybrid + Reranking + Query Rewrite,1.0,1.0,1.0885789997701067,1.0,1.0,1.0,1.0,0.3333333333333333,1.0,1.0,0.2,1.0,1.0,0.1,1.0
q_0128,BM25,1.0,1.0,0.1654979996601469,1.0,1.0,1.0,1.0,0.3333333333333333,1.0,1.0,0.2,1.0,1.0,0.1,1.0
q_0128,Dense,0.5,1.0,0.06317899988061981,0.0,0.0,0.0,1.0,0.3333333333333333,0.6309297535714575,1.0,0.2,0.6309297535714575,1.0,0.1,0.6309297535714575
q_0128,Hybrid,1.0,1.0,0.34487200082367053,1.0,1.0,1.0,1.0,0.3333333333333333,1.0,1.0,0.2,1.0,1.0,0.1,1.0
q_0128,Hybrid + Reranking,1.0,1.0,0.6566450001628255,1.0,1.0,1.0,1.0,0.3333333333333333,1.0,1.0,0.2,1.0,1.0,0.1,1.0
q_0128,Hybrid + Reranking + Query Rewrite,1.0,1.0,0.6929840001248522,1.0,1.0,1.0,1.0,0.3333333333333333,1.0,1.0,0.2,1.0,1.0,0.1,1.0
q_0130,BM25,1.0,1.0,0.246767999669828,1.0,1.0,1.0,1.0,0.3333333333333333,1.0,1.0,0.2,1.0,1.0,0.1,1.0
q_0130,Dense,0.25,1.0,0.06449899956351146,0.0,0.0,0.0,0.0,0.0,0.0,1.0,0.2,0.43067655807339306,1.0,0.1,0.43067655807339306
q_0130,Hybrid,1.0,1.0,0.2821440002662712,1.0,1.0,1.0,1.0,0.3333333333333333,1.0,1.0,0.2,1.0,1.0,0.1,1.0
q_0130,Hybrid + Reranking,1.0,1.0,0.788782000199717,1.0,1.0,1.0,1.0,0.3333333333333333,1.0,1.0,0.2,1.0,1.0,0.1,1.0
q_0130,Hybrid + Reranking + Query Rewrite,1.0,1.0,0.5552610000449931,1.0,1.0,1.0,1.0,0.3333333333333333,1.0,1.0,0.2,1.0,1.0,0.1,1.0
q_0131,BM25,1.0,1.0,0.17514099999971222,1.0,1.0,1.0,1.0,0.3333333333333333,1.0,1.0,0.2,1.0,1.0,0.1,1.0
q_0131,Dense,0.16666666666666666,1.0,0.0686329995005508,0.0,0.0,0.0,0.0,0.0,0.0,0.0,0.0,0.0,1.0,0.1,0.3562071871080222
q_0131,Hybrid,0.25,1.0,0.2704329999687616,0.0,0.0,0.0,0.0,0.0,0.0,1.0,0.2,0.43067655807339306,1.0,0.1,0.43067655807339306
q_0131,Hybrid + Reranking,1.0,1.0,0.6105080001361785,1.0,1.0,1.0,1.0,0.3333333333333333,1.0,1.0,0.2,1.0,1.0,0.1,1.0
q_0131,Hybrid + Reranking + Query Rewrite,1.0,1.0,0.5995159999656607,1.0,1.0,1.0,1.0,0.3333333333333333,1.0,1.0,0.2,1.0,1.0,0.1,1.0
q_0132,BM25,0.125,1.0,0.13469600071402965,0.0,0.0,0.0,0.0,0.0,0.0,0.0,0.0,0.0,1.0,0.1,0.31546487678572877
q_0132,Dense,0.125,1.0,0.05381699975259835,0.0,0.0,0.0,0.0,0.0,0.0,0.0,0.0,0.0,1.0,0.1,0.31546487678572877
q_0132,Hybrid,0.125,1.0,0.2456049996908405,0.0,0.0,0.0,0.0,0.0,0.0,0.0,0.0,0.0,1.0,0.1,0.31546487678572877
q_0132,Hybrid + Reranking,0.125,1.0,0.4491700001381105,0.0,0.0,0.0,0.0,0.0,0.0,0.0,0.0,0.0,1.0,0.1,0.31546487678572877
q_0132,Hybrid + Reranking + Query Rewrite,0.125,1.0,0.4537499999059946,0.0,0.0,0.0,0.0,0.0,0.0,0.0,0.0,0.0,1.0,0.1,0.31546487678572877
q_0133,BM25,1.0,1.0,0.14767999982723268,1.0,1.0,1.0,1.0,0.3333333333333333,1.0,1.0,0.2,1.0,1.0,0.1,1.0
q_0133,Dense,1.0,1.0,0.04835799973079702,1.0,1.0,1.0,1.0,0.3333333333333333,1.0,1.0,0.2,1.0,1.0,0.1,1.0
q_0133,Hybrid,1.0,1.0,0.2612150001368718,1.0,1.0,1.0,1.0,0.3333333333333333,1.0,1.0,0.2,1.0,1.0,0.1,1.0
q_0133,Hybrid + Reranking,1.0,1.0,0.7140389998312457,1.0,1.0,1.0,1.0,0.3333333333333333,1.0,1.0,0.2,1.0,1.0,0.1,1.0
q_0133,Hybrid + Reranking + Query Rewrite,1.0,1.0,0.5066479998276918,1.0,1.0,1.0,1.0,0.3333333333333333,1.0,1.0,0.2,1.0,1.0,0.1,1.0
q_0134,BM25,0.1,1.0,0.38920599945413414,0.0,0.0,0.0,0.0,0.0,0.0,0.0,0.0,0.0,1.0,0.1,0.2890648263178879
q_0134,Dense,0.1111111111111111,1.0,0.07160699988162378,0.0,0.0,0.0,0.0,0.0,0.0,0.0,0.0,0.0,1.0,0.1,0.3010299956639812
q_0134,Hybrid,0.1,1.0,0.3939259995604516,0.0,0.0,0.0,0.0,0.0,0.0,0.0,0.0,0.0,1.0,0.1,0.2890648263178879
q_0134,Hybrid + Reranking,0.0,0.0,0.8408049998251954,0.0,0.0,0.0,0.0,0.0,0.0,0.0,0.0,0.0,0.0,0.0,0.0
q_0134,Hybrid + Reranking + Query Rewrite,0.0,0.0,0.7436869991579442,0.0,0.0,0.0,0.0,0.0,0.0,0.0,0.0,0.0,0.0,0.0,0.0
q_0136,BM25,1.0,1.0,0.12289599999348866,1.0,1.0,1.0,1.0,0.3333333333333333,1.0,1.0,0.2,1.0,1.0,0.1,1.0
q_0136,Dense,1.0,1.0,0.05868900007044431,1.0,1.0,1.0,1.0,0.3333333333333333,1.0,1.0,0.2,1.0,1.0,0.1,1.0
q_0136,Hybrid,1.0,1.0,0.3207139998266939,1.0,1.0,1.0,1.0,0.3333333333333333,1.0,1.0,0.2,1.0,1.0,0.1,1.0
q_0136,Hybrid + Reranking,1.0,1.0,0.6188540000948706,1.0,1.0,1.0,1.0,0.3333333333333333,1.0,1.0,0.2,1.0,1.0,0.1,1.0
q_0136,Hybrid + Reranking + Query Rewrite,1.0,1.0,0.5083269998067408,1.0,1.0,1.0,1.0,0.3333333333333333,1.0,1.0,0.2,1.0,1.0,0.1,1.0
q_0137,BM25,1.0,1.0,0.28544399992824765,1.0,1.0,1.0,1.0,0.3333333333333333,1.0,1.0,0.2,1.0,1.0,0.1,1.0
q_0137,Dense,0.3333333333333333,1.0,0.1878869998108712,0.0,0.0,0.0,1.0,0.3333333333333333,0.5,1.0,0.2,0.5,1.0,0.1,0.5
q_0137,Hybrid,1.0,1.0,0.4514320007729111,1.0,1.0,1.0,1.0,0.3333333333333333,1.0,1.0,0.2,1.0,1.0,0.1,1.0
q_0137,Hybrid + Reranking,1.0,1.0,0.56006900013017,1.0,1.0,1.0,1.0,0.3333333333333333,1.0,1.0,0.2,1.0,1.0,0.1,1.0
q_0137,Hybrid + Reranking + Query Rewrite,1.0,1.0,0.976561999777914,1.0,1.0,1.0,1.0,0.3333333333333333,1.0,1.0,0.2,1.0,1.0,0.1,1.0
q_0138,BM25,1.0,1.0,0.2188319995184429,1.0,1.0,1.0,1.0,0.3333333333333333,1.0,1.0,0.2,1.0,1.0,0.1,1.0
q_0138,Dense,0.25,1.0,0.07861299945943756,0.0,0.0,0.0,0.0,0.0,0.0,1.0,0.2,0.43067655807339306,1.0,0.1,0.43067655807339306
q_0138,Hybrid,0.5,1.0,0.7049109999570646,0.0,0.0,0.0,1.0,0.3333333333333333,0.6309297535714575,1.0,0.2,0.6309297535714575,1.0,0.1,0.6309297535714575
q_0138,Hybrid + Reranking,1.0,1.0,1.2872100005552056,1.0,1.0,1.0,1.0,0.3333333333333333,1.0,1.0,0.2,1.0,1.0,0.1,1.0
q_0138,Hybrid + Reranking + Query Rewrite,1.0,1.0,0.6903089997649658,1.0,1.0,1.0,1.0,0.3333333333333333,1.0,1.0,0.2,1.0,1.0,0.1,1.0
q_0140,BM25,1.0,1.0,0.27932899956795154,1.0,1.0,1.0,1.0,0.3333333333333333,1.0,1.0,0.2,1.0,1.0,0.1,1.0
q_0140,Dense,0.16666666666666666,1.0,0.08040200009418186,0.0,0.0,0.0,0.0,0.0,0.0,0.0,0.0,0.0,1.0,0.1,0.3562071871080222
q_0140,Hybrid,0.25,1.0,0.44259700007387437,0.0,0.0,0.0,0.0,0.0,0.0,1.0,0.2,0.43067655807339306,1.0,0.1,0.43067655807339306
q_0140,Hybrid + Reranking,1.0,1.0,0.5492880000019795,1.0,1.0,1.0,1.0,0.3333333333333333,1.0,1.0,0.2,1.0,1.0,0.1,1.0
q_0140,Hybrid + Reranking + Query Rewrite,1.0,1.0,0.5136879999554367,1.0,1.0,1.0,1.0,0.3333333333333333,1.0,1.0,0.2,1.0,1.0,0.1,1.0
q_0141,BM25,1.0,1.0,0.14656300027127145,1.0,1.0,1.0,1.0,0.3333333333333333,1.0,1.0,0.2,1.0,1.0,0.1,1.0
q_0141,Dense,0.5,1.0,0.048272000640281476,0.0,0.0,0.0,1.0,0.3333333333333333,0.6309297535714575,1.0,0.2,0.6309297535714575,1.0,0.1,0.6309297535714575
q_0141,Hybrid,1.0,1.0,0.22446000002673827,1.0,1.0,1.0,1.0,0.3333333333333333,1.0,1.0,0.2,1.0,1.0,0.1,1.0
q_0141,Hybrid + Reranking,1.0,1.0,0.9750480003276607,1.0,1.0,1.0,1.0,0.3333333333333333,1.0,1.0,0.2,1.0,1.0,0.1,1.0
q_0141,Hybrid + Reranking + Query Rewrite,1.0,1.0,1.086150999981328,1.0,1.0,1.0,1.0,0.3333333333333333,1.0,1.0,0.2,1.0,1.0,0.1,1.0
q_0142,BM25,0.1111111111111111,1.0,0.2037999993262929,0.0,0.0,0.0,0.0,0.0,0.0,0.0,0.0,0.0,1.0,0.1,0.3010299956639812
q_0142,Dense,0.1111111111111111,1.0,0.07205099973361939,0.0,0.0,0.0,0.0,0.0,0.0,0.0,0.0,0.0,1.0,0.1,0.3010299956639812
q_0142,Hybrid,0.1111111111111111,1.0,0.21736199960287195,0.0,0.0,0.0,0.0,0.0,0.0,0.0,0.0,0.0,1.0,0.1,0.3010299956639812
q_0142,Hybrid + Reranking,0.0,0.0,1.2608290007847245,0.0,0.0,0.0,0.0,0.0,0.0,0.0,0.0,0.0,0.0,0.0,0.0
q_0142,Hybrid + Reranking + Query Rewrite,0.0,0.0,0.6280420002440223,0.0,0.0,0.0,0.0,0.0,0.0,0.0,0.0,0.0,0.0,0.0,0.0
q_0143,BM25,1.0,1.0,0.15184899984888034,1.0,1.0,1.0,1.0,0.3333333333333333,1.0,1.0,0.2,1.0,1.0,0.1,1.0
q_0143,Dense,1.0,1.0,0.05139699987921631,1.0,1.0,1.0,1.0,0.3333333333333333,1.0,1.0,0.2,1.0,1.0,0.1,1.0
q_0143,Hybrid,1.0,1.0,0.3022300006705336,1.0,1.0,1.0,1.0,0.3333333333333333,1.0,1.0,0.2,1.0,1.0,0.1,1.0
q_0143,Hybrid + Reranking,1.0,1.0,0.5458550003822893,1.0,1.0,1.0,1.0,0.3333333333333333,1.0,1.0,0.2,1.0,1.0,0.1,1.0
q_0143,Hybrid + Reranking + Query Rewrite,1.0,1.0,0.4778140000780695,1.0,1.0,1.0,1.0,0.3333333333333333,1.0,1.0,0.2,1.0,1.0,0.1,1.0
q_0144,BM25,0.3333333333333333,1.0,0.13544400007958757,0.0,0.0,0.0,1.0,0.3333333333333333,0.5,1.0,0.2,0.5,1.0,0.1,0.5
q_0144,Dense,0.3333333333333333,1.0,0.04851700032304507,0.0,0.0,0.0,1.0,0.3333333333333333,0.5,1.0,0.2,0.5,1.0,0.1,0.5
q_0144,Hybrid,0.25,1.0,0.2061989998765057,0.0,0.0,0.0,0.0,0.0,0.0,1.0,0.2,0.43067655807339306,1.0,0.1,0.43067655807339306
q_0144,Hybrid + Reranking,0.25,1.0,0.45986100030859234,0.0,0.0,0.0,0.0,0.0,0.0,1.0,0.2,0.43067655807339306,1.0,0.1,0.43067655807339306
q_0144,Hybrid + Reranking + Query Rewrite,0.25,1.0,0.4634340002667159,0.0,0.0,0.0,0.0,0.0,0.0,1.0,0.2,0.43067655807339306,1.0,0.1,0.43067655807339306
q_0146,BM25,1.0,1.0,0.11435099986556452,1.0,1.0,1.0,1.0,0.3333333333333333,1.0,1.0,0.2,1.0,1.0,0.1,1.0
q_0146,Dense,1.0,1.0,0.04699100009020185,1.0,1.0,1.0,1.0,0.3333333333333333,1.0,1.0,0.2,1.0,1.0,0.1,1.0
q_0146,Hybrid,1.0,1.0,0.22065499979362357,1.0,1.0,1.0,1.0,0.3333333333333333,1.0,1.0,0.2,1.0,1.0,0.1,1.0
q_0146,Hybrid + Reranking,1.0,1.0,0.41801999941526446,1.0,1.0,1.0,1.0,0.3333333333333333,1.0,1.0,0.2,1.0,1.0,0.1,1.0
q_0146,Hybrid + Reranking + Query Rewrite,1.0,1.0,0.4510790004133014,1.0,1.0,1.0,1.0,0.3333333333333333,1.0,1.0,0.2,1.0,1.0,0.1,1.0
q_0147,BM25,1.0,1.0,0.1546240000607213,1.0,1.0,1.0,1.0,0.3333333333333333,1.0,1.0,0.2,1.0,1.0,0.1,1.0
q_0147,Dense,1.0,1.0,0.14395600010175258,1.0,1.0,1.0,1.0,0.3333333333333333,1.0,1.0,0.2,1.0,1.0,0.1,1.0
q_0147,Hybrid,1.0,1.0,0.23927799975353992,1.0,1.0,1.0,1.0,0.3333333333333333,1.0,1.0,0.2,1.0,1.0,0.1,1.0
q_0147,Hybrid + Reranking,1.0,1.0,1.1042559999623336,1.0,1.0,1.0,1.0,0.3333333333333333,1.0,1.0,0.2,1.0,1.0,0.1,1.0
q_0147,Hybrid + Reranking + Query Rewrite,1.0,1.0,0.581119000344188,1.0,1.0,1.0,1.0,0.3333333333333333,1.0,1.0,0.2,1.0,1.0,0.1,1.0
q_0148,BM25,1.0,1.0,0.6107500003054156,1.0,1.0,1.0,1.0,0.3333333333333333,1.0,1.0,0.2,1.0,1.0,0.1,1.0
q_0148,Dense,0.5,1.0,0.12693000007857336,0.0,0.0,0.0,1.0,0.3333333333333333,0.6309297535714575,1.0,0.2,0.6309297535714575,1.0,0.1,0.6309297535714575
q_0148,Hybrid,1.0,1.0,0.24251800005004043,1.0,1.0,1.0,1.0,0.3333333333333333,1.0,1.0,0.2,1.0,1.0,0.1,1.0
q_0148,Hybrid + Reranking,1.0,1.0,0.5808380001326441,1.0,1.0,1.0,1.0,0.3333333333333333,1.0,1.0,0.2,1.0,1.0,0.1,1.0
q_0148,Hybrid + Reranking + Query Rewrite,1.0,1.0,0.8062480001171934,1.0,1.0,1.0,1.0,0.3333333333333333,1.0,1.0,0.2,1.0,1.0,0.1,1.0
q_0150,BM25,1.0,1.0,0.1776549997885013,1.0,1.0,1.0,1.0,0.3333333333333333,1.0,1.0,0.2,1.0,1.0,0.1,1.0
q_0150,Dense,0.5,1.0,0.07012900005065603,0.0,0.0,0.0,1.0,0.3333333333333333,0.6309297535714575,1.0,0.2,0.6309297535714575,1.0,0.1,0.6309297535714575
q_0150,Hybrid,1.0,1.0,0.26560000060271705,1.0,1.0,1.0,1.0,0.3333333333333333,1.0,1.0,0.2,1.0,1.0,0.1,1.0
q_0150,Hybrid + Reranking,1.0,1.0,0.6901830001879716,1.0,1.0,1.0,1.0,0.3333333333333333,1.0,1.0,0.2,1.0,1.0,0.1,1.0
q_0150,Hybrid + Reranking + Query Rewrite,1.0,1.0,0.5723129997932119,1.0,1.0,1.0,1.0,0.3333333333333333,1.0,1.0,0.2,1.0,1.0,0.1,1.0
q_0151,BM25,1.0,1.0,0.18535900017013773,1.0,1.0,1.0,1.0,0.3333333333333333,1.0,1.0,0.2,1.0,1.0,0.1,1.0
q_0151,Dense,0.3333333333333333,1.0,0.053419999858306255,0.0,0.0,0.0,1.0,0.3333333333333333,0.5,1.0,0.2,0.5,1.0,0.1,0.5
q_0151,Hybrid,1.0,1.0,0.7356369997069123,1.0,1.0,1.0,1.0,0.3333333333333333,1.0,1.0,0.2,1.0,1.0,0.1,1.0
q_0151,Hybrid + Reranking,1.0,1.0,0.5745729995396687,1.0,1.0,1.0,1.0,0.3333333333333333,1.0,1.0,0.2,1.0,1.0,0.1,1.0
q_0151,Hybrid + Reranking + Query Rewrite,1.0,1.0,0.6366030002027401,1.0,1.0,1.0,1.0,0.3333333333333333,1.0,1.0,0.2,1.0,1.0,0.1,1.0
q_0152,BM25,0.1,1.0,0.15356899984908523,0.0,0.0,0.0,0.0,0.0,0.0,0.0,0.0,0.0,1.0,0.1,0.2890648263178879
q_0152,Dense,0.1,1.0,0.04648199956136523,0.0,0.0,0.0,0.0,0.0,0.0,0.0,0.0,0.0,1.0,0.1,0.2890648263178879
q_0152,Hybrid,0.1,1.0,0.20423699970706366,0.0,0.0,0.0,0.0,0.0,0.0,0.0,0.0,0.0,1.0,0.1,0.2890648263178879
q_0152,Hybrid + Reranking,0.0,0.0,0.5121670001244638,0.0,0.0,0.0,0.0,0.0,0.0,0.0,0.0,0.0,0.0,0.0,0.0
q_0152,Hybrid + Reranking + Query Rewrite,0.0,0.0,0.4522789995462517,0.0,0.0,0.0,0.0,0.0,0.0,0.0,0.0,0.0,0.0,0.0,0.0
q_0153,BM25,1.0,1.0,0.16908999987208517,1.0,1.0,1.0,1.0,0.3333333333333333,1.0,1.0,0.2,1.0,1.0,0.1,1.0
q_0153,Dense,1.0,1.0,0.05062000036559766,1.0,1.0,1.0,1.0,0.3333333333333333,1.0,1.0,0.2,1.0,1.0,0.1,1.0
q_0153,Hybrid,1.0,1.0,0.22623400036536623,1.0,1.0,1.0,1.0,0.3333333333333333,1.0,1.0,0.2,1.0,1.0,0.1,1.0
q_0153,Hybrid + Reranking,1.0,1.0,0.4724609998447704,1.0,1.0,1.0,1.0,0.3333333333333333,1.0,1.0,0.2,1.0,1.0,0.1,1.0
q_0153,Hybrid + Reranking + Query Rewrite,1.0,1.0,0.5328490005922504,1.0,1.0,1.0,1.0,0.3333333333333333,1.0,1.0,0.2,1.0,1.0,0.1,1.0
q_0154,BM25,1.0,1.0,0.13597399993159343,1.0,1.0,1.0,1.0,0.3333333333333333,1.0,1.0,0.2,1.0,1.0,0.1,1.0
q_0154,Dense,0.5,1.0,0.05060900002717972,0.0,0.0,0.0,1.0,0.3333333333333333,0.6309297535714575,1.0,0.2,0.6309297535714575,1.0,0.1,0.6309297535714575
q_0154,Hybrid,1.0,1.0,0.20468000002438203,1.0,1.0,1.0,1.0,0.3333333333333333,1.0,1.0,0.2,1.0,1.0,0.1,1.0
q_0154,Hybrid + Reranking,1.0,1.0,0.4674459996749647,1.0,1.0,1.0,1.0,0.3333333333333333,1.0,1.0,0.2,1.0,1.0,0.1,1.0
q_0154,Hybrid + Reranking + Query Rewrite,1.0,1.0,0.47323400031018537,1.0,1.0,1.0,1.0,0.3333333333333333,1.0,1.0,0.2,1.0,1.0,0.1,1.0
q_0156,BM25,1.0,1.0,0.13941900033387356,1.0,1.0,1.0,1.0,0.3333333333333333,1.0,1.0,0.2,1.0,1.0,0.1,1.0
q_0156,Dense,1.0,1.0,0.05051000061939703,1.0,1.0,1.0,1.0,0.3333333333333333,1.0,1.0,0.2,1.0,1.0,0.1,1.0
q_0156,Hybrid,1.0,1.0,0.19748100021388382,1.0,1.0,1.0,1.0,0.3333333333333333,1.0,1.0,0.2,1.0,1.0,0.1,1.0
q_0156,Hybrid + Reranking,1.0,1.0,0.44050400083506247,1.0,1.0,1.0,1.0,0.3333333333333333,1.0,1.0,0.2,1.0,1.0,0.1,1.0
q_0156,Hybrid + Reranking + Query Rewrite,1.0,1.0,0.4410660003486555,1.0,1.0,1.0,1.0,0.3333333333333333,1.0,1.0,0.2,1.0,1.0,0.1,1.0
q_0157,BM25,1.0,1.0,0.15916299980744952,1.0,1.0,1.0,1.0,0.3333333333333333,1.0,1.0,0.2,1.0,1.0,0.1,1.0
q_0157,Dense,0.3333333333333333,1.0,0.05218600017542485,0.0,0.0,0.0,1.0,0.3333333333333333,0.5,1.0,0.2,0.5,1.0,0.1,0.5
q_0157,Hybrid,1.0,1.0,0.23391600007016677,1.0,1.0,1.0,1.0,0.3333333333333333,1.0,1.0,0.2,1.0,1.0,0.1,1.0
q_0157,Hybrid + Reranking,1.0,1.0,0.5807529996673111,1.0,1.0,1.0,1.0,0.3333333333333333,1.0,1.0,0.2,1.0,1.0,0.1,1.0
q_0157,Hybrid + Reranking + Query Rewrite,1.0,1.0,0.5216070003370987,1.0,1.0,1.0,1.0,0.3333333333333333,1.0,1.0,0.2,1.0,1.0,0.1,1.0
q_0158,BM25,1.0,1.0,0.13503900026989868,1.0,1.0,1.0,1.0,0.3333333333333333,1.0,1.0,0.2,1.0,1.0,0.1,1.0
q_0158,Dense,1.0,1.0,0.048427000365336426,1.0,1.0,1.0,1.0,0.3333333333333333,1.0,1.0,0.2,1.0,1.0,0.1,1.0
q_0158,Hybrid,1.0,1.0,0.21055900015198858,1.0,1.0,1.0,1.0,0.3333333333333333,1.0,1.0,0.2,1.0,1.0,0.1,1.0
q_0158,Hybrid + Reranking,1.0,1.0,0.42578800002956996,1.0,1.0,1.0,1.0,0.3333333333333333,1.0,1.0,0.2,1.0,1.0,0.1,1.0
q_0158,Hybrid + Reranking + Query Rewrite,1.0,1.0,0.4481030000533792,1.0,1.0,1.0,1.0,0.3333333333333333,1.0,1.0,0.2,1.0,1.0,0.1,1.0
q_0160,BM25,1.0,1.0,0.13982600012241164,1.0,1.0,1.0,1.0,0.3333333333333333,1.0,1.0,0.2,1.0,1.0,0.1,1.0
q_0160,Dense,0.3333333333333333,1.0,0.043373000153223984,0.0,0.0,0.0,1.0,0.3333333333333333,0.5,1.0,0.2,0.5,1.0,0.1,0.5
q_0160,Hybrid,1.0,1.0,0.20979100008844398,1.0,1.0,1.0,1.0,0.3333333333333333,1.0,1.0,0.2,1.0,1.0,0.1,1.0
q_0160,Hybrid + Reranking,1.0,1.0,0.5037179998907959,1.0,1.0,1.0,1.0,0.3333333333333333,1.0,1.0,0.2,1.0,1.0,0.1,1.0
q_0160,Hybrid + Reranking + Query Rewrite,1.0,1.0,0.4466939999474562,1.0,1.0,1.0,1.0,0.3333333333333333,1.0,1.0,0.2,1.0,1.0,0.1,1.0
q_0161,BM25,1.0,1.0,0.1612960004422348,1.0,1.0,1.0,1.0,0.3333333333333333,1.0,1.0,0.2,1.0,1.0,0.1,1.0
q_0161,Dense,1.0,1.0,0.048070000048028305,1.0,1.0,1.0,1.0,0.3333333333333333,1.0,1.0,0.2,1.0,1.0,0.1,1.0
q_0161,Hybrid,1.0,1.0,0.25618500058044447,1.0,1.0,1.0,1.0,0.3333333333333333,1.0,1.0,0.2,1.0,1.0,0.1,1.0
q_0161,Hybrid + Reranking,1.0,1.0,0.4681430000346154,1.0,1.0,1.0,1.0,0.3333333333333333,1.0,1.0,0.2,1.0,1.0,0.1,1.0
q_0161,Hybrid + Reranking + Query Rewrite,1.0,1.0,0.4580020004141261,1.0,1.0,1.0,1.0,0.3333333333333333,1.0,1.0,0.2,1.0,1.0,0.1,1.0
q_0162,BM25,1.0,1.0,0.127467999845976,1.0,1.0,1.0,1.0,0.3333333333333333,1.0,1.0,0.2,1.0,1.0,0.1,1.0
q_0162,Dense,0.5,1.0,0.04277799962437712,0.0,0.0,0.0,1.0,0.3333333333333333,0.6309297535714575,1.0,0.2,0.6309297535714575,1.0,0.1,0.6309297535714575
q_0162,Hybrid,1.0,1.0,0.22356799945555395,1.0,1.0,1.0,1.0,0.3333333333333333,1.0,1.0,0.2,1.0,1.0,0.1,1.0
q_0162,Hybrid + Reranking,1.0,1.0,0.5152989997441182,1.0,1.0,1.0,1.0,0.3333333333333333,1.0,1.0,0.2,1.0,1.0,0.1,1.0
q_0162,Hybrid + Reranking + Query Rewrite,1.0,1.0,0.4294840000511613,1.0,1.0,1.0,1.0,0.3333333333333333,1.0,1.0,0.2,1.0,1.0,0.1,1.0
q_0163,BM25,1.0,1.0,0.16495199997734744,1.0,1.0,1.0,1.0,0.3333333333333333,1.0,1.0,0.2,1.0,1.0,0.1,1.0
q_0163,Dense,1.0,1.0,0.048691999836592004,1.0,1.0,1.0,1.0,0.3333333333333333,1.0,1.0,0.2,1.0,1.0,0.1,1.0
q_0163,Hybrid,1.0,1.0,0.2417839996269322,1.0,1.0,1.0,1.0,0.3333333333333333,1.0,1.0,0.2,1.0,1.0,0.1,1.0
q_0163,Hybrid + Reranking,1.0,1.0,0.46617899988632416,1.0,1.0,1.0,1.0,0.3333333333333333,1.0,1.0,0.2,1.0,1.0,0.1,1.0
q_0163,Hybrid + Reranking + Query Rewrite,1.0,1.0,0.5586759998550406,1.0,1.0,1.0,1.0,0.3333333333333333,1.0,1.0,0.2,1.0,1.0,0.1,1.0
q_0164,BM25,0.5,1.0,0.13273499916977016,0.0,0.0,0.0,1.0,0.3333333333333333,0.6309297535714575,1.0,0.2,0.6309297535714575,1.0,0.1,0.6309297535714575
q_0164,Dense,0.25,1.0,0.05828600023960462,0.0,0.0,0.0,0.0,0.0,0.0,1.0,0.2,0.43067655807339306,1.0,0.1,0.43067655807339306
q_0164,Hybrid,0.3333333333333333,1.0,0.23748300009174272,0.0,0.0,0.0,1.0,0.3333333333333333,0.5,1.0,0.2,0.5,1.0,0.1,0.5
q_0164,Hybrid + Reranking,0.5,1.0,0.49176099946635077,0.0,0.0,0.0,1.0,0.3333333333333333,0.6309297535714575,1.0,0.2,0.6309297535714575,1.0,0.1,0.6309297535714575
q_0164,Hybrid + Reranking + Query Rewrite,0.5,1.0,0.4213699994579656,0.0,0.0,0.0,1.0,0.3333333333333333,0.6309297535714575,1.0,0.2,0.6309297535714575,1.0,0.1,0.6309297535714575
q_0166,BM25,1.0,1.0,0.1612979995115893,1.0,1.0,1.0,1.0,0.3333333333333333,1.0,1.0,0.2,1.0,1.0,0.1,1.0
q_0166,Dense,0.5,1.0,0.05102900013298495,0.0,0.0,0.0,1.0,0.3333333333333333,0.6309297535714575,1.0,0.2,0.6309297535714575,1.0,0.1,0.6309297535714575
q_0166,Hybrid,1.0,1.0,0.19939699996029958,1.0,1.0,1.0,1.0,0.3333333333333333,1.0,1.0,0.2,1.0,1.0,0.1,1.0
q_0166,Hybrid + Reranking,1.0,1.0,0.4192260003037518,1.0,1.0,1.0,1.0,0.3333333333333333,1.0,1.0,0.2,1.0,1.0,0.1,1.0
q_0166,Hybrid + Reranking + Query Rewrite,1.0,1.0,0.46620499961136375,1.0,1.0,1.0,1.0,0.3333333333333333,1.0,1.0,0.2,1.0,1.0,0.1,1.0
q_0167,BM25,0.5,1.0,0.15592599993397016,0.0,0.0,0.0,1.0,0.3333333333333333,0.6309297535714575,1.0,0.2,0.6309297535714575,1.0,0.1,0.6309297535714575
q_0167,Dense,0.5,1.0,0.0551370003449847,0.0,0.0,0.0,1.0,0.3333333333333333,0.6309297535714575,1.0,0.2,0.6309297535714575,1.0,0.1,0.6309297535714575
q_0167,Hybrid,1.0,1.0,0.25294100032624556,1.0,1.0,1.0,1.0,0.3333333333333333,1.0,1.0,0.2,1.0,1.0,0.1,1.0
q_0167,Hybrid + Reranking,1.0,1.0,0.5359459992178017,1.0,1.0,1.0,1.0,0.3333333333333333,1.0,1.0,0.2,1.0,1.0,0.1,1.0
q_0167,Hybrid + Reranking + Query Rewrite,1.0,1.0,0.4925880002701888,1.0,1.0,1.0,1.0,0.3333333333333333,1.0,1.0,0.2,1.0,1.0,0.1,1.0
q_0168,BM25,1.0,1.0,0.1327379995927913,1.0,1.0,1.0,1.0,0.3333333333333333,1.0,1.0,0.2,1.0,1.0,0.1,1.0
q_0168,Dense,1.0,1.0,0.04886599981546169,1.0,1.0,1.0,1.0,0.3333333333333333,1.0,1.0,0.2,1.0,1.0,0.1,1.0
q_0168,Hybrid,1.0,1.0,0.20573599977069534,1.0,1.0,1.0,1.0,0.3333333333333333,1.0,1.0,0.2,1.0,1.0,0.1,1.0
q_0168,Hybrid + Reranking,1.0,1.0,0.4431750003277557,1.0,1.0,1.0,1.0,0.3333333333333333,1.0,1.0,0.2,1.0,1.0,0.1,1.0
q_0168,Hybrid + Reranking + Query Rewrite,1.0,1.0,0.4579800006467849,1.0,1.0,1.0,1.0,0.3333333333333333,1.0,1.0,0.2,1.0,1.0,0.1,1.0
q_0170,BM25,1.0,1.0,0.14405399997485802,1.0,1.0,1.0,1.0,0.3333333333333333,1.0,1.0,0.2,1.0,1.0,0.1,1.0
q_0170,Dense,1.0,1.0,0.04615600028046174,1.0,1.0,1.0,1.0,0.3333333333333333,1.0,1.0,0.2,1.0,1.0,0.1,1.0
q_0170,Hybrid,1.0,1.0,0.2140059996236232,1.0,1.0,1.0,1.0,0.3333333333333333,1.0,1.0,0.2,1.0,1.0,0.1,1.0
q_0170,Hybrid + Reranking,1.0,1.0,0.4893750001428998,1.0,1.0,1.0,1.0,0.3333333333333333,1.0,1.0,0.2,1.0,1.0,0.1,1.0
q_0170,Hybrid + Reranking + Query Rewrite,1.0,1.0,0.45185599992692005,1.0,1.0,1.0,1.0,0.3333333333333333,1.0,1.0,0.2,1.0,1.0,0.1,1.0
q_0171,BM25,1.0,1.0,0.16298099944833666,1.0,1.0,1.0,1.0,0.3333333333333333,1.0,1.0,0.2,1.0,1.0,0.1,1.0
q_0171,Dense,1.0,1.0,0.048627000069245696,1.0,1.0,1.0,1.0,0.3333333333333333,1.0,1.0,0.2,1.0,1.0,0.1,1.0
q_0171,Hybrid,1.0,1.0,0.2611600002637715,1.0,1.0,1.0,1.0,0.3333333333333333,1.0,1.0,0.2,1.0,1.0,0.1,1.0
q_0171,Hybrid + Reranking,1.0,1.0,0.47834999986662297,1.0,1.0,1.0,1.0,0.3333333333333333,1.0,1.0,0.2,1.0,1.0,0.1,1.0
q_0171,Hybrid + Reranking + Query Rewrite,1.0,1.0,0.46770200060564093,1.0,1.0,1.0,1.0,0.3333333333333333,1.0,1.0,0.2,1.0,1.0,0.1,1.0
q_0172,BM25,0.5,1.0,0.12761900052282726,0.0,0.0,0.0,1.0,0.3333333333333333,0.6309297535714575,1.0,0.2,0.6309297535714575,1.0,0.1,0.6309297535714575
q_0172,Dense,0.25,1.0,0.04224900021654321,0.0,0.0,0.0,0.0,0.0,0.0,1.0,0.2,0.43067655807339306,1.0,0.1,0.43067655807339306
q_0172,Hybrid,0.3333333333333333,1.0,0.199695000446809,0.0,0.0,0.0,1.0,0.3333333333333333,0.5,1.0,0.2,0.5,1.0,0.1,0.5
q_0172,Hybrid + Reranking,0.3333333333333333,1.0,0.4706350000560633,0.0,0.0,0.0,1.0,0.3333333333333333,0.5,1.0,0.2,0.5,1.0,0.1,0.5
q_0172,Hybrid + Reranking + Query Rewrite,0.3333333333333333,1.0,0.41969899939431343,0.0,0.0,0.0,1.0,0.3333333333333333,0.5,1.0,0.2,0.5,1.0,0.1,0.5
q_0173,BM25,1.0,1.0,0.14040699988981942,1.0,1.0,1.0,1.0,0.3333333333333333,1.0,1.0,0.2,1.0,1.0,0.1,1.0
q_0173,Dense,0.3333333333333333,1.0,0.07142400045268005,0.0,0.0,0.0,1.0,0.3333333333333333,0.5,1.0,0.2,0.5,1.0,0.1,0.5
q_0173,Hybrid,1.0,1.0,0.2440429998387117,1.0,1.0,1.0,1.0,0.3333333333333333,1.0,1.0,0.2,1.0,1.0,0.1,1.0
q_0173,Hybrid + Reranking,1.0,1.0,0.48415899982501287,1.0,1.0,1.0,1.0,0.3333333333333333,1.0,1.0,0.2,1.0,1.0,0.1,1.0
q_0173,Hybrid + Reranking + Query Rewrite,1.0,1.0,0.4662080000343849,1.0,1.0,1.0,1.0,0.3333333333333333,1.0,1.0,0.2,1.0,1.0,0.1,1.0
q_0174,BM25,0.25,1.0,0.13380700056586647,0.0,0.0,0.0,0.0,0.0,0.0,1.0,0.2,0.43067655807339306,1.0,0.1,0.43067655807339306
q_0174,Dense,1.0,1.0,0.04919399998470908,1.0,1.0,1.0,1.0,0.3333333333333333,1.0,1.0,0.2,1.0,1.0,0.1,1.0
q_0174,Hybrid,0.5,1.0,0.20370000038383296,0.0,0.0,0.0,1.0,0.3333333333333333,0.6309297535714575,1.0,0.2,0.6309297535714575,1.0,0.1,0.6309297535714575
q_0174,Hybrid + Reranking,0.3333333333333333,1.0,0.7579080001960392,0.0,0.0,0.0,1.0,0.3333333333333333,0.5,1.0,0.2,0.5,1.0,0.1,0.5
q_0174,Hybrid + Reranking + Query Rewrite,0.3333333333333333,1.0,0.5885400005354313,0.0,0.0,0.0,1.0,0.3333333333333333,0.5,1.0,0.2,0.5,1.0,0.1,0.5
q_0176,BM25,0.5,1.0,0.12471599984564818,0.0,0.0,0.0,1.0,0.3333333333333333,0.6309297535714575,1.0,0.2,0.6309297535714575,1.0,0.1,0.6309297535714575
q_0176,Dense,1.0,1.0,0.05629699990095105,1.0,1.0,1.0,1.0,0.3333333333333333,1.0,1.0,0.2,1.0,1.0,0.1,1.0
q_0176,Hybrid,0.5,1.0,0.205567000193696,0.0,0.0,0.0,1.0,0.3333333333333333,0.6309297535714575,1.0,0.2,0.6309297535714575,1.0,0.1,0.6309297535714575
q_0176,Hybrid + Reranking,0.5,1.0,0.48999800037563546,0.0,0.0,0.0,1.0,0.3333333333333333,0.6309297535714575,1.0,0.2,0.6309297535714575,1.0,0.1,0.6309297535714575
q_0176,Hybrid + Reranking + Query Rewrite,0.5,1.0,0.5445850001706276,0.0,0.0,0.0,1.0,0.3333333333333333,0.6309297535714575,1.0,0.2,0.6309297535714575,1.0,0.1,0.6309297535714575
q_0177,BM25,1.0,1.0,0.16103200050565647,1.0,1.0,1.0,1.0,0.3333333333333333,1.0,1.0,0.2,1.0,1.0,0.1,1.0
q_0177,Dense,0.16666666666666666,1.0,0.07267999990290264,0.0,0.0,0.0,0.0,0.0,0.0,0.0,0.0,0.0,1.0,0.1,0.3562071871080222
q_0177,Hybrid,0.5,1.0,0.2754540000751149,0.0,0.0,0.0,1.0,0.3333333333333333,0.6309297535714575,1.0,0.2,0.6309297535714575,1.0,0.1,0.6309297535714575
q_0177,Hybrid + Reranking,1.0,1.0,0.5068809996373602,1.0,1.0,1.0,1.0,0.3333333333333333,1.0,1.0,0.2,1.0,1.0,0.1,1.0
q_0177,Hybrid + Reranking + Query Rewrite,1.0,1.0,0.4928700000164099,1.0,1.0,1.0,1.0,0.3333333333333333,1.0,1.0,0.2,1.0,1.0,0.1,1.0
q_0178,BM25,1.0,1.0,0.13490499986801296,1.0,1.0,1.0,1.0,0.3333333333333333,1.0,1.0,0.2,1.0,1.0,0.1,1.0
q_0178,Dense,1.0,1.0,0.042161999772361014,1.0,1.0,1.0,1.0,0.3333333333333333,1.0,1.0,0.2,1.0,1.0,0.1,1.0
q_0178,Hybrid,1.0,1.0,0.21078500049043214,1.0,1.0,1.0,1.0,0.3333333333333333,1.0,1.0,0.2,1.0,1.0,0.1,1.0
q_0178,Hybrid + Reranking,1.0,1.0,0.6302219999270164,1.0,1.0,1.0,1.0,0.3333333333333333,1.0,1.0,0.2,1.0,1.0,0.1,1.0
q_0178,Hybrid + Reranking + Query Rewrite,1.0,1.0,0.47046999952726765,1.0,1.0,1.0,1.0,0.3333333333333333,1.0,1.0,0.2,1.0,1.0,0.1,1.0
q_0180,BM25,1.0,1.0,0.3420110006118193,1.0,1.0,1.0,1.0,0.3333333333333333,1.0,1.0,0.2,1.0,1.0,0.1,1.0
q_0180,Dense,1.0,1.0,0.08052399971347768,1.0,1.0,1.0,1.0,0.3333333333333333,1.0,1.0,0.2,1.0,1.0,0.1,1.0
q_0180,Hybrid,1.0,1.0,0.8384269995076465,1.0,1.0,1.0,1.0,0.3333333333333333,1.0,1.0,0.2,1.0,1.0,0.1,1.0
q_0180,Hybrid + Reranking,1.0,1.0,0.48900899946602294,1.0,1.0,1.0,1.0,0.3333333333333333,1.0,1.0,0.2,1.0,1.0,0.1,1.0
q_0180,Hybrid + Reranking + Query Rewrite,1.0,1.0,0.5177650000405265,1.0,1.0,1.0,1.0,0.3333333333333333,1.0,1.0,0.2,1.0,1.0,0.1,1.0
q_0181,BM25,1.0,1.0,0.14715800080011832,1.0,1.0,1.0,1.0,0.3333333333333333,1.0,1.0,0.2,1.0,1.0,0.1,1.0
q_0181,Dense,0.5,1.0,0.05217099987930851,0.0,0.0,0.0,1.0,0.3333333333333333,0.6309297535714575,1.0,0.2,0.6309297535714575,1.0,0.1,0.6309297535714575
q_0181,Hybrid,1.0,1.0,0.2444440006001969,1.0,1.0,1.0,1.0,0.3333333333333333,1.0,1.0,0.2,1.0,1.0,0.1,1.0
q_0181,Hybrid + Reranking,1.0,1.0,0.4764479999721516,1.0,1.0,1.0,1.0,0.3333333333333333,1.0,1.0,0.2,1.0,1.0,0.1,1.0
q_0181,Hybrid + Reranking + Query Rewrite,1.0,1.0,0.4680519996327348,1.0,1.0,1.0,1.0,0.3333333333333333,1.0,1.0,0.2,1.0,1.0,0.1,1.0
q_0182,BM25,0.3333333333333333,1.0,0.12939899988850811,0.0,0.0,0.0,1.0,0.3333333333333333,0.5,1.0,0.2,0.5,1.0,0.1,0.5
q_0182,Dense,0.2,1.0,0.046686999667144846,0.0,0.0,0.0,0.0,0.0,0.0,1.0,0.2,0.38685280723454163,1.0,0.1,0.38685280723454163
q_0182,Hybrid,0.2,1.0,0.20198400034132646,0.0,0.0,0.0,0.0,0.0,0.0,1.0,0.2,0.38685280723454163,1.0,0.1,0.38685280723454163
q_0182,Hybrid + Reranking,0.2,1.0,0.4968089997419156,0.0,0.0,0.0,0.0,0.0,0.0,1.0,0.2,0.38685280723454163,1.0,0.1,0.38685280723454163
q_0182,Hybrid + Reranking + Query Rewrite,0.2,1.0,0.47804799942241516,0.0,0.0,0.0,0.0,0.0,0.0,1.0,0.2,0.38685280723454163,1.0,0.1,0.38685280723454163
q_0183,BM25,1.0,1.0,0.24568899971200153,1.0,1.0,1.0,1.0,0.3333333333333333,1.0,1.0,0.2,1.0,1.0,0.1,1.0
q_0183,Dense,0.25,1.0,0.062232000345829874,0.0,0.0,0.0,0.0,0.0,0.0,1.0,0.2,0.43067655807339306,1.0,0.1,0.43067655807339306
q_0183,Hybrid,1.0,1.0,0.3556140000000596,1.0,1.0,1.0,1.0,0.3333333333333333,1.0,1.0,0.2,1.0,1.0,0.1,1.0
q_0183,Hybrid + Reranking,1.0,1.0,0.4907469992758706,1.0,1.0,1.0,1.0,0.3333333333333333,1.0,1.0,0.2,1.0,1.0,0.1,1.0
q_0183,Hybrid + Reranking + Query Rewrite,1.0,1.0,0.4860740000367514,1.0,1.0,1.0,1.0,0.3333333333333333,1.0,1.0,0.2,1.0,1.0,0.1,1.0
q_0184,BM25,0.2,1.0,0.13107399990985868,0.0,0.0,0.0,0.0,0.0,0.0,1.0,0.2,0.38685280723454163,1.0,0.1,0.38685280723454163
q_0184,Dense,0.1,1.0,0.04449599964573281,0.0,0.0,0.0,0.0,0.0,0.0,0.0,0.0,0.0,1.0,0.1,0.2890648263178879
q_0184,Hybrid,0.14285714285714285,1.0,0.20201400002406444,0.0,0.0,0.0,0.0,0.0,0.0,0.0,0.0,0.0,1.0,0.1,0.3333333333333333
q_0184,Hybrid + Reranking,0.14285714285714285,1.0,0.5939009997746325,0.0,0.0,0.0,0.0,0.0,0.0,0.0,0.0,0.0,1.0,0.1,0.3333333333333333
q_0184,Hybrid + Reranking + Query Rewrite,0.14285714285714285,1.0,0.4537269996944815,0.0,0.0,0.0,0.0,0.0,0.0,0.0,0.0,0.0,1.0,0.1,0.3333333333333333
q_0186,BM25,1.0,1.0,0.16226899970206432,1.0,1.0,1.0,1.0,0.3333333333333333,1.0,1.0,0.2,1.0,1.0,0.1,1.0
q_0186,Dense,1.0,1.0,0.05137700009072432,1.0,1.0,1.0,1.0,0.3333333333333333,1.0,1.0,0.2,1.0,1.0,0.1,1.0
q_0186,Hybrid,1.0,1.0,0.23041199983708793,1.0,1.0,1.0,1.0,0.3333333333333333,1.0,1.0,0.2,1.0,1.0,0.1,1.0
q_0186,Hybrid + Reranking,1.0,1.0,0.4435820001162938,1.0,1.0,1.0,1.0,0.3333333333333333,1.0,1.0,0.2,1.0,1.0,0.1,1.0
q_0186,Hybrid + Reranking + Query Rewrite,1.0,1.0,0.4324470000938163,1.0,1.0,1.0,1.0,0.3333333333333333,1.0,1.0,0.2,1.0,1.0,0.1,1.0
q_0187,BM25,1.0,1.0,0.15331400027207565,1.0,1.0,1.0,1.0,0.3333333333333333,1.0,1.0,0.2,1.0,1.0,0.1,1.0
q_0187,Dense,0.16666666666666666,1.0,0.05170599979464896,0.0,0.0,0.0,0.0,0.0,0.0,0.0,0.0,0.0,1.0,0.1,0.3562071871080222
q_0187,Hybrid,0.5,1.0,0.2538460003052023,0.0,0.0,0.0,1.0,0.3333333333333333,0.6309297535714575,1.0,0.2,0.6309297535714575,1.0,0.1,0.6309297535714575
q_0187,Hybrid + Reranking,1.0,1.0,0.48940999931801343,1.0,1.0,1.0,1.0,0.3333333333333333,1.0,1.0,0.2,1.0,1.0,0.1,1.0
q_0187,Hybrid + Reranking + Query Rewrite,1.0,1.0,1.0581059996184194,1.0,1.0,1.0,1.0,0.3333333333333333,1.0,1.0,0.2,1.0,1.0,0.1,1.0
q_0188,BM25,1.0,1.0,0.1667870001256233,1.0,1.0,1.0,1.0,0.3333333333333333,1.0,1.0,0.2,1.0,1.0,0.1,1.0
q_0188,Dense,1.0,1.0,0.11040299978049006,1.0,1.0,1.0,1.0,0.3333333333333333,1.0,1.0,0.2,1.0,1.0,0.1,1.0
q_0188,Hybrid,1.0,1.0,0.25489799918432254,1.0,1.0,1.0,1.0,0.3333333333333333,1.0,1.0,0.2,1.0,1.0,0.1,1.0
q_0188,Hybrid + Reranking,1.0,1.0,0.47095399986574193,1.0,1.0,1.0,1.0,0.3333333333333333,1.0,1.0,0.2,1.0,1.0,0.1,1.0
q_0188,Hybrid + Reranking + Query Rewrite,1.0,1.0,0.4794939995917957,1.0,1.0,1.0,1.0,0.3333333333333333,1.0,1.0,0.2,1.0,1.0,0.1,1.0
q_0190,BM25,1.0,1.0,0.14749700039828895,1.0,1.0,1.0,1.0,0.3333333333333333,1.0,1.0,0.2,1.0,1.0,0.1,1.0
q_0190,Dense,0.5,1.0,0.05512200004886836,0.0,0.0,0.0,1.0,0.3333333333333333,0.6309297535714575,1.0,0.2,0.6309297535714575,1.0,0.1,0.6309297535714575
q_0190,Hybrid,1.0,1.0,0.24747000043134904,1.0,1.0,1.0,1.0,0.3333333333333333,1.0,1.0,0.2,1.0,1.0,0.1,1.0
q_0190,Hybrid + Reranking,1.0,1.0,0.49039500026992755,1.0,1.0,1.0,1.0,0.3333333333333333,1.0,1.0,0.2,1.0,1.0,0.1,1.0
q_0190,Hybrid + Reranking + Query Rewrite,1.0,1.0,0.4490549999900395,1.0,1.0,1.0,1.0,0.3333333333333333,1.0,1.0,0.2,1.0,1.0,0.1,1.0
q_0191,BM25,1.0,1.0,0.14450699927692767,1.0,1.0,1.0,1.0,0.3333333333333333,1.0,1.0,0.2,1.0,1.0,0.1,1.0
q_0191,Dense,1.0,1.0,0.044657000216830056,1.0,1.0,1.0,1.0,0.3333333333333333,1.0,1.0,0.2,1.0,1.0,0.1,1.0
q_0191,Hybrid,1.0,1.0,0.25730100060172845,1.0,1.0,1.0,1.0,0.3333333333333333,1.0,1.0,0.2,1.0,1.0,0.1,1.0
q_0191,Hybrid + Reranking,1.0,1.0,0.44086999969294993,1.0,1.0,1.0,1.0,0.3333333333333333,1.0,1.0,0.2,1.0,1.0,0.1,1.0
q_0191,Hybrid + Reranking + Query Rewrite,1.0,1.0,0.4810230002476601,1.0,1.0,1.0,1.0,0.3333333333333333,1.0,1.0,0.2,1.0,1.0,0.1,1.0
q_0192,BM25,0.25,1.0,0.20508700072241481,0.0,0.0,0.0,0.0,0.0,0.0,1.0,0.2,0.43067655807339306,1.0,0.1,0.43067655807339306
q_0192,Dense,0.3333333333333333,1.0,0.11130099937872728,0.0,0.0,0.0,1.0,0.3333333333333333,0.5,1.0,0.2,0.5,1.0,0.1,0.5
q_0192,Hybrid,0.25,1.0,0.2648599993335665,0.0,0.0,0.0,0.0,0.0,0.0,1.0,0.2,0.43067655807339306,1.0,0.1,0.43067655807339306
q_0192,Hybrid + Reranking,0.25,1.0,0.8288119997814647,0.0,0.0,0.0,0.0,0.0,0.0,1.0,0.2,0.43067655807339306,1.0,0.1,0.43067655807339306
q_0192,Hybrid + Reranking + Query Rewrite,0.25,1.0,0.5295979999573319,0.0,0.0,0.0,0.0,0.0,0.0,1.0,0.2,0.43067655807339306,1.0,0.1,0.43067655807339306
q_0193,BM25,1.0,1.0,0.3534400002536131,1.0,1.0,1.0,1.0,0.3333333333333333,1.0,1.0,0.2,1.0,1.0,0.1,1.0
q_0193,Dense,1.0,1.0,0.07522299983975245,1.0,1.0,1.0,1.0,0.3333333333333333,1.0,1.0,0.2,1.0,1.0,0.1,1.0
q_0193,Hybrid,1.0,1.0,0.33226599953195546,1.0,1.0,1.0,1.0,0.3333333333333333,1.0,1.0,0.2,1.0,1.0,0.1,1.0
q_0193,Hybrid + Reranking,1.0,1.0,0.4973599998265854,1.0,1.0,1.0,1.0,0.3333333333333333,1.0,1.0,0.2,1.0,1.0,0.1,1.0
q_0193,Hybrid + Reranking + Query Rewrite,1.0,1.0,0.5917680000493419,1.0,1.0,1.0,1.0,0.3333333333333333,1.0,1.0,0.2,1.0,1.0,0.1,1.0
q_0194,BM25,0.14285714285714285,1.0,0.13713200041820528,0.0,0.0,0.0,0.0,0.0,0.0,0.0,0.0,0.0,1.0,0.1,0.3333333333333333
q_0194,Dense,0.16666666666666666,1.0,0.054942000133451074,0.0,0.0,0.0,0.0,0.0,0.0,0.0,0.0,0.0,1.0,0.1,0.3562071871080222
q_0194,Hybrid,0.16666666666666666,1.0,0.20591199972841423,0.0,0.0,0.0,0.0,0.0,0.0,0.0,0.0,0.0,1.0,0.1,0.3562071871080222
q_0194,Hybrid + Reranking,0.16666666666666666,1.0,0.5101339993416332,0.0,0.0,0.0,0.0,0.0,0.0,0.0,0.0,0.0,1.0,0.1,0.3562071871080222
q_0194,Hybrid + Reranking + Query Rewrite,0.16666666666666666,1.0,0.4368469999462832,0.0,0.0,0.0,0.0,0.0,0.0,0.0,0.0,0.0,1.0,0.1,0.3562071871080222
q_0196,BM25,1.0,1.0,0.13536200003727572,1.0,1.0,1.0,1.0,0.3333333333333333,1.0,1.0,0.2,1.0,1.0,0.1,1.0
q_0196,Dense,1.0,1.0,0.04750199968839297,1.0,1.0,1.0,1.0,0.3333333333333333,1.0,1.0,0.2,1.0,1.0,0.1,1.0
q_0196,Hybrid,1.0,1.0,0.544296000043687,1.0,1.0,1.0,1.0,0.3333333333333333,1.0,1.0,0.2,1.0,1.0,0.1,1.0
q_0196,Hybrid + Reranking,1.0,1.0,0.7068439999784459,1.0,1.0,1.0,1.0,0.3333333333333333,1.0,1.0,0.2,1.0,1.0,0.1,1.0
q_0196,Hybrid + Reranking + Query Rewrite,1.0,1.0,0.4706800000349176,1.0,1.0,1.0,1.0,0.3333333333333333,1.0,1.0,0.2,1.0,1.0,0.1,1.0
q_0197,BM25,1.0,1.0,0.19615400015027262,1.0,1.0,1.0,1.0,0.3333333333333333,1.0,1.0,0.2,1.0,1.0,0.1,1.0
q_0197,Dense,0.16666666666666666,1.0,0.062013000388105866,0.0,0.0,0.0,0.0,0.0,0.0,0.0,0.0,0.0,1.0,0.1,0.3562071871080222
q_0197,Hybrid,0.5,1.0,0.2809289999277098,0.0,0.0,0.0,1.0,0.3333333333333333,0.6309297535714575,1.0,0.2,0.6309297535714575,1.0,0.1,0.6309297535714575
q_0197,Hybrid + Reranking,1.0,1.0,0.5400889995144098,1.0,1.0,1.0,1.0,0.3333333333333333,1.0,1.0,0.2,1.0,1.0,0.1,1.0
q_0197,Hybrid + Reranking + Query Rewrite,1.0,1.0,0.4810899999938556,1.0,1.0,1.0,1.0,0.3333333333333333,1.0,1.0,0.2,1.0,1.0,0.1,1.0
q_0198,BM25,1.0,1.0,0.13252799999463605,1.0,1.0,1.0,1.0,0.3333333333333333,1.0,1.0,0.2,1.0,1.0,0.1,1.0
q_0198,Dense,1.0,1.0,0.042083000153070316,1.0,1.0,1.0,1.0,0.3333333333333333,1.0,1.0,0.2,1.0,1.0,0.1,1.0
q_0198,Hybrid,1.0,1.0,0.22951499977352796,1.0,1.0,1.0,1.0,0.3333333333333333,1.0,1.0,0.2,1.0,1.0,0.1,1.0
q_0198,Hybrid + Reranking,1.0,1.0,0.5531890001293505,1.0,1.0,1.0,1.0,0.3333333333333333,1.0,1.0,0.2,1.0,1.0,0.1,1.0
q_0198,Hybrid + Reranking + Query Rewrite,1.0,1.0,0.48931699984677834,1.0,1.0,1.0,1.0,0.3333333333333333,1.0,1.0,0.2,1.0,1.0,0.1,1.0
q_0200,BM25,1.0,1.0,0.14761699912924087,1.0,1.0,1.0,1.0,0.3333333333333333,1.0,1.0,0.2,1.0,1.0,0.1,1.0
q_0200,Dense,1.0,1.0,0.050255000132892746,1.0,1.0,1.0,1.0,0.3333333333333333,1.0,1.0,0.2,1.0,1.0,0.1,1.0
q_0200,Hybrid,1.0,1.0,0.42686800043156836,1.0,1.0,1.0,1.0,0.3333333333333333,1.0,1.0,0.2,1.0,1.0,0.1,1.0
q_0200,Hybrid + Reranking,1.0,1.0,1.208517999657488,1.0,1.0,1.0,1.0,0.3333333333333333,1.0,1.0,0.2,1.0,1.0,0.1,1.0
q_0200,Hybrid + Reranking + Query Rewrite,1.0,1.0,0.527356000020518,1.0,1.0,1.0,1.0,0.3333333333333333,1.0,1.0,0.2,1.0,1.0,0.1,1.0
q_0201,BM25,1.0,1.0,0.14301800001703668,1.0,1.0,1.0,1.0,0.3333333333333333,1.0,1.0,0.2,1.0,1.0,0.1,1.0
q_0201,Dense,0.16666666666666666,1.0,0.051046999942627735,0.0,0.0,0.0,0.0,0.0,0.0,0.0,0.0,0.0,1.0,0.1,0.3562071871080222
q_0201,Hybrid,0.5,1.0,0.25257400011469144,0.0,0.0,0.0,1.0,0.3333333333333333,0.6309297535714575,1.0,0.2,0.6309297535714575,1.0,0.1,0.6309297535714575
q_0201,Hybrid + Reranking,1.0,1.0,0.4496379997362965,1.0,1.0,1.0,1.0,0.3333333333333333,1.0,1.0,0.2,1.0,1.0,0.1,1.0
q_0201,Hybrid + Reranking + Query Rewrite,1.0,1.0,0.46460200064757373,1.0,1.0,1.0,1.0,0.3333333333333333,1.0,1.0,0.2,1.0,1.0,0.1,1.0
q_0202,BM25,0.2,1.0,0.13372899957175832,0.0,0.0,0.0,0.0,0.0,0.0,1.0,0.2,0.38685280723454163,1.0,0.1,0.38685280723454163
q_0202,Dense,0.5,1.0,0.048579999202047475,0.0,0.0,0.0,1.0,0.3333333333333333,0.6309297535714575,1.0,0.2,0.6309297535714575,1.0,0.1,0.6309297535714575
q_0202,Hybrid,0.25,1.0,0.20426700029929634,0.0,0.0,0.0,0.0,0.0,0.0,1.0,0.2,0.43067655807339306,1.0,0.1,0.43067655807339306
q_0202,Hybrid + Reranking,0.25,1.0,0.4731680000986671,0.0,0.0,0.0,0.0,0.0,0.0,1.0,0.2,0.43067655807339306,1.0,0.1,0.43067655807339306
q_0202,Hybrid + Reranking + Query Rewrite,0.25,1.0,0.4725879998659366,0.0,0.0,0.0,0.0,0.0,0.0,1.0,0.2,0.43067655807339306,1.0,0.1,0.43067655807339306
q_0203,BM25,0.5,1.0,0.14224900041881483,0.0,0.0,0.0,1.0,0.3333333333333333,0.6309297535714575,1.0,0.2,0.6309297535714575,1.0,0.1,0.6309297535714575
q_0203,Dense,0.5,1.0,0.04601999989972683,0.0,0.0,0.0,1.0,0.3333333333333333,0.6309297535714575,1.0,0.2,0.6309297535714575,1.0,0.1,0.6309297535714575
q_0203,Hybrid,0.5,1.0,0.3152369999952498,0.0,0.0,0.0,1.0,0.3333333333333333,0.6309297535714575,1.0,0.2,0.6309297535714575,1.0,0.1,0.6309297535714575
q_0203,Hybrid + Reranking,0.5,1.0,0.47033399914653273,0.0,0.0,0.0,1.0,0.3333333333333333,0.6309297535714575,1.0,0.2,0.6309297535714575,1.0,0.1,0.6309297535714575
q_0203,Hybrid + Reranking + Query Rewrite,0.5,1.0,0.7788889997755177,0.0,0.0,0.0,1.0,0.3333333333333333,0.6309297535714575,1.0,0.2,0.6309297535714575,1.0,0.1,0.6309297535714575
q_0204,BM25,0.125,1.0,0.18559999989520293,0.0,0.0,0.0,0.0,0.0,0.0,0.0,0.0,0.0,1.0,0.1,0.31546487678572877
q_0204,Dense,0.14285714285714285,1.0,0.11013599942089058,0.0,0.0,0.0,0.0,0.0,0.0,0.0,0.0,0.0,1.0,0.1,0.3333333333333333
q_0204,Hybrid,0.125,1.0,0.26718899971456267,0.0,0.0,0.0,0.0,0.0,0.0,0.0,0.0,0.0,1.0,0.1,0.31546487678572877
q_0204,Hybrid + Reranking,0.125,1.0,0.47363900011987425,0.0,0.0,0.0,0.0,0.0,0.0,0.0,0.0,0.0,1.0,0.1,0.31546487678572877
q_0204,Hybrid + Reranking + Query Rewrite,0.125,1.0,0.4813570003534551,0.0,0.0,0.0,0.0,0.0,0.0,0.0,0.0,0.0,1.0,0.1,0.31546487678572877
q_0206,BM25,1.0,1.0,0.14783099959458923,1.0,1.0,1.0,1.0,0.3333333333333333,1.0,1.0,0.2,1.0,1.0,0.1,1.0
q_0206,Dense,1.0,1.0,0.05322200013324618,1.0,1.0,1.0,1.0,0.3333333333333333,1.0,1.0,0.2,1.0,1.0,0.1,1.0
q_0206,Hybrid,1.0,1.0,0.19737399998120964,1.0,1.0,1.0,1.0,0.3333333333333333,1.0,1.0,0.2,1.0,1.0,0.1,1.0
q_0206,Hybrid + Reranking,1.0,1.0,0.567056999898341,1.0,1.0,1.0,1.0,0.3333333333333333,1.0,1.0,0.2,1.0,1.0,0.1,1.0
q_0206,Hybrid + Reranking + Query Rewrite,1.0,1.0,0.7638399993084022,1.0,1.0,1.0,1.0,0.3333333333333333,1.0,1.0,0.2,1.0,1.0,0.1,1.0
q_0207,BM25,1.0,1.0,0.25571300011506537,1.0,1.0,1.0,1.0,0.3333333333333333,1.0,1.0,0.2,1.0,1.0,0.1,1.0
q_0207,Dense,0.5,1.0,0.15750799957459094,0.0,0.0,0.0,1.0,0.3333333333333333,0.6309297535714575,1.0,0.2,0.6309297535714575,1.0,0.1,0.6309297535714575
q_0207,Hybrid,1.0,1.0,0.2462820002619992,1.0,1.0,1.0,1.0,0.3333333333333333,1.0,1.0,0.2,1.0,1.0,0.1,1.0
q_0207,Hybrid + Reranking,1.0,1.0,0.5456540002342081,1.0,1.0,1.0,1.0,0.3333333333333333,1.0,1.0,0.2,1.0,1.0,0.1,1.0
q_0207,Hybrid + Reranking + Query Rewrite,1.0,1.0,0.48520600012125215,1.0,1.0,1.0,1.0,0.3333333333333333,1.0,1.0,0.2,1.0,1.0,0.1,1.0
q_0208,BM25,1.0,1.0,0.15721799991297303,1.0,1.0,1.0,1.0,0.3333333333333333,1.0,1.0,0.2,1.0,1.0,0.1,1.0
q_0208,Dense,0.3333333333333333,1.0,0.05248700017546071,0.0,0.0,0.0,1.0,0.3333333333333333,0.5,1.0,0.2,0.5,1.0,0.1,0.5
q_0208,Hybrid,0.5,1.0,0.6115500000305474,0.0,0.0,0.0,1.0,0.3333333333333333,0.6309297535714575,1.0,0.2,0.6309297535714575,1.0,0.1,0.6309297535714575
q_0208,Hybrid + Reranking,1.0,1.0,0.522473999808426,1.0,1.0,1.0,1.0,0.3333333333333333,1.0,1.0,0.2,1.0,1.0,0.1,1.0
q_0208,Hybrid + Reranking + Query Rewrite,1.0,1.0,0.5183079993003048,1.0,1.0,1.0,1.0,0.3333333333333333,1.0,1.0,0.2,1.0,1.0,0.1,1.0
q_0210,BM25,1.0,1.0,0.14538599953084486,1.0,1.0,1.0,1.0,0.3333333333333333,1.0,1.0,0.2,1.0,1.0,0.1,1.0
q_0210,Dense,0.16666666666666666,1.0,0.054843999350850936,0.0,0.0,0.0,0.0,0.0,0.0,0.0,0.0,0.0,1.0,0.1,0.3562071871080222
q_0210,Hybrid,0.5,1.0,0.21877800008951453,0.0,0.0,0.0,1.0,0.3333333333333333,0.6309297535714575,1.0,0.2,0.6309297535714575,1.0,0.1,0.6309297535714575
q_0210,Hybrid + Reranking,1.0,1.0,0.482009999359434,1.0,1.0,1.0,1.0,0.3333333333333333,1.0,1.0,0.2,1.0,1.0,0.1,1.0
q_0210,Hybrid + Reranking + Query Rewrite,1.0,1.0,0.47677699967607623,1.0,1.0,1.0,1.0,0.3333333333333333,1.0,1.0,0.2,1.0,1.0,0.1,1.0
q_0211,BM25,1.0,1.0,0.14658100008091424,1.0,1.0,1.0,1.0,0.3333333333333333,1.0,1.0,0.2,1.0,1.0,0.1,1.0
q_0211,Dense,0.25,1.0,0.04876399998465786,0.0,0.0,0.0,0.0,0.0,0.0,1.0,0.2,0.43067655807339306,1.0,0.1,0.43067655807339306
q_0211,Hybrid,1.0,1.0,0.24496600053680595,1.0,1.0,1.0,1.0,0.3333333333333333,1.0,1.0,0.2,1.0,1.0,0.1,1.0
q_0211,Hybrid + Reranking,1.0,1.0,0.5104019992359099,1.0,1.0,1.0,1.0,0.3333333333333333,1.0,1.0,0.2,1.0,1.0,0.1,1.0
q_0211,Hybrid + Reranking + Query Rewrite,1.0,1.0,0.5441120001705713,1.0,1.0,1.0,1.0,0.3333333333333333,1.0,1.0,0.2,1.0,1.0,0.1,1.0
q_0212,BM25,0.14285714285714285,1.0,0.24601900076959282,0.0,0.0,0.0,0.0,0.0,0.0,0.0,0.0,0.0,1.0,0.1,0.3333333333333333
q_0212,Dense,0.14285714285714285,1.0,0.1553250003780704,0.0,0.0,0.0,0.0,0.0,0.0,0.0,0.0,0.0,1.0,0.1,0.3333333333333333
q_0212,Hybrid,0.14285714285714285,1.0,0.420372999542451,0.0,0.0,0.0,0.0,0.0,0.0,0.0,0.0,0.0,1.0,0.1,0.3333333333333333
q_0212,Hybrid + Reranking,0.14285714285714285,1.0,0.7266720003826777,0.0,0.0,0.0,0.0,0.0,0.0,0.0,0.0,0.0,1.0,0.1,0.3333333333333333
q_0212,Hybrid + Reranking + Query Rewrite,0.14285714285714285,1.0,0.45225099984236294,0.0,0.0,0.0,0.0,0.0,0.0,0.0,0.0,0.0,1.0,0.1,0.3333333333333333
q_0213,BM25,1.0,1.0,0.14389100033440627,1.0,1.0,1.0,1.0,0.3333333333333333,1.0,1.0,0.2,1.0,1.0,0.1,1.0
q_0213,Dense,1.0,1.0,0.0466860001324676,1.0,1.0,1.0,1.0,0.3333333333333333,1.0,1.0,0.2,1.0,1.0,0.1,1.0
q_0213,Hybrid,1.0,1.0,0.2595939995444496,1.0,1.0,1.0,1.0,0.3333333333333333,1.0,1.0,0.2,1.0,1.0,0.1,1.0
q_0213,Hybrid + Reranking,1.0,1.0,0.49232800029130885,1.0,1.0,1.0,1.0,0.3333333333333333,1.0,1.0,0.2,1.0,1.0,0.1,1.0
q_0213,Hybrid + Reranking + Query Rewrite,1.0,1.0,0.47209500007738825,1.0,1.0,1.0,1.0,0.3333333333333333,1.0,1.0,0.2,1.0,1.0,0.1,1.0
q_0214,BM25,0.1111111111111111,1.0,0.1332040001216228,0.0,0.0,0.0,0.0,0.0,0.0,0.0,0.0,0.0,1.0,0.1,0.3010299956639812
q_0214,Dense,0.125,1.0,0.04820800040761242,0.0,0.0,0.0,0.0,0.0,0.0,0.0,0.0,0.0,1.0,0.1,0.31546487678572877
q_0214,Hybrid,0.1111111111111111,1.0,0.2332640005988651,0.0,0.0,0.0,0.0,0.0,0.0,0.0,0.0,0.0,1.0,0.1,0.3010299956639812
q_0214,Hybrid + Reranking,0.0,0.0,0.4723290003312286,0.0,0.0,0.0,0.0,0.0,0.0,0.0,0.0,0.0,0.0,0.0,0.0
q_0214,Hybrid + Reranking + Query Rewrite,0.0,0.0,0.42809199931070907,0.0,0.0,0.0,0.0,0.0,0.0,0.0,0.0,0.0,0.0,0.0,0.0
q_0216,BM25,1.0,1.0,0.11458300014055567,1.0,1.0,1.0,1.0,0.3333333333333333,1.0,1.0,0.2,1.0,1.0,0.1,1.0
q_0216,Dense,1.0,1.0,0.04258199987816624,1.0,1.0,1.0,1.0,0.3333333333333333,1.0,1.0,0.2,1.0,1.0,0.1,1.0
q_0216,Hybrid,1.0,1.0,0.19101399993814994,1.0,1.0,1.0,1.0,0.3333333333333333,1.0,1.0,0.2,1.0,1.0,0.1,1.0
q_0216,Hybrid + Reranking,1.0,1.0,0.4835919999095495,1.0,1.0,1.0,1.0,0.3333333333333333,1.0,1.0,0.2,1.0,1.0,0.1,1.0
q_0216,Hybrid + Reranking + Query Rewrite,1.0,1.0,0.4233540003042435,1.0,1.0,1.0,1.0,0.3333333333333333,1.0,1.0,0.2,1.0,1.0,0.1,1.0
q_0217,BM25,1.0,1.0,0.18258299951412482,1.0,1.0,1.0,1.0,0.3333333333333333,1.0,1.0,0.2,1.0,1.0,0.1,1.0
q_0217,Dense,0.16666666666666666,1.0,0.05591199987975415,0.0,0.0,0.0,0.0,0.0,0.0,0.0,0.0,0.0,1.0,0.1,0.3562071871080222
q_0217,Hybrid,0.3333333333333333,1.0,0.8702670002094237,0.0,0.0,0.0,1.0,0.3333333333333333,0.5,1.0,0.2,0.5,1.0,0.1,0.5
q_0217,Hybrid + Reranking,1.0,1.0,0.5719159998989198,1.0,1.0,1.0,1.0,0.3333333333333333,1.0,1.0,0.2,1.0,1.0,0.1,1.0
q_0217,Hybrid + Reranking + Query Rewrite,1.0,1.0,0.5392120001488365,1.0,1.0,1.0,1.0,0.3333333333333333,1.0,1.0,0.2,1.0,1.0,0.1,1.0
q_0218,BM25,1.0,1.0,0.14398399980564136,1.0,1.0,1.0,1.0,0.3333333333333333,1.0,1.0,0.2,1.0,1.0,0.1,1.0
q_0218,Dense,0.5,1.0,0.0547419995200471,0.0,0.0,0.0,1.0,0.3333333333333333,0.6309297535714575,1.0,0.2,0.6309297535714575,1.0,0.1,0.6309297535714575
q_0218,Hybrid,1.0,1.0,0.2220330006821314,1.0,1.0,1.0,1.0,0.3333333333333333,1.0,1.0,0.2,1.0,1.0,0.1,1.0
q_0218,Hybrid + Reranking,1.0,1.0,2.6416769997013034,1.0,1.0,1.0,1.0,0.3333333333333333,1.0,1.0,0.2,1.0,1.0,0.1,1.0
q_0218,Hybrid + Reranking + Query Rewrite,1.0,1.0,0.6007009997119894,1.0,1.0,1.0,1.0,0.3333333333333333,1.0,1.0,0.2,1.0,1.0,0.1,1.0
q_0220,BM25,1.0,1.0,0.1577140001245425,1.0,1.0,1.0,1.0,0.3333333333333333,1.0,1.0,0.2,1.0,1.0,0.1,1.0
q_0220,Dense,0.25,1.0,0.0627250001343782,0.0,0.0,0.0,0.0,0.0,0.0,1.0,0.2,0.43067655807339306,1.0,0.1,0.43067655807339306
q_0220,Hybrid,1.0,1.0,0.22872499994264217,1.0,1.0,1.0,1.0,0.3333333333333333,1.0,1.0,0.2,1.0,1.0,0.1,1.0
q_0220,Hybrid + Reranking,1.0,1.0,0.5202020001888741,1.0,1.0,1.0,1.0,0.3333333333333333,1.0,1.0,0.2,1.0,1.0,0.1,1.0
q_0220,Hybrid + Reranking + Query Rewrite,1.0,1.0,0.5291159995977068,1.0,1.0,1.0,1.0,0.3333333333333333,1.0,1.0,0.2,1.0,1.0,0.1,1.0
q_0221,BM25,1.0,1.0,0.14690100033476483,1.0,1.0,1.0,1.0,0.3333333333333333,1.0,1.0,0.2,1.0,1.0,0.1,1.0
q_0221,Dense,0.16666666666666666,1.0,0.0519579998581321,0.0,0.0,0.0,0.0,0.0,0.0,0.0,0.0,0.0,1.0,0.1,0.3562071871080222
q_0221,Hybrid,0.25,1.0,0.27786800001194933,0.0,0.0,0.0,0.0,0.0,0.0,1.0,0.2,0.43067655807339306,1.0,0.1,0.43067655807339306
q_0221,Hybrid + Reranking,1.0,1.0,0.5516499995792401,1.0,1.0,1.0,1.0,0.3333333333333333,1.0,1.0,0.2,1.0,1.0,0.1,1.0
q_0221,Hybrid + Reranking + Query Rewrite,1.0,1.0,0.725306999811437,1.0,1.0,1.0,1.0,0.3333333333333333,1.0,1.0,0.2,1.0,1.0,0.1,1.0
q_0222,BM25,0.125,1.0,0.134073000481294,0.0,0.0,0.0,0.0,0.0,0.0,0.0,0.0,0.0,1.0,0.1,0.31546487678572877
q_0222,Dense,0.125,1.0,0.050708000344457105,0.0,0.0,0.0,0.0,0.0,0.0,0.0,0.0,0.0,1.0,0.1,0.31546487678572877
q_0222,Hybrid,0.125,1.0,0.6502280002678162,0.0,0.0,0.0,0.0,0.0,0.0,0.0,0.0,0.0,1.0,0.1,0.31546487678572877
q_0222,Hybrid + Reranking,0.125,1.0,0.5071599998700549,0.0,0.0,0.0,0.0,0.0,0.0,0.0,0.0,0.0,1.0,0.1,0.31546487678572877
q_0222,Hybrid + Reranking + Query Rewrite,0.125,1.0,0.4518129999269149,0.0,0.0,0.0,0.0,0.0,0.0,0.0,0.0,0.0,1.0,0.1,0.31546487678572877
q_0223,BM25,1.0,1.0,0.14751099934073864,1.0,1.0,1.0,1.0,0.3333333333333333,1.0,1.0,0.2,1.0,1.0,0.1,1.0
q_0223,Dense,1.0,1.0,0.0455210001746309,1.0,1.0,1.0,1.0,0.3333333333333333,1.0,1.0,0.2,1.0,1.0,0.1,1.0
q_0223,Hybrid,1.0,1.0,0.27953399967373116,1.0,1.0,1.0,1.0,0.3333333333333333,1.0,1.0,0.2,1.0,1.0,0.1,1.0
q_0223,Hybrid + Reranking,1.0,1.0,0.7583249998788233,1.0,1.0,1.0,1.0,0.3333333333333333,1.0,1.0,0.2,1.0,1.0,0.1,1.0
q_0223,Hybrid + Reranking + Query Rewrite,1.0,1.0,0.893698000254517,1.0,1.0,1.0,1.0,0.3333333333333333,1.0,1.0,0.2,1.0,1.0,0.1,1.0
q_0224,BM25,0.1,1.0,0.18425100006425055,0.0,0.0,0.0,0.0,0.0,0.0,0.0,0.0,0.0,1.0,0.1,0.2890648263178879
q_0224,Dense,0.1111111111111111,1.0,0.055575000260432716,0.0,0.0,0.0,0.0,0.0,0.0,0.0,0.0,0.0,1.0,0.1,0.3010299956639812
q_0224,Hybrid,0.1,1.0,0.21308099985617446,0.0,0.0,0.0,0.0,0.0,0.0,0.0,0.0,0.0,1.0,0.1,0.2890648263178879
q_0224,Hybrid + Reranking,0.0,0.0,0.6071730003895937,0.0,0.0,0.0,0.0,0.0,0.0,0.0,0.0,0.0,0.0,0.0,0.0
q_0224,Hybrid + Reranking + Query Rewrite,0.0,0.0,0.8394420001422986,0.0,0.0,0.0,0.0,0.0,0.0,0.0,0.0,0.0,0.0,0.0,0.0
q_0226,BM25,1.0,1.0,0.16158499965968076,1.0,1.0,1.0,1.0,0.3333333333333333,1.0,1.0,0.2,1.0,1.0,0.1,1.0
q_0226,Dense,1.0,1.0,0.06645800021942705,1.0,1.0,1.0,1.0,0.3333333333333333,1.0,1.0,0.2,1.0,1.0,0.1,1.0
q_0226,Hybrid,1.0,1.0,0.2405660006843391,1.0,1.0,1.0,1.0,0.3333333333333333,1.0,1.0,0.2,1.0,1.0,0.1,1.0
q_0226,Hybrid + Reranking,1.0,1.0,0.46120299975882517,1.0,1.0,1.0,1.0,0.3333333333333333,1.0,1.0,0.2,1.0,1.0,0.1,1.0
q_0226,Hybrid + Reranking + Query Rewrite,1.0,1.0,0.43257099969196133,1.0,1.0,1.0,1.0,0.3333333333333333,1.0,1.0,0.2,1.0,1.0,0.1,1.0
q_0227,BM25,1.0,1.0,0.15810599961696425,1.0,1.0,1.0,1.0,0.3333333333333333,1.0,1.0,0.2,1.0,1.0,0.1,1.0
q_0227,Dense,0.3333333333333333,1.0,0.053220000154396985,0.0,0.0,0.0,1.0,0.3333333333333333,0.5,1.0,0.2,0.5,1.0,0.1,0.5
q_0227,Hybrid,1.0,1.0,0.2299349998793332,1.0,1.0,1.0,1.0,0.3333333333333333,1.0,1.0,0.2,1.0,1.0,0.1,1.0
q_0227,Hybrid + Reranking,1.0,1.0,0.800267000158783,1.0,1.0,1.0,1.0,0.3333333333333333,1.0,1.0,0.2,1.0,1.0,0.1,1.0
q_0227,Hybrid + Reranking + Query Rewrite,1.0,1.0,0.5196269994485192,1.0,1.0,1.0,1.0,0.3333333333333333,1.0,1.0,0.2,1.0,1.0,0.1,1.0
q_0228,BM25,1.0,1.0,0.13396400026977062,1.0,1.0,1.0,1.0,0.3333333333333333,1.0,1.0,0.2,1.0,1.0,0.1,1.0
q_0228,Dense,0.25,1.0,0.04340699979366036,0.0,0.0,0.0,0.0,0.0,0.0,1.0,0.2,0.43067655807339306,1.0,0.1,0.43067655807339306
q_0228,Hybrid,0.5,1.0,0.24355799996556016,0.0,0.0,0.0,1.0,0.3333333333333333,0.6309297535714575,1.0,0.2,0.6309297535714575,1.0,0.1,0.6309297535714575
q_0228,Hybrid + Reranking,1.0,1.0,0.9018159998959163,1.0,1.0,1.0,1.0,0.3333333333333333,1.0,1.0,0.2,1.0,1.0,0.1,1.0
q_0228,Hybrid + Reranking + Query Rewrite,1.0,1.0,0.6719310003973078,1.0,1.0,1.0,1.0,0.3333333333333333,1.0,1.0,0.2,1.0,1.0,0.1,1.0
q_0230,BM25,1.0,1.0,0.14567800008080667,1.0,1.0,1.0,1.0,0.3333333333333333,1.0,1.0,0.2,1.0,1.0,0.1,1.0
q_0230,Dense,0.16666666666666666,1.0,0.05332100045052357,0.0,0.0,0.0,0.0,0.0,0.0,0.0,0.0,0.0,1.0,0.1,0.3562071871080222
q_0230,Hybrid,0.25,1.0,0.6553680004799389,0.0,0.0,0.0,0.0,0.0,0.0,1.0,0.2,0.43067655807339306,1.0,0.1,0.43067655807339306
q_0230,Hybrid + Reranking,1.0,1.0,0.9314950002590194,1.0,1.0,1.0,1.0,0.3333333333333333,1.0,1.0,0.2,1.0,1.0,0.1,1.0
q_0230,Hybrid + Reranking + Query Rewrite,1.0,1.0,0.7316100000025472,1.0,1.0,1.0,1.0,0.3333333333333333,1.0,1.0,0.2,1.0,1.0,0.1,1.0
q_0231,BM25,1.0,1.0,0.1986819997910061,1.0,1.0,1.0,1.0,0.3333333333333333,1.0,1.0,0.2,1.0,1.0,0.1,1.0
q_0231,Dense,0.5,1.0,0.07185400045273127,0.0,0.0,0.0,1.0,0.3333333333333333,0.6309297535714575,1.0,0.2,0.6309297535714575,1.0,0.1,0.6309297535714575
q_0231,Hybrid,1.0,1.0,0.28422400009731064,1.0,1.0,1.0,1.0,0.3333333333333333,1.0,1.0,0.2,1.0,1.0,0.1,1.0
q_0231,Hybrid + Reranking,1.0,1.0,0.532340999598091,1.0,1.0,1.0,1.0,0.3333333333333333,1.0,1.0,0.2,1.0,1.0,0.1,1.0
q_0231,Hybrid + Reranking + Query Rewrite,1.0,1.0,0.4778400007126038,1.0,1.0,1.0,1.0,0.3333333333333333,1.0,1.0,0.2,1.0,1.0,0.1,1.0
q_0232,BM25,0.1111111111111111,1.0,0.1454110006307019,0.0,0.0,0.0,0.0,0.0,0.0,0.0,0.0,0.0,1.0,0.1,0.3010299956639812
q_0232,Dense,0.1111111111111111,1.0,0.07215200002974598,0.0,0.0,0.0,0.0,0.0,0.0,0.0,0.0,0.0,1.0,0.1,0.3010299956639812
q_0232,Hybrid,0.1111111111111111,1.0,0.24135399962688098,0.0,0.0,0.0,0.0,0.0,0.0,0.0,0.0,0.0,1.0,0.1,0.3010299956639812
q_0232,Hybrid + Reranking,0.0,0.0,0.5330800004230696,0.0,0.0,0.0,0.0,0.0,0.0,0.0,0.0,0.0,0.0,0.0,0.0
q_0232,Hybrid + Reranking + Query Rewrite,0.0,0.0,0.9150480000243988,0.0,0.0,0.0,0.0,0.0,0.0,0.0,0.0,0.0,0.0,0.0,0.0
q_0233,BM25,1.0,1.0,0.2093560005960171,1.0,1.0,1.0,1.0,0.3333333333333333,1.0,1.0,0.2,1.0,1.0,0.1,1.0
q_0233,Dense,1.0,1.0,0.07952899977681227,1.0,1.0,1.0,1.0,0.3333333333333333,1.0,1.0,0.2,1.0,1.0,0.1,1.0
q_0233,Hybrid,1.0,1.0,0.2563480002208962,1.0,1.0,1.0,1.0,0.3333333333333333,1.0,1.0,0.2,1.0,1.0,0.1,1.0
q_0233,Hybrid + Reranking,1.0,1.0,0.5266159996608621,1.0,1.0,1.0,1.0,0.3333333333333333,1.0,1.0,0.2,1.0,1.0,0.1,1.0
q_0233,Hybrid + Reranking + Query Rewrite,1.0,1.0,0.4505930000959779,1.0,1.0,1.0,1.0,0.3333333333333333,1.0,1.0,0.2,1.0,1.0,0.1,1.0
q_0234,BM25,0.3333333333333333,1.0,0.24610499986010836,0.0,0.0,0.0,1.0,0.3333333333333333,0.5,1.0,0.2,0.5,1.0,0.1,0.5
q_0234,Dense,0.3333333333333333,1.0,0.059078999584016856,0.0,0.0,0.0,1.0,0.3333333333333333,0.5,1.0,0.2,0.5,1.0,0.1,0.5
q_0234,Hybrid,0.25,1.0,0.5170559998077806,0.0,0.0,0.0,0.0,0.0,0.0,1.0,0.2,0.43067655807339306,1.0,0.1,0.43067655807339306
q_0234,Hybrid + Reranking,0.25,1.0,0.7289810000656871,0.0,0.0,0.0,0.0,0.0,0.0,1.0,0.2,0.43067655807339306,1.0,0.1,0.43067655807339306
q_0234,Hybrid + Reranking + Query Rewrite,0.25,1.0,0.542776000656886,0.0,0.0,0.0,0.0,0.0,0.0,1.0,0.2,0.43067655807339306,1.0,0.1,0.43067655807339306
q_0236,BM25,1.0,1.0,0.12540599982457934,1.0,1.0,1.0,1.0,0.3333333333333333,1.0,1.0,0.2,1.0,1.0,0.1,1.0
q_0236,Dense,1.0,1.0,0.051663999329321086,1.0,1.0,1.0,1.0,0.3333333333333333,1.0,1.0,0.2,1.0,1.0,0.1,1.0
q_0236,Hybrid,1.0,1.0,0.3654239999377751,1.0,1.0,1.0,1.0,0.3333333333333333,1.0,1.0,0.2,1.0,1.0,0.1,1.0
q_0236,Hybrid + Reranking,1.0,1.0,0.48526300088269636,1.0,1.0,1.0,1.0,0.3333333333333333,1.0,1.0,0.2,1.0,1.0,0.1,1.0
q_0236,Hybrid + Reranking + Query Rewrite,1.0,1.0,0.4250760002832976,1.0,1.0,1.0,1.0,0.3333333333333333,1.0,1.0,0.2,1.0,1.0,0.1,1.0
q_0237,BM25,1.0,1.0,0.15619799978594529,1.0,1.0,1.0,1.0,0.3333333333333333,1.0,1.0,0.2,1.0,1.0,0.1,1.0
q_0237,Dense,1.0,1.0,0.05355400026019197,1.0,1.0,1.0,1.0,0.3333333333333333,1.0,1.0,0.2,1.0,1.0,0.1,1.0
q_0237,Hybrid,1.0,1.0,0.3861859995595296,1.0,1.0,1.0,1.0,0.3333333333333333,1.0,1.0,0.2,1.0,1.0,0.1,1.0
q_0237,Hybrid + Reranking,1.0,1.0,2.7718049996110494,1.0,1.0,1.0,1.0,0.3333333333333333,1.0,1.0,0.2,1.0,1.0,0.1,1.0
q_0237,Hybrid + Reranking + Query Rewrite,1.0,1.0,0.5585310000242316,1.0,1.0,1.0,1.0,0.3333333333333333,1.0,1.0,0.2,1.0,1.0,0.1,1.0
q_0238,BM25,1.0,1.0,0.1363460005450179,1.0,1.0,1.0,1.0,0.3333333333333333,1.0,1.0,0.2,1.0,1.0,0.1,1.0
q_0238,Dense,0.5,1.0,0.04749199979414698,0.0,0.0,0.0,1.0,0.3333333333333333,0.6309297535714575,1.0,0.2,0.6309297535714575,1.0,0.1,0.6309297535714575
q_0238,Hybrid,1.0,1.0,0.24647699956403812,1.0,1.0,1.0,1.0,0.3333333333333333,1.0,1.0,0.2,1.0,1.0,0.1,1.0
q_0238,Hybrid + Reranking,1.0,1.0,0.4358549995231442,1.0,1.0,1.0,1.0,0.3333333333333333,1.0,1.0,0.2,1.0,1.0,0.1,1.0
q_0238,Hybrid + Reranking + Query Rewrite,1.0,1.0,0.4973940003765165,1.0,1.0,1.0,1.0,0.3333333333333333,1.0,1.0,0.2,1.0,1.0,0.1,1.0
q_0240,BM25,1.0,1.0,0.454840000202239,1.0,1.0,1.0,1.0,0.3333333333333333,1.0,1.0,0.2,1.0,1.0,0.1,1.0
q_0240,Dense,0.5,1.0,0.07906100017862627,0.0,0.0,0.0,1.0,0.3333333333333333,0.6309297535714575,1.0,0.2,0.6309297535714575,1.0,0.1,0.6309297535714575
q_0240,Hybrid,1.0,1.0,0.2819579995048116,1.0,1.0,1.0,1.0,0.3333333333333333,1.0,1.0,0.2,1.0,1.0,0.1,1.0
q_0240,Hybrid + Reranking,1.0,1.0,0.5650070006595342,1.0,1.0,1.0,1.0,0.3333333333333333,1.0,1.0,0.2,1.0,1.0,0.1,1.0
q_0240,Hybrid + Reranking + Query Rewrite,1.0,1.0,0.4731429999083048,1.0,1.0,1.0,1.0,0.3333333333333333,1.0,1.0,0.2,1.0,1.0,0.1,1.0
q_0241,BM25,1.0,1.0,0.14171100065141218,1.0,1.0,1.0,1.0,0.3333333333333333,1.0,1.0,0.2,1.0,1.0,0.1,1.0
q_0241,Dense,0.3333333333333333,1.0,0.048785000217321794,0.0,0.0,0.0,1.0,0.3333333333333333,0.5,1.0,0.2,0.5,1.0,0.1,0.5
q_0241,Hybrid,1.0,1.0,0.22481399992102524,1.0,1.0,1.0,1.0,0.3333333333333333,1.0,1.0,0.2,1.0,1.0,0.1,1.0
q_0241,Hybrid + Reranking,1.0,1.0,0.5028120003771619,1.0,1.0,1.0,1.0,0.3333333333333333,1.0,1.0,0.2,1.0,1.0,0.1,1.0
q_0241,Hybrid + Reranking + Query Rewrite,1.0,1.0,0.4539760002444382,1.0,1.0,1.0,1.0,0.3333333333333333,1.0,1.0,0.2,1.0,1.0,0.1,1.0
q_0242,BM25,0.1,1.0,0.1324519998888718,0.0,0.0,0.0,0.0,0.0,0.0,0.0,0.0,0.0,1.0,0.1,0.2890648263178879
q_0242,Dense,0.1,1.0,0.06685900007141754,0.0,0.0,0.0,0.0,0.0,0.0,0.0,0.0,0.0,1.0,0.1,0.2890648263178879
q_0242,Hybrid,0.1,1.0,0.37995500042597996,0.0,0.0,0.0,0.0,0.0,0.0,0.0,0.0,0.0,1.0,0.1,0.2890648263178879
q_0242,Hybrid + Reranking,0.0,0.0,0.45820400009688456,0.0,0.0,0.0,0.0,0.0,0.0,0.0,0.0,0.0,0.0,0.0,0.0
q_0242,Hybrid + Reranking + Query Rewrite,0.0,0.0,0.5295820001265383,0.0,0.0,0.0,0.0,0.0,0.0,0.0,0.0,0.0,0.0,0.0,0.0
q_0243,BM25,1.0,1.0,0.16908499947021483,1.0,1.0,1.0,1.0,0.3333333333333333,1.0,1.0,0.2,1.0,1.0,0.1,1.0
q_0243,Dense,1.0,1.0,0.07889399967098143,1.0,1.0,1.0,1.0,0.3333333333333333,1.0,1.0,0.2,1.0,1.0,0.1,1.0
q_0243,Hybrid,1.0,1.0,0.34911300008388935,1.0,1.0,1.0,1.0,0.3333333333333333,1.0,1.0,0.2,1.0,1.0,0.1,1.0
q_0243,Hybrid + Reranking,1.0,1.0,0.46899899916752474,1.0,1.0,1.0,1.0,0.3333333333333333,1.0,1.0,0.2,1.0,1.0,0.1,1.0
q_0243,Hybrid + Reranking + Query Rewrite,1.0,1.0,0.4748470000777161,1.0,1.0,1.0,1.0,0.3333333333333333,1.0,1.0,0.2,1.0,1.0,0.1,1.0
q_0244,BM25,1.0,1.0,0.13410300016403198,1.0,1.0,1.0,1.0,0.3333333333333333,1.0,1.0,0.2,1.0,1.0,0.1,1.0
q_0244,Dense,0.5,1.0,0.04858600004808977,0.0,0.0,0.0,1.0,0.3333333333333333,0.6309297535714575,1.0,0.2,0.6309297535714575,1.0,0.1,0.6309297535714575
q_0244,Hybrid,1.0,1.0,0.2031880003414699,1.0,1.0,1.0,1.0,0.3333333333333333,1.0,1.0,0.2,1.0,1.0,0.1,1.0
q_0244,Hybrid + Reranking,1.0,1.0,0.47070700020412914,1.0,1.0,1.0,1.0,0.3333333333333333,1.0,1.0,0.2,1.0,1.0,0.1,1.0
q_0244,Hybrid + Reranking + Query Rewrite,1.0,1.0,0.4308200004743412,1.0,1.0,1.0,1.0,0.3333333333333333,1.0,1.0,0.2,1.0,1.0,0.1,1.0
q_0246,BM25,1.0,1.0,0.11410099978093058,1.0,1.0,1.0,1.0,0.3333333333333333,1.0,1.0,0.2,1.0,1.0,0.1,1.0
q_0246,Dense,1.0,1.0,0.04246000025887042,1.0,1.0,1.0,1.0,0.3333333333333333,1.0,1.0,0.2,1.0,1.0,0.1,1.0
q_0246,Hybrid,1.0,1.0,0.24219299939431949,1.0,1.0,1.0,1.0,0.3333333333333333,1.0,1.0,0.2,1.0,1.0,0.1,1.0
q_0246,Hybrid + Reranking,1.0,1.0,0.4678570003306959,1.0,1.0,1.0,1.0,0.3333333333333333,1.0,1.0,0.2,1.0,1.0,0.1,1.0
q_0246,Hybrid + Reranking + Query Rewrite,1.0,1.0,0.5080929995529004,1.0,1.0,1.0,1.0,0.3333333333333333,1.0,1.0,0.2,1.0,1.0,0.1,1.0
q_0247,BM25,1.0,1.0,0.2939220003099763,1.0,1.0,1.0,1.0,0.3333333333333333,1.0,1.0,0.2,1.0,1.0,0.1,1.0
q_0247,Dense,0.3333333333333333,1.0,0.07853500028431881,0.0,0.0,0.0,1.0,0.3333333333333333,0.5,1.0,0.2,0.5,1.0,0.1,0.5
q_0247,Hybrid,1.0,1.0,0.31823900008021155,1.0,1.0,1.0,1.0,0.3333333333333333,1.0,1.0,0.2,1.0,1.0,0.1,1.0
q_0247,Hybrid + Reranking,1.0,1.0,0.5062949994680821,1.0,1.0,1.0,1.0,0.3333333333333333,1.0,1.0,0.2,1.0,1.0,0.1,1.0
q_0247,Hybrid + Reranking + Query Rewrite,1.0,1.0,0.6448670001191203,1.0,1.0,1.0,1.0,0.3333333333333333,1.0,1.0,0.2,1.0,1.0,0.1,1.0
q_0248,BM25,1.0,1.0,0.3120320006928523,1.0,1.0,1.0,1.0,0.3333333333333333,1.0,1.0,0.2,1.0,1.0,0.1,1.0
q_0248,Dense,1.0,1.0,0.06592099998670164,1.0,1.0,1.0,1.0,0.3333333333333333,1.0,1.0,0.2,1.0,1.0,0.1,1.0
q_0248,Hybrid,1.0,1.0,0.2661160006027785,1.0,1.0,1.0,1.0,0.3333333333333333,1.0,1.0,0.2,1.0,1.0,0.1,1.0
q_0248,Hybrid + Reranking,1.0,1.0,0.5192569997234386,1.0,1.0,1.0,1.0,0.3333333333333333,1.0,1.0,0.2,1.0,1.0,0.1,1.0
q_0248,Hybrid + Reranking + Query Rewrite,1.0,1.0,0.46276500052044867,1.0,1.0,1.0,1.0,0.3333333333333333,1.0,1.0,0.2,1.0,1.0,0.1,1.0
q_0250,BM25,1.0,1.0,0.14196799929777626,1.0,1.0,1.0,1.0,0.3333333333333333,1.0,1.0,0.2,1.0,1.0,0.1,1.0
q_0250,Dense,0.3333333333333333,1.0,0.04944900047121337,0.0,0.0,0.0,1.0,0.3333333333333333,0.5,1.0,0.2,0.5,1.0,0.1,0.5
q_0250,Hybrid,1.0,1.0,0.2144959998986451,1.0,1.0,1.0,1.0,0.3333333333333333,1.0,1.0,0.2,1.0,1.0,0.1,1.0
q_0250,Hybrid + Reranking,1.0,1.0,0.4894559997410397,1.0,1.0,1.0,1.0,0.3333333333333333,1.0,1.0,0.2,1.0,1.0,0.1,1.0
q_0250,Hybrid + Reranking + Query Rewrite,1.0,1.0,0.4451220002010814,1.0,1.0,1.0,1.0,0.3333333333333333,1.0,1.0,0.2,1.0,1.0,0.1,1.0
q_0251,BM25,1.0,1.0,0.15468000037799357,1.0,1.0,1.0,1.0,0.3333333333333333,1.0,1.0,0.2,1.0,1.0,0.1,1.0
q_0251,Dense,1.0,1.0,0.1036789999488974,1.0,1.0,1.0,1.0,0.3333333333333333,1.0,1.0,0.2,1.0,1.0,0.1,1.0
q_0251,Hybrid,1.0,1.0,0.2509200003260048,1.0,1.0,1.0,1.0,0.3333333333333333,1.0,1.0,0.2,1.0,1.0,0.1,1.0
q_0251,Hybrid + Reranking,1.0,1.0,0.46691799980180804,1.0,1.0,1.0,1.0,0.3333333333333333,1.0,1.0,0.2,1.0,1.0,0.1,1.0
q_0251,Hybrid + Reranking + Query Rewrite,1.0,1.0,0.5296549998092814,1.0,1.0,1.0,1.0,0.3333333333333333,1.0,1.0,0.2,1.0,1.0,0.1,1.0
q_0252,BM25,1.0,1.0,0.13363200014282484,1.0,1.0,1.0,1.0,0.3333333333333333,1.0,1.0,0.2,1.0,1.0,0.1,1.0
q_0252,Dense,0.5,1.0,0.05093599975225516,0.0,0.0,0.0,1.0,0.3333333333333333,0.6309297535714575,1.0,0.2,0.6309297535714575,1.0,0.1,0.6309297535714575
q_0252,Hybrid,1.0,1.0,0.20489999951678328,1.0,1.0,1.0,1.0,0.3333333333333333,1.0,1.0,0.2,1.0,1.0,0.1,1.0
q_0252,Hybrid + Reranking,1.0,1.0,0.48296100067091174,1.0,1.0,1.0,1.0,0.3333333333333333,1.0,1.0,0.2,1.0,1.0,0.1,1.0
q_0252,Hybrid + Reranking + Query Rewrite,1.0,1.0,0.42929499977617525,1.0,1.0,1.0,1.0,0.3333333333333333,1.0,1.0,0.2,1.0,1.0,0.1,1.0
q_0253,BM25,1.0,1.0,0.14156500037643127,1.0,1.0,1.0,1.0,0.3333333333333333,1.0,1.0,0.2,1.0,1.0,0.1,1.0
q_0253,Dense,1.0,1.0,0.051112000619468745,1.0,1.0,1.0,1.0,0.3333333333333333,1.0,1.0,0.2,1.0,1.0,0.1,1.0
q_0253,Hybrid,1.0,1.0,0.2583960003903485,1.0,1.0,1.0,1.0,0.3333333333333333,1.0,1.0,0.2,1.0,1.0,0.1,1.0
q_0253,Hybrid + Reranking,1.0,1.0,0.47412700041604694,1.0,1.0,1.0,1.0,0.3333333333333333,1.0,1.0,0.2,1.0,1.0,0.1,1.0
q_0253,Hybrid + Reranking + Query Rewrite,1.0,1.0,0.46816600024612853,1.0,1.0,1.0,1.0,0.3333333333333333,1.0,1.0,0.2,1.0,1.0,0.1,1.0
q_0254,BM25,0.5,1.0,0.13240199950814713,0.0,0.0,0.0,1.0,0.3333333333333333,0.6309297535714575,1.0,0.2,0.6309297535714575,1.0,0.1,0.6309297535714575
q_0254,Dense,0.25,1.0,0.04360499951872043,0.0,0.0,0.0,0.0,0.0,0.0,1.0,0.2,0.43067655807339306,1.0,0.1,0.43067655807339306
q_0254,Hybrid,0.3333333333333333,1.0,0.20213400057400577,0.0,0.0,0.0,1.0,0.3333333333333333,0.5,1.0,0.2,0.5,1.0,0.1,0.5
q_0254,Hybrid + Reranking,0.5,1.0,0.47388599978148704,0.0,0.0,0.0,1.0,0.3333333333333333,0.6309297535714575,1.0,0.2,0.6309297535714575,1.0,0.1,0.6309297535714575
q_0254,Hybrid + Reranking + Query Rewrite,0.5,1.0,0.4620689996954752,0.0,0.0,0.0,1.0,0.3333333333333333,0.6309297535714575,1.0,0.2,0.6309297535714575,1.0,0.1,0.6309297535714575
q_0256,BM25,1.0,1.0,0.11771899971790845,1.0,1.0,1.0,1.0,0.3333333333333333,1.0,1.0,0.2,1.0,1.0,0.1,1.0
q_0256,Dense,0.5,1.0,0.04356599947641371,0.0,0.0,0.0,1.0,0.3333333333333333,0.6309297535714575,1.0,0.2,0.6309297535714575,1.0,0.1,0.6309297535714575
q_0256,Hybrid,1.0,1.0,0.2194419994339114,1.0,1.0,1.0,1.0,0.3333333333333333,1.0,1.0,0.2,1.0,1.0,0.1,1.0
q_0256,Hybrid + Reranking,1.0,1.0,0.41512799998599803,1.0,1.0,1.0,1.0,0.3333333333333333,1.0,1.0,0.2,1.0,1.0,0.1,1.0
q_0256,Hybrid + Reranking + Query Rewrite,1.0,1.0,0.4606200000125682,1.0,1.0,1.0,1.0,0.3333333333333333,1.0,1.0,0.2,1.0,1.0,0.1,1.0
q_0257,BM25,0.5,1.0,0.15990100018825615,0.0,0.0,0.0,1.0,0.3333333333333333,0.6309297535714575,1.0,0.2,0.6309297535714575,1.0,0.1,0.6309297535714575
q_0257,Dense,0.5,1.0,0.05936500019743107,0.0,0.0,0.0,1.0,0.3333333333333333,0.6309297535714575,1.0,0.2,0.6309297535714575,1.0,0.1,0.6309297535714575
q_0257,Hybrid,1.0,1.0,0.23105999935069121,1.0,1.0,1.0,1.0,0.3333333333333333,1.0,1.0,0.2,1.0,1.0,0.1,1.0
q_0257,Hybrid + Reranking,1.0,1.0,0.49967900031333556,1.0,1.0,1.0,1.0,0.3333333333333333,1.0,1.0,0.2,1.0,1.0,0.1,1.0
q_0257,Hybrid + Reranking + Query Rewrite,1.0,1.0,0.4648260000976734,1.0,1.0,1.0,1.0,0.3333333333333333,1.0,1.0,0.2,1.0,1.0,0.1,1.0
q_0258,BM25,1.0,1.0,0.13407200003712205,1.0,1.0,1.0,1.0,0.3333333333333333,1.0,1.0,0.2,1.0,1.0,0.1,1.0
q_0258,Dense,1.0,1.0,0.04356099998403806,1.0,1.0,1.0,1.0,0.3333333333333333,1.0,1.0,0.2,1.0,1.0,0.1,1.0
q_0258,Hybrid,1.0,1.0,0.2553929998612148,1.0,1.0,1.0,1.0,0.3333333333333333,1.0,1.0,0.2,1.0,1.0,0.1,1.0
q_0258,Hybrid + Reranking,1.0,1.0,0.5055179999544634,1.0,1.0,1.0,1.0,0.3333333333333333,1.0,1.0,0.2,1.0,1.0,0.1,1.0
q_0258,Hybrid + Reranking + Query Rewrite,1.0,1.0,0.7575670006190194,1.0,1.0,1.0,1.0,0.3333333333333333,1.0,1.0,0.2,1.0,1.0,0.1,1.0
q_0260,BM25,1.0,1.0,0.17218300035892753,1.0,1.0,1.0,1.0,0.3333333333333333,1.0,1.0,0.2,1.0,1.0,0.1,1.0
q_0260,Dense,1.0,1.0,0.07077400005073287,1.0,1.0,1.0,1.0,0.3333333333333333,1.0,1.0,0.2,1.0,1.0,0.1,1.0
q_0260,Hybrid,1.0,1.0,0.2889970000978792,1.0,1.0,1.0,1.0,0.3333333333333333,1.0,1.0,0.2,1.0,1.0,0.1,1.0
q_0260,Hybrid + Reranking,1.0,1.0,0.6750049997208407,1.0,1.0,1.0,1.0,0.3333333333333333,1.0,1.0,0.2,1.0,1.0,0.1,1.0
q_0260,Hybrid + Reranking + Query Rewrite,1.0,1.0,0.5540880001717596,1.0,1.0,1.0,1.0,0.3333333333333333,1.0,1.0,0.2,1.0,1.0,0.1,1.0
q_0261,BM25,1.0,1.0,0.14542699955200078,1.0,1.0,1.0,1.0,0.3333333333333333,1.0,1.0,0.2,1.0,1.0,0.1,1.0
q_0261,Dense,1.0,1.0,0.04922400057694176,1.0,1.0,1.0,1.0,0.3333333333333333,1.0,1.0,0.2,1.0,1.0,0.1,1.0
q_0261,Hybrid,1.0,1.0,0.22606499987887219,1.0,1.0,1.0,1.0,0.3333333333333333,1.0,1.0,0.2,1.0,1.0,0.1,1.0
q_0261,Hybrid + Reranking,1.0,1.0,0.5314270001690602,1.0,1.0,1.0,1.0,0.3333333333333333,1.0,1.0,0.2,1.0,1.0,0.1,1.0
q_0261,Hybrid + Reranking + Query Rewrite,1.0,1.0,0.4498570006035152,1.0,1.0,1.0,1.0,0.3333333333333333,1.0,1.0,0.2,1.0,1.0,0.1,1.0
q_0262,BM25,0.5,1.0,0.1319919992965879,0.0,0.0,0.0,1.0,0.3333333333333333,0.6309297535714575,1.0,0.2,0.6309297535714575,1.0,0.1,0.6309297535714575
q_0262,Dense,0.25,1.0,0.047853000069153495,0.0,0.0,0.0,0.0,0.0,0.0,1.0,0.2,0.43067655807339306,1.0,0.1,0.43067655807339306
q_0262,Hybrid,0.3333333333333333,1.0,0.2016990001720842,0.0,0.0,0.0,1.0,0.3333333333333333,0.5,1.0,0.2,0.5,1.0,0.1,0.5
q_0262,Hybrid + Reranking,0.3333333333333333,1.0,0.4551450001599733,0.0,0.0,0.0,1.0,0.3333333333333333,0.5,1.0,0.2,0.5,1.0,0.1,0.5
q_0262,Hybrid + Reranking + Query Rewrite,0.3333333333333333,1.0,0.5507659998329473,0.0,0.0,0.0,1.0,0.3333333333333333,0.5,1.0,0.2,0.5,1.0,0.1,0.5
q_0263,BM25,1.0,1.0,0.1563460000397754,1.0,1.0,1.0,1.0,0.3333333333333333,1.0,1.0,0.2,1.0,1.0,0.1,1.0
q_0263,Dense,0.3333333333333333,1.0,0.06624500019825064,0.0,0.0,0.0,1.0,0.3333333333333333,0.5,1.0,0.2,0.5,1.0,0.1,0.5
q_0263,Hybrid,1.0,1.0,0.2966759993796586,1.0,1.0,1.0,1.0,0.3333333333333333,1.0,1.0,0.2,1.0,1.0,0.1,1.0
q_0263,Hybrid + Reranking,1.0,1.0,0.48025399973994354,1.0,1.0,1.0,1.0,0.3333333333333333,1.0,1.0,0.2,1.0,1.0,0.1,1.0
q_0263,Hybrid + Reranking + Query Rewrite,1.0,1.0,0.6212870002855198,1.0,1.0,1.0,1.0,0.3333333333333333,1.0,1.0,0.2,1.0,1.0,0.1,1.0
q_0264,BM25,0.25,1.0,0.1791259992387495,0.0,0.0,0.0,0.0,0.0,0.0,1.0,0.2,0.43067655807339306,1.0,0.1,0.43067655807339306
q_0264,Dense,1.0,1.0,0.05596200026047882,1.0,1.0,1.0,1.0,0.3333333333333333,1.0,1.0,0.2,1.0,1.0,0.1,1.0
q_0264,Hybrid,0.5,1.0,0.20615999983419897,0.0,0.0,0.0,1.0,0.3333333333333333,0.6309297535714575,1.0,0.2,0.6309297535714575,1.0,0.1,0.6309297535714575
q_0264,Hybrid + Reranking,0.3333333333333333,1.0,0.4850859995713108,0.0,0.0,0.0,1.0,0.3333333333333333,0.5,1.0,0.2,0.5,1.0,0.1,0.5
q_0264,Hybrid + Reranking + Query Rewrite,0.3333333333333333,1.0,0.4249029998391052,0.0,0.0,0.0,1.0,0.3333333333333333,0.5,1.0,0.2,0.5,1.0,0.1,0.5
q_0266,BM25,0.5,1.0,0.11412300045776647,0.0,0.0,0.0,1.0,0.3333333333333333,0.6309297535714575,1.0,0.2,0.6309297535714575,1.0,0.1,0.6309297535714575
q_0266,Dense,1.0,1.0,0.042378000216558576,1.0,1.0,1.0,1.0,0.3333333333333333,1.0,1.0,0.2,1.0,1.0,0.1,1.0
q_0266,Hybrid,0.5,1.0,0.20186199981253594,0.0,0.0,0.0,1.0,0.3333333333333333,0.6309297535714575,1.0,0.2,0.6309297535714575,1.0,0.1,0.6309297535714575
q_0266,Hybrid + Reranking,0.5,1.0,0.4426540008353186,0.0,0.0,0.0,1.0,0.3333333333333333,0.6309297535714575,1.0,0.2,0.6309297535714575,1.0,0.1,0.6309297535714575
q_0266,Hybrid + Reranking + Query Rewrite,0.5,1.0,0.4392159999042633,0.0,0.0,0.0,1.0,0.3333333333333333,0.6309297535714575,1.0,0.2,0.6309297535714575,1.0,0.1,0.6309297535714575
q_0267,BM25,1.0,1.0,0.15471599999727914,1.0,1.0,1.0,1.0,0.3333333333333333,1.0,1.0,0.2,1.0,1.0,0.1,1.0
q_0267,Dense,0.16666666666666666,1.0,0.05525799952010857,0.0,0.0,0.0,0.0,0.0,0.0,0.0,0.0,0.0,1.0,0.1,0.3562071871080222
q_0267,Hybrid,0.5,1.0,0.2558169999247184,0.0,0.0,0.0,1.0,0.3333333333333333,0.6309297535714575,1.0,0.2,0.6309297535714575,1.0,0.1,0.6309297535714575
q_0267,Hybrid + Reranking,1.0,1.0,0.501673999679042,1.0,1.0,1.0,1.0,0.3333333333333333,1.0,1.0,0.2,1.0,1.0,0.1,1.0
q_0267,Hybrid + Reranking + Query Rewrite,1.0,1.0,0.49395099995308556,1.0,1.0,1.0,1.0,0.3333333333333333,1.0,1.0,0.2,1.0,1.0,0.1,1.0
q_0268,BM25,1.0,1.0,0.1292100005230168,1.0,1.0,1.0,1.0,0.3333333333333333,1.0,1.0,0.2,1.0,1.0,0.1,1.0
q_0268,Dense,1.0,1.0,0.04144200011069188,1.0,1.0,1.0,1.0,0.3333333333333333,1.0,1.0,0.2,1.0,1.0,0.1,1.0
q_0268,Hybrid,1.0,1.0,0.22490099945571274,1.0,1.0,1.0,1.0,0.3333333333333333,1.0,1.0,0.2,1.0,1.0,0.1,1.0
q_0268,Hybrid + Reranking,1.0,1.0,0.44562400034919847,1.0,1.0,1.0,1.0,0.3333333333333333,1.0,1.0,0.2,1.0,1.0,0.1,1.0
q_0268,Hybrid + Reranking + Query Rewrite,1.0,1.0,0.8056389997364022,1.0,1.0,1.0,1.0,0.3333333333333333,1.0,1.0,0.2,1.0,1.0,0.1,1.0
q_0270,BM25,1.0,1.0,0.17964900052902522,1.0,1.0,1.0,1.0,0.3333333333333333,1.0,1.0,0.2,1.0,1.0,0.1,1.0
q_0270,Dense,1.0,1.0,0.09937000049831113,1.0,1.0,1.0,1.0,0.3333333333333333,1.0,1.0,0.2,1.0,1.0,0.1,1.0
q_0270,Hybrid,1.0,1.0,0.28236399975867243,1.0,1.0,1.0,1.0,0.3333333333333333,1.0,1.0,0.2,1.0,1.0,0.1,1.0
q_0270,Hybrid + Reranking,1.0,1.0,0.47923700003593694,1.0,1.0,1.0,1.0,0.3333333333333333,1.0,1.0,0.2,1.0,1.0,0.1,1.0
q_0270,Hybrid + Reranking + Query Rewrite,1.0,1.0,0.46784000005573034,1.0,1.0,1.0,1.0,0.3333333333333333,1.0,1.0,0.2,1.0,1.0,0.1,1.0
q_0271,BM25,1.0,1.0,0.14132500018604333,1.0,1.0,1.0,1.0,0.3333333333333333,1.0,1.0,0.2,1.0,1.0,0.1,1.0
q_0271,Dense,0.5,1.0,0.07996600015758304,0.0,0.0,0.0,1.0,0.3333333333333333,0.6309297535714575,1.0,0.2,0.6309297535714575,1.0,0.1,0.6309297535714575
q_0271,Hybrid,1.0,1.0,0.22438099949795287,1.0,1.0,1.0,1.0,0.3333333333333333,1.0,1.0,0.2,1.0,1.0,0.1,1.0
q_0271,Hybrid + Reranking,1.0,1.0,0.48801599950820673,1.0,1.0,1.0,1.0,0.3333333333333333,1.0,1.0,0.2,1.0,1.0,0.1,1.0
q_0271,Hybrid + Reranking + Query Rewrite,1.0,1.0,0.6609239999306737,1.0,1.0,1.0,1.0,0.3333333333333333,1.0,1.0,0.2,1.0,1.0,0.1,1.0
q_0272,BM25,0.3333333333333333,1.0,0.1819300005081459,0.0,0.0,0.0,1.0,0.3333333333333333,0.5,1.0,0.2,0.5,1.0,0.1,0.5
q_0272,Dense,0.2,1.0,0.07297800038941205,0.0,0.0,0.0,0.0,0.0,0.0,1.0,0.2,0.38685280723454163,1.0,0.1,0.38685280723454163
q_0272,Hybrid,0.2,1.0,0.34874399989348603,0.0,0.0,0.0,0.0,0.0,0.0,1.0,0.2,0.38685280723454163,1.0,0.1,0.38685280723454163
q_0272,Hybrid + Reranking,0.2,1.0,0.4712589998234762,0.0,0.0,0.0,0.0,0.0,0.0,1.0,0.2,0.38685280723454163,1.0,0.1,0.38685280723454163
q_0272,Hybrid + Reranking + Query Rewrite,0.2,1.0,0.48404300014226465,0.0,0.0,0.0,0.0,0.0,0.0,1.0,0.2,0.38685280723454163,1.0,0.1,0.38685280723454163
q_0273,BM25,1.0,1.0,0.14513400037685642,1.0,1.0,1.0,1.0,0.3333333333333333,1.0,1.0,0.2,1.0,1.0,0.1,1.0
q_0273,Dense,0.25,1.0,0.05155500002729241,0.0,0.0,0.0,0.0,0.0,0.0,1.0,0.2,0.43067655807339306,1.0,0.1,0.43067655807339306
q_0273,Hybrid,1.0,1.0,0.29783999980281806,1.0,1.0,1.0,1.0,0.3333333333333333,1.0,1.0,0.2,1.0,1.0,0.1,1.0
q_0273,Hybrid + Reranking,1.0,1.0,0.5160680002518347,1.0,1.0,1.0,1.0,0.3333333333333333,1.0,1.0,0.2,1.0,1.0,0.1,1.0
q_0273,Hybrid + Reranking + Query Rewrite,1.0,1.0,0.6452240004364285,1.0,1.0,1.0,1.0,0.3333333333333333,1.0,1.0,0.2,1.0,1.0,0.1,1.0
q_0274,BM25,0.2,1.0,0.13526400016417028,0.0,0.0,0.0,0.0,0.0,0.0,1.0,0.2,0.38685280723454163,1.0,0.1,0.38685280723454163
q_0274,Dense,0.1,1.0,0.07125800038920715,0.0,0.0,0.0,0.0,0.0,0.0,0.0,0.0,0.0,1.0,0.1,0.2890648263178879
q_0274,Hybrid,0.14285714285714285,1.0,0.2945179994640057,0.0,0.0,0.0,0.0,0.0,0.0,0.0,0.0,0.0,1.0,0.1,0.3333333333333333
q_0274,Hybrid + Reranking,0.14285714285714285,1.0,0.4636789999494795,0.0,0.0,0.0,0.0,0.0,0.0,0.0,0.0,0.0,1.0,0.1,0.3333333333333333
q_0274,Hybrid + Reranking + Query Rewrite,0.14285714285714285,1.0,0.44572900060302345,0.0,0.0,0.0,0.0,0.0,0.0,0.0,0.0,0.0,1.0,0.1,0.3333333333333333
q_0276,BM25,1.0,1.0,0.11659899973892607,1.0,1.0,1.0,1.0,0.3333333333333333,1.0,1.0,0.2,1.0,1.0,0.1,1.0
q_0276,Dense,1.0,1.0,0.04773800083057722,1.0,1.0,1.0,1.0,0.3333333333333333,1.0,1.0,0.2,1.0,1.0,0.1,1.0
q_0276,Hybrid,1.0,1.0,0.19521499962138478,1.0,1.0,1.0,1.0,0.3333333333333333,1.0,1.0,0.2,1.0,1.0,0.1,1.0
q_0276,Hybrid + Reranking,1.0,1.0,0.5513770001925877,1.0,1.0,1.0,1.0,0.3333333333333333,1.0,1.0,0.2,1.0,1.0,0.1,1.0
q_0276,Hybrid + Reranking + Query Rewrite,1.0,1.0,0.49944799957302166,1.0,1.0,1.0,1.0,0.3333333333333333,1.0,1.0,0.2,1.0,1.0,0.1,1.0
q_0277,BM25,1.0,1.0,0.2552819996708422,1.0,1.0,1.0,1.0,0.3333333333333333,1.0,1.0,0.2,1.0,1.0,0.1,1.0
q_0277,Dense,0.16666666666666666,1.0,0.10266899971611565,0.0,0.0,0.0,0.0,0.0,0.0,0.0,0.0,0.0,1.0,0.1,0.3562071871080222
q_0277,Hybrid,0.5,1.0,0.26907099982054206,0.0,0.0,0.0,1.0,0.3333333333333333,0.6309297535714575,1.0,0.2,0.6309297535714575,1.0,0.1,0.6309297535714575
q_0277,Hybrid + Reranking,1.0,1.0,0.4586909999488853,1.0,1.0,1.0,1.0,0.3333333333333333,1.0,1.0,0.2,1.0,1.0,0.1,1.0
q_0277,Hybrid + Reranking + Query Rewrite,1.0,1.0,0.5903569999645697,1.0,1.0,1.0,1.0,0.3333333333333333,1.0,1.0,0.2,1.0,1.0,0.1,1.0
q_0278,BM25,1.0,1.0,0.13519399999495363,1.0,1.0,1.0,1.0,0.3333333333333333,1.0,1.0,0.2,1.0,1.0,0.1,1.0
q_0278,Dense,1.0,1.0,0.056322000091313384,1.0,1.0,1.0,1.0,0.3333333333333333,1.0,1.0,0.2,1.0,1.0,0.1,1.0
q_0278,Hybrid,1.0,1.0,0.2379059997110744,1.0,1.0,1.0,1.0,0.3333333333333333,1.0,1.0,0.2,1.0,1.0,0.1,1.0
q_0278,Hybrid + Reranking,1.0,1.0,0.48152499948628247,1.0,1.0,1.0,1.0,0.3333333333333333,1.0,1.0,0.2,1.0,1.0,0.1,1.0
q_0278,Hybrid + Reranking + Query Rewrite,1.0,1.0,0.42879500051640207,1.0,1.0,1.0,1.0,0.3333333333333333,1.0,1.0,0.2,1.0,1.0,0.1,1.0
q_0280,BM25,1.0,1.0,0.14719899991177954,1.0,1.0,1.0,1.0,0.3333333333333333,1.0,1.0,0.2,1.0,1.0,0.1,1.0
q_0280,Dense,0.5,1.0,0.05068499922344927,0.0,0.0,0.0,1.0,0.3333333333333333,0.6309297535714575,1.0,0.2,0.6309297535714575,1.0,0.1,0.6309297535714575
q_0280,Hybrid,1.0,1.0,0.2578410003479803,1.0,1.0,1.0,1.0,0.3333333333333333,1.0,1.0,0.2,1.0,1.0,0.1,1.0
q_0280,Hybrid + Reranking,1.0,1.0,0.5174420002731495,1.0,1.0,1.0,1.0,0.3333333333333333,1.0,1.0,0.2,1.0,1.0,0.1,1.0
q_0280,Hybrid + Reranking + Query Rewrite,1.0,1.0,0.4535609996310086,1.0,1.0,1.0,1.0,0.3333333333333333,1.0,1.0,0.2,1.0,1.0,0.1,1.0
q_0281,BM25,1.0,1.0,0.13712799955101218,1.0,1.0,1.0,1.0,0.3333333333333333,1.0,1.0,0.2,1.0,1.0,0.1,1.0
q_0281,Dense,1.0,1.0,0.044657999751507305,1.0,1.0,1.0,1.0,0.3333333333333333,1.0,1.0,0.2,1.0,1.0,0.1,1.0
q_0281,Hybrid,1.0,1.0,0.25980100053857313,1.0,1.0,1.0,1.0,0.3333333333333333,1.0,1.0,0.2,1.0,1.0,0.1,1.0
q_0281,Hybrid + Reranking,1.0,1.0,0.4409020002640318,1.0,1.0,1.0,1.0,0.3333333333333333,1.0,1.0,0.2,1.0,1.0,0.1,1.0
q_0281,Hybrid + Reranking + Query Rewrite,1.0,1.0,0.45657099963136716,1.0,1.0,1.0,1.0,0.3333333333333333,1.0,1.0,0.2,1.0,1.0,0.1,1.0
q_0282,BM25,0.25,1.0,0.5176550002943259,0.0,0.0,0.0,0.0,0.0,0.0,1.0,0.2,0.43067655807339306,1.0,0.1,0.43067655807339306
q_0282,Dense,0.3333333333333333,1.0,0.06917500013514655,0.0,0.0,0.0,1.0,0.3333333333333333,0.5,1.0,0.2,0.5,1.0,0.1,0.5
q_0282,Hybrid,0.25,1.0,0.2153329996872344,0.0,0.0,0.0,0.0,0.0,0.0,1.0,0.2,0.43067655807339306,1.0,0.1,0.43067655807339306
q_0282,Hybrid + Reranking,0.25,1.0,0.5859539996890817,0.0,0.0,0.0,0.0,0.0,0.0,1.0,0.2,0.43067655807339306,1.0,0.1,0.43067655807339306
q_0282,Hybrid + Reranking + Query Rewrite,0.25,1.0,0.44507499933388317,0.0,0.0,0.0,0.0,0.0,0.0,1.0,0.2,0.43067655807339306,1.0,0.1,0.43067655807339306
q_0283,BM25,1.0,1.0,0.1490220001869602,1.0,1.0,1.0,1.0,0.3333333333333333,1.0,1.0,0.2,1.0,1.0,0.1,1.0
q_0283,Dense,1.0,1.0,0.05235899971012259,1.0,1.0,1.0,1.0,0.3333333333333333,1.0,1.0,0.2,1.0,1.0,0.1,1.0
q_0283,Hybrid,1.0,1.0,0.24196199956350029,1.0,1.0,1.0,1.0,0.3333333333333333,1.0,1.0,0.2,1.0,1.0,0.1,1.0
q_0283,Hybrid + Reranking,1.0,1.0,0.49910699999600183,1.0,1.0,1.0,1.0,0.3333333333333333,1.0,1.0,0.2,1.0,1.0,0.1,1.0
q_0283,Hybrid + Reranking + Query Rewrite,1.0,1.0,0.46687400026712567,1.0,1.0,1.0,1.0,0.3333333333333333,1.0,1.0,0.2,1.0,1.0,0.1,1.0
q_0284,BM25,0.14285714285714285,1.0,0.14113900033407845,0.0,0.0,0.0,0.0,0.0,0.0,0.0,0.0,0.0,1.0,0.1,0.3333333333333333
q_0284,Dense,0.16666666666666666,1.0,0.056440999287588056,0.0,0.0,0.0,0.0,0.0,0.0,0.0,0.0,0.0,1.0,0.1,0.3562071871080222
q_0284,Hybrid,0.16666666666666666,1.0,0.25640599960752297,0.0,0.0,0.0,0.0,0.0,0.0,0.0,0.0,0.0,1.0,0.1,0.3562071871080222
q_0284,Hybrid + Reranking,0.16666666666666666,1.0,0.4726719998870976,0.0,0.0,0.0,0.0,0.0,0.0,0.0,0.0,0.0,1.0,0.1,0.3562071871080222
q_0284,Hybrid + Reranking + Query Rewrite,0.16666666666666666,1.0,0.5011659995943774,0.0,0.0,0.0,0.0,0.0,0.0,0.0,0.0,0.0,1.0,0.1,0.3562071871080222
q_0286,BM25,1.0,1.0,0.14573299995390698,1.0,1.0,1.0,1.0,0.3333333333333333,1.0,1.0,0.2,1.0,1.0,0.1,1.0
q_0286,Dense,1.0,1.0,0.052257999413996004,1.0,1.0,1.0,1.0,0.3333333333333333,1.0,1.0,0.2,1.0,1.0,0.1,1.0
q_0286,Hybrid,1.0,1.0,0.19473599968478084,1.0,1.0,1.0,1.0,0.3333333333333333,1.0,1.0,0.2,1.0,1.0,0.1,1.0
q_0286,Hybrid + Reranking,1.0,1.0,0.43062599979748484,1.0,1.0,1.0,1.0,0.3333333333333333,1.0,1.0,0.2,1.0,1.0,0.1,1.0
q_0286,Hybrid + Reranking + Query Rewrite,1.0,1.0,0.4094080004506395,1.0,1.0,1.0,1.0,0.3333333333333333,1.0,1.0,0.2,1.0,1.0,0.1,1.0
q_0287,BM25,1.0,1.0,0.15298999915103195,1.0,1.0,1.0,1.0,0.3333333333333333,1.0,1.0,0.2,1.0,1.0,0.1,1.0
q_0287,Dense,0.16666666666666666,1.0,0.050505000217526685,0.0,0.0,0.0,0.0,0.0,0.0,0.0,0.0,0.0,1.0,0.1,0.3562071871080222
q_0287,Hybrid,0.5,1.0,0.25408999954379397,0.0,0.0,0.0,1.0,0.3333333333333333,0.6309297535714575,1.0,0.2,0.6309297535714575,1.0,0.1,0.6309297535714575
q_0287,Hybrid + Reranking,1.0,1.0,0.7575230001748423,1.0,1.0,1.0,1.0,0.3333333333333333,1.0,1.0,0.2,1.0,1.0,0.1,1.0
q_0287,Hybrid + Reranking + Query Rewrite,1.0,1.0,0.5742559997088392,1.0,1.0,1.0,1.0,0.3333333333333333,1.0,1.0,0.2,1.0,1.0,0.1,1.0
q_0288,BM25,1.0,1.0,0.13457700060826028,1.0,1.0,1.0,1.0,0.3333333333333333,1.0,1.0,0.2,1.0,1.0,0.1,1.0
q_0288,Dense,1.0,1.0,0.04339300085121067,1.0,1.0,1.0,1.0,0.3333333333333333,1.0,1.0,0.2,1.0,1.0,0.1,1.0
q_0288,Hybrid,1.0,1.0,0.2293210000061663,1.0,1.0,1.0,1.0,0.3333333333333333,1.0,1.0,0.2,1.0,1.0,0.1,1.0
q_0288,Hybrid + Reranking,1.0,1.0,0.4820989997824654,1.0,1.0,1.0,1.0,0.3333333333333333,1.0,1.0,0.2,1.0,1.0,0.1,1.0
q_0288,Hybrid + Reranking + Query Rewrite,1.0,1.0,0.4536279993772041,1.0,1.0,1.0,1.0,0.3333333333333333,1.0,1.0,0.2,1.0,1.0,0.1,1.0
q_0290,BM25,1.0,1.0,0.14039199959370308,1.0,1.0,1.0,1.0,0.3333333333333333,1.0,1.0,0.2,1.0,1.0,0.1,1.0
q_0290,Dense,1.0,1.0,0.048577999223198276,1.0,1.0,1.0,1.0,0.3333333333333333,1.0,1.0,0.2,1.0,1.0,0.1,1.0
q_0290,Hybrid,1.0,1.0,0.3376320000825217,1.0,1.0,1.0,1.0,0.3333333333333333,1.0,1.0,0.2,1.0,1.0,0.1,1.0
q_0290,Hybrid + Reranking,1.0,1.0,0.518281000040588,1.0,1.0,1.0,1.0,0.3333333333333333,1.0,1.0,0.2,1.0,1.0,0.1,1.0
q_0290,Hybrid + Reranking + Query Rewrite,1.0,1.0,0.47316900054283906,1.0,1.0,1.0,1.0,0.3333333333333333,1.0,1.0,0.2,1.0,1.0,0.1,1.0
q_0291,BM25,1.0,1.0,0.1446959995519137,1.0,1.0,1.0,1.0,0.3333333333333333,1.0,1.0,0.2,1.0,1.0,0.1,1.0
q_0291,Dense,0.16666666666666666,1.0,0.04709899985755328,0.0,0.0,0.0,0.0,0.0,0.0,0.0,0.0,0.0,1.0,0.1,0.3562071871080222
q_0291,Hybrid,0.5,1.0,0.3532800001266878,0.0,0.0,0.0,1.0,0.3333333333333333,0.6309297535714575,1.0,0.2,0.6309297535714575,1.0,0.1,0.6309297535714575
q_0291,Hybrid + Reranking,1.0,1.0,0.4756719999932102,1.0,1.0,1.0,1.0,0.3333333333333333,1.0,1.0,0.2,1.0,1.0,0.1,1.0
q_0291,Hybrid + Reranking + Query Rewrite,1.0,1.0,0.5882699997528107,1.0,1.0,1.0,1.0,0.3333333333333333,1.0,1.0,0.2,1.0,1.0,0.1,1.0
q_0292,BM25,0.2,1.0,0.13727099940297194,0.0,0.0,0.0,0.0,0.0,0.0,1.0,0.2,0.38685280723454163,1.0,0.1,0.38685280723454163
q_0292,Dense,0.5,1.0,0.058024999816552736,0.0,0.0,0.0,1.0,0.3333333333333333,0.6309297535714575,1.0,0.2,0.6309297535714575,1.0,0.1,0.6309297535714575
q_0292,Hybrid,0.25,1.0,0.2384629997322918,0.0,0.0,0.0,0.0,0.0,0.0,1.0,0.2,0.43067655807339306,1.0,0.1,0.43067655807339306
q_0292,Hybrid + Reranking,0.25,1.0,0.6374569993568002,0.0,0.0,0.0,0.0,0.0,0.0,1.0,0.2,0.43067655807339306,1.0,0.1,0.43067655807339306
q_0292,Hybrid + Reranking + Query Rewrite,0.25,1.0,0.5009639999116189,0.0,0.0,0.0,0.0,0.0,0.0,1.0,0.2,0.43067655807339306,1.0,0.1,0.43067655807339306
q_0293,BM25,0.5,1.0,0.14732700037711766,0.0,0.0,0.0,1.0,0.3333333333333333,0.6309297535714575,1.0,0.2,0.6309297535714575,1.0,0.1,0.6309297535714575
q_0293,Dense,0.5,1.0,0.07242100036819465,0.0,0.0,0.0,1.0,0.3333333333333333,0.6309297535714575,1.0,0.2,0.6309297535714575,1.0,0.1,0.6309297535714575
q_0293,Hybrid,0.5,1.0,0.2567159999671276,0.0,0.0,0.0,1.0,0.3333333333333333,0.6309297535714575,1.0,0.2,0.6309297535714575,1.0,0.1,0.6309297535714575
q_0293,Hybrid + Reranking,0.5,1.0,0.6381569992299774,0.0,0.0,0.0,1.0,0.3333333333333333,0.6309297535714575,1.0,0.2,0.6309297535714575,1.0,0.1,0.6309297535714575
q_0293,Hybrid + Reranking + Query Rewrite,0.5,1.0,0.5195430003368529,0.0,0.0,0.0,1.0,0.3333333333333333,0.6309297535714575,1.0,0.2,0.6309297535714575,1.0,0.1,0.6309297535714575
q_0294,BM25,0.125,1.0,0.17383100021106657,0.0,0.0,0.0,0.0,0.0,0.0,0.0,0.0,0.0,1.0,0.1,0.31546487678572877
q_0294,Dense,0.14285714285714285,1.0,0.05864099966856884,0.0,0.0,0.0,0.0,0.0,0.0,0.0,0.0,0.0,1.0,0.1,0.3333333333333333
q_0294,Hybrid,0.125,1.0,0.28197499977977714,0.0,0.0,0.0,0.0,0.0,0.0,0.0,0.0,0.0,1.0,0.1,0.31546487678572877
q_0294,Hybrid + Reranking,0.125,1.0,0.7192980001491378,0.0,0.0,0.0,0.0,0.0,0.0,0.0,0.0,0.0,1.0,0.1,0.31546487678572877
q_0294,Hybrid + Reranking + Query Rewrite,0.125,1.0,0.47441500009881565,0.0,0.0,0.0,0.0,0.0,0.0,0.0,0.0,0.0,1.0,0.1,0.31546487678572877
q_0296,BM25,1.0,1.0,0.11960699976043543,1.0,1.0,1.0,1.0,0.3333333333333333,1.0,1.0,0.2,1.0,1.0,0.1,1.0
q_0296,Dense,1.0,1.0,0.04480299958231626,1.0,1.0,1.0,1.0,0.3333333333333333,1.0,1.0,0.2,1.0,1.0,0.1,1.0
q_0296,Hybrid,1.0,1.0,0.19797000004473375,1.0,1.0,1.0,1.0,0.3333333333333333,1.0,1.0,0.2,1.0,1.0,0.1,1.0
q_0296,Hybrid + Reranking,1.0,1.0,0.9015760006150231,1.0,1.0,1.0,1.0,0.3333333333333333,1.0,1.0,0.2,1.0,1.0,0.1,1.0
q_0296,Hybrid + Reranking + Query Rewrite,1.0,1.0,0.5132149999553803,1.0,1.0,1.0,1.0,0.3333333333333333,1.0,1.0,0.2,1.0,1.0,0.1,1.0
q_0297,BM25,1.0,1.0,0.16241800040006638,1.0,1.0,1.0,1.0,0.3333333333333333,1.0,1.0,0.2,1.0,1.0,0.1,1.0
q_0297,Dense,0.5,1.0,0.06033499994373415,0.0,0.0,0.0,1.0,0.3333333333333333,0.6309297535714575,1.0,0.2,0.6309297535714575,1.0,0.1,0.6309297535714575
q_0297,Hybrid,1.0,1.0,0.2472969999871566,1.0,1.0,1.0,1.0,0.3333333333333333,1.0,1.0,0.2,1.0,1.0,0.1,1.0
q_0297,Hybrid + Reranking,1.0,1.0,0.50743199972203,1.0,1.0,1.0,1.0,0.3333333333333333,1.0,1.0,0.2,1.0,1.0,0.1,1.0
q_0297,Hybrid + Reranking + Query Rewrite,1.0,1.0,0.5094980006106198,1.0,1.0,1.0,1.0,0.3333333333333333,1.0,1.0,0.2,1.0,1.0,0.1,1.0
q_0298,BM25,1.0,1.0,0.13303000014275312,1.0,1.0,1.0,1.0,0.3333333333333333,1.0,1.0,0.2,1.0,1.0,0.1,1.0
q_0298,Dense,0.3333333333333333,1.0,0.04632600030163303,0.0,0.0,0.0,1.0,0.3333333333333333,0.5,1.0,0.2,0.5,1.0,0.1,0.5
q_0298,Hybrid,0.5,1.0,0.21274400023685303,0.0,0.0,0.0,1.0,0.3333333333333333,0.6309297535714575,1.0,0.2,0.6309297535714575,1.0,0.1,0.6309297535714575
q_0298,Hybrid + Reranking,1.0,1.0,0.5486420004672254,1.0,1.0,1.0,1.0,0.3333333333333333,1.0,1.0,0.2,1.0,1.0,0.1,1.0
q_0298,Hybrid + Reranking + Query Rewrite,1.0,1.0,0.551423000615614,1.0,1.0,1.0,1.0,0.3333333333333333,1.0,1.0,0.2,1.0,1.0,0.1,1.0
