loss,mean_q
7.03028678894043,0.026270009577274323
7.136954307556152,0.0010022749193012714
6.830794334411621,-0.0060723572969436646
7.249410629272461,-0.010518520139157772
7.979450225830078,-0.0030578323639929295
8.703875541687012,-0.03158046305179596
5.775272846221924,-0.03611825406551361
6.041913986206055,-0.05302615091204643
6.2853569984436035,-0.06856516748666763
7.452183246612549,-0.06731992214918137
6.073729515075684,-0.06051613762974739
6.70936393737793,-0.11425009369850159
7.460692405700684,-0.12121967226266861
7.702596664428711,-0.11491396278142929
6.843409538269043,-0.12867046892642975
8.063823699951172,-0.1365923136472702
6.204070568084717,-0.1545088291168213
8.17838191986084,-0.17089810967445374
6.426247596740723,-0.18565528094768524
6.238051414489746,-0.1692003309726715
7.3371148109436035,-0.1881769895553589
5.140567302703857,-0.20323215425014496
5.95491886138916,-0.23659154772758484
6.121131896972656,-0.23603525757789612
5.5471978187561035,-0.2375107854604721
7.710869312286377,-0.2627182602882385
6.439932823181152,-0.2609134316444397
5.965877532958984,-0.3036499321460724
6.870166301727295,-0.32411015033721924
6.9911298751831055,-0.3343905210494995
7.0309858322143555,-0.3369118571281433
7.0632171630859375,-0.35225436091423035
6.263919830322266,-0.35392096638679504
7.091460227966309,-0.3956092298030853
7.444295883178711,-0.4059707820415497
6.194971084594727,-0.42051517963409424
5.334410667419434,-0.4425150156021118
6.959720611572266,-0.46488505601882935
6.83083438873291,-0.4905811846256256
7.53720760345459,-0.5125634074211121
6.077771186828613,-0.5237827897071838
6.264197826385498,-0.5387371778488159
6.953547477722168,-0.5653246641159058
6.43992805480957,-0.5876230597496033
7.3097405433654785,-0.5905466675758362
6.532128810882568,-0.6407535076141357
5.204859733581543,-0.6460723280906677
6.941390514373779,-0.7106329202651978
6.2791032791137695,-0.6970971822738647
6.663962364196777,-0.7381756901741028
6.18412971496582,-0.7593871355056763
6.941959857940674,-0.7613545656204224
6.239264011383057,-0.8096106648445129
5.924210548400879,-0.7933118343353271
5.960965633392334,-0.8493759036064148
5.357932090759277,-0.8848992586135864
5.1647725105285645,-0.9264163970947266
7.06038236618042,-0.9534807205200195
6.387816905975342,-0.9694627523422241
4.953643321990967,-0.9948071837425232
5.888552665710449,-1.0586843490600586
5.456907272338867,-1.060249924659729
5.321274757385254,-1.083587646484375
5.735531330108643,-1.1206094026565552
5.778590202331543,-1.1609493494033813
6.262692451477051,-1.1460355520248413
5.738877296447754,-1.2517722845077515
5.467541217803955,-1.239183783531189
6.160763740539551,-1.307283639907837
5.729394912719727,-1.3258477449417114
6.420999526977539,-1.3884073495864868
5.1136322021484375,-1.3745836019515991
4.802216053009033,-1.4296445846557617
6.225044250488281,-1.4808650016784668
4.443290710449219,-1.545201063156128
6.022823333740234,-1.5940476655960083
5.649374961853027,-1.6357362270355225
5.567133903503418,-1.6092774868011475
4.69012451171875,-1.691299319267273
4.961966037750244,-1.7640787363052368
5.204346179962158,-1.7533819675445557
4.893073558807373,-1.7807021141052246
4.540914058685303,-1.8066558837890625
6.40140962600708,-1.946330189704895
4.183512210845947,-1.935290813446045
4.805929183959961,-2.016817808151245
4.91043758392334,-2.0562961101531982
4.503167152404785,-2.138925790786743
4.155254364013672,-2.150285243988037
5.203105926513672,-2.1350831985473633
3.59757924079895,-2.2390153408050537
5.425971508026123,-2.3028738498687744
4.918315887451172,-2.326585531234741
5.110417366027832,-2.38580060005188
4.3834757804870605,-2.431025981903076
4.3747358322143555,-2.4567883014678955
2.962036371231079,-2.5130116939544678
3.8714892864227295,-2.614532947540283
5.698908805847168,-2.695157289505005
5.017210960388184,-2.7421958446502686
3.9395198822021484,-2.7083003520965576
3.9152512550354004,-2.7391059398651123
5.093663692474365,-2.867506980895996
4.039677619934082,-2.9827628135681152
5.785114288330078,-2.974961757659912
5.037929534912109,-3.0227084159851074
4.2961812019348145,-2.994201421737671
4.259899616241455,-3.1232426166534424
4.403102874755859,-3.177717685699463
4.579239368438721,-3.216176986694336
4.491885185241699,-3.273390293121338
4.645244598388672,-3.3612992763519287
4.9843549728393555,-3.419917583465576
5.048459053039551,-3.594919443130493
4.476789951324463,-3.6288039684295654
3.8298423290252686,-3.593989849090576
3.5481972694396973,-3.55985426902771
4.598367214202881,-3.6551060676574707
3.818815231323242,-3.727221727371216
3.9537644386291504,-3.846536159515381
4.698555946350098,-3.9314866065979004
4.903796195983887,-3.882885694503784
4.093428611755371,-3.979983329772949
4.17240571975708,-4.001725673675537
3.693387508392334,-4.065545082092285
4.458511829376221,-4.222170829772949
4.504461765289307,-4.305389404296875
5.21872091293335,-4.2318267822265625
4.186173915863037,-4.259375095367432
2.8771793842315674,-4.4097065925598145
4.047745704650879,-4.490241050720215
3.5046157836914062,-4.420224189758301
4.226037502288818,-4.549164772033691
4.640456199645996,-4.715729236602783
3.4206202030181885,-4.744152069091797
3.639404773712158,-4.775105953216553
4.214024066925049,-4.840958118438721
2.8484842777252197,-4.760659694671631
3.1964266300201416,-4.662385940551758
3.965672492980957,-4.734274864196777
3.4006998538970947,-5.066816329956055
3.554324150085449,-4.97602653503418
2.865384101867676,-5.002037048339844
3.4929263591766357,-5.005481719970703
3.161301374435425,-4.9955034255981445
4.1062541007995605,-5.362030982971191
2.804231643676758,-5.301481246948242
3.431049346923828,-5.27765417098999
3.800351858139038,-5.23173713684082
3.6081349849700928,-5.346553802490234
3.512674331665039,-5.427664756774902
3.4168529510498047,-5.828105449676514
2.366459608078003,-5.491021633148193
3.7161991596221924,-5.634670257568359
2.162698268890381,-5.19968843460083
3.5099375247955322,-5.711207389831543
3.4095396995544434,-5.596677303314209
2.7348437309265137,-5.36678409576416
3.5604147911071777,-5.9947357177734375
3.2922565937042236,-5.625502109527588
3.205800771713257,-5.792693138122559
3.1671342849731445,-5.236869812011719
2.8316473960876465,-5.804584980010986
3.6702136993408203,-5.76572322845459
3.5259690284729004,-5.955140113830566
3.5572123527526855,-5.7841901779174805
2.9821529388427734,-5.713434219360352
2.052704334259033,-5.29685115814209
3.5469326972961426,-6.2958879470825195
2.5683326721191406,-6.088242530822754
3.158705234527588,-5.853082180023193
2.5464608669281006,-5.483646392822266
2.619731903076172,-5.197025299072266
2.465668201446533,-5.552216529846191
2.8814027309417725,-5.437276840209961
3.099478244781494,-5.578192710876465
2.483771324157715,-5.690034866333008
3.497967481613159,-5.835665702819824
3.2793056964874268,-6.076161861419678
3.3636364936828613,-6.141907691955566
3.529289722442627,-6.477945327758789
3.543677568435669,-5.761329650878906
4.372738361358643,-6.4104719161987305
3.299725294113159,-6.611787796020508
2.6194729804992676,-6.116644859313965
3.3030710220336914,-6.053104877471924
2.88543438911438,-5.977121353149414
2.4749109745025635,-5.744605541229248
2.146056652069092,-5.528135299682617
3.2041687965393066,-6.70868444442749
3.034480571746826,-6.334482192993164
3.247403144836426,-6.588603973388672
3.379695415496826,-6.461974620819092
3.5938994884490967,-6.201937198638916
3.034132957458496,-5.721484184265137
2.6491754055023193,-5.823751449584961
2.748532772064209,-5.985164642333984
3.6679482460021973,-6.1773152351379395
3.281532049179077,-6.39377498626709
2.7787983417510986,-6.520171642303467
2.3776464462280273,-6.4647321701049805
2.23702073097229,-6.547386646270752
2.816694498062134,-6.4189558029174805
2.9541194438934326,-5.889691352844238
2.5029821395874023,-5.998863220214844
2.799792528152466,-6.4930524826049805
3.2284483909606934,-6.0269999504089355
3.0204203128814697,-6.073616981506348
2.5356075763702393,-6.041919231414795
2.4334664344787598,-5.99973726272583
2.7521021366119385,-5.812265396118164
3.8222389221191406,-6.312960147857666
2.427969455718994,-6.1381378173828125
2.9381678104400635,-7.036526679992676
2.9417991638183594,-6.2548980712890625
2.719961166381836,-5.925379753112793
2.276606559753418,-5.985970497131348
2.938225507736206,-6.1970109939575195
3.0379369258880615,-6.603085517883301
2.9674782752990723,-6.08057975769043
3.272979974746704,-6.806859970092773
3.0596656799316406,-5.881499767303467
2.4256186485290527,-6.221712112426758
2.7988338470458984,-6.373924732208252
2.513442277908325,-6.154768466949463
2.77007794380188,-6.5655436515808105
3.016826629638672,-6.733665466308594
2.5601844787597656,-6.282039642333984
2.734776020050049,-6.304211616516113
2.2354109287261963,-5.910083770751953
3.0423977375030518,-6.333164691925049
3.5675435066223145,-6.587855339050293
2.376957416534424,-6.738434791564941
2.8603498935699463,-6.344409942626953
2.6911609172821045,-6.051398277282715
2.360097646713257,-6.323696136474609
2.533841848373413,-6.351047039031982
2.812298536300659,-5.943716049194336
2.65342378616333,-6.479927062988281
2.632962942123413,-5.913639068603516
2.624922752380371,-6.410944938659668
2.6815807819366455,-5.837365627288818
2.822439193725586,-6.590214729309082
2.5898947715759277,-5.707619667053223
2.9706013202667236,-6.882567882537842
2.931795120239258,-6.328155040740967
2.698652982711792,-6.642098426818848
2.4553706645965576,-6.340639591217041
2.524772882461548,-6.848118305206299
2.745889186859131,-6.706086158752441
2.822765350341797,-6.379021644592285
4.1465229988098145,-6.389092922210693
3.6070990562438965,-6.456264495849609
3.6225457191467285,-6.832286357879639
3.5413880348205566,-7.013106822967529
3.819173812866211,-7.059781551361084
3.991018772125244,-6.873290061950684
3.134592294692993,-6.577317237854004
3.01800537109375,-6.139434337615967
3.1141409873962402,-6.733381271362305
3.4738597869873047,-7.512022972106934
4.022139549255371,-8.22425651550293
2.4741928577423096,-7.048149585723877
3.5042808055877686,-8.176688194274902
2.3546810150146484,-7.287431716918945
2.8385863304138184,-7.658854007720947
3.0826454162597656,-7.901529312133789
3.127878427505493,-7.924100875854492
3.8438568115234375,-9.244488716125488
3.7939555644989014,-9.016571998596191
3.242202043533325,-8.537908554077148
2.3214879035949707,-8.3577299118042
2.289815664291382,-9.046832084655762
2.8060410022735596,-8.81531047821045
3.057220935821533,-9.69369888305664
2.4743900299072266,-8.606708526611328
3.072355270385742,-9.694494247436523
2.8492815494537354,-9.54714298248291
2.183987855911255,-8.497099876403809
3.4177613258361816,-10.049457550048828
2.7756547927856445,-9.798559188842773
2.66717529296875,-9.122740745544434
3.0859732627868652,-9.816949844360352
3.453829050064087,-10.343017578125
2.31833815574646,-9.00597095489502
2.9463696479797363,-9.904733657836914
2.381744384765625,-9.733152389526367
2.2102978229522705,-9.593375205993652
2.913027048110962,-9.821067810058594
2.183175563812256,-8.98366928100586
2.654521942138672,-9.433380126953125
1.7670187950134277,-9.340690612792969
2.487088918685913,-9.053205490112305
2.110398769378662,-9.3267240524292
3.0863215923309326,-9.650092124938965
3.1123881340026855,-9.524466514587402
2.2956910133361816,-9.03630256652832
2.236459255218506,-9.027800559997559
2.051074504852295,-9.025107383728027
2.779289960861206,-9.445500373840332
2.22463321685791,-8.841437339782715
2.522778272628784,-9.43326473236084
2.9840869903564453,-9.539178848266602
3.5529122352600098,-9.682722091674805
3.1855826377868652,-9.150599479675293
2.954155445098877,-9.361434936523438
2.48241925239563,-8.637398719787598
2.431535005569458,-9.321937561035156
2.6790664196014404,-9.079225540161133
3.139169931411743,-10.042267799377441
2.7070090770721436,-9.28707218170166
2.1499476432800293,-8.736603736877441
2.7508840560913086,-9.226780891418457
1.9354255199432373,-8.65223503112793
2.6298704147338867,-9.710702896118164
2.894455909729004,-9.1092529296875
2.6568188667297363,-10.100419044494629
2.345478057861328,-8.847721099853516
2.348128318786621,-9.68118667602539
2.4259531497955322,-9.779696464538574
2.3447489738464355,-8.901368141174316
2.035231590270996,-9.118906021118164
2.192030191421509,-9.060022354125977
2.4029407501220703,-9.3008451461792
2.828031301498413,-9.482864379882812
2.156662940979004,-8.57866096496582
2.2144558429718018,-9.016684532165527
2.122933864593506,-9.67441177368164
2.301356315612793,-8.904902458190918
2.8024699687957764,-9.290482521057129
1.9232983589172363,-8.47945499420166
2.8434548377990723,-10.008519172668457
2.355412244796753,-9.781489372253418
1.870106816291809,-8.933877944946289
3.039992094039917,-9.335166931152344
2.4415807723999023,-9.177413940429688
2.72074818611145,-9.490241050720215
2.3640730381011963,-10.035164833068848
2.7408204078674316,-9.54065990447998
2.018873691558838,-8.243979454040527
2.0885391235351562,-8.998762130737305
2.365054130554199,-9.159355163574219
1.9960029125213623,-9.037543296813965
1.8216527700424194,-8.801627159118652
2.1926522254943848,-9.19926643371582
1.9026273488998413,-9.590675354003906
2.176004409790039,-9.906620025634766
1.719821572303772,-9.88125228881836
2.3077352046966553,-10.00156021118164
2.6588916778564453,-9.138134956359863
3.0985026359558105,-9.88446044921875
2.0856547355651855,-9.364213943481445
2.9578542709350586,-10.603986740112305
2.343400001525879,-10.305352210998535
2.148880958557129,-9.396575927734375
2.6783699989318848,-9.283711433410645
2.1192715167999268,-9.786642074584961
2.4478559494018555,-9.729735374450684
2.2329635620117188,-9.271507263183594
2.5639753341674805,-10.848371505737305
2.155493974685669,-9.417082786560059
1.8157320022583008,-9.391056060791016
1.76546049118042,-8.955045700073242
2.6777679920196533,-10.662873268127441
1.656368613243103,-9.058503150939941
2.242389440536499,-9.479411125183105
1.6075999736785889,-8.560781478881836
1.7721583843231201,-9.192066192626953
2.2319343090057373,-9.841268539428711
2.025827646255493,-8.445205688476562
2.607487201690674,-10.142230033874512
2.1277546882629395,-8.518030166625977
2.802696943283081,-9.427685737609863
1.7405617237091064,-8.948564529418945
2.2731587886810303,-10.186067581176758
2.0059170722961426,-9.230488777160645
2.141078233718872,-9.832962036132812
1.8489713668823242,-9.349991798400879
2.210264205932617,-9.80721664428711
1.7660272121429443,-9.233617782592773
1.8422540426254272,-9.237022399902344
1.4964185953140259,-9.075867652893066
1.536167860031128,-9.12405776977539
1.7188159227371216,-9.584786415100098
2.080090045928955,-10.510412216186523
2.069885492324829,-9.90503215789795
1.8266466856002808,-9.68541145324707
1.7577346563339233,-8.974231719970703
1.9855315685272217,-9.722471237182617
1.626988410949707,-8.528693199157715
1.7171502113342285,-9.259552955627441
1.9518815279006958,-9.33619213104248
1.7770847082138062,-9.419148445129395
1.5787444114685059,-9.655346870422363
2.218578338623047,-9.916499137878418
1.768769383430481,-8.8261079788208
1.4365322589874268,-8.833355903625488
1.8585764169692993,-9.333096504211426
1.9780539274215698,-9.422371864318848
1.9862189292907715,-9.000882148742676
1.6710330247879028,-8.999641418457031
1.823752999305725,-9.420799255371094
2.114595890045166,-9.01058292388916
1.698025107383728,-9.694804191589355
1.766869306564331,-8.598413467407227
1.7486436367034912,-9.68688678741455
1.6786049604415894,-8.503708839416504
1.5825443267822266,-8.869983673095703
1.9639558792114258,-9.873366355895996
1.4123820066452026,-9.06651782989502
1.750827431678772,-9.515632629394531
1.4741511344909668,-9.054825782775879
1.2149642705917358,-8.950958251953125
1.7201340198516846,-9.041421890258789
1.4650027751922607,-9.670867919921875
1.5347378253936768,-9.287923812866211
1.7242887020111084,-9.43416976928711
1.4647765159606934,-9.214400291442871
1.2575139999389648,-8.316198348999023
1.273029088973999,-9.294267654418945
1.6685044765472412,-9.343927383422852
2.0870108604431152,-9.986559867858887
1.9412109851837158,-9.541572570800781
1.3580728769302368,-8.552111625671387
1.8205111026763916,-9.00325870513916
1.6986966133117676,-8.872525215148926
1.5626718997955322,-10.663825988769531
1.7205783128738403,-9.046123504638672
1.1924158334732056,-9.198941230773926
1.6401941776275635,-9.767144203186035
1.5839524269104004,-9.88723087310791
1.5622121095657349,-10.160835266113281
1.5321924686431885,-9.334511756896973
1.8941162824630737,-10.372268676757812
1.5110726356506348,-9.489615440368652
1.7352184057235718,-9.409185409545898
1.5587873458862305,-9.473478317260742
1.0379997491836548,-8.798171997070312
1.3998520374298096,-9.139731407165527
1.6524670124053955,-9.665397644042969
2.1011834144592285,-11.189884185791016
1.263484001159668,-9.370875358581543
1.4908125400543213,-10.214250564575195
1.6880741119384766,-9.693904876708984
1.578697919845581,-8.587984085083008
1.7780232429504395,-9.762542724609375
1.2847750186920166,-9.4004545211792
1.4486745595932007,-9.657166481018066
1.1654744148254395,-9.344627380371094
1.1682860851287842,-9.070188522338867
1.526472806930542,-9.659509658813477
1.6400086879730225,-10.588663101196289
1.2967863082885742,-8.519577980041504
1.2486895322799683,-9.00541877746582
1.6158527135849,-9.72123908996582
1.955032229423523,-9.758681297302246
1.1513539552688599,-9.478029251098633
1.7132582664489746,-9.57545280456543
1.7148711681365967,-9.978835105895996
1.9202489852905273,-10.627826690673828
1.2263665199279785,-9.32110595703125
1.2964861392974854,-9.382802963256836
2.073779344558716,-11.069822311401367
1.567749261856079,-9.612587928771973
1.1610236167907715,-9.71422290802002
0.9824267625808716,-9.340116500854492
1.5065151453018188,-9.844701766967773
1.6813099384307861,-11.299871444702148
1.482661247253418,-10.171110153198242
1.1131649017333984,-9.959074974060059
1.5696616172790527,-10.009211540222168
1.3037219047546387,-9.796883583068848
1.2549272775650024,-10.060091018676758
1.6851017475128174,-10.515300750732422
0.9400373101234436,-9.760808944702148
1.4981296062469482,-9.478407859802246
1.5143823623657227,-10.210640907287598
1.3384051322937012,-9.833945274353027
1.2047569751739502,-9.436416625976562
1.1333646774291992,-9.600212097167969
2.026944875717163,-11.13331127166748
1.1934616565704346,-10.041197776794434
1.5453829765319824,-10.578958511352539
1.641278624534607,-10.392800331115723
1.5367851257324219,-10.242061614990234
1.2926816940307617,-9.861879348754883
1.2377349138259888,-10.137908935546875
1.1990878582000732,-10.523802757263184
1.0307340621948242,-8.961189270019531
1.6728854179382324,-9.396580696105957
0.9732813239097595,-9.16780948638916
1.1624953746795654,-9.143281936645508
1.3384320735931396,-9.101117134094238
1.3388698101043701,-9.753913879394531
1.5278700590133667,-10.280511856079102
0.892395555973053,-8.805826187133789
1.315940260887146,-9.864789009094238
1.519903540611267,-8.84241771697998
1.1799979209899902,-9.279523849487305
1.119498610496521,-10.5774564743042
1.0295789241790771,-9.5626220703125
3.6940231323242188,-9.867082595825195
3.958972930908203,-10.445451736450195
3.5023036003112793,-10.739181518554688
3.443268060684204,-10.861734390258789
3.655855655670166,-10.996232032775879
3.219813108444214,-11.047439575195312
3.2208495140075684,-11.159114837646484
3.164314031600952,-11.479065895080566
2.6241116523742676,-11.232766151428223
2.45756196975708,-10.962319374084473
2.914726972579956,-11.846570014953613
2.6686019897460938,-12.020708084106445
2.927858829498291,-13.941487312316895
2.778754234313965,-12.440467834472656
2.1698055267333984,-13.387529373168945
2.6021969318389893,-12.817408561706543
2.5459299087524414,-13.823563575744629
2.4353325366973877,-12.738348007202148
2.916422128677368,-14.381607055664062
2.618300437927246,-13.719257354736328
2.615306854248047,-13.507262229919434
2.4578821659088135,-13.3928804397583
3.2948825359344482,-15.061553955078125
2.1666221618652344,-12.704379081726074
2.301039934158325,-12.783329010009766
2.319355010986328,-14.531661987304688
1.7230455875396729,-12.983758926391602
2.752531051635742,-13.591743469238281
2.298600196838379,-13.227627754211426
2.389071226119995,-12.723840713500977
2.1319525241851807,-12.893633842468262
2.215190887451172,-12.040486335754395
2.376028537750244,-12.610865592956543
2.5914621353149414,-13.427800178527832
2.1759424209594727,-12.103386878967285
2.0637972354888916,-12.206710815429688
2.3395798206329346,-14.188043594360352
2.4757120609283447,-12.712885856628418
2.443767786026001,-13.404363632202148
2.6909172534942627,-14.615962982177734
1.8710744380950928,-12.439568519592285
2.4442529678344727,-13.78038501739502
1.8529882431030273,-12.777050018310547
1.573520302772522,-11.75620174407959
1.7920509576797485,-12.473703384399414
1.9929983615875244,-11.597315788269043
1.6349101066589355,-11.058953285217285
1.8443621397018433,-12.194015502929688
2.1992313861846924,-13.430099487304688
1.8351060152053833,-12.869441986083984
2.1123716831207275,-13.789179801940918
2.2434513568878174,-13.342222213745117
2.035301446914673,-12.365057945251465
1.849804401397705,-13.805806159973145
2.280735969543457,-13.959870338439941
1.7873793840408325,-12.740729331970215
1.7551809549331665,-13.0665283203125
1.3609938621520996,-11.704330444335938
1.921196699142456,-12.902718544006348
1.615527868270874,-12.696965217590332
1.3617594242095947,-12.697206497192383
1.7021664381027222,-12.185718536376953
1.7639336585998535,-13.445939064025879
1.623201847076416,-12.727664947509766
1.581760048866272,-13.975083351135254
2.256892681121826,-12.587713241577148
1.9580435752868652,-13.250445365905762
2.084946632385254,-12.765642166137695
1.3489478826522827,-13.854021072387695
1.7431050539016724,-12.094634056091309
1.5707463026046753,-11.691496849060059
2.292875051498413,-14.412322998046875
1.3193552494049072,-13.35751724243164
1.8975820541381836,-12.708438873291016
2.4049787521362305,-14.042915344238281
1.4649784564971924,-13.367151260375977
1.5981554985046387,-13.18962574005127
1.8793359994888306,-14.326739311218262
2.008091688156128,-14.158195495605469
2.0157077312469482,-12.048164367675781
1.6471052169799805,-12.221223831176758
2.4071946144104004,-13.603463172912598
1.5734065771102905,-13.35064697265625
1.6613625288009644,-14.451286315917969
1.938645362854004,-13.146675109863281
1.8867759704589844,-14.495821952819824
1.8298355340957642,-12.924707412719727
1.9386557340621948,-13.354207992553711
1.698175311088562,-13.627481460571289
1.522998332977295,-12.46609878540039
1.5883357524871826,-12.712146759033203
1.640743374824524,-14.171171188354492
1.163731575012207,-10.294404983520508
1.9090299606323242,-14.700313568115234
2.1321630477905273,-14.47253704071045
1.4764502048492432,-12.457429885864258
1.8855717182159424,-12.51622200012207
1.3661850690841675,-13.32436752319336
1.7073432207107544,-11.7110013961792
2.1237518787384033,-13.847375869750977
1.8157448768615723,-13.806665420532227
1.6188857555389404,-14.696063041687012
1.4684239625930786,-12.55359172821045
1.3540425300598145,-11.585412979125977
1.4620258808135986,-14.026432037353516
1.8200150728225708,-11.930185317993164
2.051241636276245,-14.069119453430176
1.9823509454727173,-14.465270042419434
1.6531867980957031,-12.28120231628418
1.2225910425186157,-12.988591194152832
1.9802972078323364,-15.139630317687988
1.6390454769134521,-12.989602088928223
1.3256289958953857,-13.141902923583984
1.6144206523895264,-14.335731506347656
1.4521321058273315,-14.071340560913086
1.7756667137145996,-12.18020248413086
1.8021039962768555,-14.30357551574707
1.4578255414962769,-12.408546447753906
1.6943119764328003,-14.452665328979492
1.3220789432525635,-12.846710205078125
1.4725685119628906,-14.566322326660156
1.6124132871627808,-13.577438354492188
1.5983580350875854,-12.476158142089844
1.9636132717132568,-13.384405136108398
1.6022312641143799,-14.032723426818848
1.3637309074401855,-13.674991607666016
1.400782585144043,-13.78259563446045
1.4342758655548096,-12.189397811889648
1.393863320350647,-13.828161239624023
1.737505316734314,-12.26443099975586
1.0342553853988647,-11.161222457885742
1.341835856437683,-13.871466636657715
1.7313952445983887,-13.867557525634766
2.443636894226074,-15.70801067352295
1.7758972644805908,-13.957379341125488
1.341448187828064,-12.315496444702148
1.6135873794555664,-14.032644271850586
1.3769316673278809,-15.101424217224121
1.8259979486465454,-14.643280982971191
1.196533203125,-14.157146453857422
1.4999401569366455,-13.287364959716797
1.5472995042800903,-13.771320343017578
1.7797033786773682,-14.580808639526367
1.3280832767486572,-11.899696350097656
1.6626219749450684,-14.258776664733887
1.8120579719543457,-13.919733047485352
1.4551869630813599,-12.36674690246582
1.734954833984375,-12.830062866210938
1.5307542085647583,-15.903388977050781
1.7451409101486206,-13.57215690612793
1.4603896141052246,-12.898446083068848
1.8900303840637207,-15.58690357208252
1.4614304304122925,-13.06733512878418
1.1583977937698364,-12.456575393676758
1.2598849534988403,-12.281085968017578
1.6166387796401978,-13.877748489379883
1.9984729290008545,-15.619329452514648
1.4161697626113892,-14.240827560424805
1.112749457359314,-13.562285423278809
1.3325275182724,-12.570601463317871
1.3512775897979736,-13.481888771057129
1.5546441078186035,-12.66064453125
1.2244791984558105,-13.405332565307617
1.4018855094909668,-13.732766151428223
1.2429002523422241,-12.094600677490234
1.6044912338256836,-11.740801811218262
1.6579698324203491,-14.092326164245605
1.1176118850708008,-13.651121139526367
1.4743270874023438,-12.347549438476562
2.012301445007324,-15.204572677612305
1.1270182132720947,-12.844501495361328
1.1866979598999023,-12.93543815612793
1.401001214981079,-12.821601867675781
1.557108759880066,-15.096000671386719
1.615282416343689,-13.071807861328125
1.3384989500045776,-13.440933227539062
2.094317674636841,-13.843981742858887
1.0917038917541504,-12.262643814086914
1.1688387393951416,-14.642647743225098
1.8124995231628418,-15.325591087341309
2.1417229175567627,-14.352985382080078
1.9271224737167358,-13.891654968261719
1.0873699188232422,-12.447332382202148
1.73093843460083,-12.353757858276367
1.6631336212158203,-14.248141288757324
1.9301865100860596,-12.821605682373047
1.9901293516159058,-14.68359088897705
1.8261406421661377,-14.660816192626953
1.2365134954452515,-13.319926261901855
1.2963230609893799,-12.911078453063965
1.3711603879928589,-11.407693862915039
1.4402952194213867,-14.474526405334473
1.3037676811218262,-12.627799034118652
1.9893667697906494,-14.633584976196289
1.8678607940673828,-14.93069839477539
1.4385278224945068,-13.745918273925781
1.9479777812957764,-13.894651412963867
1.4919235706329346,-14.39765739440918
1.5894678831100464,-12.933363914489746
1.467249870300293,-13.390576362609863
0.7713733911514282,-13.078189849853516
1.4694867134094238,-13.451272964477539
1.358062982559204,-13.611117362976074
1.9643076658248901,-13.755069732666016
1.3846122026443481,-14.841751098632812
1.8370873928070068,-15.643980026245117
2.042778968811035,-15.584765434265137
0.9207705855369568,-13.989049911499023
1.349905252456665,-14.959012031555176
1.200055718421936,-13.406218528747559
1.2218455076217651,-14.182445526123047
1.1003422737121582,-14.347415924072266
1.6002205610275269,-14.560611724853516
1.1290910243988037,-12.010625839233398
1.0022469758987427,-12.210573196411133
1.3106801509857178,-13.11579418182373
1.477506160736084,-14.979613304138184
1.637794017791748,-14.485006332397461
1.3234609365463257,-15.017682075500488
1.4278384447097778,-13.039331436157227
1.0818147659301758,-14.729120254516602
1.4508508443832397,-13.89731216430664
1.3163065910339355,-14.278017044067383
1.1568999290466309,-12.928948402404785
1.2850091457366943,-13.600446701049805
0.8342484831809998,-11.982406616210938
1.3306618928909302,-13.155019760131836
1.3591878414154053,-12.407367706298828
1.597615122795105,-13.54442024230957
1.5353519916534424,-13.051509857177734
0.8620281219482422,-12.57214641571045
1.3551061153411865,-12.962550163269043
1.6061898469924927,-14.393331527709961
1.2366732358932495,-13.433448791503906
1.6048264503479004,-14.839550018310547
1.6194775104522705,-14.181822776794434
1.736764669418335,-13.391315460205078
1.2477145195007324,-13.203454971313477
1.3145970106124878,-12.743088722229004
0.9522944688796997,-13.281089782714844
1.3501312732696533,-14.101336479187012
1.708013653755188,-15.2490234375
1.4843060970306396,-13.787676811218262
0.9612101316452026,-13.040655136108398
0.858119547367096,-12.01961612701416
1.2611455917358398,-13.327850341796875
0.9682300090789795,-13.50532054901123
1.157562255859375,-12.569025993347168
1.243739128112793,-12.207467079162598
1.2341572046279907,-13.379472732543945
4.1858344078063965,-14.959821701049805
4.232017993927002,-15.51382064819336
3.7090044021606445,-14.028128623962402
4.023693084716797,-14.232617378234863
3.80499267578125,-15.761707305908203
3.2557663917541504,-15.333507537841797
3.498168706893921,-14.788512229919434
3.220247745513916,-16.522062301635742
2.7828280925750732,-16.640539169311523
2.488471031188965,-15.948537826538086
3.246181011199951,-15.242385864257812
3.4183833599090576,-18.294498443603516
2.833874225616455,-16.87547492980957
2.6677298545837402,-17.959409713745117
3.353273630142212,-18.582340240478516
2.051417589187622,-17.712364196777344
2.6527864933013916,-17.081344604492188
2.8223354816436768,-19.17588996887207
3.233708381652832,-18.455387115478516
2.827888250350952,-18.718955993652344
2.7213761806488037,-17.9628963470459
2.07716965675354,-15.711722373962402
2.6657299995422363,-20.77081871032715
3.4498324394226074,-20.322736740112305
2.681772232055664,-17.416168212890625
2.260082244873047,-16.20537567138672
3.0534098148345947,-19.20885467529297
2.7477755546569824,-17.808422088623047
2.8302841186523438,-17.814687728881836
3.161815643310547,-18.425827026367188
2.3873586654663086,-17.09626007080078
2.713982343673706,-16.821250915527344
2.5834474563598633,-16.998165130615234
2.9671566486358643,-18.134647369384766
2.5999984741210938,-16.57714080810547
2.968313694000244,-18.41176986694336
2.748500347137451,-18.499340057373047
2.3998847007751465,-14.969030380249023
2.0735833644866943,-14.486358642578125
2.869910478591919,-15.677277565002441
2.5937118530273438,-19.652393341064453
2.6878230571746826,-16.110557556152344
2.512246608734131,-18.625320434570312
1.962225317955017,-13.467370986938477
2.0792407989501953,-16.596696853637695
2.182431221008301,-18.625865936279297
2.407557964324951,-17.12015724182129
2.7552218437194824,-17.85561180114746
2.0656585693359375,-16.58360481262207
2.277291774749756,-17.145751953125
1.6690232753753662,-17.626338958740234
2.0301496982574463,-16.24835968017578
2.39024019241333,-17.202266693115234
1.7533042430877686,-16.78738784790039
2.286001682281494,-19.007362365722656
2.6069283485412598,-17.73947525024414
2.8638529777526855,-19.878400802612305
2.4994492530822754,-19.153650283813477
1.4927879571914673,-15.615723609924316
2.594311237335205,-18.519012451171875
3.4754104614257812,-18.30217170715332
2.0973949432373047,-18.83160400390625
2.4829823970794678,-17.418521881103516
2.0328922271728516,-17.004926681518555
2.3612146377563477,-16.190006256103516
2.2384064197540283,-17.958959579467773
2.0956480503082275,-15.546914100646973
2.8907809257507324,-17.437061309814453
2.1734812259674072,-17.946029663085938
2.1635611057281494,-15.36345100402832
2.634289264678955,-16.564889907836914
2.674544334411621,-19.255767822265625
2.925016403198242,-19.31009864807129
1.9289464950561523,-16.283649444580078
2.6793293952941895,-19.07997703552246
1.86994469165802,-16.89842987060547
2.0807759761810303,-17.73418617248535
2.645691394805908,-18.804851531982422
3.4211606979370117,-21.42278480529785
1.5522067546844482,-18.61102867126465
2.8006303310394287,-19.86582374572754
2.689457893371582,-17.167604446411133
2.0593838691711426,-16.757951736450195
2.436354398727417,-19.564666748046875
2.197169303894043,-15.937841415405273
2.6872074604034424,-17.853225708007812
2.1712734699249268,-17.759105682373047
2.298412322998047,-18.17220687866211
2.3170204162597656,-17.46109962463379
2.1023457050323486,-17.365388870239258
2.8620364665985107,-18.136621475219727
2.630323886871338,-18.984737396240234
1.4684215784072876,-16.82174301147461
2.461458444595337,-18.5814151763916
2.415771007537842,-16.68390655517578
1.8304980993270874,-15.772631645202637
2.201035261154175,-18.427034378051758
2.2866921424865723,-17.469772338867188
2.772764205932617,-17.822629928588867
2.369199275970459,-18.83536148071289
2.6446104049682617,-17.31109046936035
1.8684948682785034,-15.244268417358398
1.7907607555389404,-17.749563217163086
1.70616614818573,-18.021392822265625
1.675193428993225,-13.93132495880127
2.073190450668335,-16.45104217529297
2.7199440002441406,-16.813276290893555
1.809967041015625,-17.975055694580078
2.2806355953216553,-17.283432006835938
3.050872564315796,-17.924026489257812
2.485015630722046,-17.080245971679688
2.5974700450897217,-20.701807022094727
2.3440654277801514,-16.359453201293945
2.370814800262451,-18.828903198242188
2.397217035293579,-18.175922393798828
2.8635191917419434,-19.206823348999023
2.492384433746338,-19.26042366027832
1.8658145666122437,-17.425771713256836
1.9311535358428955,-18.111343383789062
2.2546286582946777,-15.816662788391113
2.0409462451934814,-17.875701904296875
2.737959861755371,-18.216726303100586
2.0504682064056396,-17.026432037353516
2.7524354457855225,-15.698320388793945
1.6136527061462402,-19.20876121520996
2.5276215076446533,-18.69383430480957
2.4468483924865723,-19.44146728515625
2.012507200241089,-18.974191665649414
2.1625471115112305,-17.22296714782715
1.78200101852417,-16.052703857421875
2.712021827697754,-18.29468536376953
2.344358205795288,-18.173036575317383
1.8571521043777466,-17.448909759521484
2.737271785736084,-17.675251007080078
1.6560465097427368,-16.837196350097656
2.521242380142212,-16.485240936279297
2.363197088241577,-17.210472106933594
2.2846717834472656,-16.263648986816406
1.8010737895965576,-16.37036895751953
1.4121712446212769,-15.85304069519043
2.378373861312866,-17.221403121948242
1.6003296375274658,-17.662900924682617
2.4433670043945312,-19.11228370666504
1.9057575464248657,-16.311758041381836
1.4433284997940063,-18.114049911499023
1.9218220710754395,-16.806110382080078
2.129307270050049,-16.650583267211914
2.365006923675537,-17.87917709350586
2.2884364128112793,-16.79956817626953
1.991898536682129,-18.978771209716797
1.7878994941711426,-15.23897933959961
3.1052823066711426,-19.029115676879883
2.22015643119812,-18.4386043548584
2.8137640953063965,-16.70700454711914
1.9571243524551392,-15.151815414428711
2.0407488346099854,-15.676641464233398
1.4514291286468506,-17.22968292236328
1.9672572612762451,-15.779047012329102
1.681678056716919,-17.545490264892578
1.8591630458831787,-16.4793758392334
2.2176880836486816,-16.693588256835938
2.452023506164551,-17.34957504272461
2.3847508430480957,-16.15630340576172
1.4862955808639526,-16.07891082763672
2.601716995239258,-18.839733123779297
2.6815223693847656,-18.829084396362305
1.91697359085083,-16.323230743408203
2.1332929134368896,-19.30765724182129
2.49497389793396,-16.75426483154297
2.8618879318237305,-21.45358657836914
2.4728338718414307,-16.920705795288086
1.6950017213821411,-15.688989639282227
2.9514641761779785,-17.74968147277832
1.3523428440093994,-16.296749114990234
2.7110390663146973,-15.476485252380371
2.0931525230407715,-16.652509689331055
2.076211929321289,-14.711480140686035
2.415813446044922,-17.69985008239746
2.9839260578155518,-20.481401443481445
1.7236970663070679,-18.36673927307129
1.9266481399536133,-18.09183692932129
1.7652199268341064,-15.615778923034668
1.9016482830047607,-18.51349449157715
2.424410104751587,-17.12800407409668
2.142855167388916,-18.093002319335938
2.6088268756866455,-18.991294860839844
2.076826333999634,-17.201904296875
2.484039783477783,-15.764392852783203
2.034381866455078,-19.040185928344727
2.133253574371338,-18.033287048339844
3.2052969932556152,-17.513126373291016
1.8212352991104126,-15.741443634033203
2.1684229373931885,-18.331695556640625
2.305396795272827,-19.786840438842773
1.8330718278884888,-16.220582962036133
1.6617799997329712,-18.055217742919922
2.1119778156280518,-17.378021240234375
2.8729751110076904,-18.09075164794922
2.355301856994629,-19.282129287719727
1.857689619064331,-16.07691192626953
2.281135320663452,-15.630399703979492
2.548652172088623,-17.46085548400879
2.8052260875701904,-18.398704528808594
1.623604416847229,-16.33653450012207
1.860468864440918,-16.429410934448242
2.497790575027466,-17.700504302978516
2.2415637969970703,-14.59467601776123
1.737695574760437,-15.433248519897461
1.6572192907333374,-18.05101776123047
1.404150366783142,-15.845026016235352
1.670924186706543,-15.956802368164062
1.7405967712402344,-15.641608238220215
2.639254331588745,-17.579994201660156
1.5754725933074951,-17.677473068237305
1.6387341022491455,-16.627178192138672
1.5471028089523315,-15.421433448791504
1.875755786895752,-17.008987426757812
2.557758331298828,-17.016754150390625
1.8177330493927002,-15.777315139770508
2.182429552078247,-16.02436637878418
1.9577208757400513,-18.619295120239258
2.4228835105895996,-18.240243911743164
2.1597495079040527,-18.520158767700195
1.5397168397903442,-15.748702049255371
1.7237818241119385,-15.518588066101074
1.8339099884033203,-18.598491668701172
1.986325979232788,-16.708166122436523
1.885608434677124,-15.907678604125977
1.3846678733825684,-14.539604187011719
1.7451622486114502,-16.92874526977539
1.8794862031936646,-16.29816246032715
1.6715660095214844,-15.76269245147705
2.3009231090545654,-19.070974349975586
1.8619422912597656,-17.194780349731445
2.5228168964385986,-17.763700485229492
2.013639450073242,-16.971229553222656
2.1846671104431152,-17.739295959472656
2.0483784675598145,-20.113187789916992
2.0053157806396484,-17.040355682373047
2.887509822845459,-17.637014389038086
2.28426194190979,-16.999771118164062
1.4680620431900024,-18.729537963867188
2.5436301231384277,-17.899715423583984
1.8645976781845093,-16.539358139038086
2.323632001876831,-19.03785514831543
3.1426949501037598,-18.620498657226562
2.4600937366485596,-17.45841407775879
1.9123948812484741,-15.043985366821289
1.733734130859375,-16.335058212280273
2.338749408721924,-16.372268676757812
3.6769392490386963,-15.306161880493164
4.669790267944336,-17.83446502685547
4.963910102844238,-17.862823486328125
4.351016998291016,-17.32927703857422
4.800103187561035,-16.66870880126953
5.534758567810059,-19.086027145385742
4.225232124328613,-18.430978775024414
4.087063789367676,-20.49584197998047
2.8922810554504395,-19.229740142822266
3.971143960952759,-20.195222854614258
3.286076068878174,-20.625661849975586
3.715593099594116,-21.943580627441406
2.344637632369995,-18.67792510986328
3.915208339691162,-23.963285446166992
3.5247178077697754,-22.042587280273438
3.7265987396240234,-21.294017791748047
4.316228866577148,-22.42620086669922
5.437632083892822,-23.836627960205078
3.57275390625,-23.54931640625
4.089844703674316,-24.008024215698242
3.3357787132263184,-21.924657821655273
3.419552803039551,-22.965309143066406
3.368924856185913,-21.47016143798828
3.95637845993042,-21.28186798095703
2.6818785667419434,-16.735383987426758
3.368805408477783,-21.605287551879883
3.1480050086975098,-22.651968002319336
3.131026268005371,-23.844505310058594
4.412144660949707,-23.02498435974121
4.076827526092529,-21.46718978881836
2.6303086280822754,-18.306747436523438
3.124577283859253,-18.860198974609375
2.971646785736084,-20.212398529052734
2.2121899127960205,-21.57343101501465
3.1380996704101562,-20.62101936340332
2.6294147968292236,-19.1802978515625
3.685058116912842,-21.62651252746582
2.935967445373535,-20.12396240234375
2.9722747802734375,-21.023042678833008
3.2015390396118164,-21.1829833984375
3.6558847427368164,-19.89606475830078
3.5176517963409424,-20.47151756286621
2.833879232406616,-21.062463760375977
2.853945016860962,-21.00149917602539
3.940622329711914,-21.933120727539062
4.176938056945801,-22.749073028564453
2.999851942062378,-21.93348503112793
2.9842100143432617,-21.243019104003906
2.7837448120117188,-23.301368713378906
2.2620961666107178,-20.023746490478516
3.7281413078308105,-23.949668884277344
3.0594000816345215,-18.896595001220703
5.3391265869140625,-23.53720474243164
2.545964479446411,-22.946147918701172
2.6860640048980713,-21.549541473388672
2.6107425689697266,-23.885906219482422
3.5647549629211426,-20.473783493041992
3.7656562328338623,-21.224367141723633
2.635523796081543,-25.05502700805664
3.041853904724121,-21.994476318359375
4.06571626663208,-21.865467071533203
2.9152309894561768,-22.583765029907227
3.371830701828003,-24.10977554321289
4.350191116333008,-22.594175338745117
3.1361258029937744,-21.083894729614258
2.81424617767334,-18.964740753173828
2.2781848907470703,-21.73227882385254
2.8684120178222656,-20.841917037963867
3.0556511878967285,-23.227052688598633
2.7258591651916504,-20.186941146850586
2.963453769683838,-23.16655731201172
3.458296775817871,-22.888957977294922
4.148433685302734,-21.33029556274414
2.9253501892089844,-22.677282333374023
3.8259811401367188,-21.91115379333496
3.0441033840179443,-20.56918716430664
2.237898349761963,-19.81925392150879
2.673250436782837,-19.885578155517578
3.3699393272399902,-21.21092987060547
2.7541723251342773,-20.393644332885742
2.853153944015503,-19.12269401550293
2.637248992919922,-21.86564064025879
3.2331702709198,-23.13784408569336
3.297009229660034,-21.243253707885742
2.7273037433624268,-21.780813217163086
2.5536580085754395,-19.545299530029297
2.5590732097625732,-20.969778060913086
3.3102405071258545,-21.955869674682617
2.774711847305298,-22.857135772705078
3.0106582641601562,-23.24274444580078
2.7104649543762207,-20.992053985595703
2.784884452819824,-21.546279907226562
2.885378122329712,-23.219118118286133
3.200120449066162,-21.30716323852539
3.223468780517578,-21.557878494262695
3.2837631702423096,-20.448564529418945
2.74269700050354,-20.467941284179688
3.469850778579712,-19.75289535522461
3.753100633621216,-23.264713287353516
3.814251184463501,-20.514636993408203
2.87036395072937,-21.08762550354004
2.6837143898010254,-17.601774215698242
3.7836456298828125,-25.123872756958008
3.2118983268737793,-22.05514144897461
2.8028244972229004,-21.880205154418945
2.1117799282073975,-18.37955093383789
2.3087029457092285,-18.39630126953125
2.643218755722046,-19.553258895874023
2.904139280319214,-20.513999938964844
3.8091297149658203,-21.68824577331543
3.3592629432678223,-19.42612075805664
2.1050238609313965,-18.6417236328125
3.476198673248291,-21.312820434570312
2.67914080619812,-20.999183654785156
3.170289993286133,-22.097871780395508
2.641521692276001,-20.91342544555664
2.486055374145508,-21.775009155273438
3.446536064147949,-21.580503463745117
3.059971332550049,-21.47201156616211
2.9681026935577393,-23.24371910095215
3.535897731781006,-23.25576400756836
2.360028028488159,-21.91777992248535
2.3819193840026855,-21.23365020751953
2.707474946975708,-18.714292526245117
2.425206184387207,-22.21365737915039
2.5084495544433594,-20.126253128051758
3.066789150238037,-24.043262481689453
2.8209288120269775,-21.40228843688965
4.575347900390625,-22.062225341796875
2.33351993560791,-20.180553436279297
2.6652159690856934,-19.932220458984375
2.9069137573242188,-20.609119415283203
2.9534409046173096,-21.241863250732422
3.0607779026031494,-23.285274505615234
3.339125871658325,-23.06501007080078
2.4065980911254883,-22.801912307739258
2.236300468444824,-20.66083335876465
3.113337993621826,-20.774682998657227
4.0954999923706055,-22.610992431640625
3.3400659561157227,-19.764198303222656
3.1206395626068115,-23.470687866210938
2.362112522125244,-19.885107040405273
3.884096622467041,-20.596477508544922
3.9220380783081055,-23.288225173950195
2.442206382751465,-22.811086654663086
2.5753891468048096,-21.375043869018555
2.054147243499756,-17.8796329498291
3.6225762367248535,-18.952728271484375
2.1949286460876465,-19.683483123779297
3.1709485054016113,-21.270261764526367
2.5398316383361816,-18.85661506652832
2.504912853240967,-20.73060417175293
3.5060160160064697,-23.234603881835938
3.5512025356292725,-21.412734985351562
3.4072301387786865,-21.740886688232422
3.4153311252593994,-23.30937385559082
3.322258234024048,-25.048290252685547
3.1512694358825684,-22.071138381958008
2.5839595794677734,-20.095779418945312
3.1620490550994873,-21.18133544921875
2.0452489852905273,-19.805757522583008
1.9469187259674072,-20.768238067626953
2.5026297569274902,-19.787864685058594
3.040311813354492,-20.99090003967285
3.7319254875183105,-21.262088775634766
2.653867244720459,-20.096010208129883
2.869957685470581,-21.174659729003906
3.132384777069092,-20.874061584472656
2.092994451522827,-20.66886329650879
2.7521140575408936,-22.265352249145508
3.517536163330078,-23.85564422607422
2.6995983123779297,-19.421518325805664
2.9015631675720215,-21.478057861328125
3.179609775543213,-19.820066452026367
3.2946014404296875,-21.591299057006836
3.211240291595459,-22.569499969482422
2.881659746170044,-23.620126724243164
3.2579824924468994,-21.09617805480957
3.145909070968628,-18.96571922302246
2.6918697357177734,-23.55125617980957
3.4974608421325684,-21.428447723388672
3.301337718963623,-23.61446762084961
3.2832651138305664,-24.40382957458496
3.6043357849121094,-21.944149017333984
3.3002865314483643,-19.706052780151367
3.404205799102783,-21.02750015258789
2.6845457553863525,-22.936445236206055
3.934772491455078,-22.3877010345459
2.57021164894104,-21.392253875732422
1.9925248622894287,-22.288925170898438
4.330464839935303,-24.865650177001953
2.3736653327941895,-21.962560653686523
2.7519350051879883,-21.160791397094727
2.2979321479797363,-22.50142478942871
2.0719335079193115,-20.860849380493164
4.386605262756348,-23.078874588012695
3.228123426437378,-19.866416931152344
2.6193995475769043,-19.70771026611328
2.1209661960601807,-19.92827033996582
2.388688087463379,-20.87580680847168
2.5866708755493164,-19.590553283691406
1.6898679733276367,-19.239952087402344
2.3033993244171143,-18.25387191772461
3.101667642593384,-20.120407104492188
3.029069423675537,-21.847980499267578
2.4193115234375,-20.585742950439453
2.6938748359680176,-20.604625701904297
2.211179256439209,-22.090496063232422
2.2332489490509033,-17.602100372314453
2.944392204284668,-22.919553756713867
2.685377597808838,-19.754589080810547
3.4190876483917236,-23.49669647216797
2.4816994667053223,-18.744890213012695
3.252483606338501,-21.03641700744629
3.5310957431793213,-19.113183975219727
2.450270652770996,-18.697763442993164
2.9375905990600586,-22.230844497680664
2.9445528984069824,-18.858354568481445
2.8477671146392822,-22.928377151489258
2.5373597145080566,-20.053388595581055
3.0038504600524902,-20.18195915222168
2.9925432205200195,-20.046981811523438
2.7926790714263916,-19.37996482849121
3.596665620803833,-22.3214111328125
2.439406156539917,-18.504793167114258
2.1057472229003906,-20.40766143798828
2.0779221057891846,-20.874486923217773
2.8088858127593994,-20.54304313659668
2.6979122161865234,-21.65280532836914
3.7146074771881104,-20.586898803710938
2.2292611598968506,-21.1810359954834
2.0933520793914795,-24.479154586791992
3.596858501434326,-22.347610473632812
2.2829511165618896,-22.389930725097656
2.2317702770233154,-22.364013671875
2.021845817565918,-21.065006256103516
2.252659320831299,-19.93345832824707
2.7395694255828857,-23.231313705444336
2.337286949157715,-20.62321662902832
3.1558163166046143,-23.89157485961914
2.943983793258667,-24.243499755859375
2.3773446083068848,-17.915098190307617
2.7045576572418213,-21.064849853515625
1.722285509109497,-20.4941463470459
2.1366329193115234,-23.120512008666992
2.555894374847412,-21.57346534729004
3.440035343170166,-21.40785026550293
2.433497428894043,-19.95996856689453
2.943542003631592,-21.47218132019043
3.6924591064453125,-22.10899543762207
5.264840126037598,-19.877201080322266
5.5196051597595215,-21.6453857421875
5.554068088531494,-21.51319694519043
5.407671928405762,-20.56024169921875
4.327693462371826,-20.87544822692871
4.736030101776123,-22.206771850585938
5.706941604614258,-24.495887756347656
6.026056289672852,-24.691730499267578
3.1805343627929688,-21.148971557617188
4.738938331604004,-23.98027801513672
4.523035049438477,-23.976417541503906
3.9543304443359375,-22.72093963623047
3.2812790870666504,-26.299745559692383
3.256913423538208,-22.9356689453125
4.180920600891113,-27.71776580810547
4.0226874351501465,-26.351369857788086
4.065157413482666,-26.05394744873047
5.188591480255127,-26.132091522216797
4.447168827056885,-26.833999633789062
3.582932472229004,-28.358577728271484
3.9641385078430176,-25.763900756835938
4.258232116699219,-24.789661407470703
4.163632869720459,-27.704265594482422
4.04608678817749,-27.24098777770996
5.425807952880859,-25.586017608642578
3.966063976287842,-23.363353729248047
5.025068283081055,-26.665815353393555
4.003298282623291,-28.765047073364258
4.442592144012451,-27.770599365234375
3.946265935897827,-26.930248260498047
4.3963823318481445,-25.720012664794922
3.8939685821533203,-24.488142013549805
4.187198638916016,-24.81536865234375
4.665900707244873,-28.016033172607422
4.3874688148498535,-26.913354873657227
3.4353246688842773,-23.717693328857422
3.401599645614624,-24.08932113647461
3.3595163822174072,-23.785873413085938
4.641950607299805,-24.064062118530273
3.7132797241210938,-23.80754852294922
4.230241775512695,-25.706676483154297
3.85587739944458,-23.151592254638672
3.5159788131713867,-21.981952667236328
3.408447742462158,-25.882722854614258
3.862025499343872,-26.59864044189453
4.425558090209961,-22.560794830322266
5.079331874847412,-26.245174407958984
3.382572650909424,-22.408727645874023
3.2145705223083496,-23.859745025634766
5.2689690589904785,-25.369773864746094
2.967013359069824,-26.04751205444336
3.300081253051758,-26.229951858520508
3.2377586364746094,-28.229515075683594
3.022674322128296,-23.002025604248047
3.731663465499878,-23.33445930480957
4.637814521789551,-23.668983459472656
5.084170341491699,-24.052759170532227
3.516808271408081,-27.425750732421875
3.8472416400909424,-21.96709442138672
3.9548726081848145,-22.23224639892578
4.15703821182251,-24.87694549560547
4.678079128265381,-24.909130096435547
4.166717529296875,-24.279333114624023
3.616455554962158,-24.09381103515625
4.9123992919921875,-24.258460998535156
3.299711227416992,-24.687955856323242
3.6973659992218018,-26.372695922851562
3.4881138801574707,-22.704259872436523
3.11100435256958,-24.144819259643555
3.2562341690063477,-26.692428588867188
3.565720558166504,-24.90851593017578
3.553433418273926,-21.954896926879883
3.3180627822875977,-22.506664276123047
3.728517770767212,-26.908649444580078
3.626302480697632,-26.533836364746094
5.366230487823486,-24.267446517944336
3.0843663215637207,-26.31192970275879
4.2576117515563965,-21.415889739990234
3.1751463413238525,-22.533344268798828
3.979801654815674,-25.431516647338867
4.196681976318359,-26.462141036987305
4.00451135635376,-25.675662994384766
3.654061794281006,-25.085594177246094
3.7545878887176514,-24.092975616455078
3.8692498207092285,-23.660768508911133
3.475931167602539,-25.58978271484375
3.5420048236846924,-24.97740936279297
4.364676475524902,-26.075088500976562
3.874260425567627,-23.18622589111328
4.169940948486328,-24.809478759765625
3.5829262733459473,-27.014080047607422
3.1122782230377197,-25.929784774780273
3.6557459831237793,-23.109119415283203
3.8031463623046875,-23.833982467651367
3.8530285358428955,-25.81209373474121
3.3405935764312744,-25.015037536621094
3.2844772338867188,-27.417943954467773
3.834007740020752,-26.57670783996582
4.960779190063477,-27.051462173461914
3.4255833625793457,-20.97759437561035
3.570751905441284,-26.119808197021484
3.7051889896392822,-24.963228225708008
3.4561190605163574,-24.593042373657227
4.83298921585083,-27.51667022705078
3.3993136882781982,-24.792884826660156
4.923392295837402,-26.575613021850586
4.11842679977417,-23.458633422851562
2.7597413063049316,-21.716421127319336
3.315706968307495,-25.910289764404297
3.3689520359039307,-25.748302459716797
3.2327637672424316,-26.027183532714844
3.3499855995178223,-24.055625915527344
3.2086868286132812,-24.086139678955078
3.4449377059936523,-21.34798240661621
4.017985820770264,-26.766138076782227
4.043137073516846,-25.61750030517578
4.754905700683594,-26.331336975097656
4.352901458740234,-26.360891342163086
3.2053117752075195,-24.467384338378906
4.723029613494873,-25.749847412109375
2.881934881210327,-23.387529373168945
4.358868598937988,-25.330875396728516
2.9468653202056885,-23.76003646850586
2.9479446411132812,-25.631473541259766
3.295625925064087,-27.157114028930664
3.3775339126586914,-27.43901252746582
3.783233165740967,-22.093488693237305
2.566525459289551,-21.655855178833008
4.128154754638672,-26.94737434387207
2.9786221981048584,-26.64303207397461
2.5628480911254883,-24.69572639465332
3.099440097808838,-27.004640579223633
3.6578123569488525,-27.497112274169922
3.744249105453491,-24.74759864807129
4.619300842285156,-26.0129451751709
5.216000080108643,-26.62154769897461
4.165863990783691,-26.47117042541504
3.8302226066589355,-24.404762268066406
3.7079081535339355,-25.944772720336914
3.11335825920105,-22.63236427307129
2.943153142929077,-23.895742416381836
3.8602564334869385,-25.693016052246094
3.823906183242798,-25.63241958618164
2.4712204933166504,-27.09479522705078
3.8325018882751465,-25.90395736694336
3.7622554302215576,-23.495418548583984
3.9572935104370117,-25.128801345825195
5.039361953735352,-24.942415237426758
4.789183616638184,-24.350648880004883
4.4496660232543945,-26.356321334838867
3.0508573055267334,-25.57567024230957
3.6568660736083984,-25.515003204345703
3.891789436340332,-24.169597625732422
3.9036552906036377,-25.778057098388672
4.261231899261475,-26.688655853271484
5.299775123596191,-23.893266677856445
2.624717950820923,-22.71695899963379
4.495220184326172,-26.273109436035156
2.54426646232605,-22.36648178100586
2.9774551391601562,-22.964147567749023
3.9073550701141357,-25.732357025146484
3.4362268447875977,-25.18661880493164
2.7506933212280273,-23.438053131103516
3.3134102821350098,-25.54817008972168
3.7122020721435547,-25.236064910888672
3.9653708934783936,-24.791316986083984
4.374183177947998,-25.670787811279297
2.579808473587036,-24.23448371887207
3.1203103065490723,-23.579448699951172
4.258893013000488,-24.781070709228516
3.226062536239624,-23.950584411621094
2.719421863555908,-25.94835090637207
4.051790714263916,-24.920644760131836
4.1896209716796875,-24.653480529785156
3.5375449657440186,-23.368526458740234
2.8471715450286865,-22.685802459716797
3.9981508255004883,-24.95806121826172
2.7267684936523438,-23.417861938476562
3.461030960083008,-24.282859802246094
3.3447725772857666,-27.33917236328125
4.329978942871094,-25.5649471282959
5.303745269775391,-28.19359588623047
4.23621940612793,-25.49248695373535
3.8082451820373535,-26.485219955444336
4.081311225891113,-26.56325340270996
3.970951557159424,-25.279247283935547
5.215676307678223,-24.562908172607422
4.334360122680664,-25.85481071472168
3.7495853900909424,-24.226469039916992
2.5509278774261475,-21.16847038269043
3.6434237957000732,-23.916765213012695
3.4636588096618652,-21.61385726928711
3.104827880859375,-24.03815269470215
3.7610297203063965,-28.606884002685547
2.6313610076904297,-24.062782287597656
3.8783366680145264,-21.0621280670166
3.830997943878174,-22.93353843688965
4.565536975860596,-25.012081146240234
4.409909248352051,-25.931961059570312
3.211000442504883,-24.324766159057617
3.070924997329712,-21.177703857421875
4.197598457336426,-24.821577072143555
4.1319475173950195,-23.843374252319336
3.405808925628662,-25.695892333984375
3.889275312423706,-22.74087905883789
3.635899066925049,-25.445194244384766
4.218508720397949,-26.866600036621094
4.0563130378723145,-23.97884750366211
3.452359676361084,-20.946239471435547
4.015990257263184,-24.52225112915039
2.574455976486206,-22.728431701660156
3.9238181114196777,-27.821773529052734
3.940934181213379,-26.89346694946289
4.109394550323486,-22.863384246826172
3.8804333209991455,-27.460290908813477
3.6044812202453613,-29.35396385192871
3.652971029281616,-29.641929626464844
3.5653421878814697,-21.66107177734375
4.477261543273926,-27.589143753051758
4.881872177124023,-27.31243133544922
3.5123980045318604,-24.253585815429688
3.693293809890747,-25.80626106262207
4.437890529632568,-25.240501403808594
2.8099365234375,-22.17235565185547
4.947932243347168,-25.245380401611328
3.157444477081299,-22.209070205688477
3.4786806106567383,-25.152217864990234
3.4403300285339355,-23.059123992919922
2.793548107147217,-25.052297592163086
3.688875675201416,-25.484346389770508
5.301100730895996,-23.99321746826172
4.3627800941467285,-27.336883544921875
3.4683785438537598,-21.29958724975586
2.4524178504943848,-20.112573623657227
2.8605427742004395,-27.137603759765625
3.9612462520599365,-23.851720809936523
3.2122671604156494,-21.66794776916504
4.034476280212402,-28.076271057128906
3.654616355895996,-25.418128967285156
3.7982540130615234,-25.847793579101562
4.000909328460693,-26.697359085083008
3.103013753890991,-24.82044219970703
3.8421711921691895,-26.47646713256836
3.7097511291503906,-21.381921768188477
5.4430670738220215,-25.69820785522461
4.0732951164245605,-26.618553161621094
3.9054012298583984,-24.77581214904785
4.8651323318481445,-24.193937301635742
2.7289600372314453,-21.869338989257812
5.071753025054932,-22.42789649963379
7.145051002502441,-27.518871307373047
4.667335510253906,-24.384708404541016
6.806963920593262,-27.887592315673828
5.264358997344971,-26.5781307220459
5.291362762451172,-26.524953842163086
5.870187759399414,-25.673200607299805
5.816483497619629,-22.561416625976562
4.538918495178223,-24.143434524536133
5.506145000457764,-26.810819625854492
4.0874786376953125,-28.747848510742188
3.6533043384552,-26.316585540771484
4.835071563720703,-29.847881317138672
4.051066875457764,-24.126707077026367
4.980324745178223,-27.99081802368164
4.015795707702637,-29.65920066833496
6.095942974090576,-30.22174644470215
3.7174878120422363,-29.434913635253906
4.8828887939453125,-28.68329620361328
5.757036209106445,-31.205291748046875
4.583826541900635,-33.08551025390625
5.475648403167725,-33.738643646240234
4.480133533477783,-27.426183700561523
4.581140995025635,-30.159473419189453
4.450015544891357,-29.80398178100586
3.6784276962280273,-26.869033813476562
4.388041019439697,-32.37413024902344
6.09848165512085,-30.97138214111328
5.415937900543213,-25.23432731628418
3.363117218017578,-28.916973114013672
5.330004692077637,-30.193513870239258
4.7696027755737305,-26.271541595458984
4.886630058288574,-28.57012176513672
4.9129958152771,-30.166866302490234
5.01232385635376,-31.278318405151367
3.6154162883758545,-27.853675842285156
4.514393329620361,-27.431968688964844
6.378026962280273,-30.500965118408203
4.383560657501221,-27.069149017333984
3.9195892810821533,-24.828109741210938
4.5532073974609375,-28.85830307006836
4.3062968254089355,-26.89841079711914
4.703640460968018,-29.55990219116211
5.9620890617370605,-29.674318313598633
5.255950927734375,-30.624771118164062
4.774098873138428,-29.136884689331055
4.410208225250244,-27.75201988220215
5.317617416381836,-27.542469024658203
3.4872615337371826,-26.99976921081543
5.081165313720703,-27.737049102783203
3.7740490436553955,-29.351877212524414
4.680534362792969,-27.359756469726562
4.298397064208984,-29.011642456054688
4.02794075012207,-28.582332611083984
4.955265522003174,-31.712623596191406
4.3690948486328125,-28.896102905273438
4.928432941436768,-28.70743751525879
3.783297061920166,-25.498567581176758
4.066738128662109,-31.81138038635254
5.531717300415039,-30.191682815551758
3.995392322540283,-25.47026252746582
4.54461145401001,-28.658920288085938
4.03497314453125,-29.865657806396484
5.605694770812988,-29.568923950195312
4.291635513305664,-28.54227066040039
4.4498395919799805,-30.761737823486328
4.45040225982666,-28.902502059936523
5.686428546905518,-28.881221771240234
3.9848413467407227,-29.150484085083008
5.357879638671875,-27.554027557373047
4.1381940841674805,-27.2607364654541
4.986306667327881,-31.992874145507812
5.395463943481445,-29.000158309936523
3.801708936691284,-27.126537322998047
5.605465888977051,-28.827058792114258
4.9224772453308105,-27.820940017700195
3.791510820388794,-30.44350814819336
4.738348960876465,-28.55324363708496
4.742124557495117,-31.848628997802734
3.947171688079834,-25.918224334716797
5.170405864715576,-32.122440338134766
4.3917670249938965,-29.808300018310547
6.545339584350586,-30.022674560546875
6.593538284301758,-29.291662216186523
3.280323028564453,-25.223464965820312
5.243982315063477,-29.71331787109375
4.8419108390808105,-27.502107620239258
4.797033786773682,-31.80113983154297
3.928926944732666,-28.746620178222656
2.9521596431732178,-28.099302291870117
3.6336307525634766,-25.223690032958984
4.305727958679199,-26.885316848754883
3.9209535121917725,-23.995752334594727
5.1008148193359375,-29.344036102294922
3.4682116508483887,-25.971343994140625
7.244549751281738,-30.195003509521484
4.878048896789551,-30.767786026000977
5.3050360679626465,-28.162811279296875
3.6320953369140625,-23.13323211669922
4.780391693115234,-29.261211395263672
4.089354515075684,-30.13519859313965
4.145061016082764,-26.663570404052734
4.121028900146484,-28.477876663208008
4.658982753753662,-34.836856842041016
4.8560791015625,-27.289278030395508
4.316143035888672,-26.124256134033203
4.658243179321289,-25.805606842041016
5.118279457092285,-28.09795570373535
3.3705060482025146,-30.837129592895508
6.111010551452637,-33.08631896972656
4.654722213745117,-29.97235107421875
3.9704275131225586,-28.743732452392578
3.599531888961792,-27.49749755859375
4.684040546417236,-27.45978355407715
3.2607309818267822,-28.463478088378906
4.252456188201904,-29.80381202697754
5.014115810394287,-29.961814880371094
4.413026332855225,-27.31696128845215
4.517834663391113,-25.44089126586914
3.455326557159424,-31.783349990844727
2.915700674057007,-27.23434829711914
4.905736446380615,-26.51638412475586
4.37271785736084,-28.22092056274414
3.5108728408813477,-25.26032829284668
5.719903469085693,-29.304834365844727
5.125457286834717,-31.616846084594727
3.596606731414795,-30.498594284057617
3.982773780822754,-32.202484130859375
5.371490001678467,-29.433948516845703
3.9983303546905518,-26.639995574951172
4.284893989562988,-29.789859771728516
3.750549077987671,-29.039676666259766
3.720125913619995,-27.264265060424805
4.324916839599609,-30.809268951416016
3.407898187637329,-24.004539489746094
4.2496209144592285,-27.19051170349121
5.742886066436768,-30.814727783203125
4.776543140411377,-26.360307693481445
4.095308303833008,-31.104366302490234
4.485227108001709,-31.399272918701172
3.9266517162323,-29.946521759033203
4.354701042175293,-30.692447662353516
5.8637824058532715,-27.38198471069336
5.727875232696533,-28.497299194335938
4.818565845489502,-30.76015281677246
3.8509387969970703,-28.491397857666016
5.749878883361816,-28.066844940185547
6.095209121704102,-31.31260871887207
4.747093200683594,-31.85647201538086
4.387903690338135,-28.603485107421875
3.39876127243042,-27.88239097595215
4.317596912384033,-29.031904220581055
4.908409118652344,-28.768409729003906
3.9281814098358154,-24.931453704833984
4.070888996124268,-29.227256774902344
4.344192981719971,-27.922439575195312
6.523439884185791,-29.089868545532227
5.762133598327637,-28.48408317565918
4.583983421325684,-26.013164520263672
4.342374324798584,-29.036710739135742
4.299482822418213,-26.032379150390625
4.277853012084961,-28.615188598632812
4.593983173370361,-31.143327713012695
4.198444366455078,-29.727746963500977
3.568222999572754,-26.97096061706543
3.4684717655181885,-31.911460876464844
4.070353031158447,-25.542930603027344
4.295312881469727,-30.5905704498291
5.003412246704102,-30.51328468322754
5.235787391662598,-25.169336318969727
4.392024517059326,-25.870378494262695
3.6310808658599854,-29.0091609954834
4.623917579650879,-28.647512435913086
3.3293297290802,-28.66021156311035
3.3299150466918945,-26.870763778686523
4.430781364440918,-30.666902542114258
4.149658203125,-30.31604766845703
3.6284613609313965,-30.53219985961914
3.795894145965576,-28.66171646118164
3.4271461963653564,-29.043949127197266
3.3515501022338867,-26.942970275878906
5.594529628753662,-31.817787170410156
4.763097286224365,-28.649330139160156
3.884963035583496,-29.49188232421875
5.320542812347412,-26.876571655273438
3.334385633468628,-25.890274047851562
3.4651012420654297,-26.199188232421875
3.471834897994995,-25.99187469482422
4.47728157043457,-26.554454803466797
2.6050195693969727,-25.99981689453125
6.738670349121094,-29.774612426757812
4.39049768447876,-28.828126907348633
2.9301891326904297,-32.85284423828125
2.923367977142334,-26.769184112548828
4.596468925476074,-27.274456024169922
4.053812026977539,-25.632549285888672
3.9193849563598633,-29.43983268737793
4.772534370422363,-28.76873779296875
4.378600120544434,-28.41362190246582
4.524117946624756,-29.18635368347168
5.172370433807373,-27.447250366210938
4.11150598526001,-27.531002044677734
3.844597339630127,-30.1550350189209
4.002791404724121,-31.36200523376465
5.887629508972168,-27.10558319091797
5.474697113037109,-29.24618148803711
5.140284538269043,-29.871658325195312
5.877133369445801,-29.373991012573242
3.489976406097412,-25.351303100585938
5.218833923339844,-26.334453582763672
4.959385871887207,-27.43267822265625
4.161559104919434,-24.69525718688965
4.79371976852417,-28.153757095336914
4.761663436889648,-30.401628494262695
3.745011806488037,-29.68877410888672
5.618016242980957,-31.7241153717041
4.889544486999512,-26.670764923095703
4.907258987426758,-27.923118591308594
5.572609901428223,-28.34810447692871
4.262202262878418,-30.266761779785156
5.018309116363525,-26.275470733642578
4.931574821472168,-28.25412368774414
4.225414752960205,-29.256261825561523
3.816859245300293,-29.182485580444336
4.330215930938721,-30.295957565307617
3.995001792907715,-28.553972244262695
4.301118850708008,-26.503864288330078
3.7642805576324463,-30.507911682128906
4.569190979003906,-27.26546859741211
3.7533702850341797,-27.656696319580078
4.213496685028076,-28.78274154663086
3.7994394302368164,-29.90259552001953
4.122494697570801,-29.118545532226562
2.9203319549560547,-25.259241104125977
4.776379108428955,-28.363162994384766
4.8272600173950195,-28.470735549926758
4.865001201629639,-27.928367614746094
4.143189430236816,-32.72100830078125
4.32711935043335,-29.40644073486328
4.107620716094971,-30.300922393798828
4.303351879119873,-26.119190216064453
3.6671218872070312,-26.3521728515625
4.7720627784729,-27.232460021972656
4.793365001678467,-25.271198272705078
4.15403413772583,-24.101852416992188
3.682523727416992,-28.28772735595703
4.596477031707764,-28.755168914794922
3.6242103576660156,-27.798357009887695
3.7971351146698,-31.491310119628906
4.27834415435791,-28.26798439025879
4.99449348449707,-26.097503662109375
7.6763105392456055,-28.348085403442383
6.494805335998535,-27.487207412719727
6.284793853759766,-25.518814086914062
5.723226070404053,-29.9500732421875
4.784111022949219,-26.713972091674805
7.221923351287842,-30.526567459106445
6.993776798248291,-34.179378509521484
5.909669399261475,-30.228500366210938
5.191431045532227,-32.97590637207031
4.705738067626953,-29.189868927001953
4.287110805511475,-30.51062774658203
6.599277019500732,-34.486873626708984
5.167363166809082,-31.783536911010742
5.689708232879639,-34.01227951049805
6.627262115478516,-32.634849548339844
5.937117576599121,-36.534568786621094
4.207890033721924,-35.198917388916016
5.304050445556641,-33.750160217285156
4.651795864105225,-32.635520935058594
4.231989860534668,-32.994136810302734
3.9677109718322754,-35.82875061035156
5.266265869140625,-33.646995544433594
4.85771369934082,-33.64339065551758
4.64304256439209,-32.26054000854492
4.061001777648926,-32.87696075439453
3.9134812355041504,-33.21141815185547
4.640772819519043,-29.697521209716797
5.540916442871094,-30.859764099121094
5.2901763916015625,-36.05179977416992
4.307727336883545,-32.675193786621094
5.33590030670166,-33.51634216308594
6.158932685852051,-32.666168212890625
4.691515922546387,-31.556032180786133
5.504558086395264,-33.05019760131836
4.6602783203125,-33.2756462097168
5.788240909576416,-30.63653564453125
4.623337745666504,-35.609703063964844
3.606058359146118,-26.571002960205078
4.771028518676758,-32.6962890625
6.933124542236328,-32.31036376953125
5.906378746032715,-31.855314254760742
5.407499313354492,-30.556671142578125
6.95942497253418,-33.49866485595703
4.694064140319824,-32.713287353515625
7.096313953399658,-34.075992584228516
4.088805675506592,-33.618736267089844
4.678359031677246,-39.006038665771484
4.522773265838623,-29.053455352783203
5.359498500823975,-35.26842498779297
6.717606544494629,-33.95937728881836
4.9284749031066895,-32.728607177734375
6.124353885650635,-35.211097717285156
5.285892963409424,-33.413875579833984
4.36648416519165,-35.707767486572266
6.155914306640625,-33.0112419128418
5.664843559265137,-34.29399108886719
5.424563884735107,-31.89287567138672
3.6326441764831543,-33.26886749267578
6.8505539894104,-28.81043243408203
4.91826057434082,-30.858373641967773
4.80033016204834,-30.443479537963867
5.401858806610107,-31.780725479125977
4.839783191680908,-29.158397674560547
5.412862777709961,-29.438385009765625
5.478451728820801,-31.199451446533203
4.391735553741455,-34.181312561035156
4.29039192199707,-30.639141082763672
5.280727386474609,-32.09318542480469
4.1943278312683105,-30.127071380615234
4.895246982574463,-35.38006591796875
4.1442341804504395,-32.73009490966797
6.3044891357421875,-31.068256378173828
5.716818809509277,-34.67377853393555
5.459776401519775,-30.715463638305664
4.607248306274414,-35.69928741455078
4.327696800231934,-39.41860580444336
5.6154398918151855,-30.901155471801758
4.448620796203613,-37.16077423095703
4.030335426330566,-31.440462112426758
5.879691123962402,-35.27256774902344
3.723301410675049,-35.767250061035156
5.602331161499023,-34.45135498046875
5.734677791595459,-34.023353576660156
3.384589672088623,-31.846172332763672
5.0258941650390625,-31.150293350219727
3.892803192138672,-29.63080596923828
5.442349433898926,-33.356876373291016
6.2406206130981445,-31.991727828979492
5.908010959625244,-37.19439697265625
5.384554862976074,-34.5360107421875
6.633137226104736,-31.100971221923828
4.950923919677734,-32.34479904174805
4.893092155456543,-32.22536849975586
6.802092552185059,-36.18599319458008
4.753553867340088,-35.019989013671875
5.286202907562256,-33.68104934692383
5.536113739013672,-35.52616500854492
4.728379249572754,-31.839088439941406
4.127622604370117,-37.94735336303711
5.060788154602051,-30.624013900756836
6.502958297729492,-34.83649444580078
5.197558879852295,-29.088937759399414
4.84442663192749,-35.72430419921875
5.780831813812256,-36.23698043823242
5.023775100708008,-34.3070068359375
5.546785354614258,-31.717308044433594
4.443981647491455,-32.996665954589844
4.7326483726501465,-32.51937484741211
4.034970760345459,-30.634851455688477
5.756901264190674,-31.470521926879883
4.71680212020874,-35.1439323425293
7.037700176239014,-32.08890914916992
5.166118144989014,-37.25283432006836
5.2483744621276855,-37.50190734863281
5.834227085113525,-32.06110763549805
5.3843770027160645,-34.746849060058594
5.281253337860107,-35.818233489990234
6.611453056335449,-35.78379821777344
3.8334014415740967,-30.524612426757812
5.063258171081543,-31.49413299560547
3.6789560317993164,-29.140911102294922
5.206762790679932,-30.88359260559082
5.527820587158203,-34.920753479003906
4.983564376831055,-34.511497497558594
4.666848659515381,-32.60939025878906
5.358832359313965,-31.463333129882812
4.963181495666504,-29.75857925415039
3.5917067527770996,-30.9276065826416
4.616164207458496,-33.59031295776367
2.892446517944336,-28.91485595703125
4.51157283782959,-32.235565185546875
5.284436225891113,-31.425987243652344
4.569085121154785,-33.442039489746094
5.370703220367432,-34.77301788330078
4.677839756011963,-33.945064544677734
4.468374252319336,-31.054908752441406
4.605940341949463,-30.788734436035156
4.679953098297119,-32.86565399169922
4.7247700691223145,-34.67564392089844
5.395284175872803,-33.81688690185547
4.629810810089111,-29.098936080932617
5.196994304656982,-30.86239242553711
5.4561614990234375,-31.901033401489258
5.739224433898926,-34.64878463745117
5.821949005126953,-36.971649169921875
4.4792046546936035,-36.85432434082031
5.633523464202881,-36.467857360839844
3.1206324100494385,-36.34574508666992
5.225213527679443,-34.47843551635742
4.760573863983154,-30.625886917114258
3.328873872756958,-32.15547180175781
3.611811637878418,-29.42911148071289
4.443098545074463,-34.63787078857422
4.195344924926758,-32.366668701171875
5.727096080780029,-30.206979751586914
4.324611186981201,-34.67597961425781
4.1148858070373535,-32.47732162475586
4.285923480987549,-31.46479606628418
6.344362258911133,-33.402076721191406
4.302039623260498,-34.40302658081055
5.301462173461914,-29.17693328857422
5.8669023513793945,-34.315242767333984
4.022691249847412,-30.136798858642578
4.763546466827393,-35.40367889404297
6.139000415802002,-31.644973754882812
6.141607761383057,-30.1964168548584
7.121779918670654,-34.38508605957031
4.71425724029541,-31.257247924804688
4.383009910583496,-33.08203887939453
5.658387184143066,-31.321168899536133
5.300820350646973,-35.44204330444336
5.306007385253906,-34.261940002441406
4.847439289093018,-35.205142974853516
4.705447673797607,-34.634483337402344
4.791053771972656,-33.716339111328125
3.8107876777648926,-31.575767517089844
5.973516941070557,-33.66599655151367
4.194781303405762,-32.06498336791992
4.053454875946045,-30.610244750976562
4.196010589599609,-29.806917190551758
5.285756587982178,-37.913909912109375
4.21470308303833,-31.67217254638672
4.95623254776001,-31.834712982177734
5.547122955322266,-32.62565994262695
4.33095121383667,-34.897369384765625
5.708431243896484,-34.69192123413086
6.612998962402344,-32.119102478027344
6.1703972816467285,-31.685943603515625
5.046205520629883,-30.492650985717773
6.011313438415527,-32.96303939819336
4.362551212310791,-29.38962173461914
6.2346320152282715,-29.29346466064453
5.3188090324401855,-34.95246124267578
3.9628658294677734,-36.94282531738281
6.381348609924316,-32.72590637207031
4.2362141609191895,-32.40694046020508
6.887434959411621,-31.650531768798828
5.1982011795043945,-31.49319076538086
7.380978584289551,-34.58407974243164
6.154473304748535,-32.93022155761719
4.714758396148682,-32.96950149536133
3.351592540740967,-32.76264190673828
4.2537617683410645,-31.366546630859375
4.268259048461914,-30.918760299682617
4.204509735107422,-30.099782943725586
5.151419162750244,-32.03624725341797
5.944486141204834,-32.42190933227539
5.598004341125488,-33.96091079711914
4.723647594451904,-33.06279373168945
5.225579261779785,-33.23337173461914
3.7440099716186523,-31.62430763244629
5.569342613220215,-35.006980895996094
6.02455472946167,-33.02264404296875
4.0467658042907715,-31.633075714111328
5.525987148284912,-32.45415496826172
5.045649528503418,-32.977378845214844
5.6943840980529785,-38.24842834472656
5.751769065856934,-32.62588119506836
5.863471031188965,-33.1611213684082
3.5939645767211914,-32.16447830200195
5.137824058532715,-29.257179260253906
3.259415864944458,-26.59935188293457
5.45526647567749,-35.156288146972656
4.509089946746826,-32.023094177246094
4.277950286865234,-30.872081756591797
5.414388656616211,-31.526512145996094
6.286646842956543,-36.388065338134766
4.435707092285156,-29.0255126953125
4.560671806335449,-33.730831146240234
5.625733852386475,-30.371179580688477
4.653404712677002,-31.80875015258789
4.227496147155762,-35.515987396240234
4.365329742431641,-32.24165344238281
4.60656213760376,-32.15672302246094
6.331645488739014,-29.967966079711914
6.934211730957031,-33.55143356323242
4.93052864074707,-32.9610481262207
3.995274782180786,-30.877145767211914
4.404343605041504,-30.267383575439453
5.669253349304199,-32.896305084228516
3.773467540740967,-31.416606903076172
4.033321857452393,-35.65534973144531
3.9226460456848145,-29.658714294433594
3.538858652114868,-31.322784423828125
4.475822925567627,-31.546192169189453
4.870376110076904,-31.04139518737793
5.117966175079346,-31.99581527709961
3.7554900646209717,-33.23198318481445
4.886284828186035,-34.625892639160156
5.359464645385742,-32.528499603271484
7.610235214233398,-35.921424865722656
6.774430751800537,-34.33848190307617
6.692508697509766,-34.22663497924805
5.273062229156494,-32.67060470581055
5.974972724914551,-37.04009246826172
5.424377918243408,-33.142799377441406
5.368224620819092,-34.329227447509766
6.167366027832031,-33.755863189697266
5.756280899047852,-34.63050079345703
6.34119987487793,-32.50202941894531
6.413600921630859,-36.710025787353516
6.265890598297119,-38.314449310302734
5.727869510650635,-36.79851531982422
5.837335586547852,-35.56370162963867
6.83313512802124,-43.58544158935547
4.161584854125977,-35.32479476928711
7.575648784637451,-37.64641571044922
6.128946304321289,-37.82164764404297
3.658301830291748,-37.58005905151367
5.382469654083252,-36.90787124633789
6.144253253936768,-39.359130859375
3.9643471240997314,-41.922393798828125
6.3498311042785645,-36.53485870361328
4.5573906898498535,-36.5311164855957
5.284488677978516,-41.165489196777344
4.990576267242432,-34.41559600830078
6.7414655685424805,-37.73130416870117
5.151633262634277,-35.83367156982422
5.161703586578369,-34.72065734863281
6.266266345977783,-37.240814208984375
5.66974401473999,-35.79063415527344
8.009175300598145,-40.69060516357422
6.580833435058594,-38.79806900024414
4.102811813354492,-37.80597686767578
7.683248519897461,-42.33755874633789
6.933937072753906,-39.7601318359375
5.80927038192749,-36.76499557495117
6.355950832366943,-37.671695709228516
4.776675701141357,-33.187294006347656
5.824588775634766,-38.02189636230469
5.5138750076293945,-37.19860076904297
6.906041145324707,-34.71824645996094
5.692907810211182,-33.9543571472168
5.457769393920898,-35.66408157348633
6.173209190368652,-39.767581939697266
8.244190216064453,-37.111446380615234
5.60902214050293,-36.513092041015625
7.827159881591797,-36.812103271484375
5.782670497894287,-37.07542419433594
5.759319305419922,-38.18150329589844
6.8062028884887695,-37.855159759521484
4.593276500701904,-32.23403549194336
6.002364635467529,-38.67271041870117
4.142891883850098,-40.30598068237305
6.505249977111816,-37.0395393371582
6.278901100158691,-35.41291046142578
4.213618755340576,-32.8908576965332
5.760785102844238,-37.88920211791992
4.242671012878418,-35.06789016723633
5.359374523162842,-38.432029724121094
6.672906875610352,-38.803627014160156
5.74060583114624,-36.83148956298828
5.848182678222656,-39.86341857910156
5.425770282745361,-41.16383361816406
4.6544036865234375,-39.112548828125
3.993126630783081,-36.896034240722656
5.707823276519775,-38.63922882080078
5.961311340332031,-38.42581558227539
4.929986953735352,-31.529277801513672
4.531815528869629,-36.85857391357422
4.937586784362793,-38.66455841064453
3.8547263145446777,-37.5590705871582
6.886053562164307,-38.64885330200195
6.973069190979004,-35.83967208862305
5.715335845947266,-37.273658752441406
6.969944000244141,-39.52133560180664
4.136557579040527,-39.85845947265625
5.740196228027344,-36.42219161987305
4.9848313331604,-35.76425552368164
6.182772159576416,-34.35392761230469
5.443008899688721,-37.73612976074219
4.656366348266602,-38.25797653198242
5.800336837768555,-39.06911087036133
4.90203332901001,-40.247352600097656
5.575883388519287,-35.813175201416016
5.782671928405762,-35.689170837402344
5.411173343658447,-38.059261322021484
5.727540016174316,-35.72290802001953
4.695250988006592,-33.98588180541992
6.146908760070801,-34.948970794677734
4.469918727874756,-37.19336700439453
4.680103778839111,-40.612422943115234
5.021749496459961,-36.950008392333984
4.6544880867004395,-40.93141555786133
5.460199356079102,-40.620357513427734
5.859587669372559,-35.96728515625
6.322025775909424,-38.00550842285156
5.64614200592041,-32.766971588134766
4.270732402801514,-39.10702896118164
5.309028148651123,-32.73357009887695
6.701590061187744,-35.52333068847656
4.432098388671875,-33.19278335571289
5.6064133644104,-36.43361282348633
4.742342472076416,-32.677364349365234
5.239075183868408,-34.82261657714844
4.522209167480469,-37.039241790771484
6.8240203857421875,-35.20472717285156
5.341738700866699,-33.04916000366211
6.561519622802734,-33.12163162231445
6.253510475158691,-35.07667922973633
5.924548625946045,-31.32990074157715
7.235165119171143,-39.927066802978516
4.7808732986450195,-37.33393096923828
5.45566463470459,-39.3664665222168
7.18935489654541,-31.255531311035156
6.369045257568359,-36.198211669921875
5.109591007232666,-36.31130599975586
6.037664890289307,-37.37745666503906
5.085630893707275,-35.950950622558594
4.859508037567139,-38.43495178222656
4.578869819641113,-40.797882080078125
6.625998497009277,-34.72793197631836
4.318816184997559,-34.74235534667969
5.757635593414307,-40.742549896240234
7.210219383239746,-39.29728317260742
5.796846389770508,-39.01557159423828
5.896231174468994,-42.9994010925293
4.935362339019775,-34.275814056396484
5.246427536010742,-37.47663879394531
6.039626121520996,-41.14659118652344
4.472679138183594,-37.54933166503906
4.243875503540039,-39.06854248046875
8.084178924560547,-41.41455841064453
5.551610469818115,-39.251365661621094
4.248946189880371,-35.32716751098633
6.2021331787109375,-37.72126388549805
5.337852478027344,-38.55848693847656
5.9946417808532715,-37.58500289916992
4.216061592102051,-33.884742736816406
6.128184795379639,-35.82172393798828
7.548148155212402,-36.376705169677734
5.195065975189209,-37.85694885253906
5.572301387786865,-37.06944274902344
4.438742160797119,-37.97473907470703
6.3385329246521,-33.505191802978516
4.859939098358154,-35.18866729736328
6.425880432128906,-38.867156982421875
6.808916091918945,-35.73749542236328
4.994813442230225,-35.247230529785156
6.722037315368652,-36.99180603027344
5.907787322998047,-40.1247673034668
6.087214469909668,-34.39170837402344
4.951504230499268,-34.151424407958984
5.282833099365234,-38.47146224975586
5.107666492462158,-41.982269287109375
5.651204586029053,-39.227569580078125
5.69447135925293,-32.37852096557617
6.5010294914245605,-42.56944274902344
6.918184280395508,-37.94820022583008
4.785854816436768,-39.20816421508789
7.475635528564453,-38.20916748046875
6.543397426605225,-40.37458801269531
3.7223472595214844,-37.05115509033203
7.172100067138672,-38.080047607421875
6.993748188018799,-34.52180099487305
5.661674976348877,-36.10044860839844
4.8247785568237305,-37.28860855102539
4.823433876037598,-41.167686462402344
6.167351722717285,-35.48966979980469
5.355944633483887,-35.92948532104492
6.474667072296143,-36.46091079711914
6.919224739074707,-35.85015106201172
6.078920841217041,-36.42380142211914
6.005358695983887,-33.399261474609375
5.967174530029297,-39.2669677734375
4.280568599700928,-34.22956848144531
6.262107849121094,-36.97820281982422
6.106569766998291,-39.47519302368164
6.387438774108887,-41.075477600097656
5.549459457397461,-38.6970329284668
5.20982551574707,-42.42858123779297
6.85508918762207,-35.5147705078125
7.02726936340332,-39.07942581176758
4.915274143218994,-34.661495208740234
6.006568908691406,-36.68860626220703
7.076146602630615,-36.35438537597656
5.934040069580078,-39.1123161315918
6.688074111938477,-38.52936553955078
6.136329650878906,-36.007328033447266
5.510464191436768,-35.44225311279297
5.433816909790039,-38.93217468261719
4.377577781677246,-33.156150817871094
4.646831035614014,-37.05781173706055
7.682811737060547,-38.64323425292969
5.605171203613281,-36.821739196777344
4.8194193840026855,-37.44288635253906
4.726603031158447,-40.740325927734375
6.673762321472168,-40.75499725341797
4.801176071166992,-34.43056869506836
5.227279186248779,-38.22538375854492
5.166921615600586,-37.07215881347656
4.538399696350098,-36.60021209716797
5.208598613739014,-36.44904327392578
5.7113423347473145,-34.176082611083984
5.585243225097656,-36.38519287109375
5.903911113739014,-37.997501373291016
4.697467803955078,-37.85995864868164
5.173213481903076,-41.47870635986328
4.8624114990234375,-36.44119644165039
6.511244773864746,-36.67908477783203
4.414219856262207,-41.51778793334961
4.385189533233643,-39.74562072753906
6.866546154022217,-39.16674041748047
4.414908409118652,-37.002201080322266
4.220633029937744,-32.760581970214844
5.837756156921387,-40.339778900146484
4.25762414932251,-35.53626251220703
5.693742752075195,-36.907920837402344
6.49580717086792,-36.37745666503906
6.720086574554443,-43.96992874145508
4.935263156890869,-37.300201416015625
6.780509948730469,-38.71140670776367
6.213303565979004,-39.210792541503906
6.0715436935424805,-38.88652801513672
5.159612655639648,-37.48149871826172
5.309924602508545,-43.12133026123047
3.960057258605957,-35.82469940185547
4.379676818847656,-35.54436492919922
4.794333457946777,-34.71128463745117
5.3457136154174805,-34.55269241333008
4.868566989898682,-35.669254302978516
5.345003128051758,-36.85862350463867
4.892333507537842,-35.025814056396484
5.166927814483643,-38.178409576416016
5.539978981018066,-38.713871002197266
7.318160533905029,-32.271148681640625
4.729681015014648,-37.542179107666016
5.221340179443359,-31.059240341186523
5.309516906738281,-36.63614273071289
6.761369705200195,-38.98893356323242
4.706268787384033,-35.05763244628906
6.984065055847168,-37.89248275756836
5.194157600402832,-34.61598205566406
6.482102394104004,-37.78480529785156
4.5367937088012695,-37.52173614501953
5.260288238525391,-35.20418930053711
5.717478275299072,-39.22858428955078
5.815244197845459,-36.231590270996094
5.825118064880371,-40.65849304199219
5.363900184631348,-34.47807693481445
6.821894645690918,-38.06413650512695
6.499449729919434,-35.22878646850586
5.030632972717285,-36.14925765991211
8.06788444519043,-37.755130767822266
5.76047420501709,-35.852996826171875
6.285003185272217,-39.983741760253906
6.8013811111450195,-37.420127868652344
7.430683612823486,-39.99025344848633
7.5203657150268555,-40.05973815917969
6.25085973739624,-46.88590621948242
6.348788261413574,-38.830867767333984
7.301908016204834,-36.27935028076172
4.589483261108398,-44.05095672607422
5.371983051300049,-39.056236267089844
6.88734769821167,-41.37245559692383
5.510908126831055,-42.46958541870117
6.641421318054199,-40.921348571777344
5.4720683097839355,-41.600704193115234
5.688930511474609,-38.84782791137695
5.250999450683594,-44.0416374206543
6.041521072387695,-42.69294738769531
5.394044876098633,-36.99384689331055
5.307347297668457,-41.923152923583984
5.617751121520996,-41.00464630126953
7.044601917266846,-41.023223876953125
5.055063724517822,-38.656951904296875
5.915585517883301,-40.5786018371582
4.292472839355469,-40.722412109375
6.212454795837402,-41.889503479003906
5.999926567077637,-39.44709777832031
5.391326904296875,-42.62124252319336
4.509514331817627,-41.68806076049805
6.175599098205566,-38.85221481323242
7.388508319854736,-43.58847427368164
7.917067527770996,-37.498870849609375
4.835267066955566,-41.42723083496094
7.943363189697266,-41.33879470825195
4.902899265289307,-40.26064682006836
6.649226188659668,-41.17105484008789
6.361325740814209,-41.80069351196289
5.380830764770508,-44.11940383911133
4.621517658233643,-35.43011474609375
5.263587474822998,-44.987152099609375
7.044195652008057,-39.24109649658203
6.617445468902588,-40.87331008911133
5.540345668792725,-41.21564483642578
4.731014251708984,-36.50893020629883
6.204345703125,-43.993736267089844
5.696401596069336,-42.88574981689453
5.349853992462158,-41.13489532470703
4.834641933441162,-36.417423248291016
4.690654754638672,-40.15725326538086
7.433479309082031,-41.61674118041992
5.445028781890869,-39.97563171386719
6.086282253265381,-38.09052658081055
5.265661716461182,-37.495399475097656
6.017152309417725,-43.03873062133789
6.403357028961182,-40.053340911865234
5.729838848114014,-40.560394287109375
5.896096229553223,-38.66112518310547
4.1733222007751465,-35.933982849121094
5.143652439117432,-46.2433967590332
5.414968013763428,-40.60572052001953
6.058597087860107,-41.00629425048828
6.335184574127197,-34.96111297607422
6.413780689239502,-39.88853073120117
5.4223103523254395,-37.95592498779297
5.729093551635742,-46.57830047607422
5.829233646392822,-34.64398193359375
4.3731889724731445,-42.76724624633789
4.946646690368652,-38.43901824951172
5.850010395050049,-40.408416748046875
5.9170684814453125,-40.01080322265625
5.173166275024414,-36.302913665771484
6.346401691436768,-38.56574249267578
7.6414265632629395,-42.52712631225586
6.613932132720947,-42.939735412597656
5.845712661743164,-42.967384338378906
5.049813747406006,-41.737998962402344
5.961089134216309,-44.02095413208008
6.113482475280762,-36.235923767089844
4.333874225616455,-38.643619537353516
5.782914161682129,-39.2475471496582
4.299552917480469,-41.640769958496094
6.806778907775879,-38.757667541503906
4.8669047355651855,-36.528133392333984
7.385502338409424,-40.67253875732422
6.432412624359131,-35.87834930419922
6.193648815155029,-39.87409973144531
6.04302453994751,-40.8114013671875
7.119248390197754,-39.80995178222656
6.158352375030518,-39.61294174194336
7.642784595489502,-41.03389358520508
6.271297931671143,-37.69995880126953
6.8081583976745605,-42.17471694946289
6.114412307739258,-41.22857666015625
8.055596351623535,-41.21506118774414
6.467865943908691,-41.56727981567383
5.110686779022217,-40.675331115722656
6.2825446128845215,-45.569644927978516
5.981411933898926,-41.77757263183594
5.876579761505127,-41.943687438964844
7.3243207931518555,-45.023460388183594
5.257323265075684,-41.07438659667969
7.147062301635742,-40.157203674316406
5.749049663543701,-37.28569412231445
5.809118270874023,-36.27043914794922
5.847620010375977,-41.27802658081055
5.569074630737305,-40.55552673339844
4.940858840942383,-39.81330108642578
4.903618812561035,-42.85834503173828
4.889875411987305,-35.496002197265625
5.955433368682861,-40.6306266784668
6.698367118835449,-44.02970886230469
7.202062606811523,-45.22710418701172
6.374101638793945,-44.792057037353516
4.972743034362793,-35.471038818359375
6.287522315979004,-38.544490814208984
5.682368755340576,-39.59123611450195
5.16717529296875,-38.99201202392578
5.639631271362305,-40.049400329589844
4.124179840087891,-41.06748962402344
7.007672309875488,-39.71977615356445
8.789016723632812,-40.72221374511719
5.983672142028809,-42.53832244873047
6.926100254058838,-43.19167709350586
6.463566780090332,-41.41557312011719
5.300510406494141,-38.274681091308594
6.275710105895996,-41.19900894165039
5.598428726196289,-36.42485427856445
4.375657558441162,-34.97447967529297
8.006935119628906,-36.3209342956543
6.156221866607666,-37.19365310668945
5.738192081451416,-36.17042922973633
6.387279033660889,-40.057743072509766
6.532217502593994,-39.57495880126953
4.708780765533447,-35.218955993652344
4.74140739440918,-41.376983642578125
7.647416591644287,-38.800315856933594
8.309463500976562,-41.27952194213867
7.7329421043396,-40.528587341308594
6.642716407775879,-43.41206741333008
4.772806167602539,-40.226341247558594
6.377523422241211,-40.045318603515625
6.11477518081665,-41.32277297973633
5.179714679718018,-37.73076629638672
7.312479019165039,-41.54889678955078
5.2072529792785645,-39.80072784423828
5.408738613128662,-40.5427360534668
5.208931922912598,-41.16240692138672
6.599108695983887,-39.48393630981445
4.903695106506348,-36.600555419921875
3.992612600326538,-40.917152404785156
5.516425132751465,-38.91288375854492
4.52727746963501,-40.21653366088867
7.275710105895996,-41.353858947753906
7.262969017028809,-40.961578369140625
7.074173927307129,-44.06607437133789
5.1314496994018555,-39.83369445800781
5.763998031616211,-43.167381286621094
6.903136730194092,-38.98527145385742
6.043099880218506,-43.612144470214844
6.6835222244262695,-42.919761657714844
5.3094162940979,-39.433475494384766
5.74610710144043,-35.16448211669922
5.010244846343994,-34.52070617675781
7.111149311065674,-38.95681381225586
6.43551778793335,-38.66777420043945
4.786893844604492,-37.112831115722656
4.529562950134277,-39.60210418701172
5.659484386444092,-39.03199005126953
5.8070454597473145,-38.68769454956055
6.189838409423828,-45.16037368774414
6.253583908081055,-42.55274200439453
5.876150131225586,-40.13286590576172
5.664516925811768,-43.37744140625
5.811009407043457,-40.09978485107422
8.117911338806152,-40.18651580810547
5.315536975860596,-38.54191589355469
5.541496276855469,-33.8167610168457
6.372881889343262,-42.9201545715332
5.809757709503174,-41.31063461303711
6.636590003967285,-38.9376220703125
5.657904624938965,-39.7319450378418
6.161863803863525,-40.48044967651367
7.435605525970459,-42.64002990722656
7.607691287994385,-37.70277404785156
7.221401214599609,-46.35026550292969
5.5544209480285645,-40.151390075683594
4.439699649810791,-38.98509979248047
6.047104358673096,-37.36566162109375
5.0535078048706055,-38.031097412109375
5.511474609375,-38.95283126831055
5.932518005371094,-42.07754898071289
4.18743896484375,-36.26885986328125
6.355008602142334,-41.02094650268555
4.958789825439453,-36.182769775390625
7.199839115142822,-36.14886474609375
5.975404262542725,-40.17705154418945
6.103157997131348,-40.98832321166992
5.05369758605957,-38.984012603759766
7.864885330200195,-38.00553512573242
4.306393623352051,-38.28080749511719
6.390350341796875,-38.98565673828125
5.9914727210998535,-40.05473709106445
5.28177547454834,-39.84808349609375
5.704290390014648,-41.19106674194336
5.598033428192139,-35.84160614013672
6.243607521057129,-36.722530364990234
6.092153549194336,-40.26060485839844
6.786291599273682,-36.33637619018555
4.9552202224731445,-38.39511489868164
6.35943603515625,-41.47261047363281
5.04521369934082,-36.976261138916016
6.745882987976074,-41.849021911621094
7.153768539428711,-38.56977462768555
6.25860595703125,-39.429908752441406
4.189146041870117,-38.003746032714844
5.160463333129883,-42.79312515258789
6.137645721435547,-34.095218658447266
7.26416540145874,-37.66926574707031
5.789824485778809,-39.18342971801758
6.661118984222412,-43.17429733276367
4.931776523590088,-38.94652557373047
6.745311737060547,-41.81681823730469
4.025981426239014,-38.87797927856445
6.004238128662109,-41.25643539428711
7.107341766357422,-43.17995834350586
4.756442546844482,-37.10893630981445
7.961867332458496,-41.34176254272461
4.447954177856445,-37.71466064453125
4.543895721435547,-39.867828369140625
5.01631498336792,-43.0627326965332
4.679996490478516,-40.50621032714844
4.858965873718262,-38.714115142822266
5.207480430603027,-39.699790954589844
4.147060394287109,-40.53437805175781
7.003408432006836,-37.70393371582031
5.672841548919678,-34.69721984863281
5.704573631286621,-42.589107513427734
5.8304057121276855,-41.38718795776367
5.90242862701416,-42.003326416015625
7.238487720489502,-39.26535415649414
6.103864669799805,-42.45060729980469
6.714656352996826,-38.34779357910156
6.728506088256836,-35.1845703125
5.039663314819336,-40.132545471191406
6.26519775390625,-39.707279205322266
5.664950370788574,-37.13280487060547
6.208563804626465,-39.216712951660156
7.859113693237305,-40.23153305053711
6.479590892791748,-38.53853988647461
6.674385070800781,-38.56694412231445
5.270914554595947,-42.89221954345703
5.825113296508789,-44.38358688354492
6.106701850891113,-41.37961959838867
6.729187488555908,-40.5203857421875
5.227030277252197,-39.336570739746094
8.05465316772461,-45.28779983520508
7.245590686798096,-42.78376770019531
6.378876686096191,-44.21875
8.607743263244629,-40.488929748535156
7.0056281089782715,-47.66294479370117
5.568055629730225,-38.607200622558594
6.218554496765137,-48.425559997558594
6.991522312164307,-44.20660400390625
5.800267696380615,-43.52063751220703
6.874953746795654,-43.926719665527344
7.6855340003967285,-42.860984802246094
5.83542537689209,-41.551021575927734
5.539721488952637,-49.61083984375
6.517212867736816,-45.07816696166992
7.879614353179932,-44.76384353637695
7.645878791809082,-39.71562194824219
7.581517696380615,-47.09104919433594
7.090816974639893,-41.92203903198242
8.234132766723633,-44.52693557739258
5.44228982925415,-42.11661148071289
4.905097961425781,-44.770381927490234
6.723428249359131,-43.12137222290039
5.692573547363281,-45.049163818359375
8.56655502319336,-43.37445068359375
5.993203163146973,-43.362754821777344
6.72423791885376,-43.985904693603516
7.246831893920898,-40.837562561035156
7.9058685302734375,-43.24014663696289
8.254790306091309,-43.06082534790039
7.252171516418457,-49.19181823730469
6.959108352661133,-41.10975646972656
6.81097936630249,-47.3924674987793
6.502291679382324,-46.40593719482422
5.615326881408691,-41.97569274902344
7.04364013671875,-42.14958190917969
6.30125617980957,-42.5888671875
5.195065498352051,-44.237022399902344
5.838327884674072,-41.47848892211914
6.473880290985107,-44.48883056640625
5.856052875518799,-38.5461311340332
5.739908695220947,-45.17301940917969
10.622554779052734,-44.064205169677734
7.247054100036621,-45.380149841308594
7.287103652954102,-39.501319885253906
7.5041303634643555,-45.4108772277832
6.046720504760742,-45.67163848876953
6.861995697021484,-41.72365188598633
6.700502395629883,-46.17588424682617
6.267021179199219,-42.017059326171875
6.537617206573486,-41.16084671020508
7.420198917388916,-41.82365798950195
7.615438461303711,-43.17664337158203
7.781042098999023,-45.219539642333984
5.5123066902160645,-42.95866394042969
6.44734001159668,-44.139427185058594
8.891205787658691,-42.06830596923828
7.958493709564209,-41.51454544067383
5.87504768371582,-42.39685821533203
7.40323543548584,-46.55912780761719
8.946380615234375,-48.04888153076172
6.319909572601318,-41.468406677246094
5.231858730316162,-38.66850662231445
5.534715175628662,-44.35159683227539
5.3313117027282715,-41.94850158691406
5.115900039672852,-45.90048599243164
6.149835586547852,-46.125980377197266
7.182694435119629,-47.068275451660156
6.220170497894287,-40.459197998046875
6.492406368255615,-45.131248474121094
4.61903715133667,-43.74258804321289
6.905374050140381,-38.22320556640625
5.564897537231445,-41.9345703125
7.279639720916748,-47.764976501464844
7.0642194747924805,-46.87052536010742
5.988539218902588,-46.08653259277344
4.97589111328125,-40.779972076416016
6.877431392669678,-47.26930236816406
9.108505249023438,-46.23732376098633
6.577873229980469,-46.27385330200195
5.264868259429932,-46.56138610839844
6.7560224533081055,-48.72795486450195
8.560739517211914,-43.8958854675293
7.216540336608887,-39.86897659301758
6.5068254470825195,-41.822444915771484
5.194834232330322,-44.248512268066406
4.850763320922852,-41.79680252075195
5.5158514976501465,-41.51178741455078
6.8043951988220215,-38.56903076171875
7.136125087738037,-47.300025939941406
6.249543190002441,-42.50545120239258
6.640268802642822,-46.72185516357422
8.810468673706055,-41.77260971069336
6.588695049285889,-39.823795318603516
5.871829986572266,-38.31512451171875
6.813323020935059,-49.09489059448242
8.852567672729492,-44.65034484863281
5.601251602172852,-40.164947509765625
5.97332763671875,-42.445709228515625
5.600610733032227,-44.12028503417969
7.389717102050781,-41.99934387207031
6.3142852783203125,-44.52705383300781
6.577975273132324,-47.829742431640625
5.932189464569092,-43.157047271728516
6.345737457275391,-44.85210418701172
6.488745212554932,-38.949947357177734
5.216782569885254,-40.22815704345703
6.4393510818481445,-41.28337097167969
4.99440860748291,-41.715850830078125
7.856302261352539,-47.564327239990234
4.970035076141357,-46.72868728637695
6.120271682739258,-41.15312957763672
5.768233776092529,-40.32658004760742
5.590555667877197,-41.58937072753906
7.2758469581604,-45.71097183227539
7.079513072967529,-45.277000427246094
5.517281532287598,-42.82234573364258
5.381879806518555,-43.76604461669922
9.17592716217041,-41.823692321777344
7.293161869049072,-46.995487213134766
5.767500400543213,-39.84349822998047
5.864871025085449,-42.615108489990234
5.1037211418151855,-41.144386291503906
5.947549343109131,-40.60580062866211
5.981997489929199,-34.22574996948242
6.261599540710449,-38.82114028930664
5.909622669219971,-46.39958572387695
7.518832206726074,-43.63783645629883
6.411596298217773,-43.557373046875
6.448265075683594,-42.106231689453125
8.227571487426758,-41.37487030029297
5.675622940063477,-40.607688903808594
7.685510635375977,-42.99671173095703
5.927591800689697,-37.75835037231445
6.574885368347168,-42.8883056640625
4.586919784545898,-42.47125244140625
8.996623039245605,-44.180625915527344
4.899007797241211,-40.62959289550781
7.8111090660095215,-44.2094612121582
4.935516357421875,-44.83174133300781
6.25163459777832,-42.31044387817383
9.974291801452637,-47.92974853515625
4.755639553070068,-42.22610092163086
6.302748680114746,-43.859947204589844
6.0552592277526855,-42.69367218017578
9.296932220458984,-42.73162078857422
7.912655830383301,-44.22509765625
8.056340217590332,-45.44252395629883
4.272782802581787,-37.93817901611328
5.864789009094238,-47.62005615234375
5.239207744598389,-46.69620895385742
5.355243682861328,-43.37031936645508
5.815506935119629,-37.533775329589844
5.407929420471191,-43.43803405761719
6.087156295776367,-43.954254150390625
5.894023895263672,-45.803802490234375
5.2384419441223145,-40.06664276123047
5.725713729858398,-42.836246490478516
5.842153549194336,-46.43364334106445
6.279909133911133,-46.82640838623047
6.466595649719238,-40.60700988769531
5.5701398849487305,-43.043182373046875
6.359114170074463,-47.48627471923828
5.678563117980957,-42.135719299316406
6.060985565185547,-44.37614440917969
6.3726325035095215,-40.108436584472656
5.834888458251953,-46.82698440551758
7.108487606048584,-46.52737808227539
5.702638626098633,-48.991058349609375
5.947047233581543,-43.311363220214844
5.794589519500732,-41.321144104003906
7.755926609039307,-43.66069030761719
6.101119518280029,-40.40599822998047
6.80521821975708,-43.46502685546875
10.439798355102539,-42.31522750854492
4.655923843383789,-43.11224365234375
7.038543224334717,-41.72013473510742
7.068714618682861,-46.97447967529297
5.086574554443359,-38.652408599853516
5.6489081382751465,-37.0401611328125
6.2305426597595215,-45.46931457519531
6.501058578491211,-43.21748733520508
6.547324180603027,-41.937896728515625
7.422372341156006,-48.16032791137695
4.8651533126831055,-44.70523452758789
6.369575023651123,-43.84389877319336
6.630527496337891,-44.41846466064453
7.326995849609375,-46.06379318237305
6.4408860206604,-45.59649658203125
5.872306823730469,-45.01165008544922
7.554599761962891,-44.72309112548828
6.406872272491455,-38.53600311279297
5.852222442626953,-48.00772476196289
5.975804805755615,-43.72021484375
5.832606792449951,-41.16082000732422
6.061155319213867,-50.985877990722656
5.720620155334473,-46.841590881347656
7.198632717132568,-45.13574981689453
6.472324848175049,-44.94908142089844
6.121815204620361,-43.0195198059082
5.122272491455078,-40.66816329956055
6.2818379402160645,-45.41434860229492
7.94566535949707,-46.721126556396484
5.919249534606934,-44.01797103881836
6.489809036254883,-43.920875549316406
7.581844329833984,-46.40315628051758
5.237367630004883,-49.659812927246094
6.214798927307129,-44.275394439697266
6.632420063018799,-42.63711166381836
6.109550952911377,-40.4765625
7.309135437011719,-45.906002044677734
5.826088905334473,-43.322776794433594
6.761438846588135,-41.20051193237305
7.72802209854126,-47.0830078125
6.721656322479248,-45.802860260009766
9.463643074035645,-44.9361572265625
7.866307735443115,-42.38774490356445
7.337343692779541,-43.1041374206543
5.108241081237793,-42.625389099121094
6.958425998687744,-43.295711517333984
6.83966588973999,-41.84837341308594
5.501309394836426,-43.30567932128906
7.270325183868408,-46.50080108642578
6.938830852508545,-45.71968460083008
5.822982311248779,-37.25647735595703
6.449835300445557,-43.032222747802734
8.697372436523438,-40.89915466308594
8.102001190185547,-39.86466979980469
6.752989292144775,-43.34426498413086
6.980435371398926,-41.236148834228516
7.871914386749268,-43.645328521728516
7.168444633483887,-40.49325180053711
6.79736328125,-41.14243698120117
5.721776485443115,-45.01377868652344
5.439870834350586,-47.026187896728516
6.2598724365234375,-42.792301177978516
5.804855823516846,-40.55606460571289
7.355743408203125,-42.979801177978516
5.538235664367676,-43.95281982421875
7.006459712982178,-42.77395248413086
6.972235679626465,-43.842620849609375
5.988710880279541,-45.90406799316406
7.9419050216674805,-45.014007568359375
10.939167976379395,-47.73393249511719
8.652859687805176,-43.811309814453125
6.552285194396973,-43.5631217956543
7.1693220138549805,-40.96228790283203
7.426447868347168,-43.215335845947266
6.620783805847168,-40.91439437866211
6.515901565551758,-44.74489974975586
5.383115768432617,-39.88416290283203
6.571130752563477,-41.72452926635742
7.7807698249816895,-47.86676025390625
6.686635971069336,-39.87916564941406
5.498727321624756,-47.60609817504883
6.284029960632324,-50.99816131591797
7.841915130615234,-46.96316909790039
5.691364288330078,-48.338130950927734
4.594624996185303,-44.896995544433594
6.830217361450195,-47.95967102050781
7.00466251373291,-46.41954803466797
6.2249369621276855,-44.34535598754883
4.922717571258545,-47.85271453857422
6.517621040344238,-49.93988800048828
7.377642631530762,-49.0192756652832
6.6664652824401855,-47.886192321777344
4.312949180603027,-48.604248046875
5.914380073547363,-47.43050003051758
6.998928546905518,-49.61286544799805
8.6129150390625,-43.408180236816406
8.584773063659668,-50.793067932128906
7.9802398681640625,-47.58070755004883
5.397359371185303,-52.137489318847656
8.16605281829834,-44.65931701660156
5.637701034545898,-45.56769561767578
8.709909439086914,-50.931461334228516
7.816896438598633,-46.72341537475586
6.777578830718994,-45.30268859863281
8.445893287658691,-43.92379379272461
8.034195899963379,-44.16151428222656
6.38301420211792,-41.243717193603516
8.392345428466797,-54.120704650878906
6.315715312957764,-46.23075866699219
6.886350631713867,-49.59699249267578
8.874831199645996,-43.191585540771484
7.011690139770508,-43.64012145996094
6.769769191741943,-49.152000427246094
8.394676208496094,-47.833255767822266
7.709573745727539,-42.041961669921875
6.352115631103516,-44.26739501953125
6.354315280914307,-47.738311767578125
6.181006908416748,-50.0765266418457
5.8148393630981445,-50.76884841918945
7.141821384429932,-44.816200256347656
6.100029945373535,-43.7615966796875
6.147151947021484,-46.23236846923828
5.127972602844238,-47.71631622314453
8.1160888671875,-46.65953063964844
7.90024471282959,-48.781551361083984
8.673932075500488,-49.11606979370117
7.660521984100342,-53.15041732788086
8.036587715148926,-50.20071029663086
6.99243688583374,-51.02436065673828
8.296991348266602,-46.8419189453125
7.223600387573242,-47.94870376586914
6.518232345581055,-49.79842758178711
5.592467784881592,-42.99383544921875
8.199712753295898,-46.444698333740234
8.347241401672363,-43.15947723388672
6.247970104217529,-47.17536544799805
6.3994855880737305,-49.54377365112305
7.660374641418457,-44.023841857910156
9.002667427062988,-47.149356842041016
6.344350814819336,-47.51457977294922
6.137139320373535,-47.845035552978516
6.428861618041992,-43.95148468017578
7.593792915344238,-47.52325439453125
8.573440551757812,-48.027862548828125
6.578963279724121,-47.63426971435547
7.456655025482178,-52.72297668457031
7.2070465087890625,-49.308170318603516
5.363954544067383,-44.53443908691406
6.1612138748168945,-45.396766662597656
6.117700099945068,-46.599082946777344
4.756851673126221,-47.40602111816406
8.15845775604248,-51.6611328125
7.501430988311768,-48.76338195800781
6.926800727844238,-58.84320831298828
7.117351531982422,-48.405738830566406
6.881564140319824,-46.97038269042969
7.21367073059082,-47.13265609741211
6.778383255004883,-45.8719596862793
9.71099853515625,-49.79584884643555
5.250748157501221,-49.0555305480957
6.617508411407471,-51.02138137817383
5.305028915405273,-47.22519302368164
5.653747081756592,-51.90744400024414
4.036923408508301,-45.23031234741211
8.967809677124023,-53.68058395385742
5.7619452476501465,-42.36072540283203
8.434168815612793,-45.25493621826172
5.562726020812988,-42.100032806396484
7.099258899688721,-47.98796844482422
4.872708320617676,-43.62568664550781
6.546866416931152,-46.29734420776367
7.396677017211914,-43.591758728027344
7.453506946563721,-45.55558395385742
7.565095901489258,-44.11225128173828
6.6817522048950195,-44.85250473022461
9.121149063110352,-51.831382751464844
8.038607597351074,-48.019752502441406
7.458436965942383,-46.530208587646484
8.278047561645508,-46.90812683105469
6.804318428039551,-47.7594108581543
7.984502792358398,-50.182857513427734
5.2524638175964355,-46.518985748291016
6.243160724639893,-44.32773208618164
8.26626205444336,-51.23847198486328
6.159970760345459,-44.518226623535156
5.278034687042236,-47.17207717895508
6.716437816619873,-49.37885284423828
7.28900671005249,-46.27410125732422
5.833724021911621,-46.849510192871094
7.65169095993042,-45.083274841308594
7.95109748840332,-52.09443283081055
6.018563747406006,-51.20528030395508
7.692836284637451,-49.53628158569336
6.717564582824707,-48.204322814941406
6.20563268661499,-45.263336181640625
6.472532749176025,-46.65972137451172
6.884278297424316,-43.067588806152344
7.648125648498535,-41.956390380859375
7.728541851043701,-46.848812103271484
6.923653602600098,-45.664310455322266
5.86515998840332,-52.329368591308594
5.577202796936035,-46.0638427734375
9.022541999816895,-47.38666534423828
6.593491554260254,-43.95885467529297
6.905884265899658,-46.190460205078125
7.223753452301025,-46.21147918701172
6.5503387451171875,-45.18890380859375
6.184659004211426,-46.27052307128906
8.8857421875,-50.33761978149414
6.156001091003418,-42.45802307128906
8.361981391906738,-46.8857421875
5.599656581878662,-46.62790298461914
7.132748603820801,-45.7062873840332
6.34525203704834,-45.77107238769531
7.686039924621582,-47.71042251586914
4.490793704986572,-45.62804412841797
6.162768840789795,-43.5506591796875
6.432391166687012,-48.91484069824219
6.691303253173828,-50.240386962890625
5.5613908767700195,-51.80287170410156
6.6261067390441895,-52.63672637939453
7.640877723693848,-51.309478759765625
6.825263023376465,-50.08717346191406
10.08850383758545,-46.99773406982422
6.14631986618042,-44.91421127319336
6.712295055389404,-46.23270797729492
7.610891819000244,-43.56956100463867
9.472887992858887,-49.54083251953125
7.154047012329102,-51.40331268310547
6.382218837738037,-46.65861129760742
7.604256629943848,-46.40824508666992
6.844925880432129,-44.28008270263672
8.609413146972656,-52.594512939453125
8.629776954650879,-49.4697151184082
9.14957046508789,-52.36128616333008
7.498224258422852,-47.95392608642578
6.653723239898682,-50.28705596923828
5.967166900634766,-46.04911422729492
6.581689357757568,-47.85734176635742
6.189774990081787,-46.76341247558594
6.592342376708984,-49.173606872558594
7.243986129760742,-43.93149185180664
6.4134135246276855,-46.55033874511719
8.417168617248535,-52.3177490234375
4.686611652374268,-44.27080154418945
5.876931667327881,-47.069637298583984
8.190329551696777,-42.724029541015625
6.54437255859375,-42.79274368286133
5.963647365570068,-44.07030487060547
7.833533763885498,-47.679134368896484
7.371927738189697,-45.920345306396484
7.382885932922363,-45.55021286010742
4.762633800506592,-45.66865158081055
5.697821140289307,-43.30286407470703
5.116415023803711,-44.98161697387695
6.812633037567139,-43.006385803222656
7.738062381744385,-43.40653991699219
6.227790832519531,-43.71505355834961
6.61039400100708,-48.38951110839844
6.751546859741211,-46.741939544677734
5.548559188842773,-46.032562255859375
8.934638023376465,-47.80819320678711
7.894496440887451,-50.077659606933594
5.929839611053467,-48.949005126953125
7.297166347503662,-45.05284881591797
6.964141845703125,-45.90562057495117
7.430179595947266,-52.080562591552734
6.2817769050598145,-46.8243408203125
6.136881351470947,-46.83906555175781
7.225170135498047,-47.56365966796875
5.954835414886475,-47.925743103027344
6.213965892791748,-48.52120590209961
7.060168266296387,-49.466033935546875
6.556621551513672,-50.493377685546875
8.517803192138672,-46.271793365478516
6.902496814727783,-47.61185836791992
6.700664520263672,-49.07546615600586
4.7818803787231445,-51.40214538574219
8.093191146850586,-51.68867111206055
8.540504455566406,-46.4035758972168
5.7517476081848145,-45.054054260253906
8.189837455749512,-53.462284088134766
6.6086015701293945,-48.4835205078125
7.390392780303955,-49.85455322265625
5.564305782318115,-48.78392028808594
8.476981163024902,-52.32302474975586
5.323812007904053,-50.51746368408203
7.491880416870117,-50.78626251220703
6.222143173217773,-47.76466751098633
6.057129859924316,-45.32311248779297
8.397680282592773,-46.48527145385742
5.6942973136901855,-51.103538513183594
6.984442234039307,-46.43621063232422
6.7760210037231445,-51.411434173583984
6.403553485870361,-42.33216094970703
6.32671594619751,-47.55379867553711
8.860221862792969,-44.206790924072266
9.226861000061035,-44.042396545410156
8.392297744750977,-44.59706497192383
7.061801910400391,-43.66218566894531
6.205399513244629,-44.69520950317383
7.704154968261719,-46.322200775146484
8.112972259521484,-47.79776382446289
5.5565667152404785,-44.2735481262207
4.764821529388428,-41.944854736328125
9.121515274047852,-54.93865203857422
8.013596534729004,-49.359169006347656
5.319535255432129,-43.430511474609375
6.2858147621154785,-49.80329895019531
7.465702056884766,-57.077552795410156
6.56864070892334,-47.1463737487793
7.051121711730957,-44.47919464111328
7.710965156555176,-50.31659698486328
5.229779243469238,-47.87288284301758
5.878940105438232,-44.4039421081543
4.491816997528076,-47.9724235534668
6.365157127380371,-44.49671936035156
4.823211669921875,-45.739498138427734
7.237758636474609,-47.33795928955078
7.818938255310059,-47.76118087768555
9.24962043762207,-49.59446334838867
7.513903617858887,-47.119712829589844
8.436257362365723,-43.71255111694336
8.304569244384766,-51.16733932495117
11.783479690551758,-51.51934814453125
7.1003031730651855,-43.58202362060547
8.055496215820312,-52.033103942871094
5.569873332977295,-51.970359802246094
8.228548049926758,-48.52500915527344
7.272123336791992,-48.70703125
8.46483325958252,-55.66621017456055
6.378063678741455,-50.52272033691406
8.423800468444824,-51.16943359375
7.750479698181152,-55.45856475830078
7.670513153076172,-52.32286071777344
6.179574489593506,-53.727378845214844
7.036983489990234,-47.235618591308594
7.563783645629883,-49.11506652832031
8.15574836730957,-50.085933685302734
6.828558921813965,-54.988563537597656
7.67750358581543,-50.70897674560547
6.290480613708496,-47.90920639038086
7.0923566818237305,-50.663692474365234
5.603428840637207,-51.23800277709961
8.347546577453613,-52.45222854614258
11.539237022399902,-54.768192291259766
8.198955535888672,-57.07373809814453
6.306310653686523,-49.84941864013672
6.558948516845703,-49.97606658935547
8.766095161437988,-52.999298095703125
8.212661743164062,-55.15544891357422
7.002737045288086,-57.171897888183594
7.6551361083984375,-50.437889099121094
8.350996017456055,-51.24986267089844
9.004900932312012,-53.2483024597168
8.528421401977539,-46.931236267089844
6.146315574645996,-43.05101013183594
7.987888336181641,-50.38849639892578
8.07596492767334,-52.81065368652344
7.53468132019043,-49.3735466003418
8.241029739379883,-50.230934143066406
6.539491653442383,-47.89879608154297
6.580323219299316,-50.19237518310547
8.359060287475586,-51.047767639160156
8.15888500213623,-42.906700134277344
9.291990280151367,-49.660614013671875
8.845614433288574,-51.06012725830078
6.569879055023193,-51.57672119140625
5.619015216827393,-53.72010803222656
6.685919761657715,-48.50611877441406
8.183536529541016,-51.13116455078125
6.2941203117370605,-53.664695739746094
8.366621971130371,-53.996620178222656
9.02712631225586,-46.00229263305664
8.077922821044922,-52.83012771606445
8.936753273010254,-54.82837677001953
6.761404037475586,-53.38558578491211
7.2889299392700195,-50.838348388671875
6.249675273895264,-49.08945083618164
5.819835662841797,-47.17815017700195
8.996723175048828,-50.14291000366211
7.808307647705078,-52.6569709777832
8.122337341308594,-51.45432662963867
6.761148929595947,-53.68064498901367
7.836346626281738,-52.96174621582031
7.579437255859375,-52.52716064453125
6.927300453186035,-47.85166549682617
8.454594612121582,-49.37239456176758
7.354748725891113,-46.89057922363281
7.7148213386535645,-44.11454391479492
6.14487361907959,-46.68776321411133
6.087212562561035,-55.85979080200195
8.648338317871094,-53.2593879699707
6.147490501403809,-46.574039459228516
8.10292911529541,-49.179420471191406
8.927483558654785,-51.89223098754883
7.513108253479004,-55.54497146606445
6.742502212524414,-50.8492431640625
7.632787227630615,-55.092262268066406
7.458813667297363,-52.22998809814453
10.191825866699219,-57.05246353149414
7.84488582611084,-49.404579162597656
7.187915325164795,-54.68376922607422
8.049873352050781,-51.139984130859375
6.50592041015625,-51.08006286621094
6.746765613555908,-55.41775894165039
6.2634687423706055,-53.88726043701172
7.40225887298584,-51.98741912841797
6.289906978607178,-49.12044906616211
6.330330848693848,-48.138404846191406
8.022626876831055,-45.46742248535156
8.780901908874512,-53.45890426635742
9.796603202819824,-55.237579345703125
5.348941326141357,-55.55196762084961
6.227596282958984,-47.3404655456543
9.356417655944824,-47.05310821533203
6.709627628326416,-49.186073303222656
4.365392684936523,-56.56748580932617
6.07106876373291,-50.980430603027344
6.147408485412598,-51.65804672241211
6.539308547973633,-52.08197021484375
6.5170135498046875,-52.78290939331055
5.806037425994873,-48.00141906738281
7.07363224029541,-50.27341842651367
8.844520568847656,-48.22751998901367
8.11755084991455,-50.69742965698242
6.253340721130371,-51.14812469482422
7.576025485992432,-53.23188400268555
8.495156288146973,-49.31553649902344
5.836195945739746,-50.77342987060547
5.715937614440918,-49.419708251953125
8.020624160766602,-51.762001037597656
11.18716049194336,-53.350162506103516
6.899904251098633,-52.98298263549805
7.044375419616699,-48.84595489501953
6.0601043701171875,-50.21297073364258
7.709821701049805,-50.63442611694336
6.767913341522217,-42.00657272338867
7.266265869140625,-52.83906555175781
6.221549034118652,-46.99008560180664
6.993005752563477,-46.472068786621094
6.668442726135254,-49.04076385498047
5.704791069030762,-52.00275802612305
6.667178630828857,-51.74374008178711
8.074132919311523,-48.35382080078125
6.768800258636475,-44.121559143066406
6.065886974334717,-53.078460693359375
7.652929782867432,-49.948463439941406
7.265699863433838,-50.00751876831055
10.449173927307129,-50.599979400634766
8.65408992767334,-50.31584548950195
9.312797546386719,-46.643131256103516
8.461847305297852,-45.840667724609375
7.849608898162842,-51.97221755981445
7.269951820373535,-46.977577209472656
5.886265277862549,-51.21377182006836
6.645756721496582,-49.171573638916016
8.10882568359375,-52.19082260131836
7.851756572723389,-55.306312561035156
6.510103702545166,-53.94286346435547
7.475210666656494,-52.038330078125
8.861204147338867,-50.439720153808594
5.511404037475586,-48.235877990722656
7.811217308044434,-53.83485412597656
6.555476665496826,-49.511390686035156
6.653960227966309,-47.21430206298828
6.90293025970459,-51.42900848388672
6.615335941314697,-55.82723617553711
6.9929423332214355,-53.09781265258789
7.2409467697143555,-50.321144104003906
10.106244087219238,-54.826507568359375
8.142770767211914,-45.65574264526367
6.1017961502075195,-51.718666076660156
8.513822555541992,-48.82707977294922
6.192296981811523,-47.783721923828125
7.852687358856201,-54.183189392089844
9.531499862670898,-54.98036575317383
6.427542209625244,-47.415584564208984
6.79028844833374,-55.29927062988281
6.202475547790527,-47.553279876708984
8.731151580810547,-54.171348571777344
7.462455749511719,-49.33648681640625
5.672199249267578,-51.21126174926758
8.73951244354248,-52.27756881713867
7.52974796295166,-49.496124267578125
7.392577171325684,-50.22447967529297
6.58016300201416,-51.208675384521484
8.267516136169434,-54.88425827026367
7.134912014007568,-51.050025939941406
6.965590953826904,-49.76937484741211
9.215326309204102,-53.84931182861328
6.210287570953369,-49.73737335205078
7.0397796630859375,-49.91014099121094
10.875699043273926,-53.08543014526367
8.466133117675781,-50.24708938598633
7.867571830749512,-49.067012786865234
6.325462818145752,-47.828407287597656
8.53553581237793,-49.59941864013672
8.170353889465332,-55.488853454589844
7.453263282775879,-49.64015579223633
6.938296318054199,-49.30080795288086
7.994792938232422,-49.364173889160156
6.424379348754883,-45.39582824707031
7.223033905029297,-48.7538948059082
6.808418273925781,-53.54800796508789
9.071158409118652,-48.51618957519531
7.322973251342773,-54.1364631652832
7.528594493865967,-54.514427185058594
5.638261795043945,-51.47883224487305
6.611359119415283,-53.73844528198242
8.18148422241211,-47.960426330566406
5.731910705566406,-51.897308349609375
6.484310150146484,-51.054405212402344
6.092890739440918,-53.31187057495117
7.977378845214844,-51.854488372802734
7.979928016662598,-53.15108108520508
9.004054069519043,-56.228675842285156
5.865678787231445,-54.696205139160156
8.202746391296387,-47.40904235839844
7.029110431671143,-50.94950866699219
6.710294723510742,-50.5279426574707
8.391092300415039,-49.834388732910156
7.340305328369141,-49.752079010009766
9.621997833251953,-49.013240814208984
7.306612491607666,-48.04080581665039
5.83400821685791,-48.39947509765625
8.314919471740723,-51.76198196411133
5.470335483551025,-50.157798767089844
6.926403522491455,-48.92565155029297
7.97391414642334,-55.269161224365234
8.020512580871582,-54.1739616394043
6.6570940017700195,-50.10763168334961
9.003710746765137,-51.83608627319336
8.624011993408203,-56.28070831298828
7.112737655639648,-47.17021560668945
7.901892185211182,-51.85157775878906
7.081179618835449,-47.93916702270508
6.500452995300293,-51.7828483581543
7.465860366821289,-53.15719985961914
8.979819297790527,-50.94230651855469
8.515263557434082,-51.387393951416016
6.068646430969238,-55.84270095825195
8.462560653686523,-47.710235595703125
5.471347808837891,-53.198707580566406
6.616095066070557,-54.772254943847656
6.945873737335205,-53.75847244262695
7.189250469207764,-52.797828674316406
5.909067630767822,-50.14671325683594
7.639028072357178,-56.035274505615234
9.568822860717773,-48.63142013549805
7.606131553649902,-55.44021224975586
8.635807991027832,-48.44089126586914
6.841436386108398,-46.73944854736328
9.810616493225098,-55.365966796875
9.842577934265137,-45.83877182006836
6.074647426605225,-47.83329391479492
6.86798620223999,-47.400848388671875
9.362271308898926,-50.20966339111328
5.153956890106201,-49.93863296508789
6.975363731384277,-49.71519088745117
6.949073791503906,-44.63923645019531
7.907834529876709,-49.53394317626953
6.34188175201416,-51.356407165527344
9.15259075164795,-51.744781494140625
7.040088653564453,-51.812679290771484
6.120553970336914,-48.2004280090332
5.786840438842773,-50.22447967529297
8.564067840576172,-55.189002990722656
6.799149513244629,-50.687252044677734
7.198426246643066,-46.07651138305664
8.739067077636719,-50.89904022216797
7.253547191619873,-53.19047927856445
5.4568705558776855,-48.28568649291992
7.358394622802734,-51.927101135253906
6.885593891143799,-52.64117431640625
7.721374988555908,-53.98368835449219
7.758669853210449,-55.543312072753906
6.083566665649414,-46.35365295410156
7.105042457580566,-54.19621276855469
5.36561918258667,-53.202484130859375
8.845230102539062,-52.664207458496094
6.899059295654297,-55.14358139038086
7.621420860290527,-56.857662200927734
6.30604887008667,-52.825408935546875
12.645977020263672,-55.78844451904297
9.580032348632812,-56.88262176513672
10.842338562011719,-56.905189514160156
12.51994514465332,-58.345558166503906
9.375348091125488,-54.05829620361328
11.60527229309082,-52.679725646972656
9.593748092651367,-56.3607177734375
7.896908760070801,-47.97166061401367
8.902968406677246,-49.40264129638672
7.663222312927246,-57.05259323120117
8.499013900756836,-54.706947326660156
12.072842597961426,-55.86323928833008
8.053442001342773,-52.74713134765625
7.707785606384277,-48.85920715332031
9.028470993041992,-50.46531677246094
7.685555458068848,-46.955718994140625
7.839219570159912,-51.9447135925293
5.129547119140625,-50.289737701416016
9.802082061767578,-55.18751525878906
10.489076614379883,-49.8946418762207
7.906490325927734,-49.25084686279297
5.143828868865967,-50.96860885620117
6.577884674072266,-55.43370819091797
7.13224983215332,-49.90141296386719
5.92036247253418,-49.063629150390625
7.7027764320373535,-53.29780578613281
6.918618202209473,-51.45868682861328
7.454023838043213,-46.57246017456055
7.07105016708374,-53.74298858642578
9.357630729675293,-54.014034271240234
8.314228057861328,-50.49191665649414
8.53471851348877,-55.52540969848633
5.901440620422363,-52.45942306518555
8.117795944213867,-54.088836669921875
7.013647079467773,-60.32318115234375
9.036748886108398,-53.22792053222656
7.769351959228516,-56.09468460083008
6.866092205047607,-51.906494140625
8.184950828552246,-54.83357238769531
6.145936965942383,-52.72621154785156
10.52173137664795,-56.1951904296875
6.114185333251953,-52.05405044555664
7.423053741455078,-55.5833740234375
8.373190879821777,-54.70609664916992
10.14082145690918,-51.373863220214844
8.739925384521484,-50.175079345703125
9.659504890441895,-56.4892463684082
8.565295219421387,-48.35817337036133
10.176460266113281,-53.627925872802734
6.143627166748047,-52.27477264404297
8.006675720214844,-60.03388595581055
9.042354583740234,-58.578147888183594
7.028153419494629,-55.45069885253906
5.529738903045654,-50.17307662963867
6.997544288635254,-57.04539489746094
6.3159661293029785,-49.654029846191406
7.889030933380127,-49.964881896972656
6.783965110778809,-53.49165344238281
5.096923351287842,-47.84947204589844
7.1737165451049805,-50.28862762451172
7.543539047241211,-58.497711181640625
7.359866619110107,-57.0118408203125
8.525093078613281,-54.060604095458984
6.152012348175049,-54.58024597167969
6.94724178314209,-49.5430908203125
7.301159858703613,-52.69050598144531
7.721285820007324,-54.0738639831543
7.30696964263916,-54.081729888916016
8.959651947021484,-52.981895446777344
5.844192981719971,-54.32452392578125
7.170276165008545,-54.881256103515625
5.766537189483643,-55.92597579956055
7.8638014793396,-49.84104537963867
9.684176445007324,-54.635196685791016
6.845545768737793,-51.182861328125
6.690676212310791,-56.489253997802734
6.357470512390137,-53.39689636230469
7.367519855499268,-53.825714111328125
8.635086059570312,-51.90821838378906
7.478365898132324,-54.886390686035156
7.57073974609375,-52.67671203613281
6.630978584289551,-56.97794723510742
7.903373718261719,-50.48685836791992
8.991863250732422,-51.20255661010742
7.234348773956299,-48.443416595458984
7.9358391761779785,-50.94422912597656
7.451584815979004,-52.91832733154297
9.41096305847168,-56.484649658203125
7.368790149688721,-56.713218688964844
8.352346420288086,-53.51941680908203
7.571582794189453,-48.097389221191406
9.137043952941895,-49.48233413696289
5.945384979248047,-54.89979553222656
9.096102714538574,-52.60061264038086
7.259114742279053,-54.75874710083008
9.312908172607422,-55.678375244140625
7.427774429321289,-54.02443313598633
8.982603073120117,-53.827110290527344
7.478597164154053,-51.13023376464844
9.030187606811523,-53.8140983581543
7.822510719299316,-52.95281982421875
8.480697631835938,-54.12022399902344
8.895370483398438,-55.147090911865234
7.764280319213867,-52.631160736083984
7.429287910461426,-52.96798324584961
4.104674339294434,-52.307254791259766
7.685801982879639,-52.85919952392578
7.179104328155518,-46.798675537109375
6.550350666046143,-49.92558288574219
5.1161417961120605,-51.626930236816406
7.886261940002441,-58.991310119628906
6.777667045593262,-52.70846939086914
8.833235740661621,-53.415523529052734
6.072385787963867,-54.03241729736328
8.819059371948242,-50.46934127807617
7.946521759033203,-51.84449768066406
8.673728942871094,-51.43865203857422
7.081858158111572,-51.82605743408203
7.451162815093994,-50.279151916503906
8.141060829162598,-50.886817932128906
10.841255187988281,-56.84260940551758
7.491151809692383,-51.51068115234375
7.3400349617004395,-54.98005676269531
7.981706142425537,-50.0153923034668
7.050880432128906,-52.94277572631836
9.47884750366211,-55.11878967285156
9.829193115234375,-49.98823547363281
7.229633331298828,-54.13475036621094
6.234121322631836,-57.281517028808594
6.2852463722229,-54.752559661865234
9.593962669372559,-55.75471496582031
6.874146461486816,-51.13829040527344
8.312323570251465,-57.63954544067383
7.930682182312012,-53.98033142089844
8.710589408874512,-53.714576721191406
5.673406600952148,-51.67308044433594
8.953741073608398,-51.3061408996582
6.075051784515381,-51.523033142089844
7.055516242980957,-56.108028411865234
6.078799247741699,-53.906192779541016
7.472048759460449,-51.271240234375
8.620923042297363,-57.16376495361328
6.632788181304932,-55.72890090942383
7.84410285949707,-55.570960998535156
6.082406997680664,-52.99979019165039
7.781412124633789,-57.33489990234375
8.869975090026855,-55.77095413208008
5.814999580383301,-53.88369369506836
7.344696998596191,-55.03679275512695
9.830011367797852,-53.47391128540039
8.087133407592773,-55.131595611572266
6.007146835327148,-50.674137115478516
7.528479099273682,-51.310813903808594
6.964022159576416,-51.18285369873047
7.076117992401123,-54.11988830566406
9.05948543548584,-49.99593734741211
7.996829032897949,-53.613487243652344
7.9673171043396,-52.12773895263672
5.706848621368408,-51.14805603027344
8.7150239944458,-58.04757308959961
10.10446548461914,-54.54749298095703
5.77586555480957,-52.734500885009766
10.919713973999023,-52.75324249267578
9.162869453430176,-54.687705993652344
6.381200790405273,-52.36638259887695
8.037343978881836,-49.85539627075195
5.950262546539307,-52.19630813598633
8.367530822753906,-56.12125778198242
7.188161849975586,-55.0533561706543
5.793478488922119,-57.778106689453125
6.345793724060059,-52.01461410522461
7.852210521697998,-59.728981018066406
6.544350624084473,-48.6337890625
8.88624382019043,-58.29599380493164
6.730398654937744,-59.110076904296875
7.507324695587158,-55.37408447265625
7.186656951904297,-58.36114501953125
7.6221232414245605,-56.79969787597656
6.47389030456543,-53.995418548583984
6.939119815826416,-51.899417877197266
8.765480995178223,-61.031333923339844
6.871403217315674,-54.61998748779297
7.598358154296875,-50.23283386230469
7.001481533050537,-51.1755485534668
8.167774200439453,-56.614227294921875
8.483198165893555,-53.762813568115234
6.594099998474121,-53.83702850341797
9.29930591583252,-54.713134765625
9.783853530883789,-48.397525787353516
7.388872146606445,-51.10183334350586
8.41248893737793,-54.83386993408203
6.6309814453125,-53.292945861816406
9.824407577514648,-56.41017150878906
9.214570999145508,-54.990135192871094
6.745696067810059,-55.66225814819336
7.907909393310547,-51.85388946533203
8.055296897888184,-53.61777114868164
6.605124473571777,-51.85255813598633
9.019538879394531,-52.532676696777344
6.406033515930176,-52.60886764526367
6.328764915466309,-51.38444519042969
7.567057132720947,-54.73887252807617
8.858488082885742,-54.66206359863281
6.6656174659729,-51.956722259521484
8.97983455657959,-54.535072326660156
5.89642333984375,-56.01811981201172
6.908369064331055,-50.96916198730469
7.887869834899902,-49.1683235168457
8.080551147460938,-53.57135772705078
7.4804582595825195,-49.920997619628906
7.985350608825684,-53.80464172363281
5.135986328125,-54.50344467163086
5.720040321350098,-56.10706329345703
7.895377159118652,-53.72249984741211
7.539609909057617,-54.1546745300293
8.096208572387695,-52.86656951904297
8.995104789733887,-49.48792266845703
5.551847457885742,-49.34566879272461
9.385725021362305,-60.27456283569336
7.833690643310547,-50.21433639526367
8.972259521484375,-54.59746551513672
9.142602920532227,-55.0728759765625
8.339517593383789,-53.3253288269043
6.605156898498535,-63.30339813232422
6.84067440032959,-50.243770599365234
7.873647689819336,-51.858238220214844
8.055091857910156,-51.04998779296875
10.502333641052246,-55.807525634765625
7.733944416046143,-51.84356689453125
7.131282329559326,-48.94453048706055
5.655271530151367,-55.64702606201172
9.928373336791992,-55.950923919677734
7.267333984375,-52.75904846191406
8.072644233703613,-54.97209548950195
