timestamp,electricity_price_eur_per_kwh,electricity_demand_kw,renewable_generation_kw,hour_of_day,day_of_week,demand_forecast_1h_kw,renewable_forecast_1h_kw,rolling_average_price_24h
2024-07-01 00:00:00,0.11289927766797572,44.16472579218162,4.963246939436673,0,0,43.45368937978719,0.0,0.11289927766797572
2024-07-01 01:00:00,0.10372695055487942,39.88205433346808,0.15945237389758368,1,0,43.311614496862624,0.0,0.10831311411142758
2024-07-01 02:00:00,0.10984071190985906,45.70958407166192,3.8192178170515705,2,0,43.884042412732974,0.0,0.10882231337757141
2024-07-01 03:00:00,0.11276075220557967,46.67905635641213,0.0,3,0,46.73444466153201,0.0,0.10980692308457346
2024-07-01 04:00:00,0.10913185832568176,38.43133062798221,4.923359731363416,4,0,44.81603632839343,0.0,0.10967191013279512
2024-07-01 05:00:00,0.11154487875780908,42.59023320431213,0.9576954608711385,5,0,49.56136636836377,0.0,0.10998407157029745
2024-07-01 06:00:00,0.09801364956810697,50.26736804036089,1.5217566917513052,6,0,50.46531634403596,22.724368585343193,0.10827401128427025
2024-07-01 07:00:00,0.09262927160341526,51.88389554013552,20.463387701360787,7,0,54.64974130693569,40.514975453904725,0.10631841882416337
2024-07-01 08:00:00,0.10111141079017509,54.142863746658676,36.873057851390584,8,0,52.543131957376495,52.34451800491811,0.10573986237594245
2024-07-01 09:00:00,0.09785987790832544,50.20444911062192,54.642462175301034,9,0,52.13326619204303,69.41781546103876,0.10495186392918074
2024-07-01 10:00:00,0.0867167007482976,52.80885344646829,65.3812230237774,10,0,47.15258896506758,75.51711288756624,0.10329412182182773
2024-07-01 11:00:00,0.09033587991963443,49.65116959953901,78.00944834264887,11,0,44.84143730141207,76.37781837856846,0.1022142683299783
2024-07-01 12:00:00,0.09480480998477961,45.94041380041398,76.57374049201637,12,0,45.59188081391515,71.21871127169244,0.10164430999573225
2024-07-01 13:00:00,0.0998636187732552,49.69247277235829,69.41326182611347,13,0,51.62777554481589,67.88634072952925,0.1015171177655553
2024-07-01 14:00:00,0.11240276213576124,49.67695701280809,61.052305784277685,14,0,48.72058915242384,59.87141754242791,0.1022428273902357
2024-07-01 15:00:00,0.0988723841617909,49.11101449307491,48.60483847891196,15,0,55.453303345368994,38.6830205993554,0.1020321746884579
2024-07-01 16:00:00,0.12755043631249677,57.88833805566417,40.80511793981714,16,0,61.854496145123,22.798913445826678,0.10353324890163665
2024-07-01 17:00:00,0.1671882264747395,58.71405573447007,15.972420021551642,17,0,64.43030344293692,0.0,0.10706963654458682
2024-07-01 18:00:00,0.21735558813468212,68.51419730028033,1.0503002154349934,18,0,68.16730736071783,2.5811378160751075,0.11287416031248657
2024-07-01 19:00:00,0.2222837851716768,67.02618110003391,0.4780108112199465,19,0,65.59014463422011,0.0,0.11834464155544608
2024-07-01 20:00:00,0.21029549125496083,65.1115559470971,0.0,20,0,62.29400915147299,0.0,0.12272325344589916
2024-07-01 21:00:00,0.1868811308449069,59.60306480411969,1.534418211838293,21,0,56.94030172850169,0.0,0.1256395206003995
2024-07-01 22:00:00,0.17449936156008924,60.616777741702016,0.5540623798168417,22,0,51.63059718621334,0.3703301728176134,0.12776386151169036
2024-07-01 23:00:00,0.12318206774750526,51.342193629387815,0.0,23,0,40.58333259746733,3.0313483744789886,0.12757295343818267
2024-07-02 00:00:00,0.13312025247576698,41.79433103699236,0.0,0,1,43.537537262771814,0.0,0.12841549405517397
2024-07-02 01:00:00,0.1052516742835574,42.0585250428222,1.4878609692220086,1,1,39.75667150423998,0.0834829900425023,0.12847902421053556
2024-07-02 02:00:00,0.1176086057022518,44.98687856979884,5.740989837642495,2,1,42.30067623164742,0.0,0.12880268645188522
2024-07-02 03:00:00,0.09803155482226912,44.81401920087216,5.9026016580387415,3,1,45.628402734666665,4.370594235628496,0.1281889698942473
2024-07-02 04:00:00,0.1128245878860406,45.97073651972852,0.0,4,1,49.11193162863527,4.201930658834505,0.1283428336259289
2024-07-02 05:00:00,0.10916289156594274,48.11118376684363,0.0,5,1,54.53245993173612,0.0,0.12824358415960116
2024-07-02 06:00:00,0.12647270774323593,56.68690000395792,0.0,6,1,52.014712809773734,15.724002352021696,0.12942937825023154
2024-07-02 07:00:00,0.10121386086569222,51.57069271415108,25.289549965018825,7,1,52.44172712117905,33.518830533948055,0.12978706946949306
2024-07-02 08:00:00,0.1202416328745383,52.53279964859035,42.12398189211799,8,1,53.95410571152462,56.24846791492847,0.13058416205634152
2024-07-02 09:00:00,0.08017794358161588,50.30546587941104,55.78598164497191,9,1,53.710066487511405,67.19938099789411,0.12984741479272863
2024-07-02 10:00:00,0.10437706063130943,51.941263010095696,67.4020944222085,10,1,50.203073922635056,72.33985153066885,0.13058326312118748
2024-07-02 11:00:00,0.0888685134290549,50.75029567382009,79.3610850943075,11,1,43.634306088681186,77.91912711101195,0.13052212285074663
2024-07-02 12:00:00,0.0716862804342958,45.33983263466935,81.3976085088566,12,1,45.779631466082854,71.08396658750428,0.12955885078614315
2024-07-02 13:00:00,0.10903826672397869,43.372149114727364,78.58203268138077,13,1,49.857010614839254,69.04654739357878,0.12994112778408998
2024-07-02 14:00:00,0.11763999238280631,45.51793615833644,68.41914191703569,14,1,53.67552161012086,53.488456376113646,0.13015934571105017
2024-07-02 15:00:00,0.08976355518059566,53.91799622628719,53.33662499265124,15,1,57.86740832523846,35.55089976700644,0.12977981117016704
2024-07-02 16:00:00,0.14362783184514777,59.062097825398055,41.263922075659515,16,1,60.86033182005149,18.942311043638732,0.1304497026506942
2024-07-02 17:00:00,0.17913192185280807,63.495922646646356,22.826098870526458,17,1,66.84443570285858,0.0,0.13094735662478035
2024-07-02 18:00:00,0.21777758446128212,63.548874203720096,0.0,18,1,69.01999455589076,1.0221634315281618,0.13096493980505539
2024-07-02 19:00:00,0.24468719540843817,67.90420917995029,0.0,19,1,63.81442429008773,3.2647932214882043,0.1318984152315871
2024-07-02 20:00:00,0.2295924623474151,66.05185903063912,3.966596443453734,20,1,64.41786007538028,3.1195750359557173,0.13270245569377268
2024-07-02 21:00:00,0.19228053681679852,62.45719178669201,5.824406380693623,21,1,58.66391341682132,0.4469682494811979,0.1329274309426015
2024-07-02 22:00:00,0.19543069015627987,59.468566478326196,0.0,22,1,50.32811390389146,0.0,0.13379956963410944
2024-07-02 23:00:00,0.15156504441114657,52.52754265903383,0.0,23,1,44.99187879136968,0.0,0.13498219366176115
2024-07-03 00:00:00,0.10078299246258668,45.31458253648085,1.2282657675914428,0,2,44.78865878208991,0.0,0.13363480782787865
2024-07-03 01:00:00,0.09837158062500559,43.378684493485466,1.703096492120137,1,2,44.96287354831201,0.0,0.13334813725877234
2024-07-03 02:00:00,0.1199185350071904,44.18575031857255,0.0,2,2,46.77362337052495,0.0,0.1334443843131448
2024-07-03 03:00:00,0.0954761628434779,45.64179958432692,6.5923222062041535,3,2,44.60614767121815,3.411348433343699,0.1333379096473618
2024-07-03 04:00:00,0.10004479690251314,39.9641726058197,1.477333429408099,4,2,47.372678255600704,0.0,0.1328054183563815
2024-07-03 05:00:00,0.10197575222769802,45.68668773161152,1.859841929646935,5,2,44.533250237588554,2.0918407818772136,0.13250595421728797
2024-07-03 06:00:00,0.1087719477319323,48.30551425417198,6.156094285291139,6,2,55.07994522646708,18.583555775239297,0.1317684225501503
2024-07-03 07:00:00,0.10127612352403827,50.803890718939634,18.362876235121043,7,2,56.18822828353612,36.61932344944975,0.13177101682758138
2024-07-03 08:00:00,0.0858192193117005,53.26860024443036,38.20116278329205,8,2,55.59868628611018,56.155730712012996,0.1303367495957965
2024-07-03 09:00:00,0.11202757060734957,57.67042987249079,50.07569016151595,9,2,48.07384711025153,67.47981972441735,0.1316638173885354
2024-07-03 10:00:00,0.08813179088351177,47.17654835437221,66.09921795650699,10,2,49.03875417543995,75.29909022492367,0.1309869311490438
2024-07-03 11:00:00,0.11168309958825223,50.21315413854246,69.18566355279499,11,2,47.71904215877734,76.75876678670492,0.13193753890567705
2024-07-03 12:00:00,0.0875540809018892,40.29636029673085,79.63882144135616,12,2,44.7358956822648,76.60720213268294,0.13259869725849344
2024-07-03 13:00:00,0.10081996609623928,44.966096811789456,75.86689851181373,13,2,50.245283969213,68.50780864278141,0.13225626806567095
2024-07-03 14:00:00,0.10302595783416488,48.654164923620904,65.73270203475963,14,2,52.739259794050554,48.36722156736058,0.13164734995947755
2024-07-03 15:00:00,0.13043067937595662,53.68908983233431,54.11083498572919,15,2,53.26473999682545,37.78980499541479,0.13334181346761761
2024-07-03 16:00:00,0.14835048715217106,58.93668859962065,41.17580680400149,16,2,62.90386969574602,22.775866096466434,0.1335385907720769
2024-07-03 17:00:00,0.1768003107920244,64.27361920744598,15.959305619362485,17,2,64.12117060692374,0.0,0.13344144031121094
2024-07-03 18:00:00,0.22587213822652802,64.53966410258539,0.7145875360838408,18,2,63.78650818365015,0.0,0.13377871338476283
2024-07-03 19:00:00,0.25163885825799237,65.65884627634665,2.448284322605606,19,2,66.38865005925857,0.0,0.13406836600349425
2024-07-03 20:00:00,0.216979110334944,68.40106632814818,0.0,20,2,61.60380593770072,1.458060404912547,0.1335428096696413
2024-07-03 21:00:00,0.20072963747201153,61.122293504274474,2.397283019957068,21,2,59.464700597690275,0.0,0.13389485553027516
2024-07-03 22:00:00,0.16114881847983936,52.574877220947116,0.0,22,2,52.1525542117723,3.6202495271705586,0.1324664442104235
2024-07-03 23:00:00,0.14203064861041842,48.16259688488019,0.0,23,2,44.67791378261812,5.1621417452384,0.13206917771872648
2024-07-04 00:00:00,0.10550586909564015,40.178627813938924,0.0,0,3,44.158866197714616,0.0,0.1322659642451037
2024-07-04 01:00:00,0.07910683713442097,44.73216184658636,5.009363027515052,1,3,45.281298946643496,0.0,0.13146326659966268
2024-07-04 02:00:00,0.10259619635864897,43.69514659268372,0.0,2,3,41.8276785660564,0.0,0.1307415024893068
2024-07-04 03:00:00,0.11779632082469936,45.81004638915375,0.0,3,3,45.002960484076496,1.8508254334185894,0.13167150907185768
2024-07-04 04:00:00,0.09577917677679201,43.23867875557422,0.46673249558710467,4,3,46.40697981230379,0.0,0.13149377489995265
2024-07-04 05:00:00,0.11809775087190838,47.19577862989367,0.0,5,3,51.09688951007977,0.0,0.1321655248434614
2024-07-04 06:00:00,0.11349882898840033,51.791412003097705,0.0,6,3,53.33874198133995,23.111272183436334,0.13236247822914757
2024-07-04 07:00:00,0.10129973750932673,51.83720690070686,21.736967950445084,7,3,52.89979571087738,34.71779793999961,0.13236346214520125
2024-07-04 08:00:00,0.11249265469286257,55.58955220303276,31.467061373498446,8,3,52.18956659119699,49.93579000746661,0.133474855286083
2024-07-04 09:00:00,0.10625499227423155,50.74727065962074,50.73171900088086,9,3,53.22302933616169,60.19843883653479,0.13323433118886976
2024-07-04 10:00:00,0.09803113952330957,48.76425161007566,64.56210657517488,10,3,43.704777161920454,77.81265423219583,0.13364680404886134
2024-07-04 11:00:00,0.0996346787960233,45.87191813754837,77.0629555308679,11,3,47.07908897412539,79.78162926492686,0.1331447865158518
2024-07-04 12:00:00,0.0863433806498341,41.8336726945098,81.40875546869069,12,3,48.49943749570326,73.43229055431195,0.13309434067201617
2024-07-04 13:00:00,0.06587748388754508,47.57485684075109,78.11491502397142,13,3,49.269845414782964,63.00468321301692,0.13163840391332057
2024-07-04 14:00:00,0.09091816918640754,46.61008362112947,66.03891225502981,14,3,55.73401086907391,56.69403485878356,0.13113391271966401
2024-07-04 15:00:00,0.09299717504511873,51.831975546406525,45.86298354813876,15,3,58.516610832927256,46.150399715733634,0.12957418337254575
2024-07-04 16:00:00,0.1493947971115015,58.17796884727572,39.80529366633728,16,3,62.48197147677491,19.23668940592084,0.12961769628751788
2024-07-04 17:00:00,0.18141836926755486,63.14262381259534,25.043622840689277,17,3,64.70094121143792,0.0,0.12981011539066498
2024-07-04 18:00:00,0.22367404571298388,67.76363267698662,4.318266427347498,18,3,67.92252290172843,3.4767396876259826,0.12971852820260063
2024-07-04 19:00:00,0.22964748024273773,66.80203445693641,1.6203215341030193,19,3,66.99772334299477,0.0,0.12880222078529838
2024-07-04 20:00:00,0.22771051372680318,64.27980490407728,0.0,20,3,61.720284187109506,0.0,0.12924936259329248
2024-07-04 21:00:00,0.1750044481392729,61.45818506348847,0.0,21,3,55.15023623163263,0.0,0.12817747970442836
2024-07-04 22:00:00,0.1523460772674826,51.23641926145607,6.768350395609861,22,3,49.35948663217174,0.0,0.1278106988205802
2024-07-04 23:00:00,0.11795352366635399,47.13717205243075,0.0,23,3,43.47224809943417,0.0,0.12680748528124416
2024-07-05 00:00:00,0.10070001105105107,38.86879556913813,0.0,0,4,40.161174249579304,3.5247319874897998,0.12660724119605296
2024-07-05 01:00:00,0.12439477259413889,39.930616816817704,3.298930429078495,1,4,42.27685805787101,0.0,0.12849423850687455
2024-07-05 02:00:00,0.11811728315976343,44.49922096230104,0.0,2,4,38.7175715139113,2.183466958889546,0.12914095045692095
2024-07-05 03:00:00,0.11293903843953627,40.68351947851283,0.0,3,4,46.252483482621756,0.0,0.1289385636908725
2024-07-05 04:00:00,0.10278221351280714,43.37632625045322,5.347899125530555,4,4,48.977104236318695,0.35102048781848394,0.12923035688820647
2024-07-05 05:00:00,0.09714032295919296,50.82654137089173,1.6136959235079893,5,4,49.92797806245524,1.4622190239575612,0.12835713072517665
2024-07-05 06:00:00,0.11037847645256543,48.630037234533795,0.0,6,4,56.47059309105936,19.70636266815077,0.12822711603618356
2024-07-05 07:00:00,0.11692573386144492,55.16772484643444,15.845820019718339,7,4,56.803204146809726,36.545055897219456,0.12887819921752178
2024-07-05 08:00:00,0.10654132794057297,51.12085406634557,45.52483110081059,8,4,53.805564300856574,51.974014592606096,0.12863022726950973
2024-07-05 09:00:00,0.07905432428124566,52.18859268538574,54.16210674583923,9,4,49.680154396787586,67.86472146343327,0.12749686610313532
2024-07-05 10:00:00,0.09423990543432317,46.86651254289816,71.33022601799499,10,4,46.37524236010466,68.7788521825273,0.12733889801609422
2024-07-05 11:00:00,0.06448393805786215,45.98913275498935,77.23143746295204,11,4,46.76590090864284,81.41667652219499,0.12587428381867086
2024-07-05 12:00:00,0.09355640681204322,48.329904799786526,74.89466078878031,12,4,45.71465041997679,74.4728208946956,0.12617482657542956
2024-07-05 13:00:00,0.07729738330661279,40.46967874754985,72.30842615435476,13,4,49.18919071262122,65.49487205082305,0.12665065571789072
2024-07-05 14:00:00,0.08077816286576017,49.482885968653065,71.50167994212048,14,4,53.017460793671745,54.99272558568911,0.1262281554545304
2024-07-05 15:00:00,0.12446517207126356,52.533307493469344,59.36649877562228,15,4,56.16098024268466,36.69487434610481,0.12753932199728643
2024-07-05 16:00:00,0.14821895324320572,54.71885888007521,31.78970221087824,16,4,63.88585488007362,19.35749713643177,0.12749032850277411
2024-07-05 17:00:00,0.17345275874500976,57.06689811478459,21.780262858804335,17,4,65.157857013857,0.0,0.12715842806433472
2024-07-05 18:00:00,0.24107452187604708,65.84577395248621,0.0,18,4,67.14042430418534,1.0502406146677727,0.12788344790446235
2024-07-05 19:00:00,0.23161999950210865,65.40337053789052,0.0,19,4,63.65986950149798,0.0,0.12796563620693616
2024-07-05 20:00:00,0.2095194953578975,66.35948257848176,0.9161113315101909,20,4,61.15260906793122,0.5249131081742007,0.12720767710823175
2024-07-05 21:00:00,0.20045971894840534,61.76376940359209,0.0,21,4,60.93284556160072,4.152791569958838,0.1282683133919456
2024-07-05 22:00:00,0.16694609331013355,61.742141101876825,0.0,22,4,49.94771802597232,0.0,0.12887664739372273
2024-07-05 23:00:00,0.1539790024981849,50.98255315579908,0.0,23,4,34.959167214712146,0.0,0.13037770901171566
2024-07-06 00:00:00,0.09637169288668689,30.80855051757397,0.0,0,5,33.19513252594502,0.0,0.13019736242153382
2024-07-06 01:00:00,0.0975588312045512,34.677796862294365,0.0,1,5,29.77444859904587,1.540090166468948,0.1290791981969677
2024-07-06 02:00:00,0.07569001604916357,34.9062409907874,0.0,2,5,35.681301467530425,0.0,0.1273113954006927
2024-07-06 03:00:00,0.09372783299587864,38.91276086172614,5.5061266010565415,3,5,34.45650607079018,0.04856989434413442,0.12651092850720697
2024-07-06 04:00:00,0.09228646600483176,38.24111057559764,1.7264913168794385,4,5,38.28940141595072,0.0,0.12607360569437465
2024-07-06 05:00:00,0.0805600534626296,38.79330637254647,6.280970599337192,5,5,42.73182803236581,0.0,0.12538276113201785
2024-07-06 06:00:00,0.09028104853507703,45.43495935912467,0.0,6,5,44.25917996100766,26.80173377734654,0.12454536830212248
2024-07-06 07:00:00,0.09682665320258618,39.98594141879836,17.89209065688969,7,5,45.74733649947789,38.382504144793636,0.12370790660800339
2024-07-06 08:00:00,0.08957067487733401,43.043533902869704,44.429952338852644,8,5,42.09242118823972,54.95997507841238,0.12300079606370178
2024-07-06 09:00:00,0.069137417452452,40.86325802335619,52.10651884757038,9,5,42.30254200561965,63.10472858330558,0.122587591612502
2024-07-06 10:00:00,0.07770597267056983,39.641499913805276,65.67108460385923,10,5,37.676978735582324,76.42088249593105,0.12189867774734563
2024-07-06 11:00:00,0.06982757889417984,33.65095109098267,76.46274939879949,11,5,32.62636971061352,76.20529210571931,0.12212132944885885
2024-07-06 12:00:00,0.07422836309114532,38.655709955020676,72.21895504721363,12,5,38.63390112448094,75.19086112521332,0.12131599429382145
2024-07-06 13:00:00,0.07463986702614644,36.26829963634101,76.43211485883667,13,5,41.34100418046306,68.82164168337927,0.12120526444880203
2024-07-06 14:00:00,0.0785162629186532,34.368458332189526,68.33682141239727,14,5,45.71710664241471,53.83878594531854,0.12111101861767258
2024-07-06 15:00:00,0.0972420427973969,39.50500867143363,58.57236655026175,15,5,51.94409290840912,36.3799142111188,0.11997672156459478
2024-07-06 16:00:00,0.13031309025281188,48.6056912154373,41.39065344866254,16,5,54.223660509374874,13.295192552393718,0.11923064393999505
2024-07-06 17:00:00,0.170219692255878,55.35859643138138,24.36277976000109,17,5,57.62521192863062,0.0,0.11909593283628123
2024-07-06 18:00:00,0.20325874537675373,62.98680654650726,0.0,18,5,60.263150856096544,0.0,0.117520275482144
2024-07-06 19:00:00,0.2310778780960451,67.40441526340986,0.0,19,5,54.823236574074656,0.0,0.11749768709022468
2024-07-06 20:00:00,0.20395228712078683,57.923337053921614,7.384948949291768,20,5,49.332211840919086,4.0686406132524935,0.11726572008034507
2024-07-06 21:00:00,0.18793532180861058,49.50962871910683,0.0,21,5,46.64473919793276,2.7517461240313095,0.1167438701995203
2024-07-06 22:00:00,0.1580604121506507,40.77620871660142,0.0,22,5,45.2852876837105,0.0,0.11637363348454183
2024-07-06 23:00:00,0.1395507376805105,43.587476008504744,1.9779481417809093,23,5,32.745606603122795,0.4303893107134857,0.1157724557838054
2024-07-07 00:00:00,0.07916225267906693,31.466393362498636,5.687451168620724,0,6,35.01939837928014,0.0,0.11505539577515457
2024-07-07 01:00:00,0.10076886709787143,32.75903397138691,0.6634279606995777,1,6,35.33290858103647,1.0270230455690477,0.1151891472707096
2024-07-07 02:00:00,0.10761828360587386,32.22760421861412,3.4975629489577207,2,6,35.035953269368314,0.0,0.11651949175223919
2024-07-07 03:00:00,0.10977994142412263,34.096892157952055,0.0,3,6,32.99755225186184,0.0,0.117188329603416
2024-07-07 04:00:00,0.08371303049984744,38.96395370071919,0.0,4,6,38.320792849020144,2.6965102958592246,0.11683110312404166
2024-07-07 05:00:00,0.10073918122433345,38.13793677262088,0.0,5,6,39.89334555325377,2.294154642428073,0.11767190011411266
2024-07-07 06:00:00,0.09340654379202352,40.22882100222601,2.7314383538003097,6,6,47.17976795057047,23.993642841478,0.11780212908315209
2024-07-07 07:00:00,0.11376234667566859,40.45995355711663,14.35178864313555,7,6,47.34855810706707,37.57936708756858,0.11850778297786385
2024-07-07 08:00:00,0.07297537057672876,39.715815758142696,33.71473552975005,8,6,43.0397772575534,49.92886352268712,0.11781631196533864
2024-07-07 09:00:00,0.07685113877438603,42.25617810034696,55.80380505346307,9,6,44.404426614414085,68.72162237217223,0.11813771702041924
2024-07-07 10:00:00,0.05925696876938501,40.70084949481286,69.85838520802828,10,6,38.72783195527433,76.367659615512,0.11736900852453654
2024-07-07 11:00:00,0.07717927180705532,43.69778486014624,73.21542674349301,11,6,33.26401623585803,78.13336020384084,0.11767532906257301
2024-07-07 12:00:00,0.09907228404600694,37.02416776745556,78.36980674610842,12,6,36.8068640749721,71.68931252973229,0.11871049243569225
2024-07-07 13:00:00,0.07308137686101386,40.108241075858615,75.65407370635108,13,6,42.32965670405032,63.143753599643766,0.11864555534547838
2024-07-07 14:00:00,0.08466801953428642,37.461354932800496,65.38800596791758,14,6,41.09924709919499,55.505416793295325,0.11890187853779643
2024-07-07 15:00:00,0.10925286936595557,38.94710405229104,50.17324764599629,15,6,47.45002946685295,35.70587313764821,0.11940232964481971
2024-07-07 16:00:00,0.12811093337691037,44.49813563798082,40.164221414960565,16,6,49.9409611521195,18.904773138756944,0.11931057310832381
2024-07-07 17:00:00,0.1630562834257682,50.339930381132696,21.912933203909912,17,6,54.179064133550995,8.138228195827832,0.11901209774040257
2024-07-07 18:00:00,0.20189814038927992,63.39243321041382,3.129085410815915,18,6,56.395638257906256,5.961056195081668,0.11895540586592451
2024-07-07 19:00:00,0.19079339899194434,55.43568037219612,1.092232484276141,19,6,54.126492751383225,2.2195323837411225,0.11727688590325364
2024-07-07 20:00:00,0.19795150142438075,59.26445469292248,0.0,20,6,51.42366490733163,0.0,0.11702685316590339
2024-07-07 21:00:00,0.1767233537949428,49.770846106858045,2.4161905647921302,21,6,51.05938575747142,0.0,0.11655968783200055
2024-07-07 22:00:00,0.15834364655743813,50.56385282966694,0.0,22,6,42.642716570534034,2.0042136507420243,0.11657148926561671
2024-07-07 23:00:00,0.13637736335395312,43.94670479407098,0.0,23,6,44.624669573742345,4.191573391669214,0.11643926533534348
2024-07-08 00:00:00,0.10902519920611527,42.55238489941225,0.0,0,0,45.25713654220454,0.0,0.11768355477397048
2024-07-08 01:00:00,0.10926918029787909,42.943558424754976,0.0,1,0,40.955262350288336,0.0,0.11803773449063747
2024-07-08 02:00:00,0.1140006553540826,41.07681465465791,3.1109532259905013,2,0,41.870219474059056,0.24559226393910266,0.11830366664681284
2024-07-08 03:00:00,0.09785437099898751,44.960675343653605,0.0,3,0,46.07027572154691,0.0,0.11780676787909888
2024-07-08 04:00:00,0.09733230763214491,43.08269112953469,0.0,4,0,45.35263665019515,0.0,0.11837423775961127
2024-07-08 05:00:00,0.10335304063330342,42.69926421716705,0.0,5,0,51.12144812842555,0.0,0.11848314856831836
2024-07-08 06:00:00,0.08920389461796924,45.6328735473535,5.648127968836499,6,0,56.11451171266098,21.247736625930465,0.1183080381860661
2024-07-08 07:00:00,0.10848043313997616,53.31214820729647,23.40875570985156,7,0,51.149856710801636,38.85533090101185,0.11808795845541226
2024-07-08 08:00:00,0.11421185450348133,59.11371450613649,32.35080291784832,8,0,52.084316388121124,57.056152061077555,0.1198061452856936
2024-07-08 09:00:00,0.08956209001340015,53.31015787724308,58.60240666247976,9,0,49.46223221643606,61.116155135626684,0.12033576825398584
2024-07-08 10:00:00,0.0982063649475564,49.47913231830631,70.7032738130508,10,0,45.97349753897623,69.34410982262051,0.12195865976140964
2024-07-08 11:00:00,0.07989430375135441,47.94087408784521,69.4824364987934,11,0,44.37716258983768,77.46351170798668,0.12207178609242213
2024-07-08 12:00:00,0.07170729479083202,49.772316176630625,67.36238751133968,12,0,44.965054315514564,71.14978211865031,0.12093157820678983
2024-07-08 13:00:00,0.11028020880852937,46.651319949375626,73.33868996165731,13,0,48.01442070062861,63.741895927804535,0.1224815295379363
2024-07-08 14:00:00,0.08342882203178846,46.72995501388428,69.90878848615729,14,0,52.0545150125194,56.70839597110166,0.12242989630866556
2024-07-08 15:00:00,0.09929817230142297,55.264869281443616,59.44210874614677,15,0,58.479152266836834,36.5454928606855,0.12201511726431004
2024-07-08 16:00:00,0.14408300396166163,57.94435118462803,35.04585030394923,16,0,61.59623775445356,18.498214427587822,0.12268062020534136
2024-07-08 17:00:00,0.17388622893756844,66.56089426646074,25.850700654346994,17,0,67.80350126564969,0.0,0.12313186793499968
2024-07-08 18:00:00,0.22308853982218538,66.15350157015784,0.0,18,0,65.86633889664407,0.0,0.12401480124470408
2024-07-08 19:00:00,0.24574300571990057,63.131638148635005,0.0,19,0,63.164384870169386,1.9178201286171541,0.12630436819170224
2024-07-08 20:00:00,0.20367905059552524,61.1890011078065,0.0,20,0,61.03652631233916,0.0,0.12654301607383325
2024-07-08 21:00:00,0.18842008525637507,66.92900376430299,4.03317958723506,21,0,57.493625802039794,0.0,0.1270303798847263
2024-07-08 22:00:00,0.18548285846530949,62.084370799402365,4.5440586307892294,22,0,53.421616413248195,3.254641457785154,0.1281611803808876
2024-07-08 23:00:00,0.1468512673961287,51.12622152445436,3.3397827940168834,23,0,45.96167777994189,5.971704686616321,0.1285975930493116
2024-07-09 00:00:00,0.11460094245786252,41.81501118106165,0.0,0,1,43.64198355313441,0.0,0.12882991568480104
2024-07-09 01:00:00,0.09792132741685798,47.73820468034208,3.0191666112962263,1,1,44.66577172847829,0.9268174947688272,0.12835708848142516
2024-07-09 02:00:00,0.11850909561645412,39.617173534271465,1.7816468900772213,2,1,46.25838747045253,0.0,0.12854494015902398
2024-07-09 03:00:00,0.11462980740401564,40.65770227503097,0.0,3,1,42.96772890712668,0.0,0.12924391667590016
2024-07-09 04:00:00,0.10882097191985605,46.5848684464088,0.0,4,1,46.18850509921907,0.0,0.12972261102122146
2024-07-09 05:00:00,0.09783148120235428,45.34605070485022,3.6329625150727165,5,1,55.25168464302085,2.116252424202386,0.1294925460449319
2024-07-09 06:00:00,0.11047792191373056,49.69346824845072,0.0,6,1,54.4602291919695,21.640479807370326,0.13037896384892197
2024-07-09 07:00:00,0.1233794665413765,52.22443403208591,15.169759026417712,7,1,55.06960753979451,45.05950966137396,0.13099975690731364
2024-07-09 08:00:00,0.08849525703821799,55.128445478558355,37.26685631602119,8,1,54.573150839238195,50.03467003127651,0.12992823201292766
2024-07-09 09:00:00,0.08848502493469877,57.28971110679064,55.00783589012139,9,1,47.1750051073579,60.91591634208034,0.12988335430131512
2024-07-09 10:00:00,0.08545094544808517,50.13623110072219,65.5200848846976,10,1,45.72016202073242,79.15483624465847,0.12935187848883714
2024-07-09 11:00:00,0.08251402249054138,49.07441901638168,67.96963692029365,11,1,43.556099280991354,75.84561858894192,0.12946103343630325
2024-07-09 12:00:00,0.0837173605765188,39.02014431664818,82.59036529547816,12,1,46.774097021208284,72.12255434892334,0.12996145284404023
2024-07-09 13:00:00,0.09711632862183625,45.780981495613574,76.91635134769258,13,1,47.29457445951035,66.33713969569692,0.12941295783626133
2024-07-09 14:00:00,0.10099258903700492,45.33416972439372,64.63624274717687,14,1,51.903106824291484,49.828105277953306,0.1301447814614787
2024-07-09 15:00:00,0.11538009672451827,47.812128052675035,52.700860810567185,15,1,55.93788252373189,39.04786667098895,0.13081486164577433
2024-07-09 16:00:00,0.14483034089796204,53.74982744415754,39.253663947998,16,1,58.381247673880964,19.443162834382733,0.13084600068478683
2024-07-09 17:00:00,0.1781518627203974,60.56486451860963,15.714221464918637,17,1,67.32468868213446,3.0065805822252925,0.13102373542573806
2024-07-09 18:00:00,0.1961040376184794,68.48562394336567,1.1293675278793998,18,1,63.5131306126434,2.399636563559152,0.12989938116725028
2024-07-09 19:00:00,0.23424870802035458,62.79306679015268,0.0,19,1,64.09940150362867,2.6329322199784544,0.12942045209643588
2024-07-09 20:00:00,0.20755136771389093,65.65271575847343,0.0,20,1,59.00267425796544,0.534340698775894,0.12958179864303446
2024-07-09 21:00:00,0.1872276553121383,60.084276631274214,0.0,21,1,54.796742589260695,4.492169697964438,0.12953211406202458
2024-07-09 22:00:00,0.1682297752171733,55.50767102771621,0.0,22,1,52.091984569376834,1.6135086004156254,0.12881323559335223
2024-07-09 23:00:00,0.13602753688062313,54.897092484712076,5.760029147663734,23,1,45.500607778032666,0.0,0.12836224682187283
2024-07-10 00:00:00,0.11084313169784182,44.75253125523959,0.20729062999593945,0,2,39.92894421542985,0.0,0.12820567137353864
2024-07-10 01:00:00,0.10830637222263262,47.330608137114034,0.7259226989040867,1,2,42.03465492833899,0.0,0.12863838157377927
2024-07-10 02:00:00,0.10152644952676763,42.654652791341164,0.0,2,2,40.01209139793457,1.6487241987624606,0.12793077132004232
2024-07-10 03:00:00,0.12333671159435859,41.28316362647358,0.0,3,2,43.30474990014587,0.0,0.12829355899463996
2024-07-10 04:00:00,0.11345844264013648,43.79922573751647,1.614242415465215,4,2,46.741922483397026,0.43429668599686255,0.1284867869413183
2024-07-10 05:00:00,0.11017067397416641,47.374128078199035,0.6794769308162674,5,2,51.233364604390296,0.0,0.12900091997347712
2024-07-10 06:00:00,0.11807858932006793,50.26424421713704,0.0,6,2,48.49967858255036,16.105742543869646,0.12931761444874118
2024-07-10 07:00:00,0.0951336699670873,49.2667607243478,20.339463756529348,7,2,55.13866181038103,34.83560697323457,0.1281407062581458
2024-07-10 08:00:00,0.12772013097126236,54.327125471741184,39.17522343990873,8,2,50.82984038057294,53.52114244300952,0.12977507600535598
2024-07-10 09:00:00,0.08503096733846274,53.50545105516146,58.080925781555464,9,2,47.4033290923797,67.76990235804422,0.12963115693884616
2024-07-10 10:00:00,0.09434259856845396,57.89162756687537,63.33802382851691,10,2,47.13814151620945,71.30961787535408,0.13000164248552817
2024-07-10 11:00:00,0.08400676101924544,53.0090688821273,65.35499931561475,11,2,46.824338897072806,69.97179933082055,0.13006383992422418
2024-07-10 12:00:00,0.08001322830964655,42.83966756628944,72.2958376236516,12,2,45.725322159654255,82.03437489220103,0.12990950107977117
2024-07-10 13:00:00,0.08016239520763625,45.00660487296281,69.36251220004964,13,2,45.83559654831693,68.76116362871923,0.12920308718751286
2024-07-10 14:00:00,0.08619509965201334,43.33884343158272,68.20981381703102,14,2,51.49971909187514,56.19814062302107,0.12858652512980487
2024-07-10 15:00:00,0.12891011057617455,49.8114186494777,44.079180728476416,15,2,55.098909199460294,42.45032773806046,0.12915027570695722
2024-07-10 16:00:00,0.12704998566200326,57.55920227794885,36.32302001723063,16,2,62.83147572689225,19.87311661870121,0.1284094275721256
2024-07-10 17:00:00,0.18246673798024507,65.4821423638248,24.604765205749977,17,2,67.69480271856183,0.0,0.12858921404128593
2024-07-10 18:00:00,0.2198964805296594,63.21101877517709,0.025243619917731153,18,2,69.04979871681905,3.796215942274543,0.12958056582925176
2024-07-10 19:00:00,0.21582243461920958,64.93360612683256,3.1371088566174836,19,2,65.5045492343415,3.7773194198740225,0.12881280443753737
2024-07-10 20:00:00,0.2168796160107184,58.67272133513782,0.0,20,2,63.86829143519636,1.7225229633180192,0.12920148144990518
2024-07-10 21:00:00,0.19167315404296326,61.102439120328185,0.0,21,2,54.50361560456151,2.4709940098352092,0.12938671056368958
2024-07-10 22:00:00,0.1435403057242976,53.145850059854105,5.03034860245832,22,2,55.24335135671715,0.0,0.1283579826681531
2024-07-10 23:00:00,0.12433929836771669,49.98341252429613,0.3542537801503863,23,2,40.96851891696755,0.0,0.1278709727301153
2024-07-11 00:00:00,0.11286526460235803,40.21572858162751,0.36146026773200446,0,3,38.98181702753288,4.770681391334898,0.12795522826780348
2024-07-11 01:00:00,0.11224259564716609,42.74041523462583,0.0,1,3,45.87106499886701,2.252163904890993,0.12811923757715904
2024-07-11 02:00:00,0.10790257394333773,37.515461327536386,0.35273605132581015,2,3,42.08103235635134,0.0,0.12838490942784944
2024-07-11 03:00:00,0.10029341508975713,38.806756413505425,0.0,3,3,44.74017293148127,0.0,0.12742477207349107
2024-07-11 04:00:00,0.10484271720623421,51.32028592496139,4.154046571169776,4,3,44.527643467219335,4.314678847808292,0.12706578351374515
2024-07-11 05:00:00,0.10094397703918788,42.46950730099099,9.5474074845386,5,3,54.41753749970284,1.2746080211163124,0.12668133780812105
2024-07-11 06:00:00,0.08354077739049608,46.18061683396708,1.6937936878286528,6,3,56.37155911054646,20.067833800075324,0.12524226231105554
2024-07-11 07:00:00,0.1043326628826526,58.606047061059535,17.33623136167727,7,3,57.121787247917474,38.37769578422428,0.12562555368253744
2024-07-11 08:00:00,0.10789232840397617,63.32489432703805,28.916400832985232,8,3,52.94295708820243,53.200963239127105,0.12479939524223384
2024-07-11 09:00:00,0.09889391933679888,49.01722840141263,47.53931073904411,9,3,51.78823032120431,63.97628263634593,0.12537701824216452
2024-07-11 10:00:00,0.11421436473316357,48.64843519998189,70.88617917438152,10,3,46.88818321364534,70.65943027223412,0.1262050084990274
2024-07-11 11:00:00,0.07538913062469856,48.08726510397235,69.39130739928622,11,3,47.805570195801344,78.39731878220279,0.12584594056592127
2024-07-11 12:00:00,0.07597295621204649,51.09299996511233,74.27048789353029,12,3,45.09613411749352,73.65860595120037,0.12567759589518795
2024-07-11 13:00:00,0.0872097042316174,42.75941019388657,75.2871197617621,13,3,51.18238788387172,67.42391144573638,0.12597123377118716
2024-07-11 14:00:00,0.09838082138630454,47.22808994538314,70.63217706355282,14,3,50.771057682599505,54.96566428028731,0.12647897217678264
2024-07-11 15:00:00,0.09183550061816184,54.1802825524952,52.73638091586888,15,3,55.845805672745904,41.72861109250139,0.12493419676186542
2024-07-11 16:00:00,0.14873879519550512,57.9316389196897,36.367870945885414,16,3,60.681474042535505,20.83154274475765,0.12583789715909469
2024-07-11 17:00:00,0.17364377327070643,60.41083256398289,19.809217310580085,17,3,65.92011300032675,2.3061068876436726,0.12547027362953056
2024-07-11 18:00:00,0.18860251201619324,65.10697478444206,0.0,18,3,66.24160426413455,0.46839251058954706,0.12416635827480281
2024-07-11 19:00:00,0.21981444906572994,62.618329363202314,0.0,19,3,66.50967858365219,0.0,0.1243326922100745
2024-07-11 20:00:00,0.20544454005994112,64.77301146451934,1.4415804113685575,20,3,60.652117314205945,0.0,0.12385623071212544
2024-07-11 21:00:00,0.1871387549637878,60.76165131297999,0.6485203124207024,21,3,58.118274435109534,1.651774037867177,0.1236672974171598
2024-07-11 22:00:00,0.14239869337947014,57.27964103954549,7.460618572955044,22,3,54.70547394302145,1.897483656499057,0.12361973023612532
2024-07-11 23:00:00,0.14114532957206416,49.89169280658348,1.5359708582240033,23,3,43.16967117207282,4.0628782970583925,0.12431998153630647
2024-07-12 00:00:00,0.12614128297156446,44.52350015662717,4.029009418328398,0,4,47.47160609049265,0.0,0.12487314896835673
2024-07-12 01:00:00,0.1094556744909656,46.27563983797641,0.0,1,4,45.38814467833995,0.6327950498355617,0.12475702725351505
2024-07-12 02:00:00,0.07908582775034334,43.63045984113564,1.8380505151059494,2,4,47.77066803502534,0.0,0.12355632949547361
2024-07-12 03:00:00,0.1084187660098368,44.619815518352986,0.0,3,4,44.37719112508609,4.548075117372453,0.12389488578381025
2024-07-12 04:00:00,0.10262599074962644,44.66968609143895,1.3840864215379527,4,4,43.259234973220295,1.0540560573677062,0.1238025221814516
2024-07-12 05:00:00,0.09163846450810696,46.58242343167936,2.409801093401944,5,4,48.27095004921943,1.1076637964605915,0.12341479249265658
2024-07-12 06:00:00,0.11094729082570941,47.37423879040375,0.17454095400515834,6,4,51.51254420281574,19.400253666232985,0.12455673055245713
2024-07-12 07:00:00,0.1141548006171055,53.73359922050486,27.925740938301182,7,4,52.1155223006636,37.04110967479461,0.12496598629139266
2024-07-12 08:00:00,0.0936009482867445,53.710256083264525,42.66923136636837,8,4,48.36732613377468,49.21899119128326,0.12437051211984135
2024-07-12 09:00:00,0.07835782002171772,59.45727401495057,57.39562511231895,9,4,51.86901915584704,61.71724346262197,0.1235148413150463
2024-07-12 10:00:00,0.06884450779441871,54.8544613623433,67.92361102678956,10,4,43.267142830152835,73.27613185383149,0.12162443060926527
2024-07-12 11:00:00,0.07945565523963447,48.221890121862465,78.94713022261169,11,4,47.41181988341399,75.49422198454653,0.1217938691348876
2024-07-12 12:00:00,0.08204015918365341,43.11227824471011,70.31321180783533,12,4,50.281346596515576,73.29175293970522,0.12204666925870455
2024-07-12 13:00:00,0.07942140951976362,42.350529947228935,77.57135827352354,13,4,46.449206320408116,67.88449926148783,0.12172215697904397
2024-07-12 14:00:00,0.08725623455204679,51.81753031500119,61.779254261496185,14,4,52.46083710408463,53.53549595104139,0.12125863252761655
2024-07-12 15:00:00,0.12146479844401498,52.526493642287406,51.30007953068356,15,4,55.736016711526005,36.69603023764737,0.1224931866036938
2024-07-12 16:00:00,0.14706033175074898,58.069740184968616,39.63617572870462,16,4,63.26157769818771,18.912167504853223,0.12242325062682895
2024-07-12 17:00:00,0.17305909202916153,56.02475064632074,23.81637149242696,17,4,63.13928051060207,0.6829390551893818,0.12239888890843124
2024-07-12 18:00:00,0.22722201119447605,68.49590522459852,0.0,18,4,66.74730760352415,0.0,0.12400803470752635
2024-07-12 19:00:00,0.21918597754059402,68.46503484499117,0.0,19,4,67.77042178542105,2.9803019417225065,0.12398184839397902
2024-07-12 20:00:00,0.20031421726342782,61.97468306783089,0.34136225375458673,20,4,61.509244034071855,0.0,0.1237680849441243
2024-07-12 21:00:00,0.18629560475415324,60.09810570988775,0.0,21,4,53.2723358299484,0.7046544850670357,0.12373295368538952
2024-07-12 22:00:00,0.1559256211139109,57.37348625940127,2.989112214323156,22,4,54.144940553624586,0.0,0.12429657567432456
2024-07-12 23:00:00,0.1081798700070575,51.829527474263244,12.02574665594582,23,4,31.41729357996779,2.981652696045221,0.12292301485911596
2024-07-13 00:00:00,0.0864531427301581,33.07429760612912,1.4676224798405793,0,5,34.187086023599164,4.029103889647777,0.12126934234905735
2024-07-13 01:00:00,0.10625795842513251,33.69845527935965,0.0,1,5,35.29304310253234,0.0,0.12113610417964764
2024-07-13 02:00:00,0.10260867813892145,33.32142689855229,0.0,2,5,34.72856416416362,1.1224894270314971,0.1221162229458384
2024-07-13 03:00:00,0.09929381984531617,34.9770635664212,0.0,3,5,40.56913177974138,0.0,0.12173601685565004
2024-07-13 04:00:00,0.09454107277485861,40.20303180898565,0.0,4,5,39.044448712148494,0.7953003392852739,0.12139914527336804
2024-07-13 05:00:00,0.11023739723886057,29.36351487902445,1.636424271913981,5,5,40.27319277246461,1.2658622309964591,0.12217410080381609
2024-07-13 06:00:00,0.07978209227420296,39.919972167527646,1.5820757252447928,6,5,44.920811908563905,13.181293737844406,0.12087555086417001
2024-07-13 07:00:00,0.08001969841602286,44.280325847759876,17.818081257294658,7,5,45.43613097162017,39.68015564318438,0.1194532549391249
2024-07-13 08:00:00,0.10311441335372457,45.96342248140418,44.5009351855856,8,5,43.84254276780098,56.22351370331631,0.11984964931691573
2024-07-13 09:00:00,0.08641387251352492,42.563677282362306,50.53473440622434,9,5,41.30196857810575,68.47418428291232,0.12018531817074103
2024-07-13 10:00:00,0.072930434984403,35.192884486708834,64.62672171697787,10,5,37.11367571907521,69.90302800341647,0.12035556513699036
2024-07-13 11:00:00,0.08206697188373596,39.03143521778458,74.78503932731034,11,5,36.97453315921096,75.02046156783814,0.12046436999716127
2024-07-13 12:00:00,0.06664459727451531,42.076250517276534,78.22937740287912,12,5,35.89393289748187,71.03900570282705,0.11982288825094718
2024-07-13 13:00:00,0.06356317033774056,31.996558678062005,77.01948782209718,13,5,35.20814886568598,59.682042353262624,0.11916212828502955
2024-07-13 14:00:00,0.07307139790959029,41.764791025168805,66.54446813109782,14,5,44.96076585955974,51.37129581878088,0.1185710934249272
2024-07-13 15:00:00,0.10650859645078932,41.629083924041076,56.786994476321965,15,5,46.39705415546402,34.518089846376206,0.11794791834187612
2024-07-13 16:00:00,0.13197620515656583,47.33171190368092,35.225714035244565,16,5,52.884868395521515,20.375843704938283,0.1173194130671185
2024-07-13 17:00:00,0.17686493239591064,49.232819086603286,22.652456834358365,17,5,55.00192580680452,0.0,0.11747798974906638
2024-07-13 18:00:00,0.1857331404212741,55.452510848291304,3.1665520255474076,18,5,56.54508595455909,0.0,0.11574928680018298
2024-07-13 19:00:00,0.199781435163894,62.165700981959645,5.295103361637375,19,5,54.444751499637185,0.0,0.1149407642011538
2024-07-13 20:00:00,0.21547843618491297,58.38722654853565,0.0,20,5,54.498247525692356,2.1564486291096037,0.11557260665621567
2024-07-13 21:00:00,0.1904383154015822,58.14505074725717,0.0,21,5,49.903702916466514,7.777769846953273,0.11574521959985856
2024-07-13 22:00:00,0.14678664434778815,51.291977766406795,2.880993392785557,22,5,42.70817136487225,0.848651873541416,0.11536442890127012
2024-07-13 23:00:00,0.1020631908086461,44.06137960831568,0.0,23,5,32.932374740054286,0.0,0.11510956726800296
2024-07-14 00:00:00,0.08325770901732296,39.586280683987745,1.7220216082592255,0,6,30.639922408018656,0.0,0.11497642419663483
2024-07-14 01:00:00,0.08035061419429297,35.43084064468359,3.709315487259785,1,6,35.71506167670828,1.8425626261188865,0.11389695152034984
2024-07-14 02:00:00,0.09343585829429953,36.77376147411522,0.0,2,6,33.13219418892503,0.0,0.1135147506934906
2024-07-14 03:00:00,0.08689152018734468,33.536281275932545,0.0,3,6,33.25618095008674,3.070814043659217,0.1129979882077418
2024-07-14 04:00:00,0.11219651497012247,35.70364890570731,0.0,4,6,37.631793532563336,0.7655470329558817,0.11373363163254446
2024-07-14 05:00:00,0.0739933683598681,35.34151045499403,0.0,5,6,40.00608643124158,0.0,0.11222346376258645
2024-07-14 06:00:00,0.07856803040966594,43.84100640421248,0.0,6,6,40.67582250014661,14.658087661221336,0.11217287785156406
2024-07-14 07:00:00,0.09453316929813547,39.94135930495079,16.98582448529368,7,6,42.251245312746505,40.00819519987442,0.11277760580498541
2024-07-14 08:00:00,0.0958801026666322,47.51620760969229,34.849237635907755,8,6,44.423335087676335,50.803036622447415,0.11247617619302325
2024-07-14 09:00:00,0.055036978980710305,43.140165358124236,51.98706844886754,9,6,39.499456319088345,65.26292472778763,0.11116880562915595
2024-07-14 10:00:00,0.06015965275895023,44.558829689286036,63.841721378088835,10,6,38.9988116188425,71.87130542520322,0.11063668970309544
2024-07-14 11:00:00,0.07228063204497095,40.38107523338977,78.87081579141363,11,6,36.8382372444549,70.42758253180955,0.11022892554314688
2024-07-14 12:00:00,0.08817872439259074,42.37124233597122,73.48257451539746,12,6,38.99644390594976,71.66543457925694,0.11112618083973336
2024-07-14 13:00:00,0.09626660690601702,39.23983898498762,73.51587989857144,13,6,37.332696012918355,61.44379135048234,0.11248882403007822
2024-07-14 14:00:00,0.07848164978203906,33.96645736279454,62.81349610021821,14,6,43.14224509259466,51.109931053598615,0.11271425119143025
2024-07-14 15:00:00,0.10060224038943212,42.4625592843104,50.871999980531825,15,6,48.80094378963147,38.642893714466155,0.11246815302220703
2024-07-14 16:00:00,0.11946403010958216,43.773971593580136,31.465814376089313,16,6,51.34610414859986,21.342656892252663,0.11194681239524938
2024-07-14 17:00:00,0.16626244799467269,50.94004362483416,13.875987078584203,17,6,58.773621910652665,0.0,0.11150504221186446
2024-07-14 18:00:00,0.21662575395754136,61.35514638586593,0.0,18,6,54.66944769531066,0.0,0.11279223444254226
2024-07-14 19:00:00,0.22106805212939293,60.04211127334592,0.6429389216602477,19,6,54.85329257976602,0.0,0.11367917681610472
2024-07-14 20:00:00,0.18998358932696657,54.282597202273315,3.7666077934960485,20,6,49.19072286722184,0.0,0.11261689153035696
2024-07-14 21:00:00,0.15975732551025765,49.35420283688639,0.0,21,6,46.04895457458008,0.0,0.11133851695155177
2024-07-14 22:00:00,0.1443608515991644,47.62560721843252,0.0,22,6,42.3435789244103,0.20512849939024208,0.11123744225369243
2024-07-14 23:00:00,0.13736478393282475,38.75975455727174,0.0,23,6,44.66691377466875,0.0,0.11270834196719988
2024-07-15 00:00:00,0.10019376122456232,40.856263448947225,0.0,0,0,42.71370399859573,0.213347985411343,0.1134140108091682
2024-07-15 01:00:00,0.08321460341077278,44.022714982050495,3.7651932279750264,1,0,41.931674006955,0.0,0.1135333436931882
2024-07-15 02:00:00,0.10249774589196903,46.81941996027154,0.0,2,0,40.385084871239734,0.0,0.11391092234309108
2024-07-15 03:00:00,0.10207487169471044,45.43156717472729,0.0,3,0,42.06056714050663,1.8721237657024583,0.11454356198923132
2024-07-15 04:00:00,0.08310607832078089,37.156798003809406,5.093299387373099,4,0,47.19190072694412,0.06879430092118026,0.11333146046217542
2024-07-15 05:00:00,0.10857787201117555,47.54546235881721,1.6026532567776821,5,0,51.43546947224217,0.0,0.11477248144764657
2024-07-15 06:00:00,0.11547923035590194,49.90306738421867,0.0,6,0,51.871709146873926,17.745283088475393,0.11631044811207307
2024-07-15 07:00:00,0.12591633525739696,54.03460194847644,19.8661201190301,7,0,56.43293769597047,38.03735024809527,0.11761808002704228
2024-07-15 08:00:00,0.08563434658734481,59.1827796316051,34.40747279089019,8,0,50.848636080347916,51.0216595484434,0.11719117352373865
2024-07-15 09:00:00,0.10684887092692558,46.14610839273105,54.227360336523645,9,0,49.02797988895037,63.651415388582926,0.11935000235483095
2024-07-15 10:00:00,0.10458660848304367,47.91753016594455,66.41593084037777,10,0,46.36422544625388,72.74899278041983,0.1212011255100015
2024-07-15 11:00:00,0.09367932753388204,48.867416838753954,67.28053095880813,11,0,48.60222434447577,74.73295770908017,0.12209273782203948
2024-07-15 12:00:00,0.07182458122064163,40.48229468961431,75.22081162244663,12,0,46.166900363311335,69.28727229029312,0.12141131518987493
2024-07-15 13:00:00,0.07283435611450323,50.622619063480656,71.654083507567,13,0,44.39834273873502,64.67468671856433,0.12043497140689519
2024-07-15 14:00:00,0.09662198069140114,49.17394947789249,66.5186111912255,14,0,53.578340184468146,51.95110876003373,0.12119081852811862
2024-07-15 15:00:00,0.11573213603663263,54.38410032864901,55.665387970514615,15,0,60.21447189950479,42.13142580873046,0.12182123084675196
2024-07-15 16:00:00,0.1347932133014534,54.69559702937927,38.974967945234326,16,0,61.097279812569,19.021284827600894,0.12245994681307994
2024-07-15 17:00:00,0.18711568054132593,64.20080506466358,18.24873988177595,17,0,63.723272885653465,0.37792349550853427,0.12332883150252383
2024-07-15 18:00:00,0.20978912500973035,68.93654651491082,3.2666550730240105,18,0,68.72874004420758,0.727401507695586,0.1230439719630317
2024-07-15 19:00:00,0.20361765687899594,67.74543487927771,0.0,19,0,69.44592598352594,0.0,0.12231687216093183
2024-07-15 20:00:00,0.21539440866272289,66.2674795667266,0.0,20,0,63.293784053766984,0.0,0.12337565629992166
2024-07-15 21:00:00,0.2006902022255051,62.46141891156267,0.0,21,0,53.27291395066876,1.2873495461615019,0.12508119282972363
2024-07-15 22:00:00,0.16649663596417455,53.756221810427945,0.0,22,0,53.160332802401655,1.3102480802287797,0.12600351717826572
2024-07-15 23:00:00,0.14298489192018887,51.1788773948877,0.0,23,0,43.812327112170316,5.831214256532059,0.1262376883444059
2024-07-16 00:00:00,0.12292783457700188,42.51584023276873,1.392140666263728,0,1,41.115024026208054,2.078763121849283,0.12718494140075756
2024-07-16 01:00:00,0.09162226490252032,44.2511450390177,0.0,1,1,45.7000571366287,2.1259820371124905,0.12753526062958034
2024-07-16 02:00:00,0.10123579582614206,46.32185903484305,0.0,2,1,44.360232761167396,2.00965911542278,0.12748267937683758
2024-07-16 03:00:00,0.12353226201796805,40.096215001278175,1.6459446705256984,3,1,47.11884161645519,0.0,0.1283767373069733
2024-07-16 04:00:00,0.08135345761244345,44.088895534300676,0.0,4,1,44.44853652569263,0.0,0.12830371144412592
2024-07-16 05:00:00,0.10908602951700705,51.3121465784291,1.432398620145017,5,1,50.47011543860447,0.0,0.12832488467353556
2024-07-16 06:00:00,0.12154423801313712,47.29307761767422,0.0,6,1,50.919963531807134,21.16795447720656,0.12857759332592036
2024-07-16 07:00:00,0.11816581889078596,50.0789529799548,19.126803420413985,7,1,54.50624260729913,41.15253390544884,0.12825465514397824
2024-07-16 08:00:00,0.1095442665436184,54.65828846418106,39.25503257485664,8,1,55.70292177901601,54.62432538592324,0.12925090180882295
2024-07-16 09:00:00,0.10630788537260073,55.45050348805925,55.90390720415973,9,1,46.956225663297545,63.91633905034872,0.12922836074405944
2024-07-16 10:00:00,0.08049229719227152,49.8456245043502,64.70748064228628,10,1,44.238514282390184,76.50543880481207,0.12822443110694393
2024-07-16 11:00:00,0.10392200136980854,51.22919049521359,68.96171409582452,11,1,47.454346120942056,73.101726699966,0.12865120918344086
2024-07-16 12:00:00,0.0695054602793416,48.28513751207981,72.74082308646653,12,1,45.871336559850526,68.59592095041518,0.12855457914422003
2024-07-16 13:00:00,0.07192852005093286,48.59340632375763,74.04009389870447,13,1,50.33773476955549,65.09213458425822,0.1285168359749046
2024-07-16 14:00:00,0.1001101092379603,49.76838112148749,60.809369660475035,14,1,50.06046202402446,56.18632704412798,0.12866217466434457
2024-07-16 15:00:00,0.10873383016987072,59.123521495057595,51.94588453501542,15,1,56.62499793181445,34.80933919366937,0.1283705785865628
2024-07-16 16:00:00,0.14398677958547498,55.86609934187767,35.82138520813248,16,1,62.97301889660223,14.468209893189195,0.12875364384839705
2024-07-16 17:00:00,0.17583317614740196,55.185489922158865,18.87986626302762,17,1,65.93783791582638,0.10557245645813287,0.1282835394986502
2024-07-16 18:00:00,0.2409166209228556,70.65105149260074,0.0,18,1,63.42273055751432,2.1600233175666115,0.12958051849503044
2024-07-16 19:00:00,0.22933691299172052,65.53558703577693,0.0,19,1,71.16259322252867,0.0,0.13065215416639395
2024-07-16 20:00:00,0.20843321059628253,65.86261413198848,1.8225991558587515,20,1,62.02096950966618,2.736631206000145,0.13036210424695896
2024-07-16 21:00:00,0.20299578138843213,65.78688273741483,3.37445998221027,21,1,53.83809248652093,0.0,0.13045817004541424
2024-07-16 22:00:00,0.1500475260542341,51.3916961262054,0.0,22,1,52.27936895673731,2.0295233331743,0.12977279046583337
2024-07-16 23:00:00,0.14510766629540975,47.64569808651718,1.2912415632417569,23,1,43.863980287129806,0.0,0.12986123939813424
2024-07-17 00:00:00,0.1057755014395528,37.881600801470476,3.791140201958118,0,2,45.01390968588496,0.0,0.12914655885074053
2024-07-17 01:00:00,0.10980627755682919,40.48482640863968,2.0856886636681313,1,2,44.97848911048241,1.7324115672842562,0.12990422604467008
2024-07-17 02:00:00,0.08363058924613093,44.53103644761901,0.0,2,2,43.05761923645057,3.404154659228261,0.12917067577050295
2024-07-17 03:00:00,0.07814537584390985,45.16270942424448,0.0,3,2,41.046542917685834,0.0,0.12727955551325054
2024-07-17 04:00:00,0.08703592185813794,45.374779668809225,0.2834232777249625,4,2,47.49599275316274,6.706964415495736,0.12751632485682113
2024-07-17 05:00:00,0.1257998651935378,42.05241586109934,0.8672477059640826,5,2,46.389505704849505,0.0,0.12821273467667657
2024-07-17 06:00:00,0.0907262491384534,42.282006816284486,0.3353262890456457,6,2,55.14242010528952,16.271907477102314,0.12692865180689808
2024-07-17 07:00:00,0.11238534150344442,52.88586237216758,18.54046563268492,7,2,52.54717058292574,36.18920013099232,0.12668779858242554
2024-07-17 08:00:00,0.0939199764825337,52.503003206313096,33.246124977717955,8,2,54.020169411451775,51.39651199743642,0.126036786496547
2024-07-17 09:00:00,0.09520225256082952,54.220283211633905,53.855382489954195,9,2,48.498501366502886,64.94095498076669,0.12557405179605652
2024-07-17 10:00:00,0.09244793160810204,52.057090594098675,65.79519562242885,10,2,45.99422314520329,69.46691561099611,0.12607220323004947
2024-07-17 11:00:00,0.10716921749639627,47.42066705203752,72.24978774758547,11,2,43.94323499831303,75.65984156752017,0.12620750390199062
2024-07-17 12:00:00,0.09092026718426822,47.977600504704185,74.45928978204462,12,2,47.33352302726536,73.06901556931952,0.12709978752302922
2024-07-17 13:00:00,0.09023387396725759,46.634836370512176,77.42428351558098,13,2,46.75429221944577,68.66467198544856,0.1278625106028761
2024-07-17 14:00:00,0.11101600084932972,49.693193238809606,61.96187914597463,14,2,53.21387361396694,51.002731209740304,0.12831692275334983
2024-07-17 15:00:00,0.10705164175333813,49.421854996401024,56.86099631147151,15,2,55.334013892427365,37.97892460460094,0.12824683156932762
2024-07-17 16:00:00,0.1543265349204151,55.94963808562288,34.46632036987117,16,2,61.13570261539552,20.867294667646203,0.12867765470828346
2024-07-17 17:00:00,0.18147960233794402,62.2282226297085,23.05226384344392,17,2,65.5903452792989,0.0,0.1289129224662227
2024-07-17 18:00:00,0.2234351650121049,68.14490652071615,4.3167864252819115,18,2,67.30964629030328,0.0,0.12818452846994144
2024-07-17 19:00:00,0.22247846182156325,65.74203132735465,0.0,19,2,63.670765904619074,0.0,0.1278987596711849
2024-07-17 20:00:00,0.20794136762358034,67.18690979206806,5.813370689212918,20,2,63.005713708098384,0.23350169784440547,0.12787826621398896
2024-07-17 21:00:00,0.18113340806471612,60.74741427536646,1.641625603611312,21,2,55.97802610934302,1.6673959340415725,0.12696733399216745
2024-07-17 22:00:00,0.15509526153519407,56.14456958577847,0.0,22,2,52.74054850990237,0.0,0.12717765630387415
2024-07-17 23:00:00,0.13109839363668832,54.307207969768385,0.0,23,2,42.97678886127498,0.0,0.12659393660976073
2024-07-18 00:00:00,0.10940213954663465,36.6314522133272,3.96466807137328,0,3,44.20252553802052,0.0,0.12674504653088914
2024-07-18 01:00:00,0.10225971600370494,38.88090628733149,3.230726456568274,1,3,42.30507101285402,1.2685622130706087,0.12643060646617563
2024-07-18 02:00:00,0.11017523934366732,38.38476123699729,0.0,2,3,41.90966734794456,0.09276477849467007,0.12753663355357298
2024-07-18 03:00:00,0.11084619779767686,36.02129194417873,0.0,3,3,45.34797396428538,3.891863416754399,0.1288991678016466
2024-07-18 04:00:00,0.09224458360455487,42.32381128691098,0.7123304397177914,4,3,45.58935421840609,0.0,0.129116195374414
2024-07-18 05:00:00,0.09574840290897882,48.97501036913337,0.0,5,3,52.59546591345086,0.0,0.12786405111255736
2024-07-18 06:00:00,0.10176018241453874,48.766264001534395,8.252299031811518,6,3,52.85079950379147,15.398191306048076,0.12832379833239424
2024-07-18 07:00:00,0.09429617519621188,53.34841436158197,19.915673669532712,7,3,51.268979158815796,39.76510751671472,0.1275700830695929
2024-07-18 08:00:00,0.09105792439514673,57.501737703879996,36.67787151157488,8,3,51.582872035755734,55.64560052537207,0.1274508308992851
2024-07-18 09:00:00,0.11843085786035885,57.00239956584705,56.34427672098309,9,3,47.81578511067312,69.28588746217622,0.12841868945343216
2024-07-18 10:00:00,0.07458431740640419,49.59315279951665,62.62440609269417,10,3,49.127687230662715,72.73413756146974,0.12767437219502806
2024-07-18 11:00:00,0.11172064948999445,51.313324516521504,74.80014527085449,11,3,47.095811017668396,75.99838216956304,0.12786401519476134
2024-07-18 12:00:00,0.0873727174150802,45.84353513894029,67.95136497493067,12,3,45.78282858178704,72.49518315432333,0.12771620062104516
2024-07-18 13:00:00,0.09744833567962849,43.22524085754577,69.68635947183438,13,3,48.580688788135205,65.50734962750124,0.12801680319239395
2024-07-18 14:00:00,0.10587561347195815,46.098460254298644,67.57439992895046,14,3,51.5050057522579,52.31371242252058,0.12780262038500348
2024-07-18 15:00:00,0.12205351424566954,46.94264779782628,57.67199008814363,15,3,58.24875391170267,38.62693242174124,0.1284276984055173
2024-07-18 16:00:00,0.1614484007867161,53.685921478385545,34.18767918421457,16,3,62.64175760650325,25.08983110993191,0.12872444281661316
2024-07-18 17:00:00,0.15767497093431784,60.45644091901775,15.983474840848826,17,3,66.9227220082753,0.6123023045312331,0.1277325831747954
2024-07-18 18:00:00,0.21315989217995238,68.09424266184163,1.9860625062966157,18,3,66.62186631856389,0.06721897671660962,0.12730444680678904
2024-07-18 19:00:00,0.22087448971779183,72.51202173865413,0.0,19,3,64.25961016477004,0.5546091498001218,0.12723761463579858
2024-07-18 20:00:00,0.19256240182263418,61.099748924968466,0.0,20,3,62.93177977999377,0.0,0.12659682439409248
2024-07-18 21:00:00,0.18432189363409232,62.8587015083771,3.067417586580052,21,3,59.626940419106575,0.689982032691497,0.12672967795948317
2024-07-18 22:00:00,0.18430197278407395,53.19451911637407,0.0,22,3,53.868323113607914,0.0,0.12794662426151981
2024-07-18 23:00:00,0.1388890760294325,53.17533291882329,0.0,23,3,46.17789429224304,3.203151714800239,0.12827123602788415
2024-07-19 00:00:00,0.12880215496472447,42.595099602282005,0.0,0,4,43.35901291870092,2.923367918208589,0.1290795700036379
2024-07-19 01:00:00,0.13002967772426424,37.176050578240854,0.034844550020983064,1,4,41.19310380790904,6.0646178293512,0.13023665174199453
2024-07-19 02:00:00,0.14204363770147577,46.1036363656157,0.0,2,4,41.73182069226658,0.0,0.1315645016735699
2024-07-19 03:00:00,0.12785752979102288,41.55819273048759,0.0,3,4,47.258728670217224,0.808184070943231,0.13227330717329264
2024-07-19 04:00:00,0.13325923864002054,42.7911082163944,0.0,4,4,42.8582663300463,0.691524655314934,0.13398225113310372
2024-07-19 05:00:00,0.10875262541782489,43.15894565765982,5.739786524029594,5,4,52.69273790908672,0.5588603138501592,0.13452409373763896
2024-07-19 06:00:00,0.10724404581685856,47.58951801234069,7.577999081679854,6,4,51.145548244069644,22.186377295200888,0.13475258804606896
2024-07-19 07:00:00,0.10713569621416145,54.09006699337401,15.31870549203903,7,4,57.868353134899806,32.198489835462766,0.13528756808848352
2024-07-19 08:00:00,0.10162361652478653,53.41599130719119,37.64710127348131,8,4,52.61793184301059,53.26013497464095,0.13572780526055184
2024-07-19 09:00:00,0.09987857137347092,53.8108538336766,48.608737516518474,9,4,51.26486731893524,69.2383293868567,0.1349547933235982
2024-07-19 10:00:00,0.10201076545077416,50.97787560699483,62.56757077928485,10,4,51.75727395021415,74.80879490562488,0.13609756199211362
2024-07-19 11:00:00,0.08185406209909986,51.2132984513718,77.30468857658906,11,4,44.89376571362207,76.99287880033297,0.13485312085082632
2024-07-19 12:00:00,0.06737470996106659,44.457145632967354,71.8634818696545,12,4,45.21638061136673,73.35031673172473,0.13401987054024242
2024-07-19 13:00:00,0.08997690185428368,41.184301643669535,69.99141481091384,13,4,46.61619446696871,61.98198743252414,0.13370856079751972
2024-07-19 14:00:00,0.08714196165209756,51.42098459814717,60.3513229511787,14,4,49.68212958341852,49.87059079509579,0.1329279919716922
2024-07-19 15:00:00,0.10757872214882105,50.62493397110535,55.98181340033449,15,4,55.87363265164495,34.67076280177747,0.13232487563432352
2024-07-19 16:00:00,0.13979338043322784,60.09997711676307,25.3270124345145,16,4,60.49774407992094,15.834721960594772,0.13142258311959484
2024-07-19 17:00:00,0.16655988040357916,62.83423256682206,17.472604724875616,17,4,63.027588155347885,2.650504030540214,0.13179278768081407
2024-07-19 18:00:00,0.2273572244549102,65.10846198696163,0.0,18,4,66.58992754634926,4.111417107616041,0.13238434319227063
2024-07-19 19:00:00,0.2247227050785199,68.12697262365334,0.0,19,4,66.42763439682071,1.2163946820347653,0.13254468549896764
2024-07-19 20:00:00,0.2344898950978772,71.77130145036138,3.0224092770590856,20,4,59.81517429187046,2.253398851977222,0.1342916643854361
2024-07-19 21:00:00,0.19898392541510274,68.2533227866996,4.207095493896659,21,4,56.20469159600719,0.8217127680069433,0.1349025823763115
2024-07-19 22:00:00,0.16432614314367128,56.751610837885295,0.0,22,4,54.474642668653686,1.5925263807580425,0.13407025614129475
2024-07-19 23:00:00,0.13469398931506335,52.17424361813791,7.327203288197816,23,4,31.182620789398953,0.0,0.13389546086152937
2024-07-20 00:00:00,0.07750040803647294,37.465651575656224,0.0,0,5,37.90538991610723,0.8810952788075133,0.13175788807285224
2024-07-20 01:00:00,0.09705667803659417,31.3359401033785,4.510207385865446,1,5,32.792145033935604,0.0,0.13038401308586597
2024-07-20 02:00:00,0.10318870852728662,35.20601737225603,0.52439694487493,2,5,34.90310940114166,0.0,0.1287650577036081
2024-07-20 03:00:00,0.10488181868399792,34.41854008530425,0.0,3,5,38.06502149786388,0.6321411950170065,0.12780773640748203
2024-07-20 04:00:00,0.07673556723148045,36.51120144313501,0.0,4,5,40.757939989846896,0.0,0.1254525834321262
2024-07-20 05:00:00,0.07462285249824048,34.92247938202979,0.0,5,5,41.62997209224897,0.0,0.12403050956047686
2024-07-20 06:00:00,0.08606228471164845,35.60371470643322,0.7294625165232365,6,5,42.33891273488139,16.85593256823861,0.1231479361810931
2024-07-20 07:00:00,0.10821357217549178,37.0943767752592,15.724053315172018,7,5,43.46305683992784,32.54280772565661,0.12319284767948187
2024-07-20 08:00:00,0.09227457479242512,41.453050223902004,35.77935449540158,8,5,42.61645677654509,48.523012873262736,0.12280330427396681
2024-07-20 09:00:00,0.07678627087448198,42.29848070184786,49.06023721335929,9,5,44.6053449486325,60.539749784701286,0.12184112508650895
2024-07-20 10:00:00,0.06354930106576859,39.88861878442755,59.13717212746309,10,5,37.22799632879725,66.68395196387883,0.12023856407046703
2024-07-20 11:00:00,0.06723600470921494,44.19342706073718,67.84159467997559,11,5,37.20842232832631,74.67685998747467,0.1196294783458885
2024-07-20 12:00:00,0.06288758727261419,40.10034628671779,69.17137748011785,12,5,34.829838390194496,68.18079515564307,0.11944251490053631
2024-07-20 13:00:00,0.08484088890715645,33.838661272563726,69.23164344395141,13,5,36.70029125857955,58.17295601087775,0.11922851436107268
2024-07-20 14:00:00,0.0956061506566399,40.12564610024095,64.9035076413611,14,5,42.745586757199575,50.63408357772836,0.11958118890292861
2024-07-20 15:00:00,0.09005118165218588,41.390151952776584,52.18007833322874,15,5,46.89089879530632,33.48112109257438,0.11885087471556882
2024-07-20 16:00:00,0.13854441193597708,46.630423199668215,43.508351065588215,16,5,52.11112067520554,23.030024976104965,0.11879883436151668
2024-07-20 17:00:00,0.16647305398014436,53.20757407004844,11.208007996952668,17,5,53.57706863500042,0.37216028916311233,0.11879521659387358
2024-07-20 18:00:00,0.17964594524405808,58.516555845214654,1.6426933817496687,18,5,57.871021404040896,0.0,0.11680724662675475
2024-07-20 19:00:00,0.20250070450993402,56.932368801557416,0.022470834835232597,19,5,59.63370777850523,1.5923510728841088,0.11588132993639699
2024-07-20 20:00:00,0.20099009327962963,59.93949234998823,2.854846198301884,20,5,50.90801528158179,0.23793198762673293,0.11448550486063669
2024-07-20 21:00:00,0.16887658890186877,48.959888957352945,2.5076282150864304,21,5,49.33156780824828,0.0,0.11323103250591861
2024-07-20 22:00:00,0.12366736979961208,47.556982392300725,0.0,22,5,35.74001313174443,4.408933949534546,0.11153691694991613
2024-07-20 23:00:00,0.1277465492687336,50.98129583191099,0.6042794969986445,23,5,32.42587146598713,0.0,0.11124744028131907
2024-07-21 00:00:00,0.10063514510190186,34.74441703322791,0.0,0,6,30.230152884145006,2.8984092370896017,0.11221138765904526
2024-07-21 01:00:00,0.11195488178935609,38.637220614437005,2.14787992774059,1,6,36.621478409493484,0.0,0.11283214614874366
2024-07-21 02:00:00,0.08497294256974132,34.44193553509511,0.0,2,6,36.26773543374479,0.0,0.11207315590051263
2024-07-21 03:00:00,0.08644617568349651,36.36866668887518,2.7188925352726105,3,6,33.44690741127213,0.0,0.11130500410882509
2024-07-21 04:00:00,0.09045525506554354,35.33386772947746,0.0,4,6,38.176692648536374,0.0,0.11187665776857769
2024-07-21 05:00:00,0.09634520598095887,37.052834086405674,0.0,5,6,43.102628328667144,0.0,0.11278175583035761
2024-07-21 06:00:00,0.09366832022409276,38.20486580056382,0.0,6,6,46.45118593462606,13.54232733002131,0.11309867397670947
2024-07-21 07:00:00,0.09884931973518234,45.11376690415874,18.307281385117,7,6,44.22597684858555,37.41397180511531,0.11270849679169657
2024-07-21 08:00:00,0.07612063156288046,42.31263916513753,40.983917240791214,8,6,39.35740803938502,51.86038852162943,0.11203541582379889
2024-07-21 09:00:00,0.090844858023019,45.904993154919936,62.85591341841125,9,6,39.038630713840995,58.92816170813153,0.11262119028832125
2024-07-21 10:00:00,0.0720779901062253,44.30862906099374,67.39128874776642,10,6,39.535455315874444,72.25102225554431,0.11297655233167363
2024-07-21 11:00:00,0.07372386953799138,39.176066629185094,68.42451355260366,11,6,40.76783463579443,76.9664859963252,0.11324688003287264
2024-07-21 12:00:00,0.0924023643418456,35.654050340699456,75.09094454321742,12,6,36.81758162677723,68.5425008790538,0.11447666241075728
2024-07-21 13:00:00,0.05683456257822127,38.378921483708,72.759805884419,13,6,37.8082142660361,60.92438466553229,0.11330973214705164
2024-07-21 14:00:00,0.08010201004272292,38.034104059712604,59.88367833467482,14,6,47.50040406935888,54.65624114622151,0.11266372628813846
2024-07-21 15:00:00,0.08735425485074963,45.695431895649335,47.12588805676908,15,6,48.36073157580102,37.57245817955841,0.1125513543380786
2024-07-21 16:00:00,0.13134323489161914,41.688766796971365,36.2218708279007,16,6,50.1678747651918,18.48388175793494,0.11225130529456369
2024-07-21 17:00:00,0.17124276618071943,51.549467199002784,21.691444815631378,17,6,56.30627181579165,2.2807739906490423,0.11245004330292098
2024-07-21 18:00:00,0.18913760265543933,50.173488671559845,0.0,18,6,60.026730028414875,0.7675089632969901,0.11284552902839519
2024-07-21 19:00:00,0.19843872076744118,53.24268007832245,0.0,19,6,56.40329786165456,3.999801399453504,0.11267627970579132
2024-07-21 20:00:00,0.21466055960291852,60.90840536570603,2.0042809814664224,20,6,54.21169123741566,0.0,0.11324588246926169
2024-07-21 21:00:00,0.17977306171419394,55.487562008381275,0.14603264644703046,21,6,44.335561443812296,1.19412230718534,0.11369990216977525
2024-07-21 22:00:00,0.15147167300475575,45.243239431293375,4.956957672096484,22,6,39.809270406821454,3.0745721320886186,0.11485841480332291
2024-07-21 23:00:00,0.12937843212176345,37.86960763253669,0.0,23,6,41.571498520409456,0.0,0.11492640992219914
2024-07-22 00:00:00,0.07048508155484061,33.554718327603524,8.232577267073095,0,0,42.49719616687652,3.175894608488628,0.11367015727440494
2024-07-22 01:00:00,0.10407972609549443,41.3223973197826,0.0,1,0,43.82761735855399,0.0,0.1133420257871607
2024-07-22 02:00:00,0.09796659110093318,50.90504775600232,0.0,2,0,44.7943492253489,1.399852999365712,0.11388342780929368
2024-07-22 03:00:00,0.09503981083196086,44.91245840437328,0.0,3,0,49.4584503285062,4.659555402689629,0.1142414959404797
2024-07-22 04:00:00,0.12265668954391838,42.735591388045485,0.0,4,0,45.13167351173499,0.0,0.11558322237707865
2024-07-22 05:00:00,0.10344999214968698,48.09704376840189,0.0,5,0,49.08188022374353,0.0,0.115879255134109
2024-07-22 06:00:00,0.1272149253622906,44.714791492372726,0.0,6,0,51.32614082135382,18.62876272715924,0.11727703034820058
2024-07-22 07:00:00,0.08670536283632697,51.79601654673192,18.096833334339323,7,0,56.20698361061445,32.21770803317385,0.11677103214408162
2024-07-22 08:00:00,0.08861882070613375,54.36653483605213,33.33568234385753,8,0,55.05366993631604,57.471042610499396,0.11729179002505048
2024-07-22 09:00:00,0.10723082168288406,52.51024706475939,52.82779248956248,9,0,48.95104836024325,62.72689455051375,0.11797453851087819
2024-07-22 10:00:00,0.08888811643183105,52.37693898804486,61.73526110302768,10,0,51.14530654230267,74.70319233965968,0.11867496044111177
2024-07-22 11:00:00,0.09113180440187092,48.11667960185111,73.95836607989057,11,0,44.16289704678761,71.63526093349189,0.11940029106044008
2024-07-22 12:00:00,0.08255851889833413,47.71933829789304,71.93693902924345,12,0,47.99671615021721,70.19075467887933,0.1189901308336271
2024-07-22 13:00:00,0.08390256142782128,43.73408907865152,66.71927305221583,13,0,50.94155171133182,65.48988066194953,0.1201179641190271
2024-07-22 14:00:00,0.09180478683921045,50.90551589624466,56.93895407326093,14,0,48.98917025861059,48.227295070517776,0.12060557981888075
2024-07-22 15:00:00,0.11680392444336996,56.92492807842741,50.711112945464265,15,0,57.71517960073135,35.996980345119525,0.12183264938523995
2024-07-22 16:00:00,0.1492060786473327,53.45543655544502,31.841904956777075,16,0,56.18396744634146,21.321089639318373,0.12257693454172801
2024-07-22 17:00:00,0.19003703700770896,58.79343343056564,14.057176587698628,17,0,67.20316051909353,0.0,0.12336002915951921
2024-07-22 18:00:00,0.21448124723567114,69.82924568405116,1.8461005820144631,18,0,64.83431184550915,0.0,0.12441601435036222
2024-07-22 19:00:00,0.22029819411101126,66.42522272949509,0.0,19,0,66.68963421016426,3.122638643345879,0.12532682573967766
2024-07-22 20:00:00,0.2106503152051638,70.04692343678428,4.9426768241651935,20,0,63.14359615388295,3.92312338747249,0.12515973222310453
2024-07-22 21:00:00,0.20976140658988623,60.217504539886676,0.5590073453843906,21,0,58.796501888787056,4.368373073564991,0.12640924659292505
2024-07-22 22:00:00,0.17813314986812062,61.21237077374076,0.0,22,0,53.4686981438727,0.0,0.1275201414622319
2024-07-22 23:00:00,0.11711596441987857,52.10902205751479,0.0,23,0,43.16541615682136,0.0,0.1270092053079867
2024-07-23 00:00:00,0.08168251797116516,43.87995840655076,2.6753030372002833,0,1,42.31304548607547,0.0,0.1274757651586669
2024-07-23 01:00:00,0.09812015338670084,48.08109617773206,0.0,1,1,43.02335662002677,2.0118576388798637,0.12722744962913382
2024-07-23 02:00:00,0.10776018230015959,42.01446975221061,0.0,2,1,41.301241269676666,0.0,0.12763551592910158
2024-07-23 03:00:00,0.10458997189121892,40.52165359195108,0.6993864382805612,3,1,44.11526236766662,0.0,0.12803343930657066
2024-07-23 04:00:00,0.11113899887813904,43.10323280093445,0.0,4,1,46.039811364642745,0.0,0.1275535355288299
2024-07-23 05:00:00,0.10581396492223712,48.06867130328028,0.0,5,1,48.14583679750411,0.0,0.1276520343943528
2024-07-23 06:00:00,0.1212731322691658,44.71184475419863,0.0,6,1,49.277480434401966,21.173551435283063,0.12740445968213926
2024-07-23 07:00:00,0.11286296042486543,54.79977375906927,19.92068801756809,7,1,51.506750250414605,38.40801369041501,0.1284943595816617
2024-07-23 08:00:00,0.10255378935485039,52.33655426924632,36.10908803747562,8,1,46.49796161281022,49.7333824498625,0.12907498327535824
2024-07-23 09:00:00,0.11182668691786966,56.47118522815548,54.75351732707807,9,1,49.243016578072236,62.01970082766926,0.1292664776601493
2024-07-23 10:00:00,0.07319769997715049,42.19714198617643,59.34256313950003,10,1,47.74722773771647,62.66817959949559,0.12861271030787094
2024-07-23 11:00:00,0.08642297981067563,44.50921996078373,71.79076992025173,11,1,40.227978127216005,70.96018684334774,0.1284165092832378
2024-07-23 12:00:00,0.08555634848830695,40.196412519219656,71.84243739421068,12,1,46.422725504687186,73.26250230534411,0.12854141884948667
2024-07-23 13:00:00,0.09283791428284348,43.30536165264664,66.47877429697378,13,1,47.79997383033552,61.12943174760308,0.12891372521844593
2024-07-23 14:00:00,0.07487362763005191,48.837453036100854,63.91110446958526,14,1,49.371233885817034,48.02306096026566,0.12820826025139767
2024-07-23 15:00:00,0.11152512123598333,51.151220207812756,50.85104839377463,15,1,55.70992016638811,39.97392240369943,0.12798831011775655
2024-07-23 16:00:00,0.14631194875321077,55.761522360917226,33.918574984288185,16,1,63.74808342250823,15.576798045466667,0.12786772137216812
2024-07-23 17:00:00,0.17638991671280727,61.13708350365737,18.844339385938433,17,1,63.618773249587434,4.328968599805841,0.12729909135988057
2024-07-23 18:00:00,0.22937980439623024,66.21799374103156,0.0,18,1,67.20764120164405,8.086154987111332,0.12791986457490387
2024-07-23 19:00:00,0.2315573186339503,63.82262371592266,0.0,19,1,66.26030235546321,0.0,0.12838899476335966
2024-07-23 20:00:00,0.2189144840738594,67.82902939626959,0.0,20,1,60.00161976831347,3.4825790152150473,0.12873333513288862
2024-07-23 21:00:00,0.20433175360877556,63.766565486396544,0.0,21,1,58.58518250407832,0.0,0.12850709959200904
2024-07-23 22:00:00,0.16375959964012174,57.80076189339534,0.261678955632053,22,1,52.50836489652989,0.0,0.1279082016658424
2024-07-23 23:00:00,0.14303822093653878,53.48159002376272,0.0,23,1,42.563982990780765,0.0,0.1289882956873699
2024-07-24 00:00:00,0.1145375946064901,44.016342470079394,0.0,0,2,47.814658147796905,2.3027757067661057,0.13035725721384178
2024-07-24 01:00:00,0.10905655401739062,49.60041177270132,0.0,1,2,45.2114708499758,0.00488335981110661,0.13081294057345386
2024-07-24 02:00:00,0.10934231312588914,42.907612628237466,2.569092904602624,2,2,40.17510122310882,0.0,0.1308788626911926
2024-07-24 03:00:00,0.11652731879364736,42.56475669581384,0.649647276918434,3,2,43.77450215326625,0.0,0.13137625214546045
2024-07-24 04:00:00,0.1135076345848835,42.141528705055116,0.0,4,2,51.56866657235055,0.0,0.13147494529990814
2024-07-24 05:00:00,0.11965227719573263,43.332140810946704,0.0,5,2,47.772089528067916,0.0,0.1320515416446371
2024-07-24 06:00:00,0.1324454865880534,45.754142760426376,2.225346417660688,6,2,52.90671315182238,16.02740369429923,0.13251705640792408
2024-07-24 07:00:00,0.11203275715986057,49.929894163820286,10.221816624352153,7,2,56.53678793444923,33.13190363624479,0.13248246460521557
2024-07-24 08:00:00,0.0960873594526051,53.848623959910014,38.74329364980279,8,2,54.11700658479188,51.38196580429628,0.13221303002595533
2024-07-24 09:00:00,0.10422449032529801,53.882107820574305,44.2854807816925,9,2,51.46589234887305,60.25466848484455,0.13189627183459818
2024-07-24 10:00:00,0.09861039566681816,50.0366082447984,57.31765701774328,10,2,48.51559187372402,69.43667905084996,0.13295513415500101
2024-07-24 11:00:00,0.0948060046847829,44.590696248915535,67.6549974019449,11,2,45.65807475205484,66.95179374332035,0.1333044268580888
2024-07-24 12:00:00,0.10184639578161958,48.487879903606206,79.50046687546718,12,2,44.378845855110875,70.86371572592107,0.1339831788286435
2024-07-24 13:00:00,0.0654041381756053,48.32959519194786,75.32589557141613,13,2,48.92862923310487,62.94558204992771,0.13284010482417524
2024-07-24 14:00:00,0.11362167555995217,47.54822626437532,64.74429184216369,14,2,50.933370850641026,50.19670207624071,0.1344546068212544
2024-07-24 15:00:00,0.13685500653517446,49.649592441898434,52.09243431798277,15,2,55.6238068754046,36.40476367150335,0.1355100187087207
2024-07-24 16:00:00,0.14832326715624045,58.34147862377977,29.434546799560948,16,2,64.62559756192029,21.226063003818094,0.13559382364218028
2024-07-24 17:00:00,0.17776959217071683,62.262169267602644,19.159045387499962,17,2,64.8193380834676,0.0,0.13565131011959317
2024-07-24 18:00:00,0.2069758377071274,60.947322836493136,0.0,18,2,70.47637855052741,0.18674828730176832,0.13471781150754722
2024-07-24 19:00:00,0.2255190997335112,66.84658092656406,0.0,19,2,66.09482192326378,0.0,0.13446621905336226
2024-07-24 20:00:00,0.22606902620452504,66.41980383960419,0.5418108149113074,20,2,61.3419176137885,0.24530327116851955,0.13476432497547333
2024-07-24 21:00:00,0.19884932160821356,58.781189759975724,0.0,21,2,52.94769574065144,0.0,0.13453589030878324
2024-07-24 22:00:00,0.1714331667237129,57.190318045549176,3.042548410890977,22,2,55.95457315840907,0.0,0.13485562227059955
2024-07-24 23:00:00,0.1423747960885685,47.05942974970729,0.0,23,2,43.07180338345506,2.3755564831458877,0.1348279795686008
2024-07-25 00:00:00,0.11787764413022213,47.35953801400289,0.2625399782109372,0,3,38.56255524142596,2.291827520300223,0.13496714829875628
2024-07-25 01:00:00,0.11653709058539792,47.097554782624336,0.0,1,3,45.17770286636046,3.0427854001443664,0.13527883732242327
2024-07-25 02:00:00,0.09270625298838552,42.39419613230827,0.0,2,3,43.46297699688254,0.0,0.1345856681500273
2024-07-25 03:00:00,0.11497883008393776,44.72641450204178,1.0661924681773454,3,3,42.706103684471444,1.968877978116301,0.1345211477871227
2024-07-25 04:00:00,0.1272646956530096,36.857004298111384,0.0,4,3,48.513685812946406,1.4185871911153896,0.1350943586649613
2024-07-25 05:00:00,0.10453109390169137,42.951006470418974,0.574812487593627,5,3,44.654925313151764,0.0,0.13446430936104292
2024-07-25 06:00:00,0.12631016395114347,48.81229756273525,0.0,6,3,51.361792803979064,18.84938436603189,0.13420867091783834
2024-07-25 07:00:00,0.09259008028063816,49.35915752406553,16.209162523434212,7,3,53.49193402233061,35.410121308014496,0.13339855938120407
2024-07-25 08:00:00,0.10126571863413694,56.37680755208701,34.1332391018376,8,3,54.532676930075446,54.50658621728293,0.13361432434710122
2024-07-25 09:00:00,0.09038871592974211,59.21964993424745,50.05997301767507,9,3,54.369394373366745,64.24180429366261,0.1330378337472864
2024-07-25 10:00:00,0.10953522969801874,46.12372418172997,59.28577064776034,10,3,46.56680913699822,68.18169792639563,0.1334930351652531
2024-07-25 11:00:00,0.10712959501556454,44.37646387009025,69.14695185202228,11,3,46.54311531481802,70.42524580188622,0.13400651809570233
2024-07-25 12:00:00,0.08271584737372038,46.376661703806356,70.58686742992039,12,3,51.47618885664339,71.80344391270407,0.13320941191203986
2024-07-25 13:00:00,0.09966621455535558,51.13498394225587,66.98263230864829,13,3,48.08451209038592,65.72511254529947,0.13463699842786278
2024-07-25 14:00:00,0.11526313919883537,44.163440674470344,67.53764626039202,14,3,52.69125984334434,51.484402841141815,0.1347053927461496
2024-07-25 15:00:00,0.11425497782293709,52.55177732267998,52.05424436579499,15,3,54.1277439085856,37.624245157619434,0.1337637248831397
2024-07-25 16:00:00,0.14306343853856168,62.43060322619862,34.44074998869548,16,3,65.59492573740329,22.169984709007117,0.13354456535740308
2024-07-25 17:00:00,0.17946735563156305,56.3909621399457,19.031728059439825,17,3,64.17131500332225,0.0,0.13361530550160503
2024-07-25 18:00:00,0.20031564301069174,61.49784623118688,0.0,18,3,67.61719796254651,0.23371776553175053,0.13333779738925353
2024-07-25 19:00:00,0.22564231630323314,65.72451423151172,0.0,19,3,66.07769844167802,1.3628392755973702,0.13334293141299194
2024-07-25 20:00:00,0.2414603964907787,63.931343946301105,0.0,20,3,61.846827347239056,0.0,0.1339842385082525
2024-07-25 21:00:00,0.19074181571601084,64.27647482402045,0.0,21,3,55.730129459134766,4.757325962718731,0.13364642576274405
2024-07-25 22:00:00,0.17489912396788004,57.37206791836829,1.3557391679804627,22,3,52.21345181901769,0.0,0.13379084064791769
2024-07-25 23:00:00,0.14013191757141563,46.05092073814966,0.0,23,3,46.61612927909282,0.17160166109481292,0.13369738737636963
2024-07-26 00:00:00,0.10303477550028632,44.750747617954815,0.0,0,4,47.68367461696841,5.365853057137827,0.133078934516789
2024-07-26 01:00:00,0.10765961287785851,41.27368222560436,0.0,1,4,42.86965768893749,0.0,0.13270903961230818
2024-07-26 02:00:00,0.12602987606598026,47.298174530998004,10.356817067250848,2,4,42.68212587764249,0.6046837148704219,0.13409752390720797
2024-07-26 03:00:00,0.11163477932079482,41.57277233906688,0.0,3,4,42.96891756852446,0.0,0.13395818845874366
2024-07-26 04:00:00,0.11347947973515002,42.54927751745211,0.0,4,4,52.04128203072095,0.00047408585706879176,0.1333838044621662
2024-07-26 05:00:00,0.1274615944527281,48.40063197255082,0.0,5,4,50.027751738523996,0.0,0.13433924198512606
2024-07-26 06:00:00,0.105585069274615,52.21144668540855,2.657559179434022,6,4,55.03776016648081,17.391383359767772,0.13347569637360404
2024-07-26 07:00:00,0.09103464496152311,54.24159299193561,23.10742762878838,7,4,55.5017519249355,35.67309914822766,0.1334108865686409
2024-07-26 08:00:00,0.12284303876854552,48.71451922674579,33.21743288812759,8,4,57.26279626792757,51.01856418900647,0.13430994157424128
2024-07-26 09:00:00,0.09972087514288158,54.567703078332556,54.827591863228065,9,4,49.41118256244715,64.17526220594777,0.1346987815414554
2024-07-26 10:00:00,0.10370778487072131,46.59679735325394,64.2630222743997,10,4,44.859901979818616,62.27436055240496,0.134455971340318
2024-07-26 11:00:00,0.078295926135226,47.82692215495359,68.11793076895006,11,4,49.35982226329697,70.8550117872524,0.1332545684703039
2024-07-26 12:00:00,0.08856851647772511,41.08496856664587,70.2958841226683,12,4,47.8037169910483,68.29197379784105,0.13349842968297077
2024-07-26 13:00:00,0.07245028286507108,47.42533497390317,69.41415701985615,13,4,49.00529651394882,61.487477987153476,0.1323644325292089
2024-07-26 14:00:00,0.09622049774073248,45.51161381552273,64.73855265248854,14,4,54.84293881883393,50.44163965737328,0.1315709891351213
2024-07-26 15:00:00,0.10687492589633776,47.668122685172385,51.74179899908653,15,4,57.646799709401485,33.279392489827075,0.131263486971513
2024-07-26 16:00:00,0.13097456717804726,58.90436317504863,33.234894001637144,16,4,64.83408463010707,14.098252537651511,0.1307597839981582
2024-07-26 17:00:00,0.16702649916364815,62.46754571819325,17.820118543305355,17,4,66.10814331881984,0.6078970956456523,0.13024141497866176
2024-07-26 18:00:00,0.1781233765139476,63.65023376334456,6.934422091526743,18,4,68.90164485629846,0.0,0.1293167372079641
2024-07-26 19:00:00,0.2155400729090417,71.7415195237621,0.8792482905366719,19,4,66.66770135303568,1.127675697470594,0.12889581039987277
2024-07-26 20:00:00,0.22236676910421263,64.20483095312353,3.0426389940891534,20,4,61.04327506785663,0.0,0.1281002425920992
2024-07-26 21:00:00,0.19654448944881842,61.796587094624066,1.889597455372313,21,4,56.20566776297491,1.939621552441792,0.12834202066429953
2024-07-26 22:00:00,0.1522668565436922,57.47697168222142,0.9567521039919594,22,4,50.96276673309238,0.0,0.12739900952162503
2024-07-26 23:00:00,0.1437549403376511,49.765560174501196,0.38044615005274135,23,4,34.65184931977675,0.04188228816631805,0.1275499688035515
2024-07-27 00:00:00,0.08246140953889912,35.62851126802386,3.140867188637428,0,5,33.2296426528173,0.0,0.12669274522182702
2024-07-27 01:00:00,0.10166331820790683,32.434199954687195,2.5152478235873916,1,5,35.11118336546561,0.0,0.12644289961057906
2024-07-27 02:00:00,0.0916107680899652,32.922141606166036,0.9236271730404202,2,5,35.40429638948219,0.0,0.1250087701115784
2024-07-27 03:00:00,0.08909013575713529,38.96094970350758,0.0,3,5,36.01619549099717,3.308620904530146,0.12406940996309261
2024-07-27 04:00:00,0.0918688927712854,32.27601185581134,1.3494558194196515,4,5,38.13348895792262,0.0,0.12316896883959826
2024-07-27 05:00:00,0.1235649564051447,29.967554559473815,0.0,5,5,39.657205897511616,0.0,0.12300660892094893
2024-07-27 06:00:00,0.08434300990479057,45.94452112644029,0.0,6,5,43.263163092124174,21.29494832771531,0.12212152311387292
2024-07-27 07:00:00,0.09431632787477379,51.984965276154036,27.712014774724743,7,5,41.786653790823415,37.71837452820217,0.12225825990192503
2024-07-27 08:00:00,0.09899929458337062,43.83100979341118,30.03632968240751,8,5,43.62569497842989,53.85758515342627,0.12126477056087608
2024-07-27 09:00:00,0.07453365956239319,37.66755194104943,53.45049512139105,9,5,38.954401458841595,61.18857330040005,0.1202153032450224
2024-07-27 10:00:00,0.06185348062006196,39.93247519525687,58.335103489349045,10,5,38.29318425990929,64.74078379692627,0.11847137390124492
2024-07-27 11:00:00,0.06823069864711226,37.17756595885288,68.89118318973526,11,5,35.2313813155678,67.74406151478223,0.11805198942257351
2024-07-27 12:00:00,0.08101975922807754,36.0526032691235,79.83607483558546,12,5,32.915199305339506,67.59560778192507,0.11773745787050488
2024-07-27 13:00:00,0.06950943486267398,33.453703168087316,65.06370749514916,13,5,43.61705706911514,63.484402522541906,0.11761492253707166
2024-07-27 14:00:00,0.08068234848766306,40.966766765702914,58.820897502342035,14,5,42.32913561978656,49.382600252377685,0.1169674996515271
2024-07-27 15:00:00,0.11357923993398208,44.470417967393395,50.034402034659266,15,5,50.533695262144214,34.494300988007986,0.11724684606976228
2024-07-27 16:00:00,0.11983030224305956,42.85748155535504,32.45774990767514,16,5,51.659744652162146,19.447716889343138,0.11678250169747112
2024-07-27 17:00:00,0.15759890746228583,54.95115359072316,21.43049609063458,17,5,60.0306331768902,0.07762010412422904,0.11638968537658102
2024-07-27 18:00:00,0.18196515233244698,63.20299227050055,0.0,18,5,55.813792280530066,0.0,0.1165497593690185
2024-07-27 19:00:00,0.2068236869884987,58.66746107116516,2.2890337405226795,19,5,56.98642265432969,0.0,0.11618657662232922
2024-07-27 20:00:00,0.19812461114887459,55.55491898399936,0.0,20,5,50.528704499093855,2.6514686806703645,0.11517648670752345
2024-07-27 21:00:00,0.18227081176528542,52.25887305228486,0.0,21,5,52.83737582737748,2.933877033696982,0.11458175013737625
2024-07-27 22:00:00,0.13249851785337854,49.60471110442116,0.0,22,5,42.26940901470767,0.0,0.11375806935861317
2024-07-27 23:00:00,0.11849269251035283,37.229782826561525,0.0,23,5,35.79896424056232,0.0,0.11270547569914241
2024-07-28 00:00:00,0.0776583220792235,34.66810938417815,5.313941194679076,0,6,35.06358632375869,1.8675238464485955,0.11250534705498927
2024-07-28 01:00:00,0.09004647152907622,32.91294683284002,0.0,1,6,34.20953698919398,0.0,0.11202131177670466
2024-07-28 02:00:00,0.1107798938768018,40.17360828422395,0.0,2,6,35.657116990809634,1.0224968845408495,0.11282002535115619
2024-07-28 03:00:00,0.08914258049015542,34.064324513467724,1.4476695991611357,3,6,38.34541710668834,0.0,0.11282221054836535
2024-07-28 04:00:00,0.07657061836507603,40.9643115849403,0.0,4,6,39.04604748615277,0.0,0.11218478244810663
2024-07-28 05:00:00,0.0846920637454584,34.177665391052464,0.0,5,6,41.13561649446678,4.97655830898806,0.11056507858728637
2024-07-28 06:00:00,0.07317268501161195,42.68993608167786,7.139874560251858,6,6,44.886945709275025,17.284595162416245,0.11009964838340391
2024-07-28 07:00:00,0.07604834933389061,44.870380677450264,14.73489292304151,7,6,48.97913281942132,36.70621562133598,0.10933848261086714
2024-07-28 08:00:00,0.09767471343940697,42.36810425518844,34.55125263039351,8,6,43.052996930382676,46.694996341179895,0.10928329172986866
2024-07-28 09:00:00,0.06872721490311517,44.45428524337893,49.10210283230178,9,6,37.23943411529421,65.38082609085933,0.10904135653573205
2024-07-28 10:00:00,0.08473251775319168,44.827268202451705,63.520356781753755,10,6,35.92166146255918,73.52756973956183,0.10999464974961247
2024-07-28 11:00:00,0.0757527884732492,37.0785299501326,69.69312149912162,11,6,34.63729655035696,66.27020859227353,0.11030807015903484
2024-07-28 12:00:00,0.06552786182565112,31.267263088558185,67.58250628120436,12,6,35.2751696349973,67.61411880600608,0.10966257443393373
2024-07-28 13:00:00,0.07634167604410669,36.981527863016105,66.93449262572133,13,6,37.43954115225288,64.7523641729573,0.10994725114982677
2024-07-28 14:00:00,0.0722036815518283,36.245601211948845,60.24004623247438,14,6,42.765979221686564,48.52266652762318,0.10959397336083365
2024-07-28 15:00:00,0.11274013692840168,41.717687368260194,52.45563489636787,15,6,48.15559940207111,36.384191922741564,0.10955901073560113
2024-07-28 16:00:00,0.1211263356141299,47.39968268129113,31.14902825462633,16,6,53.20825150572394,13.535643623735458,0.10961301212606239
2024-07-28 17:00:00,0.1540275685327566,47.27682096355656,25.303998182745275,17,6,55.19502850673002,0.0,0.109464206337332
2024-07-28 18:00:00,0.1823495181409372,51.48547764795423,0.0,18,6,60.12617214846287,0.8541224561662917,0.10948022157935244
2024-07-28 19:00:00,0.2145512995885948,59.68098588655494,0.0,19,6,57.72445515168234,0.0,0.10980220543768977
2024-07-28 20:00:00,0.2013317779125434,54.9828436803823,0.0,20,6,55.897084618810595,0.0,0.10993583738617597
2024-07-28 21:00:00,0.13400508914390835,44.527285450069826,0.0,21,6,49.350595536521894,0.0,0.10792476561028526
2024-07-28 22:00:00,0.14985636993712667,50.16857437277449,0.0,22,6,42.09005245251378,1.8313857691148623,0.1086480094471081
2024-07-28 23:00:00,0.09986022949771485,43.66069918656889,0.0,23,6,45.7759566751793,0.0,0.10787165682158152
2024-07-29 00:00:00,0.10090410585845179,40.88058063099756,0.0,0,0,43.73252457701024,4.313941414651489,0.10884023114571602
2024-07-29 01:00:00,0.1037016635019854,38.97149572899816,0.0,1,0,44.879446413789225,0.0,0.10940919747792059
2024-07-29 02:00:00,0.10077373821712506,45.95807444423401,2.4344334745297345,2,0,45.085457664301785,2.241968720853274,0.10899227432543405
2024-07-29 03:00:00,0.1110014442270302,44.762520187100485,0.0,3,0,44.40135249606187,1.9661723292824003,0.1099030603144705
2024-07-29 04:00:00,0.12087689451617964,52.27431946721039,0.0,4,0,46.93909731807962,0.0,0.11174915515409982
2024-07-29 05:00:00,0.09864618548446293,48.07716007313821,0.0,5,0,49.570878417064044,0.0,0.11233057689322501
2024-07-29 06:00:00,0.09738588464042451,51.07427773321089,3.474936075437031,6,0,51.16532819009879,16.861980996063867,0.1133394602110922
2024-07-29 07:00:00,0.10316598923574705,52.33705139023444,18.894875285112708,7,0,49.88258682570794,33.95818613146518,0.11446936187366956
2024-07-29 08:00:00,0.08309808510266829,56.7856591566618,34.70030157138542,8,0,51.52192750427021,45.933603903285274,0.11386200235963878
2024-07-29 09:00:00,0.09235887804920827,54.90981125379834,44.55141840397641,9,0,50.36846017078688,62.2018548873121,0.114846654990726
2024-07-29 10:00:00,0.10916150866958144,53.97564888526273,56.70754140769586,10,0,49.30875409556069,65.78139005879753,0.11586452961224224
2024-07-29 11:00:00,0.06936826958012973,45.469350997473924,63.235448986204425,11,0,47.29644447606156,69.77874250506865,0.11559850799169558
2024-07-29 12:00:00,0.07982479250301022,44.31116058574427,74.67240913483636,12,0,45.501423651030976,70.5276735609136,0.11619421343658554
2024-07-29 13:00:00,0.07850586652825198,44.527519694089115,69.56685470730388,13,0,46.79592278090782,62.30805289001567,0.1162843880400916
2024-07-29 14:00:00,0.11951883424064846,50.68684155632117,57.69134923598416,14,0,51.47635092266237,47.82741870916745,0.11825585273545909
2024-07-29 15:00:00,0.10819566963844128,56.630897514197684,47.591774345477,15,0,54.733671550390135,37.963825175291646,0.11806649993171076
2024-07-29 16:00:00,0.13574868857269592,55.215394899469274,32.1606993091609,16,0,57.52728973336992,20.006320042036176,0.11867576463831768
2024-07-29 17:00:00,0.15865105070140648,60.39855305913184,15.04229442014385,17,0,62.588216017094425,0.0,0.11886840972867807
2024-07-29 18:00:00,0.2141126129747259,66.68355238342727,1.6110536092566405,18,0,69.91077566245976,0.0,0.12019187201341926
2024-07-29 19:00:00,0.2282134917355264,66.3748561460955,0.0,19,0,69.39303425226578,2.801411547191807,0.12076113001954143
2024-07-29 20:00:00,0.2026267181250145,68.72503613143644,7.284087105041122,20,0,63.26527022502195,2.180293236283193,0.12081508586172773
2024-07-29 21:00:00,0.19450561830502627,54.55170094717822,4.376259385809494,21,0,56.563689138391744,0.0,0.12333594124344098
2024-07-29 22:00:00,0.16134100038760052,54.03453823875792,4.583181191633528,22,0,49.026076157654764,0.0,0.1238144675122107
2024-07-29 23:00:00,0.14497668992676377,49.308304634278215,2.3497494123184417,23,0,42.86736708591771,1.9470616489772146,0.12569432003008776
2024-07-30 00:00:00,0.10106234007064271,35.76449189733178,0.0,0,1,44.43368196878509,0.0,0.12570091312226236
2024-07-30 01:00:00,0.1079179637336418,40.126360451457494,2.0922680958535445,1,1,44.96790279006923,2.253825945604383,0.1258765922985814
2024-07-30 02:00:00,0.10244127903301811,40.3796406743743,0.0,2,1,45.04687126559025,5.420203767473669,0.12594607316591028
2024-07-30 03:00:00,0.122483792155737,43.02571436949999,5.70596617754927,3,1,47.09377936705702,1.0452108821533976,0.1264245043296064
2024-07-30 04:00:00,0.10817798214878022,48.23613408498733,1.414977840674722,4,1,50.64311215469397,0.0,0.12589538298096473
2024-07-30 05:00:00,0.10501041459228692,45.973013542461295,0.918261255110553,5,1,49.04823404674535,0.4942160452900889,0.12616055919379074
2024-07-30 06:00:00,0.10012012355122213,46.55967484535789,0.44475431850328173,6,1,58.50649593184118,20.939836634317697,0.12627448581507397
2024-07-30 07:00:00,0.09740606031391127,52.71361730375169,24.13385266924367,7,1,50.15675235393757,35.13319434401407,0.12603448877666415
2024-07-30 08:00:00,0.10447553496734809,57.55398303928472,29.838118986045266,8,1,51.377566787746986,50.648916797406734,0.12692521585435915
2024-07-30 09:00:00,0.10791766326393298,49.81112146728968,55.728182027699184,9,1,50.39478043373675,58.13443115783923,0.12757349857163933
2024-07-30 10:00:00,0.08476987749401209,47.080940298358605,59.721249242536025,10,1,48.260287251403206,65.31081841379589,0.1265571806059906
2024-07-30 11:00:00,0.08896282768877187,48.94959207584389,62.415573388984534,11,1,45.3658442607649,72.24944981466632,0.12737362052718404
2024-07-30 12:00:00,0.0861162347070005,45.02019999787952,67.07975624819736,12,1,45.093769030567294,65.34332054993762,0.1276357639523503
2024-07-30 13:00:00,0.0899138384799207,48.15725192033091,61.559269384806775,13,1,52.58609794561147,53.13141886382919,0.12811109611700316
2024-07-30 14:00:00,0.07496566284166674,48.13725738385659,62.660586178175244,14,1,50.77370522211166,48.43644342289258,0.12625471397537893
2024-07-30 15:00:00,0.10355321172194526,54.10607404818789,45.66014930464583,15,1,54.669587628139304,35.73599406374973,0.12606127822885824
2024-07-30 16:00:00,0.12511628495553506,53.39608558167012,35.446581986190466,16,1,65.16413136288726,21.006749856788346,0.12561826141147656
2024-07-30 17:00:00,0.17105858431586018,61.743809174600415,22.012679779061155,17,1,67.40146171841626,4.608171704499007,0.12613524197874545
2024-07-30 18:00:00,0.20314552040919948,65.02894829013495,0.0,18,1,69.37537845868532,0.23715983670201843,0.1256782797885152
2024-07-30 19:00:00,0.21593683056608243,63.2950930580567,0.0,19,1,66.094857985593,1.8441280734848167,0.12516675223978835
2024-07-30 20:00:00,0.1981842270603863,60.69998607726213,0.0,20,1,59.030065964556485,0.3377537810972079,0.12498164844542885
2024-07-30 21:00:00,0.19160310094807154,63.976436259091216,0.0,21,1,56.873884887610295,0.9913964136825936,0.12486071022222239
2024-07-30 22:00:00,0.1417201522607796,55.58159783484759,9.009082688456802,22,1,48.80931278258562,0.0,0.12404317488360488
2024-07-30 23:00:00,0.14273286978036723,48.565391070736524,2.7227660743865463,23,1,43.70061916835589,1.0820361318616003,0.12394968237750499
2024-07-31 00:00:00,0.11075070204226868,42.908232439011755,0.0,0,2,44.54318324119746,0.0,0.12435336412632275
2024-07-31 01:00:00,0.10864854085779245,46.84603771715441,0.0,1,2,45.485353520446004,5.544239409125703,0.12438380483982904
2024-07-31 02:00:00,0.10137513381534027,36.036153040090085,0.0,2,2,43.51084696455741,0.0,0.12433938212242579
2024-07-31 03:00:00,0.0805393723662105,38.90637935646858,0.4551776326777383,3,2,46.19719642064529,1.5984825766278457,0.12259169796452885
2024-07-31 04:00:00,0.09946317675007671,41.74778051780861,0.0,4,2,44.97589044579758,0.8947353821097199,0.12222858107291622
2024-07-31 05:00:00,0.10031728311568433,51.459353899975575,1.8552071851989524,5,2,51.817915565360025,1.0395889698812124,0.12203303392805775
2024-07-31 06:00:00,0.11326032861557106,50.78893099576631,0.0,6,2,54.271401607993795,14.629086566812173,0.12258054247240563
2024-07-31 07:00:00,0.1110341099052297,55.37766090530989,14.586618458787655,7,2,52.622486156298265,29.960495083285515,0.12314837787204391
2024-07-31 08:00:00,0.1055184620193792,50.57448640966744,35.95498692286246,8,2,54.02128886620974,50.71182631857666,0.12319183316587855
2024-07-31 09:00:00,0.11323907346097947,49.378048778190674,44.92540997747141,9,2,52.20059624722741,63.786476203120806,0.12341355859075548
2024-07-31 10:00:00,0.08616480385631206,51.454157720618895,62.58323382969377,10,2,47.34590115472865,67.57327309079753,0.12347168052251796
2024-07-31 11:00:00,0.0801265657868106,47.37508716535878,66.90664929279014,11,2,44.110464210635875,71.5733609742027,0.12310350294326959
2024-07-31 12:00:00,0.09636073956160204,47.51145368878227,62.92092338086325,12,2,46.46718642039138,65.67382658186268,0.1235303573122113
2024-07-31 13:00:00,0.08760807301787098,45.51112763928852,67.33987837564273,13,2,49.31220251156852,60.96007987720884,0.12343428375129258
2024-07-31 14:00:00,0.09249163477748877,49.097360942455325,54.133660258613396,14,2,50.227085373268714,52.44750385770083,0.12416453258195183
2024-07-31 15:00:00,0.1368082578572145,52.3931053461966,51.442423148741625,15,2,54.71942156914311,33.781369919846206,0.12555015950425472
2024-07-31 16:00:00,0.14843918576559006,59.22356509187091,33.78880267080966,16,2,62.85209864103378,21.26098600642102,0.12652194703800698
2024-07-31 17:00:00,0.16837744110883024,64.39128045954415,24.419770079006483,17,2,67.37616613984606,0.0,0.1264102327377141
2024-07-31 18:00:00,0.19749325969291887,60.54593985424236,3.749594955304133,18,2,71.51183261087536,0.0,0.12617472187453574
2024-07-31 19:00:00,0.23453584152645127,60.021058538298156,0.0,19,2,67.06094265534716,1.5285651498681108,0.12694968066455112
2024-07-31 20:00:00,0.22323464620385608,68.93507468312573,0.0,20,2,59.39024984445918,5.3278698960404105,0.12799344812886235
2024-07-31 21:00:00,0.19836883971430455,65.60913354484947,0.0,21,2,60.81058643479414,0.039966962273554056,0.12827535391078873
2024-07-31 22:00:00,0.17021722315417656,53.465025695701414,0.0,22,2,53.973036168165784,0.0,0.12946273186468024
2024-07-31 23:00:00,0.1433563977618695,45.91158857126094,6.3900833040698295,23,2,39.23355171001851,5.264220779241456,0.12948871219724287
2024-08-01 00:00:00,0.1115984062186125,43.56100538057845,0.0,0,3,41.203886265288524,0.0,0.12952403320459052
2024-08-01 01:00:00,0.11560745867052913,46.24314861414733,3.2669658146410834,1,3,42.379486219659356,1.861380846799056,0.12981398811345454
2024-08-01 02:00:00,0.11452983481159831,49.114905533259034,0.0,2,3,45.39990846467113,0.0,0.13036210065496528
2024-08-01 03:00:00,0.11202616487407879,45.37586431107286,0.0,3,3,39.97019611922665,0.3983725234380943,0.13167405034279314
2024-08-01 04:00:00,0.09618200199789365,43.53961261898823,0.0,4,3,46.573445610486644,0.0,0.13153733472811885
2024-08-01 05:00:00,0.1265748615045669,43.95365245358795,3.8728876150735623,5,3,51.474839277524495,6.321401958475816,0.1326314004943223
2024-08-01 06:00:00,0.0935586861598286,49.94938569995964,1.0906866448610952,6,3,47.282109821004724,21.172453293416766,0.13181049872533301
2024-08-01 07:00:00,0.10731015525354694,51.992687599590134,14.136335877023631,7,3,55.7446071056371,39.40919048426961,0.13165533394817955
2024-08-01 08:00:00,0.08558166537131887,51.002872968728155,40.13724577369532,8,3,54.722539399029095,46.52390896541925,0.1308246340878437
2024-08-01 09:00:00,0.09690506888542895,59.54467057800787,47.706747835726354,9,3,48.35593767019864,54.57371423240838,0.13014405056386244
2024-08-01 10:00:00,0.08612905101451612,55.76178162992603,58.08945929127547,10,3,44.910123685896146,65.74833430800274,0.13014256086212095
2024-08-01 11:00:00,0.08907294681878612,50.85205400993171,56.66533785349879,11,3,44.058991272957,75.9630141968586,0.13051532673845326
2024-08-01 12:00:00,0.08800729299106287,42.836857111616844,71.13729114985041,12,3,40.79556795795109,65.66736169732374,0.1301672664646808
2024-08-01 13:00:00,0.07413747184747826,48.87582556419985,66.922150650187,13,3,47.58301014574811,62.628786333469144,0.12960599141591442
2024-08-01 14:00:00,0.09510264620457645,50.282194444382796,60.03351952295039,14,3,52.35440570219518,45.862038656013375,0.12971478355870975
2024-08-01 15:00:00,0.1313740947879525,53.331359188142216,47.32171573329059,15,3,54.32412476840192,32.13722677218383,0.1294883600974905
2024-08-01 16:00:00,0.12575923802698036,60.76172721752823,32.445183849928114,16,3,63.78104203862769,17.613585978061657,0.12854336227504845
2024-08-01 17:00:00,0.1627419836614759,63.87013053066693,16.543472835285474,17,3,65.96275351379575,5.907143273619297,0.12830855154807533
2024-08-01 18:00:00,0.2257619099924457,68.12566470865889,1.6210630489454865,18,3,67.76044232788479,3.080651949309912,0.1294864119772223
2024-08-01 19:00:00,0.22656888342085593,69.27850693836896,2.236912205616727,19,3,64.95358500106127,0.0,0.12915445538948914
2024-08-01 20:00:00,0.22047757726038575,66.84811083243665,0.0,20,3,63.322590058645055,1.8668462061404718,0.12903957751684456
2024-08-01 21:00:00,0.19754079663670812,56.12894654751488,3.3212812301086565,21,3,59.340229646044854,0.0,0.1290050757219447
2024-08-01 22:00:00,0.1561347516294814,57.02669572204687,0.0,22,3,51.076113503453925,0.0,0.1284183060750824
2024-08-01 23:00:00,0.13167465723852942,50.111336520078744,0.0,23,3,44.79595310397226,1.429093134732283,0.1279315668866099
2024-08-02 00:00:00,0.09728826400711968,39.17839849773428,0.6944545121757751,0,4,44.83831681430871,3.9156199894681305,0.12733531096113104
2024-08-02 01:00:00,0.10449739027533425,48.67607508041521,0.0,1,4,44.22813988997922,3.777943702941593,0.12687239144466458
2024-08-02 02:00:00,0.1241833716702323,48.92518376113042,0.8145140817773698,2,4,47.10761607738817,0.9283865762006039,0.12727462214710766
2024-08-02 03:00:00,0.08768166602567018,48.10301361012111,0.0,3,4,43.305922311488104,0.9677288646591977,0.12626026802842397
2024-08-02 04:00:00,0.09120661511592218,45.57558459082819,0.0,4,4,45.99836942141255,3.7693937824801114,0.12605296024167514
2024-08-02 05:00:00,0.09462588455617299,51.163466438534954,0.0,5,4,48.38861842271548,0.0,0.1247217528688254
2024-08-02 06:00:00,0.12630554177421643,49.981107353366326,0.0,6,4,54.43017355033197,22.847632460284746,0.12608620518609157
2024-08-02 07:00:00,0.09622482466318008,53.629081546922784,23.364755964289404,7,4,53.73591334638825,32.19298640178952,0.12562431641149296
2024-08-02 08:00:00,0.09770278631644218,50.78177749040896,33.84396676043283,8,4,51.62694982617858,49.17181491678052,0.12612936311753978
2024-08-02 09:00:00,0.07870700361640917,54.28882027846857,50.69464553190981,9,4,53.405333605611226,57.93970100283023,0.12537111039799728
2024-08-02 10:00:00,0.08983594223494212,50.272273323080285,67.56230813814278,10,4,50.865505459502785,62.93630867309927,0.12552556419884833
2024-08-02 11:00:00,0.09784213701276193,43.078007057510995,67.58733017852178,11,4,45.15598818090983,69.79992348414024,0.12589094712359733
2024-08-02 12:00:00,0.08694168539404669,45.64954323561988,65.82922799237764,12,4,43.434743195196276,66.83543465308163,0.125846546807055
2024-08-02 13:00:00,0.08431910766782987,45.91442473093371,63.97664460052602,13,4,51.99222044351435,59.03410898769782,0.12627078163290298
2024-08-02 14:00:00,0.07667699335857447,54.01738127607929,59.331513226329946,14,4,52.886469875009084,48.014633124459706,0.12550304609765292
2024-08-02 15:00:00,0.11071457907078146,54.80649145075909,46.22696544548064,15,4,57.63403872304093,38.52638683668091,0.12464223294277077
2024-08-02 16:00:00,0.14326939636410846,56.82921937690777,32.30043057487084,16,4,62.07674050152892,23.870886658635538,0.12537182287348445
2024-08-02 17:00:00,0.15876207291163957,62.66285787370124,21.179426688615813,17,4,64.18677930391013,3.5081272006506317,0.12520599325890794
2024-08-02 18:00:00,0.21912429384202545,65.92889437124538,3.5915469827027513,18,4,66.44363152852742,0.7767439610786382,0.1249294259193071
2024-08-02 19:00:00,0.23583833117794656,66.62087768905906,0.0,19,4,67.14281402053244,0.0,0.12531565290918587
2024-08-02 20:00:00,0.20779542967021947,62.32360690401431,0.0,20,4,60.971177050358875,1.7560359516481228,0.12478723009292893
2024-08-02 21:00:00,0.20255842122333945,61.38293176308503,0.0,21,4,57.65487093966313,1.879892987339345,0.12499629778403858
2024-08-02 22:00:00,0.15962458330949925,54.40138946187198,2.096811311578382,22,4,51.94767755153654,2.1597322023343226,0.12514170743737266
2024-08-02 23:00:00,0.14656099925856758,47.91993667266882,4.000764559769797,23,4,32.1916090725623,0.0,0.12576197168820757
2024-08-03 00:00:00,0.11740977432541871,35.9412928411174,9.456887769958593,0,5,37.56801665664781,2.3801791042555998,0.12660036795147003
2024-08-03 01:00:00,0.07987576597974685,35.577802282821864,0.0,1,5,35.61195799780302,4.372441339680374,0.1255744669391539
2024-08-03 02:00:00,0.10223224981406709,28.70642810630126,0.0,2,5,35.446296513357424,0.0,0.12465983686181369
2024-08-03 03:00:00,0.10865118835579594,34.392410321573685,2.0599950547319996,3,5,36.90043757089112,1.917040433500593,0.12553356695890225
2024-08-03 04:00:00,0.08131349217179287,38.97663956415209,0.0,4,5,34.28717610649272,0.0,0.12512135350289685
2024-08-03 05:00:00,0.08594916690653227,41.262475488337614,0.0,5,5,39.987671443716195,0.0,0.1247598236008285
2024-08-03 06:00:00,0.08546758183386804,44.25670854505619,0.0,6,5,40.95702265237915,14.966772385776173,0.12305824193664731
2024-08-03 07:00:00,0.09000424901714378,44.136145995317506,8.447319025723273,7,5,45.561751787852884,33.06323536238819,0.12279905128472912
2024-08-03 08:00:00,0.0853464839948147,42.60823429876896,34.47654614054354,8,5,44.70176598532269,47.18694152360426,0.12228420535466132
2024-08-03 09:00:00,0.08370319869479942,40.582105328909435,47.508962409224935,9,5,41.39320947433309,60.12243767766109,0.12249238014959425
2024-08-03 10:00:00,0.09104043460827117,42.213267519706235,63.417376505501686,10,5,40.63516561043614,68.26333684570014,0.1225425673318163
2024-08-03 11:00:00,0.05269413570002445,39.491683413732744,65.78954994554985,11,5,33.850163037411235,71.49575699079028,0.12066140061045223
2024-08-03 12:00:00,0.06021947975507462,40.96432702295214,63.69884349592666,12,5,35.602550862918,63.944828628854864,0.11954797537549507
2024-08-03 13:00:00,0.08165261319793177,40.720987688753105,64.86698746374428,13,5,40.12537501415805,59.975699664856734,0.1194368714392493
2024-08-03 14:00:00,0.09008893344744585,38.873547314299636,51.64927787862434,14,5,43.50437558639609,45.072365450157385,0.1199957022762856
2024-08-03 15:00:00,0.08994749779007644,38.99504345954434,43.90901334358596,15,5,45.193225978429,33.735303330860965,0.11913040722292291
2024-08-03 16:00:00,0.1362228426006419,46.802946333763146,36.269500723548624,16,5,55.29129169067932,17.742782141229018,0.11883680081611181
2024-08-03 17:00:00,0.17458637467787652,53.593371778114395,16.757416212550098,17,5,59.90535247866506,0.0,0.11949614672303834
2024-08-03 18:00:00,0.1892833973943677,56.172241848448806,3.2287788382432385,18,5,59.152869927342024,1.5654961035606862,0.11825277603771926
2024-08-03 19:00:00,0.1909535334313193,56.45243476693926,0.0,19,5,53.80072461092038,0.0,0.11638257613160981
2024-08-03 20:00:00,0.20794315716176873,57.62809881594345,0.0,20,5,53.21724173458715,0.43223376032076,0.11638873144375768
2024-08-03 21:00:00,0.19242717477794063,51.28512647129619,0.0,21,5,48.50108248737509,3.428623874166181,0.1159665961751994
2024-08-03 22:00:00,0.13100319668773924,45.81058588762177,3.345470039146221,22,5,42.408755236869816,0.0,0.11477403839929273
2024-08-03 23:00:00,0.12126636836702223,43.949088939376836,2.3546696885831793,23,5,37.03305429447089,2.380555164876917,0.11372009544547834
2024-08-04 00:00:00,0.10608183402336599,33.052188781895225,2.2478825253090426,0,6,34.127060053503605,4.040058948975945,0.11324809793289281
2024-08-04 01:00:00,0.09438405634250405,35.14007141950963,5.3949351332943545,1,6,38.666158854535475,3.868489804988323,0.11385261003134102
2024-08-04 02:00:00,0.07203088097541008,35.33132701954929,0.0,2,6,36.38441759436856,0.0,0.11259421966306365
2024-08-04 03:00:00,0.0983126261872728,31.172010361808447,4.672782923552517,3,6,36.375737392939804,0.0,0.11216344623937519
2024-08-04 04:00:00,0.08121595262014007,34.283605536646405,0.0,4,6,39.74699629561362,0.0,0.11215938209138965
2024-08-04 05:00:00,0.07760194373722804,42.50702773534546,0.0,5,6,44.06898319783034,0.0,0.11181158112600198
2024-08-04 06:00:00,0.07177113112078895,37.2885582108171,2.634613000244186,6,6,45.842909771863795,19.434097950251093,0.1112408956796237
2024-08-04 07:00:00,0.10588251139756541,37.27151150027052,12.246652965365646,7,6,45.19389131864598,35.927632468863784,0.1119024899454746
2024-08-04 08:00:00,0.07960633424125305,39.3876568616376,35.83767205684732,8,6,42.76328304568387,48.175792869398755,0.11166331703907618
2024-08-04 09:00:00,0.09008264791443488,44.17627540924396,48.201672825498086,9,6,38.899499153718914,54.74728126505147,0.11192912742322765
2024-08-04 10:00:00,0.08793202783588598,41.242649117953114,62.35194628536542,10,6,33.42973108780126,64.33752611298816,0.11179961047437827
2024-08-04 11:00:00,0.07738570424044072,37.934814570147225,65.1522683199278,11,6,37.226516230154296,71.53071034454801,0.11282842583022895
2024-08-04 12:00:00,0.07546505017445879,40.76345692213053,67.8621560267963,12,6,36.458895535164025,67.067381351341,0.11346365793103662
2024-08-04 13:00:00,0.07818605333220734,28.681164625472427,67.14274967250708,13,6,38.66160393903746,60.79299668543349,0.11331921793663145
2024-08-04 14:00:00,0.08511279190374009,40.59684941712141,56.28118830986414,14,6,45.0673993443096,57.10964275800018,0.11311187870564371
2024-08-04 15:00:00,0.09352808994668484,48.00628652141395,45.375354571257674,15,6,47.63312442667758,34.751601423554334,0.11326107004550238
2024-08-04 16:00:00,0.1193143732511788,44.248371000287925,35.493495396832934,16,6,56.721621254955906,11.469014111232337,0.11255655048927476
2024-08-04 17:00:00,0.15740419266592812,51.71603312073644,17.410738217839242,17,6,55.705890574359906,0.0,0.1118406262387769
2024-08-04 18:00:00,0.18985712008346675,54.4428361023067,0.0,18,6,56.392975591689904,0.855555841923185,0.11186453135082271
2024-08-04 19:00:00,0.20722143828734862,55.47297056908306,0.0,19,6,54.33677666308199,0.052469466891915124,0.11254236071982392
2024-08-04 20:00:00,0.2032624607943115,55.808010995709445,5.580958277434155,20,6,54.376475362948796,0.0,0.1123473317045132
2024-08-04 21:00:00,0.18209129361717177,57.498926155343945,0.0,21,6,50.15655147094649,0.0,0.11191666998948117
2024-08-04 22:00:00,0.14063949242045454,53.73321672084642,0.0,22,6,41.79683208083178,0.0,0.11231818231167766
2024-08-04 23:00:00,0.09462147370285443,41.910616353220746,0.0,23,6,41.245460336614904,1.0466802869655398,0.11120797836733733
2024-08-05 00:00:00,0.10024233836004486,49.469618425875,0.0,0,0,46.454350521460576,3.904210128014836,0.11096466604803228
2024-08-05 01:00:00,0.0888658674246275,43.50764280368971,2.299092289341372,1,0,40.59113108835145,4.850548225397194,0.11073474150978742
2024-08-05 02:00:00,0.09741102327272043,49.10374613442597,2.9266934048830384,2,0,45.87348422359488,4.771153782656734,0.11179224743884202
2024-08-05 03:00:00,0.10789893742822575,43.55448818897032,0.378761605706864,3,0,43.71647511493005,0.0,0.11219167707388172
2024-08-05 04:00:00,0.10597434235007898,45.277822878923395,3.3454175057830917,4,0,47.73519294439317,0.0,0.1132232766459625
2024-08-05 05:00:00,0.12769996046446375,48.110520542629864,2.5593064065808466,5,0,52.195916798768074,0.0,0.11531069400959731
2024-08-05 06:00:00,0.12162016496178475,60.21440512810294,3.895325803922919,6,0,54.032178818911085,19.059008717957564,0.11738773708630547
2024-08-05 07:00:00,0.12650763127935366,55.80378027903956,20.846543247146354,7,0,53.78990992899559,33.38553564891996,0.11824711708137998
2024-08-05 08:00:00,0.11020454291734129,52.11717555872897,39.11200921824184,8,0,55.91017880518687,46.909981320241535,0.11952204244288367
2024-08-05 09:00:00,0.11111109467112082,56.218777467641374,46.94781220364003,9,0,50.756777300667785,62.299322151724006,0.12039822772441226
2024-08-05 10:00:00,0.08867774740948164,49.0207104121386,53.58179699531605,10,0,54.71104902203204,65.21868182501662,0.12042929937331208
2024-08-05 11:00:00,0.07454976496270682,45.77882942478375,67.26623784249577,11,0,42.50260083746879,67.5818852124662,0.12031113523673982
2024-08-05 12:00:00,0.07851868212516057,48.82043452377409,69.96610722636265,12,0,42.829241567489206,66.10028914158588,0.12043836990135241
2024-08-05 13:00:00,0.08547104191527738,46.36856939482953,70.43820611643078,13,0,50.35324285737024,60.11984269784414,0.12074191109231365
2024-08-05 14:00:00,0.08791771305593511,49.256164647940565,62.711016390175295,14,0,51.981042646071515,49.45121472643476,0.12085878280698843
2024-08-05 15:00:00,0.1026362950248269,52.089297688171456,54.350891882147884,15,0,58.47734894112797,37.963070090303106,0.12123829135191104
2024-08-05 16:00:00,0.146508471506047,57.96919615563881,35.78657446300932,16,0,59.76951288127193,13.801759087184811,0.1223713787791972
2024-08-05 17:00:00,0.1587230497097319,63.32616553281979,18.202321024760106,17,0,65.99521643842625,0.9084945982739346,0.12242633115602237
2024-08-05 18:00:00,0.19021500593566687,59.68865675534097,0.0,18,0,68.28437358132349,0.0,0.1224412430665307
2024-08-05 19:00:00,0.2135560308502179,69.50277115864168,1.0783378707992812,19,0,64.79948842691311,0.0,0.12270518442331692
2024-08-05 20:00:00,0.21174778938178157,62.74444797088622,0.0,20,0,62.42949336180007,2.12178575922084,0.12305873978112818
2024-08-05 21:00:00,0.17718466551112946,57.350476716323435,0.7402850470136482,21,0,54.16538770008999,3.6303202244227797,0.1228542969433764
2024-08-05 22:00:00,0.1624105294186067,56.70152408149858,0.19079615208379633,22,0,52.81012829220586,0.0,0.12376142348496606
2024-08-05 23:00:00,0.14563882936851236,52.28922178651548,1.6510675609754724,23,0,46.30085086100788,4.723425012486806,0.1258871466377018
2024-08-06 00:00:00,0.11189328296708195,41.190735085635495,0.0,0,1,40.95517121970105,0.0,0.12637260266299505
2024-08-06 01:00:00,0.09706984085387407,46.08962909327454,3.2725706675640462,1,1,40.932557232344934,1.652732027781481,0.12671443488921363
2024-08-06 02:00:00,0.0893511379270397,39.233503387993714,0.0,2,1,46.269415066667925,0.0,0.1263786063331436
2024-08-06 03:00:00,0.09808413198005272,42.58735294318741,0.6649775130524556,3,1,42.26369128818159,0.0,0.1259696561061364
2024-08-06 04:00:00,0.11282939397341747,43.02336967518824,4.208714227033967,4,1,48.65873325852108,0.16822260831296942,0.12625528325710886
2024-08-06 05:00:00,0.11552096967369102,46.82845203648501,6.545169779596751,5,1,50.1892993974178,0.0,0.12574782530749332
2024-08-06 06:00:00,0.11214788951706711,50.970968136396095,2.5618646843477197,6,1,52.280551625279216,9.270681465819946,0.12535314716396342
2024-08-06 07:00:00,0.11801485649152228,49.890938072138994,23.18494665833523,7,1,57.35000078198374,35.10968810848665,0.12499928154780378
2024-08-06 08:00:00,0.12237329550489465,56.734655693831684,33.988849321477225,8,1,55.01080897099079,49.414630799905126,0.1255063129056185
2024-08-06 09:00:00,0.09228387861390608,53.35612093282777,47.24132017832083,9,1,50.77453485879034,57.395316314254096,0.12472184556990122
2024-08-06 10:00:00,0.11082333371677103,44.16087559160848,59.69924861931383,10,1,43.077226044378165,63.848169295820824,0.12564457833270495
2024-08-06 11:00:00,0.0843172821131574,41.11506647219523,64.50797725175373,11,1,47.373946676319534,65.75105441098795,0.1260515582139737
2024-08-06 12:00:00,0.09614438518189189,45.910017506143646,64.05689553458251,12,1,44.16390473372192,59.727054487029655,0.1267859625080042
2024-08-06 13:00:00,0.09411634590748652,45.59852916844361,62.71581638741082,13,1,47.95848689444108,52.75788674724144,0.12714618350767956
2024-08-06 14:00:00,0.07173091863296387,48.07030642946207,53.95375869675014,14,1,52.09574218645967,49.48146995466667,0.12647173374005577
2024-08-06 15:00:00,0.10305527849935564,51.99153018870393,49.08062099460447,15,1,60.72321386434947,36.37873530451359,0.1264891913848278
2024-08-06 16:00:00,0.1268509642012736,57.65045070833211,33.4374446800733,16,1,61.49631961652379,18.958978721177314,0.12567012858046225
2024-08-06 17:00:00,0.15328783462982232,65.03528248393678,16.026854670643026,17,1,63.07793633929042,1.0619103064063855,0.125443661285466
2024-08-06 18:00:00,0.22184797668695636,62.36794432846022,0.0,18,1,70.3455551071363,2.191614782927844,0.1267617017334364
2024-08-06 19:00:00,0.2453101545720955,63.65595859320673,1.7676972116986926,19,1,67.37490361573772,2.005108650622995,0.12808479022184796
2024-08-06 20:00:00,0.20841677142203208,62.42480284050166,2.7315686321352457,20,1,63.528314631388305,0.0,0.12794599780685842
2024-08-06 21:00:00,0.20564227947584202,62.926896356451515,0.0,21,1,59.90180514030284,0.6228900769487706,0.12913173172205478
2024-08-06 22:00:00,0.1873611848862161,60.9088007449131,0.0,22,1,55.5034293445733,0.0,0.1301713423665385
2024-08-06 23:00:00,0.1376312644820823,50.6767254449409,3.3407848446735526,23,1,41.66467330045171,0.0,0.1298376938296039
2024-08-07 00:00:00,0.10469620962574126,35.44270192683988,0.0,0,2,40.68653425913757,3.1925730331930917,0.1295378157737147
2024-08-07 01:00:00,0.1020514966300407,38.0157366042678,1.9162039183786954,1,2,45.25158902330802,4.409051919190886,0.12974538476438832
2024-08-07 02:00:00,0.11144914355796678,40.90093302331736,5.659182195639046,2,2,43.40282492152945,0.0,0.13066613499901028
2024-08-07 03:00:00,0.11548794216223418,42.143027115158894,5.667321811875971,3,2,44.58959751679808,0.0,0.13139129375660116
2024-08-07 04:00:00,0.11050331512848503,43.6263099156427,2.5825540672123206,4,2,44.772379131657225,0.0,0.131294373804729
2024-08-07 05:00:00,0.1099801718349586,47.13917751099381,2.4808333036274224,5,2,51.28458227298423,3.2521205080606803,0.13106350722811513
2024-08-07 06:00:00,0.10388967219812303,49.119200782777085,7.881676075687592,6,2,53.958644474439936,13.111344172037136,0.1307194148398258
2024-08-07 07:00:00,0.08699242768023724,56.51226888055722,9.002010779023909,7,2,54.144141568559995,24.803702384957802,0.12942681363935557
2024-08-07 08:00:00,0.11239546673454133,52.291882363675356,31.549345950665284,8,2,50.41601547476966,49.21447554666686,0.1290110707739242
2024-08-07 09:00:00,0.08266711231608223,50.43328249971898,49.88557873632385,9,2,52.67159027570348,60.15617059209537,0.12861037217818153
2024-08-07 10:00:00,0.10041720237396301,51.785691941356056,56.27945104425763,10,2,47.93215471383152,59.09304028078305,0.1281767833722312
2024-08-07 11:00:00,0.09651271616257377,42.506691073586126,68.42747694383247,11,2,48.2233133197139,66.00071683038624,0.12868492645762356
2024-08-07 12:00:00,0.07022101556088241,47.23463931642543,66.21130242280935,12,2,42.13778615548479,68.37276079811497,0.12760478605674816
2024-08-07 13:00:00,0.07831986679615152,46.671981389167975,64.54935637488944,13,2,48.553083714711434,54.441432708099754,0.1269465994271092
2024-08-07 14:00:00,0.1209133142806723,47.96762144104674,56.498594246843695,14,2,50.68546304815178,47.198801756767644,0.1289958659124304
2024-08-07 15:00:00,0.11369621726404454,57.20174420836225,45.08706890872753,15,2,57.03914041183281,34.59681521187474,0.12943923836095908
2024-08-07 16:00:00,0.12686385509178366,54.97578201284041,31.259635945930725,16,2,63.927411479200664,13.175027206369556,0.129439775481397
2024-08-07 17:00:00,0.18578698892849813,68.63394449398325,18.121477638080844,17,2,66.70156135967365,0.0,0.1307939069105085
2024-08-07 18:00:00,0.20489643608062055,65.24028598975048,0.0,18,2,67.48069877454734,0.0,0.13008759271857787
2024-08-07 19:00:00,0.19557212724994655,63.358001682468526,3.3362170922195062,19,2,65.98718667168475,0.0,0.12801517491348832
2024-08-07 20:00:00,0.22195191957131077,66.18536846080872,2.2862907361098816,20,2,58.92101928198221,0.0,0.12857913941970825
2024-08-07 21:00:00,0.17621469679857757,58.59656499637558,3.8479575433944415,21,2,55.150019641499256,0.5815199728414246,0.1273529901414889
2024-08-07 22:00:00,0.16704867747180854,54.557537036125254,0.0,22,2,54.337773352274674,1.777510595468098,0.1265066356658886
2024-08-07 23:00:00,0.13140876784563435,53.36570482324088,0.0,23,2,42.47690060928851,3.8881606405923486,0.12624736497270325
2024-08-08 00:00:00,0.11375225369264057,45.26583695668261,0.0,0,3,45.78918469901229,6.530386135797303,0.1266247001421574
2024-08-08 01:00:00,0.10720173165821703,41.51740996865881,10.145802147458323,1,3,45.25922525207707,0.5815595818496828,0.1268392932683314
2024-08-08 02:00:00,0.07392793390399932,46.76617984526452,4.431730723330997,2,3,45.72600262073021,0.0,0.12527590953274942
2024-08-08 03:00:00,0.11224738127596093,47.67161722566265,0.0,3,3,45.638815147302296,0.0,0.12514088616248806
2024-08-08 04:00:00,0.10456823983305229,49.569151988711795,1.4857924705096934,4,3,46.18353429579731,0.0,0.12489359135851168
2024-08-08 05:00:00,0.1230543461205016,48.74967366510863,2.5465541760528927,5,3,49.85431776595614,1.2548331232135672,0.12543834862040928
2024-08-08 06:00:00,0.1187661949657433,54.51959376493459,0.0,6,3,54.47498677284315,15.66948881113855,0.12605820373572682
2024-08-08 07:00:00,0.11267151800461342,47.175660002152775,21.848827267595382,7,3,50.24374233816865,34.39854035251636,0.12712816583257583
2024-08-08 08:00:00,0.09309638045721107,53.4776696310961,32.36200962514615,8,3,55.72008560014777,43.98302579921854,0.12632403723768706
2024-08-08 09:00:00,0.08860180074164485,50.45811599465719,46.278117109268095,9,3,49.292884176541065,55.762584892747654,0.1265713159220855
2024-08-08 10:00:00,0.09267678269620637,50.67464581854967,57.150846043038214,10,3,47.288010223796995,64.86122635939304,0.12624879843551232
2024-08-08 11:00:00,0.08311648284113213,45.631941040771586,67.65652727894751,11,3,45.872133625163116,65.54625337804251,0.1256906220471189
2024-08-08 12:00:00,0.09996230944129211,45.495753610013715,63.25285058433398,12,3,46.30397888590365,58.273736762550456,0.1269298426254693
2024-08-08 13:00:00,0.08377364757873344,52.406603662748324,57.676241774624295,13,3,45.85198688551994,57.02505984305845,0.12715708349141022
2024-08-08 14:00:00,0.08075775866419062,47.936166905091106,58.19794326016987,14,3,52.46254357769397,44.35053361918847,0.12548393534072347
2024-08-08 15:00:00,0.10471903315421319,53.48322892534473,39.44269676378966,15,3,58.19540794663695,36.25599671526049,0.12510988600281384
2024-08-08 16:00:00,0.15308703221236594,56.263416826877396,31.894131486045055,16,3,57.991920170365454,19.774247912098616,0.1262025183828381
2024-08-08 17:00:00,0.1686568830648841,62.32310571461951,21.209196740480145,17,3,63.39992795690721,0.0,0.12548876397185418
2024-08-08 18:00:00,0.21027363552959777,66.02075284952726,2.0268286622805918,18,3,69.27601786381628,2.244196907407421,0.1257128139488949
2024-08-08 19:00:00,0.23658955969206058,68.9189241623388,3.648246230038466,19,3,67.4210529346727,1.0900388415248545,0.127421873633983
2024-08-08 20:00:00,0.20839766198568557,69.73044276022767,2.1712297782099013,20,3,62.67786495282863,0.0,0.1268571129012486
2024-08-08 21:00:00,0.1645592601177018,67.35204327457772,8.436170710741928,21,3,55.638692403435215,2.459305667367386,0.12637146970621213
2024-08-08 22:00:00,0.15639625342882357,57.99377285608923,0.0,22,3,53.566256328562886,0.0,0.12592761870442107
2024-08-08 23:00:00,0.14332853281600547,54.02158114335668,1.3934608695291315,23,3,41.12364016177795,3.2070587212249104,0.12642427557818656
2024-08-09 00:00:00,0.10200582816066467,39.846675114095696,0.0,0,4,43.275141794026844,0.0,0.12593484118102088
2024-08-09 01:00:00,0.08627459632193261,43.26860830422975,3.348804444702048,1,4,41.03496477780614,0.0,0.1250628772086757
2024-08-09 02:00:00,0.11884802828695651,46.65687693923081,0.0,2,4,43.685055784839214,5.938094131383738,0.12693454780796556
2024-08-09 03:00:00,0.10695357691485659,46.78015931341721,6.015957078054158,3,4,42.95367189345252,0.0,0.1267139726262529
2024-08-09 04:00:00,0.11032143737571748,45.69160478314072,0.0,4,4,48.60863975441412,0.0,0.12695368919053063
2024-08-09 05:00:00,0.10989447390595826,49.93347870341106,4.924942840009445,5,4,51.06445281831788,0.0,0.12640536118159132
2024-08-09 06:00:00,0.09361437033104372,51.76854262552787,2.075988356903898,6,4,52.09453108165557,15.660242793824192,0.1253573684884788
2024-08-09 07:00:00,0.10723217087673113,57.07666226858689,16.822500464293164,7,4,56.717036290139966,34.6746480686356,0.12513072902481706
2024-08-09 08:00:00,0.11251231546788623,55.46238715945723,34.616608399811426,8,4,51.36136937190815,46.432477913306606,0.12593972631692854
2024-08-09 09:00:00,0.11176633651590825,52.13576547555214,47.18474985019984,9,4,50.26402139649314,59.48139067855664,0.12690491530752285
2024-08-09 10:00:00,0.10163973456908858,51.409282355614984,57.915184002345896,10,4,46.27240315772632,64.24780679587748,0.1272783716355596
2024-08-09 11:00:00,0.09360143226576262,38.12414380995956,62.4823899441149,11,4,47.55366951082912,60.751720574588774,0.12771524452825253
2024-08-09 12:00:00,0.06305714563752615,47.294160331172314,62.980560658160925,12,4,47.711996227765354,64.7460389134333,0.1261775293697623
2024-08-09 13:00:00,0.08543426045008372,34.75019027589535,62.03368978007641,13,4,51.12465060307568,57.32400088436268,0.12624672157273523
2024-08-09 14:00:00,0.083976727470758,43.00565462042627,50.77833519864578,14,4,52.36652967797794,44.52136421646471,0.12638084527300886
2024-08-09 15:00:00,0.13003601870183343,53.6462203038345,49.217143657711866,15,4,51.128952436598276,38.52449114835855,0.12743571967082637
2024-08-09 16:00:00,0.15507097310552248,58.57623983237599,28.39498631468751,16,4,61.260553524176366,18.639488923860892,0.1275183838747079
2024-08-09 17:00:00,0.1592576254673969,58.40251836719716,16.174349512772665,17,4,69.1734861533049,2.6368348806178643,0.12712674814147926
2024-08-09 18:00:00,0.209872596916699,63.76424020860652,2.268157645183624,18,4,66.87576513723883,2.734404295177118,0.12711003819927513
2024-08-09 19:00:00,0.2305523413266595,71.91148558527722,2.9378885098496896,19,4,62.207853500048714,0.0,0.1268584874340501
2024-08-09 20:00:00,0.22711913185585414,64.49402949593144,0.0,20,4,63.020513461493536,1.7734784006940638,0.12763854867864044
2024-08-09 21:00:00,0.18165727888900846,69.29919475242392,0.0,21,4,58.09257460915688,0.8848753304354218,0.1283509661274449
2024-08-09 22:00:00,0.13755061844919445,57.03831233430288,1.6091064480708772,22,4,50.72210042147837,0.0,0.127565731336627
2024-08-09 23:00:00,0.1415532833718436,53.4822141445501,0.18205638241814365,23,4,34.079032741781106,0.0,0.12749176260978692
2024-08-10 00:00:00,0.06262296453621657,39.74652902716103,4.704262351857406,0,5,32.898311414188754,0.0678484733108242,0.12585080995876827
2024-08-10 01:00:00,0.09490262068069058,35.01219006025465,0.0,1,5,35.73617945831154,1.6434021767982951,0.12621031097371652
2024-08-10 02:00:00,0.10010493025450001,31.483539321868747,0.0,2,5,35.16534797889265,0.045480213418022115,0.1254293485556975
2024-08-10 03:00:00,0.10782457246177649,34.701021233536565,2.836141058689824,3,5,33.72599271960038,0.0,0.12546564003681918
2024-08-10 04:00:00,0.08549083724094295,35.943588690864246,0.0,4,5,38.121019786825165,0.076602371701594,0.12443103169787022
2024-08-10 05:00:00,0.09478479467877808,33.772934154224586,0.0,5,5,39.77512982048928,0.0,0.12380146173007105
2024-08-10 06:00:00,0.10032222508854238,40.422515936932996,0.0,6,5,47.20089303822388,21.15345729751962,0.12408095567830014
2024-08-10 07:00:00,0.07748898377860496,41.90375694984124,21.122316224224416,7,5,47.36692273208727,33.24146170968268,0.12284165621587823
2024-08-10 08:00:00,0.10060704364248135,48.53747208867024,28.063403233812444,8,5,44.07253080600123,44.57833145383002,0.12234560322315302
2024-08-10 09:00:00,0.0893747216541922,44.427847491248244,54.1164127452671,9,5,41.53980805109453,51.20282904228913,0.12141261927058151
2024-08-10 10:00:00,0.07371921870046343,40.47273334463306,53.33271666233853,10,5,40.57268767704038,62.20360621608216,0.12024926444272215
2024-08-10 11:00:00,0.07714044322936549,38.20535304317218,63.06032820435526,11,5,36.764794604433,63.3544678263269,0.11956338989953892
2024-08-10 12:00:00,0.07023418699261426,37.82600584211586,60.702611329847166,12,5,38.98498577398561,61.036699561808,0.11986243328933427
2024-08-10 13:00:00,0.08297436368638775,39.44200616406593,62.90142643535118,13,5,42.51859919167028,58.904613879588126,0.11975993759084692
2024-08-10 14:00:00,0.07913009858223218,36.36474780085757,55.797184867061475,14,5,42.261886057600734,46.16368675591959,0.11955799472049171
2024-08-10 15:00:00,0.10537509003902343,39.91056976491125,40.727198248292865,15,5,51.38352556343683,27.773940746761646,0.11853045602620794
2024-08-10 16:00:00,0.12205523977915812,51.62620885088632,42.375181787485076,16,5,55.87561365313261,18.548092479488865,0.11715480047094275
2024-08-10 17:00:00,0.14740985713173843,51.84590188106578,15.081683216898048,17,5,57.583173755856954,0.0,0.116661143456957
2024-08-10 18:00:00,0.19153880751545152,52.5521614547851,0.0,18,5,57.6810198264008,1.941295496744768,0.11589723556523834
2024-08-10 19:00:00,0.19243283784739995,59.9890445002139,3.3916255777377904,19,5,57.558238401614275,0.0,0.11430892292026919
2024-08-10 20:00:00,0.20164147738046512,58.56879870474458,6.349892091719641,20,5,52.675937369454736,0.24334019330783555,0.11324735398379467
2024-08-10 21:00:00,0.17257229352111944,48.26665033798888,3.94252903801506,21,5,46.50200156106893,0.0,0.11286881292679928
2024-08-10 22:00:00,0.1362773936153141,48.82188676242671,0.0,22,5,44.28413817766006,0.0,0.11281576189205428
2024-08-10 23:00:00,0.12336070866210001,45.57345368277682,0.7486815332313196,23,5,32.5701811314572,0.5866670653223669,0.11205773794581496
2024-08-11 00:00:00,0.08376356760071355,35.81526637556852,0.0,0,6,33.96049288660641,0.22927584657586816,0.11293859640683566
2024-08-11 01:00:00,0.07374799809332569,36.659942814615164,3.1559677846282477,1,6,34.08493545060783,5.235242217020627,0.1120571537990288
2024-08-11 02:00:00,0.08583173496214266,30.2420777243319,0.0,2,6,32.366328943559395,0.6270555536404421,0.1114624373285139
2024-08-11 03:00:00,0.09238781161057069,36.15617635308911,0.0,3,6,37.419185871046594,0.6921220201560371,0.11081923895971364
2024-08-11 04:00:00,0.09921856095497728,35.133858594510095,0.0,4,6,37.728130138551,0.0,0.11139122744779843
2024-08-11 05:00:00,0.09464437409080027,36.63987771149372,1.5575229639935426,5,6,43.883563963555396,1.0665060664618666,0.11138537658996601
2024-08-11 06:00:00,0.10339620239295723,44.07165529350974,0.0,6,6,43.834164423029485,13.826864844849139,0.11151345897764997
2024-08-11 07:00:00,0.07982362982257836,49.05714886293356,22.009712682733927,7,6,44.81103569276511,35.46860237231074,0.11161073589614885
2024-08-11 08:00:00,0.08510248941451624,51.36621021853458,34.77958326702937,8,6,42.552502842303355,41.44972937306686,0.11096471280331698
2024-08-11 09:00:00,0.10581501417265632,48.56917346081731,47.86244169820723,9,6,41.500436932106865,53.49335398642296,0.11164972499158632
2024-08-11 10:00:00,0.05781161403352325,41.07122913883169,51.552695169214225,10,6,38.679190463718776,57.737252988252834,0.1109869081304638
2024-08-11 11:00:00,0.07002042469154639,39.71853852099171,68.24661251456025,11,6,38.640247631826114,65.67149193679985,0.11069024069138801
2024-08-11 12:00:00,0.059048273441619344,39.610547351068696,61.68576145373801,12,6,37.6469374838683,61.111979093001466,0.11022416096009656
2024-08-11 13:00:00,0.07126869543236443,37.9006689409599,68.38022338860617,13,6,43.796361101851694,57.776194789258476,0.10973642478284558
2024-08-11 14:00:00,0.07824224981476197,40.02697111205952,62.93328102540005,14,6,44.200783495683815,42.87425085993037,0.109699431084201
2024-08-11 15:00:00,0.10987586937555811,45.92435898944609,47.40020292225572,15,6,46.162260170629054,33.73637612244033,0.1098869635565566
2024-08-11 16:00:00,0.13257266710991195,47.94622967245822,35.860290571234366,16,6,51.06712596433266,18.316462355358997,0.11032518969533801
2024-08-11 17:00:00,0.14299656033311586,50.87636045386819,5.902700643469819,17,6,58.200349866929514,0.593033807294011,0.11014130232872875
2024-08-11 18:00:00,0.18567474879816256,55.80444111856334,0.0,18,6,56.57688637919691,0.08644579679600992,0.10989696654884169
2024-08-11 19:00:00,0.20337970241699896,60.642055817078926,3.8575797397183886,19,6,58.32040287266428,0.3841577131465965,0.11035308590590832
2024-08-11 20:00:00,0.202592684574846,57.140292635422824,3.235785939099296,20,6,55.00091602936617,0.0,0.11039271953900752
2024-08-11 21:00:00,0.20395928841648509,54.29830986533201,0.0,21,6,49.97172840344082,0.0,0.1117005109929811
2024-08-11 22:00:00,0.1553469274226122,50.276497626133164,0.0,22,6,41.52591206469767,1.522843283540359,0.11249507490161852
2024-08-11 23:00:00,0.10864534443302801,42.06479388387666,0.0,23,6,45.50646698260088,0.0,0.11188193472540718
2024-08-12 00:00:00,0.10387382333993138,46.0835187563212,1.445474940604637,0,0,44.32907544587575,1.2694974946148634,0.1127198620478746
2024-08-12 01:00:00,0.10717146610335151,44.896193300242906,0.0,1,0,42.56629161939048,4.342767688025209,0.11411250654829234
2024-08-12 02:00:00,0.09876574652738485,39.83063186270291,3.9566724497565007,2,0,43.82434046803386,0.0,0.1146514236968441
2024-08-12 03:00:00,0.11063470723305774,48.7585180914946,4.139537012510932,3,0,46.09109624644133,0.0,0.11541171101444773
2024-08-12 04:00:00,0.07770513119520903,43.54615354739073,0.0,4,0,45.885398926361134,0.0,0.1145153181077907
2024-08-12 05:00:00,0.1114884103810922,41.93479602381733,1.8244657565893097,5,0,50.93589115080996,0.1091191508680398,0.11521715295321953
2024-08-12 06:00:00,0.1007754903187406,46.988032375287794,0.0,6,0,56.26096922845207,18.288408669957924,0.11510795661679385
2024-08-12 07:00:00,0.10228116109923095,50.10242081720273,17.415499388415686,7,0,56.59863320712289,31.929018973871425,0.11604368708665437
2024-08-12 08:00:00,0.11921154533778017,54.83747556611488,27.993094328246357,8,0,53.57205556162455,51.08678968910326,0.11746489775012371
2024-08-12 09:00:00,0.08294440764415334,52.5317615568478,47.445582258822846,9,0,50.93695864000798,56.61873091632755,0.11651195581143607
2024-08-12 10:00:00,0.09625720601217912,49.39081112619573,49.696203968622974,10,0,46.560003025888435,64.02198637387583,0.11811385547721341
2024-08-12 11:00:00,0.0969709353107357,49.61917519144869,55.43092251519399,11,0,45.18321624948913,63.91379544752352,0.11923679341967963
2024-08-12 12:00:00,0.08595023831420673,47.29061021977311,63.59025551086031,12,0,43.484801814792135,64.66880552602746,0.1203577086227041
2024-08-12 13:00:00,0.06624316861717125,47.57054759186068,61.09632660470735,13,0,49.15704005358541,54.865588024450396,0.12014831167207106
2024-08-12 14:00:00,0.11166037919161129,49.96627167679174,56.39340833133956,14,0,53.69964073323316,43.4630317210411,0.12154073372943976
2024-08-12 15:00:00,0.11211375551360084,54.306274807646815,42.99358186165602,15,0,57.04054207097245,34.5434678075399,0.12163397898519156
2024-08-12 16:00:00,0.13517592899606154,50.43677834865073,38.60842313984695,16,0,60.50172516259276,16.408412075717663,0.12174244823044779
2024-08-12 17:00:00,0.1669381766097242,61.090171145614974,17.13093746869172,17,0,66.30930678289113,0.6867411502710065,0.12274001557530646
2024-08-12 18:00:00,0.20272778726634358,59.200377625469116,0.8150862248067969,18,0,70.34336664654737,2.7492716463046305,0.12345055884481403
2024-08-12 19:00:00,0.21139938556190593,67.77522927668124,0.6903185709246596,19,0,67.97297231465258,0.38915378123060046,0.12378471230918513
2024-08-12 20:00:00,0.21644701325672627,66.16218349506241,3.510184541318273,20,0,62.196984114098065,0.0,0.12436197600426348
2024-08-12 21:00:00,0.188884282210608,65.60163612127766,2.016060950695625,21,0,61.273399757176264,0.0,0.12373385074568527
2024-08-12 22:00:00,0.17611944595622409,60.97896901039108,1.5470626489789774,22,0,57.708015447526094,2.9727063767754,0.12459937235125244
2024-08-12 23:00:00,0.14439000665812834,52.95946162215394,2.575944367029568,23,0,42.7511167125049,0.0,0.12608873327729828
2024-08-13 00:00:00,0.12450799934588747,42.110246493908676,0.0,0,1,43.240004741708375,0.0,0.1269484906108798
2024-08-13 01:00:00,0.10274444388066897,45.28428983819534,0.0,1,1,45.21657364817581,0.8033414560446439,0.12676403135160133
2024-08-13 02:00:00,0.0953594399589693,42.140574610254774,0.0,2,1,42.36506733429686,0.791798566054749,0.1266221019112507
2024-08-13 03:00:00,0.08735470554001062,44.18656358395285,0.0,3,1,46.894682503203235,2.838358817642658,0.12565210184070705
2024-08-13 04:00:00,0.13260449268530417,48.35205025056026,2.0293344541687284,4,1,47.48191381780582,0.0,0.1279395752361277
2024-08-13 05:00:00,0.11321996184942423,45.4941101237167,0.07005915764226875,5,1,51.12332653381073,3.8538768369481944,0.12801172321397486
2024-08-13 06:00:00,0.10211676188828417,52.9582212004129,2.0365272705897373,6,1,52.26676695144831,15.74658170321783,0.1280676095293725
2024-08-13 07:00:00,0.12391548495078288,55.58532702006167,12.083517213534886,7,1,53.142991541391176,32.80376375472483,0.12896903968985382
2024-08-13 08:00:00,0.11789681867609456,51.663064440465085,31.72802518130247,8,1,49.48502955163765,44.40881904456875,0.1289142594122836
2024-08-13 09:00:00,0.08186728372199875,56.572421693764376,40.22968784603927,9,1,53.48611252443383,60.88047908190329,0.12886937924886052
2024-08-13 10:00:00,0.08394287616792548,52.75196303670737,56.37368990462729,10,1,49.56689909687151,60.38470423997585,0.12835628217201658
2024-08-13 11:00:00,0.08585597822073389,48.010169050370195,54.79248943761928,11,1,47.5976043853476,62.802706348690094,0.12789315895993317
2024-08-13 12:00:00,0.07106517966274759,43.81145130714091,64.75034770035889,12,1,47.30372401643086,61.68776185639913,0.12727294818278906
2024-08-13 13:00:00,0.08445452272848313,43.85761245523008,56.22498925275101,13,1,44.09424244066327,54.27272152363668,0.12803175460409372
2024-08-13 14:00:00,0.10399916302127282,46.982177676123186,53.677339858051106,14,1,50.88031882887243,45.80395322037276,0.12771253726366297
2024-08-13 15:00:00,0.09817087381860959,54.118823461446866,48.05563334896388,15,1,56.71794444394042,35.207078284158804,0.127131583859705
2024-08-13 16:00:00,0.14502242577268512,54.17210581552702,32.561461137827365,16,1,60.141558156718126,16.855552983911206,0.12754185455873096
2024-08-13 17:00:00,0.1927069470845851,63.70429005731776,10.683289873964348,17,1,62.83788323083692,0.5159554411718159,0.12861555332851685
2024-08-13 18:00:00,0.21598220487729203,62.251309448297505,0.0,18,1,65.75298912120394,0.0,0.129167820728973
2024-08-13 19:00:00,0.2247439300213825,67.05469534959691,0.0,19,1,66.32317221224807,0.0,0.12972384341478455
2024-08-13 20:00:00,0.21037414528482934,66.57575912969008,0.0,20,1,62.402608113863415,0.2702833486459571,0.12947080724928883
2024-08-13 21:00:00,0.21215201109872941,70.12822661501215,0.41182111646891006,21,1,59.04146193043187,0.021277870967616175,0.13044029595296056
2024-08-13 22:00:00,0.1453718009468685,52.819006164891256,1.9610442024603612,22,1,56.484818178405256,3.285132775322376,0.12915914407757073
2024-08-13 23:00:00,0.1462356298796461,57.06890538938772,1.5421207225049132,23,1,45.13237050984338,0.0,0.12923604504513397
2024-08-14 00:00:00,0.10530615520136152,44.24034319440669,2.109193852079128,0,2,43.43012043840337,4.072697147258543,0.12843596820577874
2024-08-14 01:00:00,0.11860405402123102,45.0969699437687,0.0,1,2,47.48000960188459,0.0,0.12909678529496882
2024-08-14 02:00:00,0.09800545183868041,44.258069900603466,0.0,2,2,41.0765927407764,0.41589711873518787,0.1292070357899568
2024-08-14 03:00:00,0.09968237523399076,45.663591414864946,0.0,3,2,41.08817336712063,0.0,0.12972068869387263
2024-08-14 04:00:00,0.09005927780843778,44.75406723039598,0.0,4,2,45.55497713842211,1.573423140018867,0.12794797140733652
2024-08-14 05:00:00,0.11707941075997647,51.98138453961536,0.0,5,2,52.05386997870214,0.0,0.12810878177860954
2024-08-14 06:00:00,0.10338710431761793,48.96878742138642,0.0,6,2,53.804208672359096,17.361291850493096,0.12816171271316512
2024-08-14 07:00:00,0.09325273615233903,57.09023879928853,16.627043067465493,7,2,52.511196372279166,32.29166164294482,0.12688409817989663
2024-08-14 08:00:00,0.09242107486933478,52.70586899867068,31.107381995327664,8,2,52.051216940747565,43.663852783878056,0.12582260885461496
2024-08-14 09:00:00,0.10452787970901531,53.312600103053214,55.30214002390143,9,2,48.083029258605286,48.81095952519413,0.12676680035407398
2024-08-14 10:00:00,0.07974904867225638,47.13571609225849,49.88344296680956,10,2,45.25043491905184,66.94114003212567,0.12659205754175443
2024-08-14 11:00:00,0.07527388478290213,49.18952764395839,60.453545389290824,11,2,49.40244745040061,60.08767069503378,0.1261511369818448
2024-08-14 12:00:00,0.09466253792097973,50.924734963062946,58.05634421422876,12,2,46.36964730523991,61.655082064853936,0.12713436024260447
2024-08-14 13:00:00,0.0836200293734597,46.40897746731381,59.53414034630723,13,2,52.29130762691932,52.55027061232779,0.12709958968614513
2024-08-14 14:00:00,0.10692096069580705,48.12210921442898,53.37890142067394,14,2,50.651937949990305,47.51000137622468,0.12722133125591742
2024-08-14 15:00:00,0.11033773433476712,48.86519242516386,47.5326719830857,15,2,58.26180190573632,30.45714156274958,0.12772828377742398
2024-08-14 16:00:00,0.1414929084042383,56.54581538791274,29.945870414458167,16,2,62.807861710435944,14.210269655045453,0.1275812205537387
2024-08-14 17:00:00,0.17253956245927385,57.25675475869393,15.646180420735808,17,2,68.03373581477497,1.6664388177636817,0.12674091286101738
2024-08-14 18:00:00,0.22892885087478693,63.35316311127676,0.0,18,2,68.26625735749792,0.0,0.12728035644424632
2024-08-14 19:00:00,0.24274998053908903,68.48287569541911,0.0,19,2,68.24449862966684,0.0,0.1280306085491508
2024-08-14 20:00:00,0.2361496258042567,70.49517407589435,0.0,20,2,63.461650903911845,1.9326864219445115,0.12910458690412693
2024-08-14 21:00:00,0.1962624071305959,71.34273043482666,0.0,21,2,55.09331801079498,4.219159311878827,0.12844252007212134
2024-08-14 22:00:00,0.15193532442289126,55.39878951839819,0.258390591922346,22,2,53.873333833542716,0.0,0.12871600021695564
2024-08-14 23:00:00,0.15196939033701914,57.00086480595334,1.956315505286888,23,2,43.60564850364997,0.0,0.12895490690267952
2024-08-15 00:00:00,0.12152108283233154,44.59185450241992,0.0,0,3,42.27877974328588,0.9859854913843041,0.12963052888730328
2024-08-15 01:00:00,0.11895357654837065,43.34822643201647,0.0,1,3,45.31831122665009,0.0,0.12964509232593407
2024-08-15 02:00:00,0.10546968597828028,45.31465791877215,0.0,2,3,46.134581787741894,3.8013476022852775,0.12995610208175076
2024-08-15 03:00:00,0.11372531610033301,44.48959743990332,1.889070810397229,3,3,44.32972833122435,0.0,0.1305412246178483
2024-08-15 04:00:00,0.11455643307483719,45.650124981800786,0.0,4,3,46.67829321783204,0.0,0.13156193942061498
2024-08-15 05:00:00,0.10663792842170905,46.07275693339341,2.6149313338042144,5,3,47.70625357575679,0.7303642783956188,0.1311268776565205
2024-08-15 06:00:00,0.10681259050946249,46.00654326703646,4.607539817489685,6,3,49.908633008128646,16.330415435533688,0.13126960624784736
2024-08-15 07:00:00,0.1047759679212109,48.57848661573153,15.52925022645919,7,3,54.33422628475755,28.572666719968417,0.1317497409048837
2024-08-15 08:00:00,0.09216571167011534,56.90922650533953,27.689202072617974,8,3,55.14051407131967,49.04366243365671,0.13173910077158288
2024-08-15 09:00:00,0.08984998450078897,52.6709648187503,44.165132377843285,9,3,49.470463966260894,46.95222879249861,0.13112752180457343
2024-08-15 10:00:00,0.08456669033081748,48.70951087617471,55.38305675973821,10,3,50.640038162093894,57.268908997652915,0.13132825687368016
2024-08-15 11:00:00,0.06825303504126828,47.81166883984767,59.306210339166526,11,3,45.94118301272162,60.75861356805079,0.13103572146777875
2024-08-15 12:00:00,0.08562051994295204,48.895114205715295,60.56744867776957,12,3,46.305497687980754,57.7513575305976,0.13065897071869426
2024-08-15 13:00:00,0.08512659580936266,47.284680955912265,62.382893080970995,13,3,48.22495912469444,57.57734973351045,0.1307217443201902
2024-08-15 14:00:00,0.1045991892921998,46.70376674851765,55.90412372810266,14,3,54.44615095006385,39.5802151794497,0.13062500384503992
2024-08-15 15:00:00,0.12977861151422646,56.407103260545114,43.01156378250029,15,3,55.412729834160025,35.631688045241845,0.13143504039418405
2024-08-15 16:00:00,0.15739795157515624,62.3839445843086,25.48155997688618,16,3,62.146775150638895,15.408178450685455,0.13209775052630565
2024-08-15 17:00:00,0.18888855700936666,63.9872767823232,17.78427646871281,17,3,65.23062785869143,0.0,0.1327789586325595
2024-08-15 18:00:00,0.2092843752308455,69.44109500056534,0.0,18,3,66.68502336667376,0.0,0.13196043881406194
2024-08-15 19:00:00,0.21244535726266595,71.7824314331613,0.7501937637960814,19,3,66.3956396275658,0.0,0.1306977461775443
2024-08-15 20:00:00,0.23239712864706646,69.94164875110357,0.5290503108766293,20,3,62.17760819281535,0.0,0.13054139212932805
2024-08-15 21:00:00,0.21342047653454466,64.3693721411399,0.0,21,3,59.430203483420364,0.6621855078546859,0.13125631168782592
2024-08-15 22:00:00,0.18626657523685058,59.24157143675195,0.2837858954405069,22,3,52.43735499977545,0.0,0.1326867804717409
2024-08-15 23:00:00,0.14593625139200372,54.12181723488399,1.8008638388105942,23,3,44.97439560587253,2.67624747807617,0.13243539968236526
2024-08-16 00:00:00,0.08103951903347822,40.352903557357315,2.230033453586704,0,4,44.23026674550141,0.0,0.13074866785741301
2024-08-16 01:00:00,0.11010335574964057,46.12707055432875,0.41078012883709447,1,4,46.7904112244406,0.0,0.13037990865746593
2024-08-16 02:00:00,0.11166372738642003,39.6442885164167,0.0,2,4,43.73923230539459,2.725112016948399,0.1306379937161384
2024-08-16 03:00:00,0.12001651381694628,41.80128398650048,4.469783717653231,3,4,44.750253423479876,0.638874637632229,0.13090012695433065
2024-08-16 04:00:00,0.1251994256750154,49.52080442760078,1.4385793363990316,4,4,48.92203778076493,2.16896867667264,0.1313435849793381
2024-08-16 05:00:00,0.1208868808916136,50.12066512583339,0.0,5,4,49.90102604544776,3.2162500078705767,0.13193729133225077
2024-08-16 06:00:00,0.10774946648922896,55.29270625616075,0.0,6,4,54.567408184062494,15.233959051828645,0.1319763278314077
2024-08-16 07:00:00,0.09124821610494535,52.70126678677606,16.865884966297386,7,4,59.54720924068642,31.126063755723827,0.13141267150572997
2024-08-16 08:00:00,0.10803040389125784,51.184184137527154,33.39821437293232,8,4,51.65103733239796,46.230098676389,0.13207370034827756
2024-08-16 09:00:00,0.08857363242635362,52.839543627172695,42.159577638255605,9,4,53.73287383862438,46.86459470483914,0.13202051901184278
2024-08-16 10:00:00,0.1106862199510416,50.99603305701749,56.61577043841088,10,4,46.85257512848582,59.6390992755476,0.13310883274601878
2024-08-16 11:00:00,0.06698916911443527,48.089752277394815,53.64936396738851,11,4,49.07922586918,61.40831080338482,0.13305617166573405
2024-08-16 12:00:00,0.09070884016350714,50.03164607917994,58.3893328539486,12,4,48.13214559945251,60.97139459944262,0.13326818500825718
2024-08-16 13:00:00,0.08944789598032324,45.60398852898997,52.698773834791844,13,4,50.056335415172974,51.48332392925714,0.1334482391820472
2024-08-16 14:00:00,0.09297441965362141,49.98219040631131,50.58551351254019,14,4,52.233577058919444,46.934700256316084,0.13296387378043978
2024-08-16 15:00:00,0.10354860882682022,49.371896475050946,49.145717781376895,15,4,56.88208198689424,28.953233246838078,0.13187095700179785
2024-08-16 16:00:00,0.11676510356768113,58.824103815280786,38.22127751743733,16,4,61.01321787598014,14.771351837781136,0.13017792166815306
2024-08-16 17:00:00,0.16487634048725122,62.46718039665732,16.87766687257313,17,4,66.39046139803042,0.0,0.12917741264639823
2024-08-16 18:00:00,0.20674016101546744,63.978506632527015,0.0,18,4,67.4928741016023,3.443669169472775,0.1290714037207575
2024-08-16 19:00:00,0.23904351387049894,67.10604303517081,0.0,19,4,66.75990499560653,0.0,0.13017966024608388
2024-08-16 20:00:00,0.20655315609331085,65.78850610053364,1.6566896179155777,20,4,59.63548212207677,5.003263944474445,0.12910282805634407
2024-08-16 21:00:00,0.19949104640903348,61.59229591127401,0.0,21,4,57.424688676536626,4.125437517882712,0.12852243513444775
2024-08-16 22:00:00,0.15617769309985463,63.04769041214212,0.0,22,4,55.03674692214389,0.0,0.12726873171207292
2024-08-16 23:00:00,0.14073260979161217,52.19641374356318,5.022125760575872,23,4,36.806541623323696,2.87538657000816,0.1270519133120566
2024-08-17 00:00:00,0.06614756217850573,34.13797700138941,0.0,0,5,34.98482044324046,0.36425154031167045,0.1264314151097661
2024-08-17 01:00:00,0.11814330589811414,28.22697382607466,0.0,1,5,40.16178986652068,4.628151765536983,0.12676641303261915
2024-08-17 02:00:00,0.09130562664993287,32.17549013573638,0.04617779593504174,2,5,34.24335607110838,2.66183038113512,0.12591815883526553
2024-08-17 03:00:00,0.05945760486905511,34.556227722689364,0.9909979082664822,3,5,36.23011256302666,6.14080480895379,0.12339487096243672
2024-08-17 04:00:00,0.08434866254929635,34.208728084898674,0.0,4,5,35.5849910493207,0.0,0.12169275583219842
2024-08-17 05:00:00,0.08234266812812581,42.90748534206994,0.26937534138184405,5,5,40.779821543996476,0.535766993020532,0.12008674696705311
2024-08-17 06:00:00,0.08463428943022287,41.059291285947126,2.1277883680880385,6,5,48.200313511358395,11.097290108008025,0.11912361458959451
2024-08-17 07:00:00,0.08722192712999113,48.74770685044284,22.789861272035182,7,5,45.1944785032228,29.31191399006628,0.11895585254897141
2024-08-17 08:00:00,0.08167146422955505,46.122895696623026,30.322457017220195,8,5,41.607340709534775,49.806335594253554,0.11785756339640048
2024-08-17 09:00:00,0.07628566882664187,44.78213217239587,43.36276715203121,9,5,43.46759111048596,54.596313305409296,0.11734556491307914
2024-08-17 10:00:00,0.06708037924494703,41.43944471121669,58.63143525280576,10,5,39.66946930757338,62.18880292046219,0.11552865488365854
2024-08-17 11:00:00,0.08530534944985538,38.90319682834449,57.510007140542264,11,5,39.119221117258164,62.96765284598291,0.11629182906430104
2024-08-17 12:00:00,0.08631982819760609,42.95807299496708,56.89338907581623,12,5,37.220012170564296,60.693380525523395,0.11610895356572183
2024-08-17 13:00:00,0.07055859040457792,30.391360001446138,60.30795905939197,13,5,37.895492805386276,51.822777851544004,0.11532189916673247
2024-08-17 14:00:00,0.08324397986360806,33.50479415238721,57.05196462968517,14,5,43.222317185086276,41.523109035377395,0.1149164641754819
2024-08-17 15:00:00,0.08913403379616619,41.851417131911155,44.77097272892208,15,5,49.546838936358725,29.22667087486413,0.11431585688253797
2024-08-17 16:00:00,0.130358667577035,48.48363818578984,30.42475754382657,16,5,53.366639593958894,8.279676538602978,0.11488225538292772
2024-08-17 17:00:00,0.16142353634188505,55.719627633357156,10.855403082890497,17,5,58.20788009965083,0.0,0.11473838854353746
2024-08-17 18:00:00,0.19324131802795677,58.94584878677442,0.0,18,5,57.84112085649422,0.6715800630480526,0.11417593675239118
2024-08-17 19:00:00,0.2047186589312344,57.68517051096154,4.316042242107178,19,5,58.28212198529339,0.0,0.11274573446325516
2024-08-17 20:00:00,0.20421298140047162,60.692868745805015,0.0,20,5,53.50482488728121,0.0,0.11264822718438687
2024-08-17 21:00:00,0.1646233085191975,56.80747805329048,0.0,21,5,47.02171104255482,1.4701362660320945,0.11119540477231037
2024-08-17 22:00:00,0.1599758944287651,49.02244393500357,0.0,22,5,43.84540169917778,2.4774466334916,0.11135366316101497
2024-08-17 23:00:00,0.11994959398262224,46.64600562095532,0.0,23,5,34.20062756811773,0.0,0.11048770416897373
2024-08-18 00:00:00,0.11310682562772557,35.846476702990046,0.8677305158165202,0,6,36.22871313223451,0.0,0.11244434014602454
2024-08-18 01:00:00,0.09804479883597653,33.19763851077223,1.5515683443960266,1,6,36.83883479058561,2.1082864207194043,0.11160690235176883
2024-08-18 02:00:00,0.11664963453596909,37.325534852921066,1.5148941667770286,2,6,36.45670557010411,1.6492202073942104,0.11266290268035366
2024-08-18 03:00:00,0.10709484359352056,35.807591979251804,0.0,3,6,33.18904913163271,3.764316501046903,0.11464778762720639
2024-08-18 04:00:00,0.0956879317937052,36.46331146432863,0.0,4,6,36.61204684178595,3.648190832314765,0.11512025717905676
2024-08-18 05:00:00,0.08417333252572072,43.25503978031797,0.9183595278575498,5,6,40.36950574038482,6.761644861199442,0.11519653486228987
2024-08-18 06:00:00,0.08408529731538456,33.79986866193709,0.0,6,6,43.087624470013246,14.971786417321411,0.11517366019083829
2024-08-18 07:00:00,0.0979940352993675,40.14366321416415,22.22562417528913,7,6,44.89531422372223,34.92687417301744,0.11562249803122897
2024-08-18 08:00:00,0.09134038307495318,42.182382809314205,37.102678898380525,8,6,46.56906735003217,40.56722343054779,0.11602536964978721
2024-08-18 09:00:00,0.07901429891956738,43.55613632967699,50.110678882002155,9,6,43.176469527024786,59.542840028825154,0.11613906257032579
2024-08-18 10:00:00,0.09098129404025365,40.96441450669573,49.549103902298015,10,6,38.098913469732906,60.20794676574769,0.11713493402013021
2024-08-18 11:00:00,0.07590913232693071,34.12317405633241,60.92758725159873,11,6,38.69708361124117,62.53144582038576,0.11674342497334168
2024-08-18 12:00:00,0.08197431859837985,34.36099058786323,64.06212373503664,12,6,38.52736573803134,61.706587186135074,0.11656236207337393
2024-08-18 13:00:00,0.06190783548299468,35.114988261824955,61.58903526540681,13,6,39.89959021863362,49.04447482616432,0.1162019139516413
2024-08-18 14:00:00,0.09544927968009338,47.82906493528419,51.599099251241,14,6,45.941580502551126,40.133950272236206,0.1167104681106615
2024-08-18 15:00:00,0.10866195095064449,49.41070533013193,47.620341761994666,15,6,47.170123654793144,30.830781077030114,0.11752413132543145
2024-08-18 16:00:00,0.1438772551705407,47.17511813304908,30.508557414611044,16,6,53.6723798546895,16.759545642604508,0.11808740580849418
2024-08-18 17:00:00,0.17039313720463528,52.4033942511809,16.239902283659436,17,6,55.385816854466036,5.831150979463549,0.11846113917777544
2024-08-18 18:00:00,0.1897188960173876,53.8100842681343,0.0,18,6,56.96446582865667,0.0,0.11831437159400172
2024-08-18 19:00:00,0.19521976646383027,52.864307415908854,2.2566773935054605,19,6,54.76596618370671,4.312540357623755,0.11791858440785989
2024-08-18 20:00:00,0.21832545881812007,57.113479636974446,0.0,20,6,51.59470576698961,0.0,0.1185066043002619
2024-08-18 21:00:00,0.1657252492079298,50.373293722871196,1.6267260173518379,21,6,48.65522730329588,0.0,0.11855251849562576
2024-08-18 22:00:00,0.15301269124541847,48.217504479666474,0.8228979493161639,22,6,43.01610033656391,0.0,0.11826238502965297
2024-08-18 23:00:00,0.11621869957334492,38.50040997810864,0.633278018323198,23,6,43.4913269874537,0.0,0.11810693109593308
2024-08-19 00:00:00,0.08265736944306995,41.592751301674035,0.0,0,0,43.45311566835334,1.3623073127603302,0.11683820375490578
2024-08-19 01:00:00,0.09027168258927437,44.527048609706135,2.753099071311589,1,0,47.69506392649816,0.0,0.11651432391129318
2024-08-19 02:00:00,0.11019093697914017,45.32144938928927,0.0,2,0,42.236327397665406,0.0,0.11624521151309197
2024-08-19 03:00:00,0.11425179192033857,45.84659796323411,0.0,3,0,43.027895023509096,0.0,0.11654341769337606
2024-08-19 04:00:00,0.1098722171666568,41.29051691367138,1.9913446223087687,4,0,45.90780087242409,1.2785891878287245,0.11713442958391569
2024-08-19 05:00:00,0.12393564933588298,50.33364039400476,0.0,5,0,50.55592751223501,0.0,0.11879119278433914
2024-08-19 06:00:00,0.1123382686278271,48.139039752399064,0.0,6,0,54.76685289210851,17.286016580151763,0.11996839992235757
2024-08-19 07:00:00,0.09429480740356823,55.76245559367778,12.079040921403402,7,0,56.27524110974275,33.55224882082936,0.11981426542669928
2024-08-19 08:00:00,0.10875449624714734,55.0040221167936,31.238457153722585,8,0,55.66490474289636,46.91923234249349,0.12053985347554069
2024-08-19 09:00:00,0.10011790928261996,49.37118811310735,42.43761023616236,9,0,50.619740626122265,53.33444285484756,0.12141917057400121
2024-08-19 10:00:00,0.08607787860953868,49.82438570354685,44.92459306879154,10,0,47.21103159765217,53.37929683108033,0.12121486159772143
2024-08-19 11:00:00,0.09311410798026065,49.17283781206984,57.08952283721249,11,0,49.83747538942211,62.306923657897855,0.12193173558327686
2024-08-19 12:00:00,0.08485864280698048,48.53204321703622,64.5858969393584,12,0,41.35832258746696,61.14039835289849,0.12205191575863521
2024-08-19 13:00:00,0.0783534696727652,46.47557806953787,56.85278378963001,13,0,49.147883593789246,50.438687991366,0.12273715051654231
2024-08-19 14:00:00,0.0933212303812396,53.92405799882432,51.80981573564993,14,0,53.56220269458857,42.57191379150626,0.12264848179575673
2024-08-19 15:00:00,0.1316128097449828,55.926223272757674,46.42589607763937,15,0,61.29714198265342,31.600872288898987,0.12360476757885415
2024-08-19 16:00:00,0.15807707298983364,56.72848080542038,33.03100622968924,16,0,59.30278614471178,20.661221858811054,0.12419642665465803
2024-08-19 17:00:00,0.17371298775686272,65.0243082872605,19.2330213976835,17,0,65.70431949053774,0.0,0.12433475376100085
2024-08-19 18:00:00,0.22234819237239437,72.73273391999867,0.0,18,0,65.31216204426588,2.495516498845956,0.1256943077757928
2024-08-19 19:00:00,0.2096336816164282,74.30093316899502,6.067330634547387,19,0,62.9480012065888,0.8856333464293646,0.1262948875738177
2024-08-19 20:00:00,0.23283554142956134,62.61495432310935,2.2274015239977514,20,0,62.214426392258865,0.5583970849908209,0.1268994743492944
2024-08-19 21:00:00,0.19594501015613386,59.65857182180883,8.615167449084524,21,0,59.21227140446934,3.7253145374100303,0.1281586310554696
2024-08-19 22:00:00,0.17995812318425883,62.29782400679285,0.0,22,0,55.09006557996959,0.0,0.12928135738625463
2024-08-19 23:00:00,0.10979020191516109,49.29162704062695,0.0,23,0,43.02585515607692,0.645137920827756,0.12901350331716363
2024-08-20 00:00:00,0.1054910382125913,39.857469144772026,0.025264598538117376,0,1,45.4430255888388,0.07611877926436948,0.12996490618256035
2024-08-20 01:00:00,0.10347420726311675,42.55415188953867,0.0,1,1,43.81267248275527,0.0,0.13051501137730379
2024-08-20 02:00:00,0.11319222223111428,45.55283534973789,2.2878239426518743,2,1,45.68236645654324,3.4512333392877896,0.13064006492946936
2024-08-20 03:00:00,0.09957924379929366,44.241549437142695,3.762249206052245,3,1,47.88356336133089,2.321248094204675,0.13002870875775915
2024-08-20 04:00:00,0.10218113365857263,43.492809280714546,0.0,4,1,47.268716381911,0.09486233279087991,0.12970824694492233
2024-08-20 05:00:00,0.11278326757570371,45.499697383091075,0.0,5,1,52.91219714941355,0.0,0.12924356437158152
2024-08-20 06:00:00,0.09687041701769078,48.47876977844287,1.8295193683064452,6,1,51.36978689426425,15.521526365353255,0.12859907055449252
2024-08-20 07:00:00,0.0967091116786654,50.98141065826432,14.623754688710841,7,1,56.40961811894843,31.96472642116016,0.12869966656595488
2024-08-20 08:00:00,0.1039427897465937,62.39782229229375,28.794148656618752,8,1,55.9015058587723,42.552007456790285,0.12849917879509848
2024-08-20 09:00:00,0.11414444219165529,54.78619474098911,46.03387337572395,9,1,52.75516797449144,50.064959426640996,0.1290836176663083
2024-08-20 10:00:00,0.10268621151561332,53.73237853534036,56.34318288657768,10,1,45.692162415855336,56.47698330292031,0.12977563153739471
2024-08-20 11:00:00,0.1003487251898483,46.497157142523776,61.718687962515865,11,1,46.21746320367867,59.934223777197325,0.13007707392112755
2024-08-20 12:00:00,0.08466600248935462,46.03402383556068,59.37936802497568,12,1,47.58962080484457,55.31354528092301,0.13006904724122648
2024-08-20 13:00:00,0.10355441256880907,44.70189780401341,50.4355446518589,13,1,49.96700163274228,52.86726683730143,0.13111908652856163
2024-08-20 14:00:00,0.07456143056997966,40.59543008019805,51.415239085040206,14,1,52.99247190737502,40.183455546436576,0.1303374282030925
2024-08-20 15:00:00,0.1389168747392933,48.35109032272606,39.75097104599079,15,1,60.46667774510783,27.311939359263377,0.13064176424452206
2024-08-20 16:00:00,0.1673275268991583,51.81432540500087,29.53004844322045,16,1,60.091157670120644,24.461674724479348,0.13102719982407726
2024-08-20 17:00:00,0.17614336739048192,55.48314160201568,13.172086894122968,17,1,66.12262430246867,5.43158394680295,0.13112846564214475
2024-08-20 18:00:00,0.22169338145965548,62.777977252681076,0.0,18,1,64.71036944945007,0.4030461148557664,0.13110118185411393
2024-08-20 19:00:00,0.23046640438463242,72.32577182354909,0.0,19,1,67.84558276518767,2.3828455484671673,0.1319692119694558
2024-08-20 20:00:00,0.21576167632130025,66.46088940812595,0.0,20,1,63.79124787543083,2.858654505058452,0.13125780092327824
2024-08-20 21:00:00,0.18766745146160183,66.81181301997802,4.279420188998122,21,1,64.3018218237156,0.0,0.1309129026443394
2024-08-20 22:00:00,0.16696849547220682,58.91975933836588,0.0,22,1,54.7893769231176,0.7917161084651343,0.13037166815633724
2024-08-20 23:00:00,0.1497062303471275,55.24084584863444,0.0011606883972374363,23,1,44.81231840737091,0.0,0.1320348360076692
2024-08-21 00:00:00,0.11003857257068281,41.26671774008956,3.340801963109924,0,2,44.67975061288209,3.5158771472578563,0.132224316605923
2024-08-21 01:00:00,0.12883898862324067,45.846603514950964,3.2000644418035042,1,2,43.63487541192512,3.554412475821533,0.13328118249592816
2024-08-21 02:00:00,0.10620173152113772,46.59998278221592,2.7819687172037293,2,2,44.890181639986025,4.3733728603380895,0.13298991204967914
2024-08-21 03:00:00,0.08712567082570284,42.78393491690919,1.0600328007553734,3,2,46.187098142959,0.7447959953245036,0.1324710131757795
2024-08-21 04:00:00,0.12469338371069585,47.42512940574298,2.5340115798789737,4,2,43.78764593841319,6.069853910645869,0.13340902359461798
2024-08-21 05:00:00,0.09019916358603897,49.52896544180776,4.80580846412154,5,2,51.212062919336326,0.0,0.13246801926171528
2024-08-21 06:00:00,0.10036350417827565,49.059667350706064,1.4875790789838068,6,2,54.057847960481226,21.115013778297975,0.13261356456007298
2024-08-21 07:00:00,0.10685854157578809,50.26296984046456,8.953400211784524,7,2,58.66461099222146,28.421610164124118,0.1330364574724531
2024-08-21 08:00:00,0.10662897105662086,51.367373776694684,27.868983138150966,8,2,53.63080314734916,38.395966952983606,0.13314838169370424
2024-08-21 09:00:00,0.08073735392429378,54.17096440110281,44.466095073604514,9,2,49.423646207344945,57.15241950910411,0.13175641968256416
2024-08-21 10:00:00,0.0840269078324497,52.0011684951298,49.27972126546225,10,2,48.65925655842305,59.26146419118161,0.13097894869576568
2024-08-21 11:00:00,0.0696744868273879,45.586109736797795,63.08277973631663,11,2,46.83776870007745,60.89124172939946,0.12970085543066315
2024-08-21 12:00:00,0.09136675757464185,46.77414564855836,59.216569320770105,12,2,46.78405665191064,56.403051379576205,0.1299800535592168
2024-08-21 13:00:00,0.099814034899848,48.8709764138005,57.7107789479694,13,2,46.582906484105074,49.10813958844615,0.12982420448967677
2024-08-21 14:00:00,0.08079356313303719,51.119094392627254,55.41116172960124,14,2,52.50866836477933,39.92809513366469,0.13008387667980414
2024-08-21 15:00:00,0.1265979235550515,57.78672374678999,41.38882518199469,15,2,56.509908790228906,30.10678175556516,0.1295705870471274
2024-08-21 16:00:00,0.15267576412889383,61.75463119773067,30.335818984724956,16,2,62.30947404739496,14.963046565175869,0.1289600969316997
2024-08-21 17:00:00,0.1627551217171012,59.53830446039868,18.530540619631076,17,2,68.127419770576,0.0,0.12840225336197555
2024-08-21 18:00:00,0.1971878933220498,72.05058919471547,0.0,18,2,66.79687232479495,4.742525797144033,0.12738119135624196
2024-08-21 19:00:00,0.21218833488751832,66.44677618870838,0.0,19,2,66.2206075325396,0.0,0.12661960512719553
2024-08-21 20:00:00,0.21177714519171476,70.00666549839285,2.9020365338269203,20,2,63.82440626819203,3.4675465633173554,0.12645358299679615
2024-08-21 21:00:00,0.21369550631517772,62.959553537672534,0.2296005191990792,21,2,57.125797877797,0.0,0.1275380852823618
2024-08-21 22:00:00,0.15842730552152778,56.34572443497957,5.13566834227118,22,2,58.015016934503706,0.43355902864177437,0.12718220236775019
2024-08-21 23:00:00,0.12272542277656312,47.012015008824946,0.0,23,2,44.7087468558218,2.722471666783519,0.12605800205231
2024-08-22 00:00:00,0.10677414906414504,43.66200742130337,0.0,0,3,41.74759212591424,2.3361685835977504,0.12592198440620425
2024-08-22 01:00:00,0.08945557971255881,39.24135983748796,2.693902808179512,1,3,42.650917475956646,0.0,0.12428100903492584
2024-08-22 02:00:00,0.11117051757398329,47.42488051680638,3.0303252522647117,2,3,42.810762403813825,1.4260229537256015,0.12448804178712773
2024-08-22 03:00:00,0.09780401333441613,49.544368483834084,0.0,3,3,44.045973376004675,1.8926506731848278,0.12493297272499078
2024-08-22 04:00:00,0.09497137137372795,43.14591078295332,1.401380400160035,4,3,48.85254657973863,0.0,0.12369455554428378
2024-08-22 05:00:00,0.11049319180399043,48.744896719361456,2.6082244217099233,5,3,48.6666425546523,0.0,0.12454014005336511
2024-08-22 06:00:00,0.12906531980307342,48.5584085968283,0.0,6,3,53.25484303999277,13.49625600939066,0.1257360490377317
2024-08-22 07:00:00,0.129971074602408,51.906103416225505,12.771074183172306,7,3,57.503503984222014,28.389321483762455,0.1266990712471742
2024-08-22 08:00:00,0.08914448400010766,57.69639322006984,30.115204098268677,8,3,52.91602808678111,41.723197976160954,0.1259705509531528
2024-08-22 09:00:00,0.09092333783087658,53.832249957986704,44.81454475387361,9,3,52.359135769554754,55.46957499656715,0.12639496694926042
2024-08-22 10:00:00,0.09917096208938145,56.58303637811473,46.93006049961204,10,3,44.817677615573956,59.43622770787559,0.12702596920996592
2024-08-22 11:00:00,0.10146934854236278,46.64047419134527,56.202460178317885,11,3,46.00926817699835,56.617346421699416,0.12835075511475655
2024-08-22 12:00:00,0.05793719653971845,49.9483745491647,58.04749673118137,12,3,45.334792852207244,62.03753931631478,0.12695785673830137
2024-08-22 13:00:00,0.08666151811028897,47.41840654855374,58.35813375774013,13,3,49.80185174781438,50.79018665143819,0.12640983520540308
2024-08-22 14:00:00,0.08960990394522862,51.74879946581133,50.98046544683407,14,3,50.812576835912125,43.53263324971279,0.1267771827392444
2024-08-22 15:00:00,0.09156174973011338,51.45122858787369,39.73964085093559,15,3,61.869032024065206,26.821999305890262,0.1253173421632053
2024-08-22 16:00:00,0.12546040583708945,57.57112998346336,33.82114270372437,16,3,59.52509298598143,13.978780821829673,0.12418336890104681
2024-08-22 17:00:00,0.1679273017305704,62.434266360394524,13.357642310172,17,3,68.99610134088279,2.906227661907789,0.124398876401608
2024-08-22 18:00:00,0.2136831890831565,64.04915628561878,0.0,18,3,69.96388090342666,0.0,0.12508618039165412
2024-08-22 19:00:00,0.24101985289519617,70.32598764287977,0.0,19,3,67.34422054053019,0.15447960913977948,0.12628749364197403
2024-08-22 20:00:00,0.22487307969636003,68.80529504532095,0.0,20,3,62.91228857026453,1.3185500943210888,0.1268331575796676
2024-08-22 21:00:00,0.2067325072007575,64.70279708693836,1.806266267186675,21,3,61.435945516286516,0.0,0.12654303261656674
2024-08-22 22:00:00,0.17047978377944903,62.64431826750983,1.1221068472420095,22,3,57.799998467858664,0.0,0.1270452192106468
2024-08-22 23:00:00,0.13473365670414006,57.495974052992395,2.0983094652301664,23,3,43.85932637978516,2.5406764593843167,0.1275455622909625
2024-08-23 00:00:00,0.10279496695827485,43.07403674881349,1.9284380008098463,0,4,44.609770840369244,8.017471213702237,0.12737976303655124
2024-08-23 01:00:00,0.11334595993257635,45.48799951179032,7.306999127033039,1,4,43.28756842893865,1.2848253013131778,0.12837519554571866
2024-08-23 02:00:00,0.1173891830034285,42.39684665881827,0.0,2,4,42.414903087474144,1.8220917071771903,0.12863430660527886
2024-08-23 03:00:00,0.10321711734851705,44.8282148948901,0.0,3,4,46.68509735956692,0.0,0.1288598526058664
2024-08-23 04:00:00,0.0938122731074184,43.8396736138574,0.0,4,4,48.34068105160558,4.115089222985444,0.12881155684477016
2024-08-23 05:00:00,0.11690417407387321,53.025661234870185,0.0,5,4,47.72206479681878,0.0,0.1290786811060153
2024-08-23 06:00:00,0.11734622002941149,52.10634145068635,0.0,6,4,54.89210442537759,18.3636597893027,0.12859038528211272
2024-08-23 07:00:00,0.11839025291221465,53.282407245064114,15.433064255802806,7,4,55.84713577614768,30.881538116738447,0.12810785104502131
2024-08-23 08:00:00,0.09347771559394691,59.100435499976086,33.56539683480076,8,4,52.815928923137484,43.03706538391429,0.12828840236143127
2024-08-23 09:00:00,0.09006904670027216,47.07244898687535,46.65712073816315,9,4,49.74596322451287,52.204413193062685,0.12825280689765609
2024-08-23 10:00:00,0.10205849703940806,44.6338802427016,52.308235657836576,10,4,49.094023560350074,57.9455836324309,0.1283731208539072
2024-08-23 11:00:00,0.08255467351054901,50.79314772223294,63.868018025903325,11,4,50.031107497942656,59.155701969120415,0.1275850093942483
2024-08-23 12:00:00,0.07850999062262187,47.00684322155694,57.11490363271991,12,4,47.96632078873468,59.087501846456476,0.12844220914770263
2024-08-23 13:00:00,0.1006631547250963,47.9709576902583,50.65974862480578,13,4,50.82612423947035,48.51021936376114,0.12902561067331958
2024-08-23 14:00:00,0.07900355238862129,45.020688206345476,54.22927913898205,14,4,51.28058620638485,40.59961694539258,0.12858367935846096
2024-08-23 15:00:00,0.13932444179578324,52.87063111894339,34.83323361164673,15,4,56.9640193868111,33.29175217656535,0.13057379152786386
2024-08-23 16:00:00,0.13415479423970397,64.20379427924775,26.53859408590187,16,4,64.08274222225826,15.589389078537135,0.13093605771130612
2024-08-23 17:00:00,0.18464321538695508,65.50414745983292,16.92564410252562,17,4,64.07069518616221,0.0,0.1316325541136555
2024-08-23 18:00:00,0.2149531025145611,67.33044589991734,0.0,18,4,68.68457603116022,2.89763425840951,0.13168546717329735
2024-08-23 19:00:00,0.22871817846982972,66.8652001222174,0.0,19,4,67.77419019620014,2.3448075994997515,0.13117289740557372
2024-08-23 20:00:00,0.21418688027673632,65.52471100382316,0.0,20,4,62.78919976565244,0.0,0.13072763909642274
2024-08-23 21:00:00,0.19879725767952516,56.05283472013553,0.0,21,4,58.42761814218494,2.0438082862267186,0.13039700369970472
2024-08-23 22:00:00,0.1595694985544531,58.61332342425612,3.5128187105822715,22,4,53.03655628693881,0.3845455124290411,0.12994240848199656
2024-08-23 23:00:00,0.13647656064811775,55.6264625385132,0.06988770787606621,23,4,34.093784004016456,1.993324334211333,0.13001502947966231
2024-08-24 00:00:00,0.11476006831516164,30.296125362526144,0.0,0,5,33.00226601345129,0.029973513345986077,0.1305135753695326
2024-08-24 01:00:00,0.09335234412711012,33.24194549056053,0.0,1,5,35.27598961899012,1.3000425117433974,0.12968050804430484
2024-08-24 02:00:00,0.08489009023927262,31.752729494438988,0.0,2,5,38.42673734325212,0.0,0.12832637917913167
2024-08-24 03:00:00,0.07510817448290043,32.728601513076875,1.3731681334502546,3,5,38.871880766033414,0.0,0.12715517322639766
2024-08-24 04:00:00,0.11534859262844663,36.99426051000924,1.2026079182589853,4,5,38.21501910777067,2.0722832638224666,0.12805251987310715
2024-08-24 05:00:00,0.08622751040769318,32.2355968028131,0.0,5,5,41.274545945469654,7.34002177359775,0.12677432555368298
2024-08-24 06:00:00,0.11724616587463227,43.97242022547286,0.0,6,5,44.164923129265695,15.99264406728069,0.1267701566305672
2024-08-24 07:00:00,0.09638387609653183,47.45668413192744,16.43431790153747,7,5,45.46593578479878,26.968902813031924,0.12585322426324708
2024-08-24 08:00:00,0.09133749247309159,45.54157524145895,25.76678007005229,8,5,45.65816459756644,41.26230338841333,0.1257640482998781
2024-08-24 09:00:00,0.08812073949939637,37.144398519411524,43.294873435663376,9,5,44.258218790144724,47.5698461171183,0.12568286883317495
2024-08-24 10:00:00,0.10757598594025349,38.954716396204276,47.42505037008135,10,5,43.83632994860153,59.346933501166795,0.12591276420404351
2024-08-24 11:00:00,0.04913725352960799,43.25599766779968,52.389776399950456,11,5,36.21789659968408,57.95213538643529,0.12452037170483764
2024-08-24 12:00:00,0.07447829904886119,28.988009942391322,58.3536136083399,12,5,39.53613767639348,58.796410483723825,0.12435238455593094
2024-08-24 13:00:00,0.07043103299305269,37.121702063545996,64.09937529288707,13,5,41.414071996118324,49.64176019469405,0.12309271281709577
2024-08-24 14:00:00,0.08089849904299862,36.55340069901099,52.693039086436485,14,5,43.34973360785187,44.0806442802356,0.12317166892769484
2024-08-24 15:00:00,0.10444174634417996,46.58385141187743,41.359922306330375,15,5,46.80479312099912,24.362688842428113,0.12171822328387803
2024-08-24 16:00:00,0.12631136940304435,46.69644697224577,30.16473634379906,16,5,54.48170232331691,15.032811540751121,0.12139141391568388
2024-08-24 17:00:00,0.16230978048479508,55.2236089959815,8.835367713485319,17,5,62.09139198235185,1.5108481538939547,0.12046085412809387
2024-08-24 18:00:00,0.19630642876183044,59.66110574994283,0.0,18,5,59.87251429673185,0.0,0.11968390938839678
2024-08-24 19:00:00,0.19604427556576154,65.21034277483066,0.0,19,5,56.277128368711836,1.0066281266323538,0.11832249676739393
2024-08-24 20:00:00,0.19553961845595208,57.20217736318543,6.054558631018179,20,5,53.61598280141728,0.9591232648816768,0.11754552752486126
2024-08-24 21:00:00,0.17884616285485314,55.133857401509324,5.34585110204512,21,5,46.57277347623287,2.9367334081931658,0.11671423190716661
2024-08-24 22:00:00,0.13513209291891704,44.100943997242005,1.3748648417521843,22,5,44.022184616299185,1.7402738830249702,0.1156960066723526
2024-08-24 23:00:00,0.1455316810045686,47.79448744705264,0.4729028607947166,23,5,36.77055323084649,1.1001987423954576,0.11607330335387138
2024-08-25 00:00:00,0.10902682735269087,32.97010886168456,0.0,0,6,34.03890934281516,2.462498215577944,0.11583441831376841
2024-08-25 01:00:00,0.10312717935299986,33.629696186902365,0.0,1,6,29.011026214435617,0.0,0.11624170311484716
2024-08-25 02:00:00,0.10298028589984327,35.45105334010927,6.273371574413623,2,6,36.437117448030214,0.0,0.11699546126737094
2024-08-25 03:00:00,0.09335277699316187,30.882125397418207,0.45995599368500006,3,6,35.88564414963401,0.0,0.11775565303863182
2024-08-25 04:00:00,0.10665812151282791,37.62081336279257,0.0,4,6,37.4699739952481,1.5360852733845414,0.11739355007548107
2024-08-25 05:00:00,0.11169967026990142,42.06720573817706,0.0,5,6,40.55378158204175,1.1586789689896932,0.11845489006973971
2024-08-25 06:00:00,0.10220039516636187,43.009773023962396,4.831070047057818,6,6,45.91048172557416,18.700977286620493,0.11782798295689513
2024-08-25 07:00:00,0.08475422377782886,40.02550566880855,14.576857786007121,7,6,45.594921664564986,29.618861836923486,0.1173434141102825
2024-08-25 08:00:00,0.08914669281002296,46.01454374736297,22.48562859044425,8,6,47.009186982243676,38.72610577890856,0.11725213079098797
2024-08-25 09:00:00,0.09296665414717349,47.52278820693723,37.2599399670099,9,6,44.11378929966863,49.97108644468477,0.11745404390131203
2024-08-25 10:00:00,0.09103751351748687,36.19932191436182,45.12450111092171,10,6,38.8350774349632,50.065841028245494,0.11676494088369675
2024-08-25 11:00:00,0.07451414978813571,35.93709020049517,54.85591860387232,11,6,36.901489656744026,56.12536058286381,0.11782231156113539
2024-08-25 12:00:00,0.06510449824948628,40.74816113982443,57.99408054807318,12,6,38.55482395934585,48.745133201711475,0.11743173652782811
2024-08-25 13:00:00,0.09262396013194736,39.163712338037385,53.55576121888939,13,6,40.10424679254263,50.51574196126633,0.11835644182528206
2024-08-25 14:00:00,0.07058778308976787,41.71334221895263,52.31554725937925,14,6,40.5698290301015,39.71283421405102,0.1179268286605641
2024-08-25 15:00:00,0.0913540230508821,50.025239797241355,40.77067769591385,15,6,52.750649089263824,28.263825194431938,0.1173815068566767
2024-08-25 16:00:00,0.11358088548298091,50.4218104763655,32.3522904256666,16,6,55.42525759048956,12.2137153419184,0.11685107002667405
2024-08-25 17:00:00,0.14734136136054735,56.10182772905452,13.571971816321417,17,6,56.99029229158669,0.0,0.11622738589649706
2024-08-25 18:00:00,0.20782939957287846,66.59164806174118,10.658639572039016,18,6,55.56728362999014,1.9393258944890117,0.11670750968029074
2024-08-25 19:00:00,0.22068249947515095,58.71587546784583,0.0,19,6,57.55635782484972,0.0,0.11773410234318198
2024-08-25 20:00:00,0.19429105756188048,55.363996705408226,0.0,20,6,52.82019174468706,1.4159255313278967,0.11768207897259564
2024-08-25 21:00:00,0.1817863697408239,55.3650938591486,0.0,21,6,48.7976050903369,0.0,0.11780458759284441
2024-08-25 22:00:00,0.14683434818806212,50.323522790535065,0.0,22,6,39.7230530419941,0.0,0.11829218156239213
2024-08-25 23:00:00,0.10649162156818637,42.36530475632559,0.0,23,6,43.52623692310369,3.433762875524094,0.11666551241920954
2024-08-26 00:00:00,0.13161725049681494,41.167059744302286,1.0309699533973373,0,0,43.668458738466015,3.7217061177653967,0.11760678005021473
2024-08-26 01:00:00,0.1283792360378218,51.882604694036274,0.0,1,0,44.204688763163944,0.0,0.11865894907874897
2024-08-26 02:00:00,0.10932076002149659,45.63513842023329,0.5658482342003089,2,0,44.47793297172102,0.0,0.11892313550048451
2024-08-26 03:00:00,0.09472093449313597,42.60703511338396,0.0,3,0,46.06024396733031,0.0,0.11898014206298345
2024-08-26 04:00:00,0.10614916299885706,48.88671926887956,0.0,4,0,51.08066145314002,0.0,0.11895893545823466
2024-08-26 05:00:00,0.09711465912233895,47.68904221118563,2.115891396963258,5,0,50.109349445641875,0.0,0.11835122666041957
2024-08-26 06:00:00,0.10567509390376012,50.33015719191887,8.064131893567238,6,0,52.35465499381549,15.93909765973229,0.11849600577447782
2024-08-26 07:00:00,0.10738702090751523,55.97624409567172,10.905925162925909,7,0,52.02306547793545,34.16441195726003,0.11943903898821473
2024-08-26 08:00:00,0.09752936414373782,51.34370326224135,27.831398282328617,8,0,53.193066434433675,39.110386889498905,0.11978831696045288
2024-08-26 09:00:00,0.08062966071657637,55.34369580130269,37.57041896370247,9,0,48.47337714888523,51.98133871664275,0.1192742755675113
2024-08-26 10:00:00,0.11856928249752376,57.397334381559205,46.07210085056294,10,0,50.36352706529338,55.77059863154768,0.12042143260834619
2024-08-26 11:00:00,0.09029419732463453,49.935102995108124,52.28009465618343,11,0,46.81800297685888,52.03276003412027,0.12107893458903364
2024-08-26 12:00:00,0.08938530481710426,45.80633590602135,59.59925137537128,12,0,49.24532994998399,54.71408028796646,0.1220906348626844
2024-08-26 13:00:00,0.08054456365051355,45.74366308260057,53.07430578627051,13,0,52.39342030041209,48.69650103495493,0.121587326675958
2024-08-26 14:00:00,0.0767114862800448,48.14893827280755,56.989241423473715,14,0,51.411733709596646,44.20428069671252,0.12184248097555285
2024-08-26 15:00:00,0.11365039774770308,52.32916887445873,41.55950172104845,15,0,57.29471509621691,32.571938831024,0.1227714965879204
2024-08-26 16:00:00,0.1376277550891551,56.78045371168406,24.822472041211725,16,0,65.72695273010751,15.733966125350804,0.12377344948817764
2024-08-26 17:00:00,0.18677870065499377,65.99577573847183,13.395458848152202,17,0,67.3626905647616,3.399925724838097,0.1254166719587796
2024-08-26 18:00:00,0.22123916971400098,61.43798627573866,0.0,18,0,69.51006295909606,0.0,0.12597541238132634
2024-08-26 19:00:00,0.23620218764676473,71.2254432464191,2.8002402853134982,19,0,69.05016972329179,3.1341969174563036,0.1266220660551436
2024-08-26 20:00:00,0.2294440930009562,65.76921769989609,0.0,20,0,64.85616772345072,0.28094490415423773,0.12808677586510508
2024-08-26 21:00:00,0.218378864155061,64.26937133034785,0.0,21,0,58.80646363443755,3.073488953146483,0.12961146313236496
2024-08-26 22:00:00,0.16769448441865342,54.37938321521271,0.0,22,0,55.91051001227432,3.3583489923069814,0.13048063547530628
2024-08-26 23:00:00,0.15596502600919224,57.369406455836526,2.390313775984139,23,0,44.40255783490948,2.0060621863208925,0.13254202732701484
2024-08-27 00:00:00,0.11092629329075049,48.52509832463571,4.315710961879703,0,1,45.59826758507164,0.0,0.13167990411009547
2024-08-27 01:00:00,0.08219932696321079,47.63012847095617,4.831897667704951,1,1,44.30405855149587,0.0,0.12975574123198672
2024-08-27 02:00:00,0.10314419357925458,39.81036027766021,1.8543053198163562,2,1,47.059787917226714,2.1063148747111065,0.12949838429689328
2024-08-27 03:00:00,0.09725094748548768,47.671872006489885,0.0,3,1,44.62254927095133,2.501689130429012,0.12960380150490794
2024-08-27 04:00:00,0.10773885622446719,47.31961482722703,2.781190343098974,4,1,44.740930265230666,0.4434923933222169,0.12967003872264168
2024-08-27 05:00:00,0.09535849301339255,42.9697749505656,0.0,5,1,52.51756364018415,0.0,0.12959686513476892
2024-08-27 06:00:00,0.11790224013025977,51.12996243727724,0.0,6,1,52.20503008569183,15.070531941607841,0.13010632956087306
2024-08-27 07:00:00,0.11536996105725239,55.4118175156597,16.062874879148747,7,1,53.307577443824584,27.299042913679063,0.13043895206711212
2024-08-27 08:00:00,0.11606571062170407,57.325503642024756,24.558900329308603,8,1,56.813484862936455,38.94523198535631,0.1312112998370274
2024-08-27 09:00:00,0.11751375248975161,54.85086136821199,39.480810559310456,9,1,53.27677434440786,54.12195825497312,0.13274813699424304
2024-08-27 10:00:00,0.07287228566008243,52.27615577593713,49.052559104957794,10,1,47.82666925959405,52.912663843770034,0.13084409545934964
2024-08-27 11:00:00,0.0730558759432965,53.22722717649455,55.11244593625972,11,1,40.98762462877478,57.57935730369083,0.13012583206846054
2024-08-27 12:00:00,0.11903998304956855,51.00185939505053,59.43981996349685,12,1,48.501216503661105,54.672215428884186,0.1313614436614799
2024-08-27 13:00:00,0.0977277609217279,38.26016037307408,57.15629063815674,13,1,50.85537217784686,45.19953250535845,0.13207741021444716
2024-08-27 14:00:00,0.0981489953165595,48.51455905723923,49.316364784489856,14,1,54.24380835914682,36.178533026612534,0.13297063975763526
2024-08-27 15:00:00,0.11503445424221986,52.6833024012789,38.16233064024673,15,1,58.99947784351287,27.85164599655631,0.13302830877824015
2024-08-27 16:00:00,0.14082409743185886,52.451055428992134,28.455942099696703,16,1,62.76913702794919,9.067097996978761,0.13316148970918615
2024-08-27 17:00:00,0.1534444067653149,63.433301158584534,12.447906898883824,17,1,66.23165336368014,5.125136174910156,0.13177256079711616
2024-08-27 18:00:00,0.2107089198251953,71.04861652292894,0.0,18,1,66.32305559108221,0.0,0.1313338003850826
2024-08-27 19:00:00,0.21314921499217762,65.0583621796183,9.163606982531448,19,1,65.65775747418661,0.0,0.13037325985780815
2024-08-27 20:00:00,0.2107166586408051,68.1290338293678,0.6376639530923917,20,1,63.77444398121425,3.4245784234138292,0.12959295009280183
2024-08-27 21:00:00,0.18406885322275154,60.20083953398197,1.5758575596314195,21,1,58.72993467485342,0.0,0.1281633663039556
2024-08-27 22:00:00,0.1952456196900699,55.90396229728842,0.0,22,1,54.76577238530022,1.8229208861893547,0.12931133027359798
2024-08-27 23:00:00,0.13911903293979083,57.91378291647036,3.5702569575045375,23,1,41.79586315089217,0.0,0.12860941389570624
2024-08-28 00:00:00,0.10833740650392251,42.87254063727457,2.660953479321985,0,2,41.31064670870915,0.12721362424600258,0.12850154361292174
2024-08-28 01:00:00,0.10791018718299047,46.10817796293663,2.685733941292797,1,2,43.96782454491665,2.711738839963588,0.12957282945541257
2024-08-28 02:00:00,0.1120719509549841,38.73933679835107,0.7521193636371215,2,2,43.04844849773453,0.0,0.12994481934606797
2024-08-28 03:00:00,0.1016923150213071,51.047759985088824,3.619665335183697,3,2,46.465712669315174,1.4776582789857482,0.1301298763267271
2024-08-28 04:00:00,0.11992543123247905,48.02222558452025,4.450898188221567,4,2,45.55654891585671,0.0,0.13063765028539426
2024-08-28 05:00:00,0.11177481768517016,47.59230265445567,0.9908462177225328,5,2,53.63783756007067,3.543413362664508,0.131321663813385
2024-08-28 06:00:00,0.0971772566348127,53.11912210689021,0.0,6,2,52.67084564342077,12.831377037415123,0.13045812283440805
2024-08-28 07:00:00,0.1023075758888217,49.80354418766696,17.520341424116808,7,2,58.80107045793635,27.55823502483887,0.12991385678572345
2024-08-28 08:00:00,0.09955709022140068,59.399820348945866,24.633637401348317,8,2,55.401887904546065,39.03814594421259,0.12922599760237743
2024-08-28 09:00:00,0.09546462828749293,53.316532921933764,36.7995550685896,9,2,49.30341035155053,45.418080893049606,0.12830728409395
2024-08-28 10:00:00,0.09909613629561015,50.76085200341721,47.961128740063025,10,2,52.77081996153898,50.757194069324605,0.129399944537097
2024-08-28 11:00:00,0.09506057863280898,47.008031962941786,47.60700926992488,11,2,47.67911472211807,57.055916584931666,0.13031680714916002
2024-08-28 12:00:00,0.09010603780853896,45.29012560409718,58.49273540608683,12,2,47.83663424706307,55.29309836284025,0.12911122609745043
2024-08-28 13:00:00,0.08968046058034412,49.72734139193646,50.33156040332801,13,2,49.46959753752033,45.66891421131812,0.12877592191655945
2024-08-28 14:00:00,0.09648327215586947,50.41892356260002,46.497461364904034,14,2,54.21295154284013,40.82739449677469,0.12870651678486403
2024-08-28 15:00:00,0.08883552006912943,55.365438951455964,38.56593746586405,15,2,59.178271294210404,29.36017966451145,0.12761489452765193
2024-08-28 16:00:00,0.15084113074425595,58.09928706491131,27.935579849804345,16,2,61.47162667805763,13.330329486677226,0.1280322709156685
2024-08-28 17:00:00,0.18318147782331726,64.84381397723482,13.186556491234512,17,2,66.69514795970144,0.0,0.12927131554308527
2024-08-28 18:00:00,0.20289305211789527,65.78193488020189,0.0,18,2,68.83644045535583,0.0,0.1289456543886144
2024-08-28 19:00:00,0.2377037987022718,75.74018043236543,0.0,19,2,68.28769096441482,1.0222292868385539,0.12996876204320168
2024-08-28 20:00:00,0.2216957017455463,62.10483270252929,0.0,20,2,64.40051242500522,0.0,0.1304262221725659
2024-08-28 21:00:00,0.21375660122397352,67.23613330627882,0.0,21,2,58.45282357095801,0.0,0.13166321167261683
2024-08-28 22:00:00,0.17347638273677327,62.50104382491719,3.785158735244606,22,2,52.155136585427954,1.3075143164165761,0.13075616013289612
2024-08-28 23:00:00,0.1421834394790013,50.528874317583046,0.0,23,2,43.47650337301823,3.54290860414914,0.13088384373869655
2024-08-29 00:00:00,0.12317459696250048,51.81336274776982,0.0,0,3,42.31708272444509,0.0,0.13150206000780398
2024-08-29 01:00:00,0.10420689995650237,47.88562843588595,0.0,1,3,45.9833986308654,0.0,0.13134775637336696
2024-08-29 02:00:00,0.11138254652704287,47.90584112393785,1.4657702035427032,2,3,43.92735113275557,7.680799283582353,0.1313190311888694
2024-08-29 03:00:00,0.09778723155086365,45.248976319466315,0.0,3,3,45.781190293629905,0.8144294566339665,0.13115631937760092
2024-08-29 04:00:00,0.11875479232986849,45.46957558239799,0.0,4,3,48.72275149724978,0.0,0.13110754275665884
2024-08-29 05:00:00,0.0881112369908442,47.57715543676807,0.0,5,3,51.35620314370423,0.0,0.13012156022772856
2024-08-29 06:00:00,0.11815772818159707,52.598032715471305,3.745257636296608,6,3,54.37470525920071,12.123690631301756,0.1309957465421779
2024-08-29 07:00:00,0.10381013142175333,58.86972397276672,15.405716229495196,7,3,53.87675966907113,28.58059709999731,0.13105835302271673
2024-08-29 08:00:00,0.11320751803817768,56.26688900485221,23.373287349330354,8,3,54.96197085265484,39.774423830454985,0.1316271208484158
2024-08-29 09:00:00,0.08871608130676484,51.507626141841314,37.20661922666212,9,3,50.859178669074694,45.87607310022696,0.13134593139088543
2024-08-29 10:00:00,0.0940643776147287,54.123002583562446,50.759416953102296,10,3,48.479490568275956,58.353527361050396,0.13113627477918205
2024-08-29 11:00:00,0.08817143743943366,51.599973851652976,48.95314455716491,11,3,49.53510860737334,55.2693654866539,0.13084922722945808
2024-08-29 12:00:00,0.0891128035353766,49.314082116274264,54.755737235439454,12,3,48.58599335495014,51.879812486628765,0.1308078424680763
2024-08-29 13:00:00,0.0730427328756376,49.9609534679638,53.123935004053685,13,3,48.52937196373742,44.239096239914005,0.13011460381371356
2024-08-29 14:00:00,0.10309020072100761,48.80401315811982,46.3079965090672,14,3,53.05297858014494,36.407444567254515,0.13038989250392763
2024-08-29 15:00:00,0.09249927458160884,50.378041096506685,48.34791898198064,15,3,61.397265412650455,24.02662939171466,0.1305425489419476
2024-08-29 16:00:00,0.13349231451158952,55.420172625572945,26.07093597930495,16,3,62.65777121022292,13.709478291370853,0.12981968159891985
2024-08-29 17:00:00,0.15191121111036884,58.03905371908099,15.817246903498518,17,3,67.27297487947365,0.0,0.12851675381921365
2024-08-29 18:00:00,0.22681833330404313,67.95144795006736,0.0,18,3,70.0042912095281,2.1951551906081277,0.12951364053530315
2024-08-29 19:00:00,0.2299600462531453,68.40896396588809,1.847117971997915,19,3,67.62355454327205,0.0,0.12919098418325622
2024-08-29 20:00:00,0.2200255253568275,65.78521091297013,3.0477565889817733,20,3,62.526459165941546,2.3525627765845183,0.12912139350039295
2024-08-29 21:00:00,0.203957891055308,53.814115165331344,0.0,21,3,56.70786039045213,1.3761085176989731,0.12871311391003187
2024-08-29 22:00:00,0.15904886591101947,54.203285611947045,0.0,22,3,53.30654614556481,1.8074211381634124,0.12811196737562544
2024-08-29 23:00:00,0.15202380577009514,56.91343411352138,0.0,23,3,46.06796871045488,2.510897354213626,0.12852198263775438
2024-08-30 00:00:00,0.10579223457083944,42.6251268215251,0.0,0,4,47.41410277148092,5.581305647579894,0.12779771753810182
2024-08-30 01:00:00,0.1039649371069225,45.926195726699234,3.628784013750723,1,4,41.939730955850855,0.0,0.12778763575270266
2024-08-30 02:00:00,0.12067794695645384,40.42024575392012,0.0,2,4,48.75711680371307,2.368797974859897,0.12817494410392813
2024-08-30 03:00:00,0.13480957161493717,49.83540569226946,0.0,3,4,45.660124010986266,1.114733180648512,0.12971754160659785
2024-08-30 04:00:00,0.09978405630165389,45.7760536042592,6.17874654772768,4,4,50.169159847542446,2.977185308106565,0.1289270942720889
2024-08-30 05:00:00,0.11910288580317333,49.247635779778534,0.0,5,4,49.945507080567594,0.31023307293447255,0.13021841297260264
2024-08-30 06:00:00,0.12219658293338688,58.86307296900665,0.0,6,4,51.23649187074376,17.388696012311225,0.1303866985872605
2024-08-30 07:00:00,0.10757097294898255,59.31077904228076,19.839037131640872,7,4,53.133033995263,23.614630088174195,0.13054340031756176
2024-08-30 08:00:00,0.10458900281786401,54.77791634731349,26.735021533383765,8,4,53.83457506420692,35.69855361659093,0.13018429551671534
2024-08-30 09:00:00,0.0940856778539265,52.598183972031904,37.938939506999176,9,4,52.60526511680932,45.57189274231613,0.13040802870618043
2024-08-30 10:00:00,0.04996480793787272,50.515334774804415,42.86707576180654,10,4,48.78691920487989,52.397182784465656,0.12857054663631143
2024-08-30 11:00:00,0.10586158825784019,50.35620868605096,46.88456402842,11,4,46.790945191660484,54.592034433550275,0.12930763625374503
2024-08-30 12:00:00,0.07556940976270234,46.95469722337497,53.879885799994575,12,4,49.88364643188337,50.534405632760496,0.1287433281798836
2024-08-30 13:00:00,0.08271479054400607,46.38281853080915,53.87631618637861,13,4,49.747197644483535,44.391238453341295,0.12914633058273228
2024-08-30 14:00:00,0.0928121048637783,54.43820600463015,48.23502034647111,14,4,53.98261859964877,36.675805227853246,0.12871807658868106
2024-08-30 15:00:00,0.10524436339943659,53.057577605371876,36.82620383306345,15,4,64.49268907503432,22.44506003266977,0.12924912195609053
2024-08-30 16:00:00,0.14438930090094534,65.62931952907927,27.3020211607548,16,4,63.32870192855046,13.289086552961264,0.12970316305564702
2024-08-30 17:00:00,0.1811017477381008,63.6351551458895,7.665629378762901,17,4,65.87376499512426,0.0,0.13091943541513587
2024-08-30 18:00:00,0.21169771032173548,72.97847408237585,1.6105845724341814,18,4,69.7101624348166,1.2349020591576292,0.13028940945753972
2024-08-30 19:00:00,0.22971499972489137,69.8916650526236,0.5649204566951608,19,4,68.7335922949721,0.46724081156094627,0.13027919918552913
2024-08-30 20:00:00,0.2148581220545138,70.34688822959984,6.907813129640001,20,4,63.94630514753377,5.021514823018812,0.13006389071459942
2024-08-30 21:00:00,0.20459897009406477,61.02558286611526,0.02617876250166553,21,4,58.580769267243575,2.2746453620834814,0.13009060234121425
2024-08-30 22:00:00,0.1480872017072583,55.53491483042508,0.0,22,4,56.36344878208343,2.064477388240613,0.12963386633272422
2024-08-30 23:00:00,0.13300071754173606,54.87004591281562,0.0,23,4,38.539927162283895,1.0211650413732871,0.1288412376565426
2024-08-31 00:00:00,0.1017035377347706,38.98880311362165,0.0,0,5,35.61160276997892,1.5000304886572446,0.12867087528837307
2024-08-31 01:00:00,0.08532283644156713,35.97462588060434,1.5214775406963925,1,5,34.656952722066734,0.0,0.12789412109398327
2024-08-31 02:00:00,0.0821576098209661,31.827483173578628,0.0941222160381515,2,5,37.163456551017916,0.2789404203199036,0.12628910704667126
2024-08-31 03:00:00,0.08590812226973989,31.952224092599597,0.0,3,5,36.011978116476115,5.380359808927835,0.12425154665728805
2024-08-31 04:00:00,0.09174991165574227,32.74360834544371,0.0,4,5,41.16333256325613,0.0,0.12391679063037504
2024-08-31 05:00:00,0.0916844676923517,33.73661846563073,0.920178709215556,5,5,43.34219290344459,0.0,0.12277435654242415
2024-08-31 06:00:00,0.08998460577939049,42.84443350122146,4.840900893742337,6,5,50.87173551334912,15.898835411241288,0.12143219082767431
2024-08-31 07:00:00,0.07925484209819345,49.13181398586586,14.22549072286018,7,5,49.77902284254601,29.395612810331254,0.12025235204222477
2024-08-31 08:00:00,0.09890077719650454,46.78949853327821,29.791569307144485,8,5,43.41251028367583,38.53869044642395,0.12001534264133479
2024-08-31 09:00:00,0.10199725089855254,38.33666405614145,41.65085687970799,9,5,41.593004164453674,41.410791228530755,0.12034499151819421
2024-08-31 10:00:00,0.05805943043229238,42.02014805460188,47.60392995218619,10,5,35.97013633812392,55.65629586881622,0.12068226745546169
2024-08-31 11:00:00,0.05680138895357601,39.27708021770723,49.20307776115962,11,5,34.089423555688484,54.53379597067234,0.11863809248445069
2024-08-31 12:00:00,0.08394048451207098,45.07211316970469,54.573635434507004,12,5,38.9487562454553,51.18507427889093,0.11898688726567437
2024-08-31 13:00:00,0.09245103237092224,34.058261189483204,56.278553075276236,13,5,38.431961305783396,49.99672407159414,0.11939256400846254
2024-08-31 14:00:00,0.05790547200353853,39.56656039004931,48.52477541550455,14,5,47.77892343832488,32.43703715643759,0.11793812097261923
2024-08-31 15:00:00,0.11243524213382312,49.95528055280908,40.724883539895686,15,5,51.65996806006961,27.25824000649631,0.11823774091988533
2024-08-31 16:00:00,0.14916097783438323,50.78406783967433,25.326116722502366,16,5,53.87529279075679,12.433551822568507,0.11843656079211191
2024-08-31 17:00:00,0.1483150240060455,56.220883493140626,13.239534969569988,17,5,57.682333056177484,4.178009453622066,0.11707044730327627
2024-08-31 18:00:00,0.21458989461580544,58.705628135338664,0.0,18,5,62.79249152952981,0.680072118864751,0.11719095498219585
2024-08-31 19:00:00,0.20533826449824497,60.87756493965836,0.0,19,5,61.76813169585038,0.0,0.1161752576810856
2024-08-31 20:00:00,0.20033066585898693,60.827267608098445,4.087854106043256,20,5,52.552645131056416,3.187057213488081,0.11556994700627195
2024-08-31 21:00:00,0.16366218808694952,51.82748472652064,0.0,21,5,47.218080779702966,0.0,0.11386424775597549
2024-08-31 22:00:00,0.16069257308645082,52.15023451121656,0.10688406603643177,22,5,43.87030727865366,1.4221247862465207,0.11438947156344186
2024-08-31 23:00:00,0.13080876889100743,40.07887991873945,0.0,23,5,36.76255697231196,0.0,0.11429814036966147
2024-09-01 00:00:00,0.11369647867347962,36.950951074627135,0.0,0,6,34.893202585364605,0.0,0.11479784624210769
2024-09-01 01:00:00,0.11028704019226851,36.492516980552686,2.351185258056127,1,6,36.92311099800401,0.0,0.1158380213983869
2024-09-01 02:00:00,0.09288863644090027,34.04654478746529,0.0,2,6,40.28038896611573,2.5483147161188837,0.11628514750755085
2024-09-01 03:00:00,0.13029215694402596,36.30719880751695,0.0,3,6,34.57312326194479,6.1695517671044255,0.1181344822856461
2024-09-01 04:00:00,0.10917116803769927,35.393057167743486,6.4707366771391515,4,6,38.57639829074519,0.0,0.11886036796822765
2024-09-01 05:00:00,0.09933680734570408,36.03830580491273,3.5349077733866956,5,6,39.79483734383516,1.24965185426142,0.119179215453784
2024-09-01 06:00:00,0.08053825424077515,41.43725400166069,2.010704287007907,6,6,43.933244636376656,19.96571618274128,0.11878561747300835
2024-09-01 07:00:00,0.07323723112884563,42.07365062704444,15.13155829840042,7,6,46.31781689100627,25.053106855463753,0.11853488368261884
2024-09-01 08:00:00,0.07228253578454225,47.940121760369564,26.08092989969106,8,6,44.190309773934416,35.92113201880146,0.11742579029045376
2024-09-01 09:00:00,0.07487862790836586,41.964458522168584,44.69694973641981,9,6,43.74527748420202,46.83246476268544,0.11629584766586265
2024-09-01 10:00:00,0.09751220653961588,44.983648825077374,48.979401985482234,10,6,40.174690397012995,53.818706369982614,0.11793971333700114
2024-09-01 11:00:00,0.08128894332270861,36.09204481339292,48.87454363589108,11,6,39.037696154080386,55.15589447013504,0.11896002810238165
2024-09-01 12:00:00,0.06454572261434963,36.62751426295763,48.41426198273774,12,6,38.182447775394046,50.493602451976365,0.11815191302330995
2024-09-01 13:00:00,0.07198304815265288,36.79711242837079,53.481901341731906,13,6,40.462253567782184,43.924711779494984,0.11729908034754871
2024-09-01 14:00:00,0.08036266282886073,45.1319390745998,45.97627332086684,14,6,43.86991170369985,41.384293152329384,0.11823479663193714
2024-09-01 15:00:00,0.11225061216476108,45.62822062487314,32.69784572331287,15,6,48.92156251128903,24.48851185125924,0.11822710371655955
2024-09-01 16:00:00,0.11896084604776791,48.741329803056885,28.157361558240297,16,6,55.331041104135785,8.433520871105452,0.11696876489211726
2024-09-01 17:00:00,0.16286020782943414,56.088924693144754,12.857243966054698,17,6,54.56671738957869,0.0,0.11757481421809178
2024-09-01 18:00:00,0.19034263787900335,51.670683249240824,1.857327239346151,18,6,60.47236909285164,0.0,0.11656451185405836
2024-09-01 19:00:00,0.19462258300921634,59.75845895293779,1.5460907510331734,19,6,56.67619680787935,4.1790154795538745,0.11611802512534881
2024-09-01 20:00:00,0.22367738292459444,64.80570330401595,0.0,20,6,53.81486649061342,0.0,0.11709080500308248
2024-09-01 21:00:00,0.1696197825725313,54.916090591299614,2.214956675484717,21,6,46.29212208553689,4.261370864560134,0.11733903810664838
2024-09-01 22:00:00,0.13435638885822496,49.632510023885764,0.0,22,6,43.82988698703355,3.6590929184990917,0.11624169709713898
2024-09-01 23:00:00,0.13233114444532593,46.30124121146178,0.0,23,6,45.53189841214543,0.6306472342160319,0.11630512941190224
2024-09-02 00:00:00,0.10849598045509205,47.84206712451459,0.0,0,0,45.91067139631543,0.0,0.11608844198613609
2024-09-02 01:00:00,0.10990089151485447,38.60460926513136,3.958410497321948,1,0,42.72197641890088,0.0,0.11607235245791052
2024-09-02 02:00:00,0.09078227936920862,39.71119471229122,0.0,2,0,46.273425708783066,0.0,0.11598458757992336
2024-09-02 03:00:00,0.11474060858154687,46.12868060437716,4.803551131974881,3,0,48.74069465854287,4.845964878721387,0.1153366063981534
2024-09-02 04:00:00,0.1310307966303095,44.1735374425437,6.2421970456540095,4,0,47.55632675610718,0.0,0.11624742425617883
2024-09-02 05:00:00,0.09743879784205915,52.74218767431651,0.0,5,0,51.64660418927966,0.0,0.11616834052686027
2024-09-02 06:00:00,0.11439083259602695,50.636219911534106,0.0,6,0,50.545277912224826,14.176351656076887,0.11757886462499578
2024-09-02 07:00:00,0.09417390753537709,48.49187269029425,17.304889591646294,7,0,54.18905854833262,22.421376502307965,0.1184512261419346
2024-09-02 08:00:00,0.13389814278463172,51.925482125712854,25.17114670898574,8,0,55.2617293221949,37.221111401984516,0.12101854310027164
2024-09-02 09:00:00,0.11295820348926341,45.92172562498078,34.25839914355867,9,0,53.692213944260345,43.434838879761074,0.12260519208280905
2024-09-02 10:00:00,0.09636986278529279,51.03207741654317,43.61028606665779,10,0,47.750179033555696,58.464857164538124,0.12255759442637891
2024-09-02 11:00:00,0.07270946665222527,48.34590540786159,49.48730940493638,11,0,52.854386920672866,50.166749798253264,0.12220011623177544
2024-09-02 12:00:00,0.07207352791745603,46.15733410585725,57.27627251692057,12,0,48.49957939940483,56.34297484320813,0.12251377478607155
2024-09-02 13:00:00,0.09456877035159483,51.324213043897,51.498847117328786,13,0,47.42071257503446,42.47833180664103,0.12345484654436079
2024-09-02 14:00:00,0.07910571329138547,53.802689803396206,50.16339464357165,14,0,56.22161500573059,38.02582275755854,0.12340247364696598
2024-09-02 15:00:00,0.09867663798157231,53.10200662850296,39.019822006995376,15,0,55.98894849357993,27.768927549389286,0.12283689138933312
2024-09-02 16:00:00,0.1416123943790124,51.66381501961548,25.28574081591954,16,0,64.22583331685985,14.046047007728045,0.12378070590313499
2024-09-02 17:00:00,0.18052639557523703,65.54428032363934,12.282855978964456,17,0,65.63117341964853,0.225122205388422,0.1245167970592101
2024-09-02 18:00:00,0.22078980709272192,69.26680827626575,1.9656306276236104,18,0,66.25757432541577,2.4120782954926936,0.12578542910978172
2024-09-02 19:00:00,0.22041333390131024,69.9624962486334,2.87148970266448,19,0,69.41391909847064,1.1686302621120508,0.12686004373028562
2024-09-02 20:00:00,0.22999894134084345,70.63034991716916,3.4887743999530425,20,0,63.04898462826142,0.0,0.12712344199762932
2024-09-02 21:00:00,0.18196481522575508,59.84108864647822,0.0,21,0,61.94248877600687,0.0,0.1276378183581803
2024-09-02 22:00:00,0.1804625539769545,64.91916190267881,0.6132204974156534,22,0,51.58732000492433,0.0,0.1295589085714607
2024-09-02 23:00:00,0.13887366856214092,50.553018370895245,2.0441414323936424,23,0,41.93399917984408,0.0,0.12983151374299468
2024-09-03 00:00:00,0.11465854938243245,47.45079395016832,0.0,0,1,44.114321951104294,0.0,0.1300882874483005
2024-09-03 01:00:00,0.11918372838605226,39.67414029747308,0.0,1,1,50.952807290705366,0.2133586632670736,0.13047507231793376
2024-09-03 02:00:00,0.09953444883024852,42.19494269197524,0.0,2,1,47.2007299248525,0.0,0.13083974604547707
2024-09-03 03:00:00,0.10244396155964954,50.385278379639466,0.0,3,1,47.64607870530576,0.0,0.13032738575289804
2024-09-03 04:00:00,0.08470093118219586,45.70341324422991,2.3177249872710535,4,1,49.79473549274151,2.3289665372335886,0.12839697469255995
2024-09-03 05:00:00,0.08252477794843444,51.308609408854636,4.406421234502356,5,1,50.752241313060246,0.0,0.12777555719699227
2024-09-03 06:00:00,0.10987260255607006,52.48018544028531,0.0,6,1,60.218221829190256,16.85030861686532,0.12758729761199405
2024-09-03 07:00:00,0.10230734930914188,54.423655182592576,11.407911438150833,7,1,56.97644774467024,24.51235144930575,0.12792619101923428
2024-09-03 08:00:00,0.08858987258213624,60.42459793661515,24.824810657655142,8,1,55.52647169218612,41.553433932001596,0.12603834642746362
2024-09-03 09:00:00,0.08762941735303911,54.04053088612944,39.66042251731375,9,1,53.828155272092395,48.60066296952114,0.12498298033845427
2024-09-03 10:00:00,0.11126602095648429,46.16006742886228,43.31887256810589,10,1,46.47939840503042,49.460812071174715,0.12560365359558726
2024-09-03 11:00:00,0.09795395372629208,46.45551655807906,48.87346871883012,11,1,45.83407117605984,51.528252888522445,0.12665550722367336
2024-09-03 12:00:00,0.06876691831811164,49.35657854622165,47.21268477472727,12,1,47.45792257590018,54.83866225934315,0.12651773182370069
2024-09-03 13:00:00,0.08030529966998651,49.21457949657876,52.069457497052674,13,1,52.02723300062661,48.732315365580575,0.12592342054530034
2024-09-03 14:00:00,0.10032765196387221,45.02999016300628,44.6023626808777,14,1,51.128293794983094,39.602585441400805,0.1268076679899873
2024-09-03 15:00:00,0.10713259182615062,51.406503758353175,34.589755281811904,15,1,58.43727615468466,29.281064887171233,0.12715999940017805
2024-09-03 16:00:00,0.13180207541213268,56.71047667531113,25.169033111689185,16,1,63.22843046254881,10.453557649965003,0.1267512361098914
2024-09-03 17:00:00,0.16663854534909917,62.47662680211549,17.443103243665206,17,1,64.41803416700382,0.574832440509777,0.12617257568380233
2024-09-03 18:00:00,0.22518006548046818,63.163882298730236,0.0,18,1,68.03173018333429,0.0,0.12635550311662508
2024-09-03 19:00:00,0.2398122524747373,67.03880591536574,0.0,19,1,68.65126919294615,0.0,0.12716379139051787
2024-09-03 20:00:00,0.203842573294187,65.2352114037696,4.3828835661296734,20,1,60.67914950098747,0.45888569631789317,0.1260739427219072
2024-09-03 21:00:00,0.20384149959614828,66.11459522360859,0.2652118980660015,21,1,61.390964091521184,0.0,0.12698547123734025
2024-09-03 22:00:00,0.16737328305526136,61.15748309927204,2.3441393384917104,22,1,54.63642818903108,0.0,0.12644008494893635
2024-09-03 23:00:00,0.12752412983705122,53.23374395228191,1.406131685019903,23,1,45.823614714599394,0.0,0.12596718750205763
2024-09-04 00:00:00,0.10143507224572122,43.87707406515024,0.0,0,2,45.16834990430695,0.0,0.125416209288028
2024-09-04 01:00:00,0.0904286730539061,45.59973154693196,0.0,1,2,43.06546657390326,4.751020661231069,0.12421808198252189
2024-09-04 02:00:00,0.11895509981734424,42.63707017619256,2.910453078693365,2,2,44.31182583817802,0.43631427677940476,0.1250272757736509
2024-09-04 03:00:00,0.12362127807370685,41.94135687599357,4.068177987339043,3,2,47.34032293265786,0.0,0.1259096639617366
2024-09-04 04:00:00,0.10003477927712578,43.60790563808133,3.7946592145563383,4,2,47.39586749228452,0.509518557599334,0.12654857429902536
2024-09-04 05:00:00,0.09872943895115645,46.66777577653202,0.0,5,2,52.177747172013625,4.259891432526145,0.1272237685074721
2024-09-04 06:00:00,0.1171592402644014,48.07713286585945,4.567188562455152,6,2,53.04007947211442,16.031858957616166,0.12752737841198591
2024-09-04 07:00:00,0.11819141117133745,55.35643269960532,12.094648620186145,7,2,57.04145755164885,24.332816474342376,0.12818921432291072
2024-09-04 08:00:00,0.08824993324675198,58.473687881749406,23.142635886033496,8,2,55.92832114981832,35.08065410574454,0.12817505018393638
2024-09-04 09:00:00,0.0963060777264286,49.79744539127214,35.87318814235988,9,2,48.68137289007704,41.98153291969349,0.12853657769949428
2024-09-04 10:00:00,0.09227731401447833,52.017162077767686,47.57029401989747,10,2,49.23882275413748,47.73494634602858,0.1277453815769107
2024-09-04 11:00:00,0.0781945610787993,48.40041113628324,51.704881735025666,11,2,44.62774998740653,49.71999742427184,0.12692207354993182
2024-09-04 12:00:00,0.0885379811438205,48.76391363690499,50.6766260933909,12,2,44.30518923091632,45.702096189619006,0.12774586783433636
2024-09-04 13:00:00,0.07721413226240596,47.985867127098246,52.74508762500035,13,2,48.935112891545934,43.41820019070009,0.12761706919235383
2024-09-04 14:00:00,0.08897249071971886,45.47137969678946,45.15085652918493,14,2,59.396555773629046,37.428975095180114,0.12714393747384747
2024-09-04 15:00:00,0.11343389136045662,49.763074892927484,34.460434951661725,15,2,60.20108172761913,24.626047711535637,0.1274064916211102
2024-09-04 16:00:00,0.12363767181029357,58.744461263441224,23.30711577708569,16,2,66.508658419406,13.956011512723212,0.12706630813770026
2024-09-04 17:00:00,0.15321983726624358,67.01654927527764,14.783243965353586,17,2,68.86195968811357,4.541413035936258,0.1265071953009146
2024-09-04 18:00:00,0.22050724798113674,60.55972702372858,0.0,18,2,69.5388010587647,5.139862898404099,0.12631249457177576
2024-09-04 19:00:00,0.21994699320532865,70.23423934552412,0.0,19,2,69.43586901887976,0.0,0.12548477543555042
2024-09-04 20:00:00,0.24592078724294306,71.45187620233153,2.9650652257432606,20,2,62.444866883856406,2.464510071597257,0.12723803435008194
2024-09-04 21:00:00,0.21936188505331944,63.23432681732156,0.0,21,2,59.587644966375805,0.0,0.12788471707746404
2024-09-04 22:00:00,0.15739398182062345,60.40726372019887,5.57241876796078,22,2,56.13285387182678,0.0,0.12746891285935413
2024-09-04 23:00:00,0.1673928166147175,51.52883718810415,0.0,23,2,46.60991306820934,0.0,0.1291301081417569
2024-09-05 00:00:00,0.11625086075737266,44.82909778650378,0.0,0,3,47.71700189073334,0.24251464317668,0.1297474326630757
2024-09-05 01:00:00,0.0972559861276289,40.04451870207392,0.0,1,3,45.69477905156093,3.036270389945309,0.13003190404114748
2024-09-05 02:00:00,0.07401636009375981,37.8276801453632,0.0,2,3,49.074849054843654,0.0,0.1281594565526648
2024-09-05 03:00:00,0.11695701352815059,48.70753831510347,0.0,3,3,46.279618211262246,0.0,0.12788177886326663
2024-09-05 04:00:00,0.10533720675458862,43.54409795017861,6.196986631629436,4,3,53.014030973511524,0.0,0.12810271334149423
2024-09-05 05:00:00,0.11184611536828525,47.32095700948291,0.5017955952782625,5,3,53.02693208223623,0.6912608655398081,0.12864924152554127
2024-09-05 06:00:00,0.1042011749215484,47.443102026983304,0.0,6,3,54.14941781120382,13.931304005861977,0.12810932213625575
2024-09-05 07:00:00,0.08987134071239088,50.405407272988924,6.795360625859711,7,3,53.85980556963578,26.996124132138757,0.12692931920046632
2024-09-05 08:00:00,0.09649855009640808,55.66178529759197,19.46709560033034,8,3,53.3396460999386,41.36249078471874,0.12727301156920198
2024-09-05 09:00:00,0.10656226118280088,52.62098114484565,34.17331951940615,9,3,50.09749508161645,41.71581626088017,0.12770035254655082
2024-09-05 10:00:00,0.08873207026044261,53.22572560771262,41.935296570908555,10,3,49.00623548062635,46.65523367571193,0.12755263405679934
2024-09-05 11:00:00,0.08311886207454704,50.631796834123406,48.46232311404166,11,3,45.202637384014025,51.6763525569902,0.12775781326495547
2024-09-05 12:00:00,0.06567355575807937,48.77727292367917,43.03108572356902,12,3,50.69225629467077,53.31412649646819,0.12680512887388293
2024-09-05 13:00:00,0.08670788206475268,48.870261928253946,48.92561500319949,13,3,50.42381135363254,40.05854618386742,0.12720070178231405
2024-09-05 14:00:00,0.08211243636614501,55.25122386060592,47.750258728408745,14,3,54.02248821923901,36.9787831344456,0.12691486618424846
2024-09-05 15:00:00,0.12567231851485447,50.46588880057998,41.73088488959641,15,3,56.39900037549462,24.928116466781844,0.12742480064901504
2024-09-05 16:00:00,0.1326972083942357,58.55398246197318,18.861302994837253,16,3,62.26584313716402,15.587566937737819,0.12780228134001262
2024-09-05 17:00:00,0.17915336267539445,67.4285259700079,10.3906854047036,17,3,63.28386013316204,1.7589323123131144,0.12888284489872726
2024-09-05 18:00:00,0.24666717755988182,71.77112221320111,0.0,18,3,72.44299278336717,0.13584707308266664,0.1299728419645083
2024-09-05 19:00:00,0.21906545408490946,64.65773882450962,0.510024996339775,19,3,64.88912071014454,1.3650634007897704,0.12993611116782416
2024-09-05 20:00:00,0.21325372606082288,66.72501658436549,0.0,20,3,61.11967034730294,0.0,0.12857498361856914
2024-09-05 21:00:00,0.2017545109354476,68.14946534020987,5.887921370543383,21,3,61.55243072931155,2.2406280229606765,0.1278413430303245
2024-09-05 22:00:00,0.14741334713321058,60.35193708180447,0.15232865090008924,22,3,54.633255776869795,3.88226588758611,0.12742548325168232
2024-09-05 23:00:00,0.15728802350092974,54.482968159965594,0.0,23,3,45.53313524665902,0.28044942540917683,0.12700445020527448
2024-09-06 00:00:00,0.11692724692618887,44.59507065274796,5.574498068239722,0,4,45.99257095899319,0.0,0.1270326329623085
2024-09-06 01:00:00,0.11129317270144251,44.0838710459443,0.0,1,4,47.31797152637501,0.0,0.1276175157362174
2024-09-06 02:00:00,0.06447326704979138,46.33247178174172,1.4010619227454106,2,4,45.971030432218946,2.211178580451344,0.12721988685938537
2024-09-06 03:00:00,0.10187867318013388,44.96368259878132,0.0,3,4,43.68960427841025,0.0,0.12659162267821802
2024-09-06 04:00:00,0.09132768372305454,46.64042217910368,0.0,4,4,50.32561790579407,0.0,0.1260078925519041
2024-09-06 05:00:00,0.12245065035328176,49.11075402061108,0.0,5,4,52.80499703828357,2.665893392126627,0.12644974817627894
2024-09-06 06:00:00,0.11713484005969063,49.790480393817795,7.654415436306884,6,4,57.341009065313976,10.291138486086842,0.12698865089036818
2024-09-06 07:00:00,0.10825374255754652,56.700716366827,15.258651462370887,7,4,53.80046025849285,26.385875369373007,0.127754584300583
2024-09-06 08:00:00,0.08718553570378201,65.62424086037316,26.158163995857095,8,4,53.57753641845745,30.408538897983917,0.1273665420342236
2024-09-06 09:00:00,0.11601414427775958,49.349862967785356,32.21704530912033,9,4,52.880988231107025,43.945812277709116,0.12776037049651354
2024-09-06 10:00:00,0.08983744100069929,53.133650539086595,46.83236787485294,10,4,47.37524280785392,48.48620137101339,0.12780642761069091
2024-09-06 11:00:00,0.10910832916546512,46.83165765735729,43.925503858036805,11,4,43.12546109717797,44.886795161959384,0.12888932207281248
2024-09-06 12:00:00,0.08709084561712291,49.6788343510511,44.90988655804852,12,4,48.581992602305746,49.60931093752384,0.12978170915027262
2024-09-06 13:00:00,0.09169517251041315,48.33631535948116,46.721325388049316,13,4,52.07297291857343,40.559181072815,0.12998951291884184
2024-09-06 14:00:00,0.089931967049245,52.72089292930884,50.48370826327454,14,4,53.70491726718955,35.871657576114615,0.13031532669730433
2024-09-06 15:00:00,0.1315334710518588,57.72440195390079,42.27698198814267,15,4,59.90663633588049,24.044436024531166,0.13055954138634618
2024-09-06 16:00:00,0.1488076258085212,59.426113658229774,23.617962817091517,16,4,64.69124562053005,8.897520145577069,0.13123080877860807
2024-09-06 17:00:00,0.19980236784136074,67.50707791481966,10.68338157967361,17,4,67.82617758606052,0.0,0.13209118399385666
2024-09-06 18:00:00,0.21136218055105746,60.3034336107447,0.0,18,4,69.55990086335551,0.0,0.13062014245182232
2024-09-06 19:00:00,0.2321364813820494,74.37742190329261,0.27310753932029536,19,4,70.50342226920581,2.7507559059764963,0.13116476858920315
2024-09-06 20:00:00,0.22739546952415046,69.00534493126884,0.567044631958418,20,4,61.955568728196454,2.340283524905763,0.13175400790017514
2024-09-06 21:00:00,0.21434571097376756,67.3331686193683,2.763446889689193,21,4,60.352765617298516,6.1446039937862365,0.13227864123510513
2024-09-06 22:00:00,0.1725532893284697,54.90307360922367,3.187476296638074,22,4,51.57696298947636,0.0,0.13332613882657426
2024-09-06 23:00:00,0.14073428405111543,51.28025488564232,0.0,23,4,34.78379324809033,0.0,0.132636399682832
2024-09-07 00:00:00,0.07071334431318695,36.84035621468406,1.9460975616585454,0,5,38.7855606393439,0.3776442016497449,0.13071082040729026
2024-09-07 01:00:00,0.1027243842354017,36.33920476401112,0.0,1,5,34.072199991039575,0.0,0.13035378755453855
2024-09-07 02:00:00,0.0757339794020592,37.397682263166566,1.8796488667623996,2,5,36.36978930492549,0.0,0.1308229839025497
2024-09-07 03:00:00,0.09341168263567128,40.32342031538948,0.0,3,5,42.58105997918244,0.15238957717839596,0.13047019262986376
2024-09-07 04:00:00,0.09157246200756797,32.20966075915871,1.6081048058842824,4,5,41.992031483346814,1.9701041299443252,0.13048039172505183
2024-09-07 05:00:00,0.07583739312836885,43.057151192220275,1.3247546384987783,5,5,41.567657360804,0.0,0.12853817267401377
2024-09-07 06:00:00,0.0969741440911045,43.06850339854429,0.24081268993272498,6,5,44.947943872034486,11.28785914953495,0.1276981436753227
2024-09-07 07:00:00,0.11744943676206457,45.42749241648977,15.670910451096711,7,5,47.040117730758645,20.973788889421055,0.12808129760051096
2024-09-07 08:00:00,0.08587160369530313,42.67278123709409,19.405212466114868,8,5,48.741800677389,34.785466412675795,0.128026550433491
2024-09-07 09:00:00,0.09527316970041796,47.72766795411668,31.488986714235196,9,5,41.175208177375815,44.34221635953136,0.1271623431594351
2024-09-07 10:00:00,0.10925285273383845,35.45335734006126,42.18564349468921,10,5,38.221620058883104,51.233652031933325,0.1279713186483159
2024-09-07 11:00:00,0.08579523499076482,42.420818778583595,43.054793058690834,11,5,40.33954421843028,48.588730729676264,0.12699993972437004
2024-09-07 12:00:00,0.06416808112287839,34.13809943115785,48.379192630813066,12,5,35.90674951195853,48.403778084076755,0.12604482453710986
2024-09-07 13:00:00,0.07645765383688635,39.44008876688984,46.79500888277604,13,5,39.54249534875273,38.42090307817159,0.1254099279257129
2024-09-07 14:00:00,0.08922498186130715,40.98330937460553,47.714745605458255,14,5,44.87429494760339,32.80688910703262,0.12538047020954882
2024-09-07 15:00:00,0.11985576171776466,48.78699498209504,35.71506143602861,15,5,49.82441765909697,25.48160673032344,0.1248938989872949
2024-09-07 16:00:00,0.1440750232846549,49.32036154220906,28.50461273210084,16,5,52.23696279978036,9.084781021071638,0.12469670721546715
2024-09-07 17:00:00,0.12542536777422442,52.74495919791008,13.945882953373,17,5,59.59435967081835,3.4636337855865387,0.12159766554600314
2024-09-07 18:00:00,0.18391954817683667,57.26575024544254,0.0,18,5,61.477196607508546,1.465845941948833,0.1204542225304106
2024-09-07 19:00:00,0.20973119284232883,64.44289141165818,0.4680088271127925,19,5,57.561859394819855,0.0,0.11952066884125558
2024-09-07 20:00:00,0.18568215869911348,60.60298834827413,2.5529921687626054,20,5,58.28727650539853,0.0,0.1177826142235457
2024-09-07 21:00:00,0.12561924572514874,53.731745941791516,4.176904642549033,21,5,50.56758013109392,0.0,0.11408567817151993
2024-09-07 22:00:00,0.1370611979265179,49.131739450512015,0.0,22,5,43.01069256211955,0.0,0.11260684102977192
2024-09-07 23:00:00,0.12075201618976988,40.005443818587885,0.0,23,5,39.69768251469808,0.0,0.1117742465355492
2024-09-08 00:00:00,0.08669655021098448,37.699238864857335,0.0,0,6,35.429844988068595,0.0,0.11244021344795742
2024-09-08 01:00:00,0.08103643270202972,30.84508349397714,0.0,1,6,36.93237745889144,0.0,0.1115365488007336
2024-09-08 02:00:00,0.09349601246892504,38.98037922091969,0.0,2,6,35.96217710272635,2.0503302120808287,0.11227663351185302
2024-09-08 03:00:00,0.09710867166486878,37.34732864509726,6.2828656300789065,3,6,39.18943971591493,0.0,0.1124306747214029
2024-09-08 04:00:00,0.08733849088842921,45.579379275476,2.089266309899067,4,6,39.060641335828585,1.245673877892073,0.11225425925810546
2024-09-08 05:00:00,0.10931154079484026,36.50326413951873,0.0,5,6,42.28305640630314,0.0,0.11364901541087509
2024-09-08 06:00:00,0.0931966800031722,42.79625034406052,0.0,6,6,45.84240683676413,14.450922034989953,0.1134916210738779
2024-09-08 07:00:00,0.08113945984395868,51.91688276375375,16.334852134479476,7,6,46.459217225817326,22.402766328326003,0.11197870536895684
2024-09-08 08:00:00,0.07612842220126416,51.27556458476989,20.707173534705095,8,6,48.344309140924956,35.583364451962176,0.11157273947337189
2024-09-08 09:00:00,0.08352697611235647,43.972801398966666,31.23279467038436,9,6,40.74568365982436,42.95331077836886,0.111083314740536
2024-09-08 10:00:00,0.0943456225113826,43.97796598286724,39.93613232490554,10,6,40.35443033875483,51.34751807067855,0.11046218014793364
2024-09-08 11:00:00,0.06555961185294072,40.43512363185962,47.93232959256129,11,6,39.1745359918451,50.77428808798112,0.10961902918385764
2024-09-08 12:00:00,0.07905675462273154,39.89786462904435,51.382598195983135,12,6,39.10252263137108,48.24984362727066,0.11023939057968486
2024-09-08 13:00:00,0.07474815920358513,37.1160138000741,51.70737645850597,13,6,43.38401464956656,38.50125592727369,0.11016816163663067
2024-09-08 14:00:00,0.10737441529805149,41.161592114124154,46.274342661312424,14,6,42.119344671126406,33.32589300689408,0.11092438802982833
2024-09-08 15:00:00,0.10733302168240395,40.01347305858076,34.79929632530965,15,6,51.11066031887506,22.363788933290866,0.11040260719502164
2024-09-08 16:00:00,0.12112770432388756,50.407220877743,28.176730487630785,16,6,52.5590658462706,10.43426082072921,0.10944646890498966
2024-09-08 17:00:00,0.1686015053888073,56.48903649723769,10.387936649645845,17,6,57.95209358219519,0.04341876863887265,0.11124547463893063
2024-09-08 18:00:00,0.20441042094930148,58.24190450080159,0.0,18,6,57.75705400867193,0.6742990199478134,0.11209926100444999
2024-09-08 19:00:00,0.19711677023208043,55.28427145048356,0.0,19,6,58.3054234450671,0.7838351663163331,0.1115736600623563
2024-09-08 20:00:00,0.18798056657482576,62.132907756731576,0.0,20,6,53.89210707941729,3.532042881006576,0.11166942705717765
2024-09-08 21:00:00,0.18311293518266702,56.215009752954224,0.0,21,6,53.247679338058134,1.3539379391020971,0.11406499745124092
2024-09-08 22:00:00,0.145046949880661,47.64788743046696,0.0,22,6,45.58591106267521,0.0,0.11439773711599688
2024-09-08 23:00:00,0.10259674237877119,44.20525682729114,0.0,23,6,46.41951243229531,0.5671144744582052,0.11364126737387192
2024-09-09 00:00:00,0.10805421839260909,40.73779830310163,2.170060249327523,0,0,43.34530559360771,1.6362568163860811,0.11453117021477295
2024-09-09 01:00:00,0.09735583698669133,42.27900031958444,6.003399859319001,1,0,47.13860372580315,3.5341292628009517,0.1152111453933005
2024-09-09 02:00:00,0.08681121246915732,43.93745319177448,0.0,2,0,49.29601047974859,0.0,0.11493261205997685
2024-09-09 03:00:00,0.10571672255947638,49.950505118292796,0.0,3,0,48.76477082384299,0.0,0.11529128084725217
2024-09-09 04:00:00,0.12035668106649722,44.978541635870634,0.0,4,0,46.48349173127026,3.020910367685349,0.11666703877133834
2024-09-09 05:00:00,0.12282345694634446,51.15620059115964,2.6800965710280744,5,0,51.28030429967882,0.5000333969832444,0.11723003527765102
2024-09-09 06:00:00,0.12135110839281149,50.48597615610459,0.0,6,0,55.46316131286075,8.106821937278626,0.11840313646055266
2024-09-09 07:00:00,0.10782004888961591,56.03961328539705,10.047982956463862,7,0,55.3926103540795,19.231222364168133,0.11951482767078837
2024-09-09 08:00:00,0.10877243650972336,56.0944710988483,26.815828604039947,8,0,60.35048064041505,39.52983652892896,0.12087499493364083
2024-09-09 09:00:00,0.09926634872919643,58.07828005419022,37.72302703996144,9,0,51.380536320419544,37.302977112477585,0.12153080212600918
2024-09-09 10:00:00,0.07972396475435953,50.633692899643926,42.03575478444723,10,0,49.42584195976006,46.48983305107707,0.12092156638613322
2024-09-09 11:00:00,0.07657785357642911,44.48045426119463,44.101259051919186,11,0,46.87896884823563,51.087253682524945,0.12138065979127856
2024-09-09 12:00:00,0.07662002970807867,43.65718792289053,49.560504639465826,12,0,48.89897759278687,42.01712643237313,0.12127912958650137
2024-09-09 13:00:00,0.10242978520304932,46.73360218447983,46.141587615507106,13,0,53.29593640468194,39.073044914503654,0.12243253066981236
2024-09-09 14:00:00,0.1083759084374407,46.53424446646784,41.25786828918083,14,0,54.44077053489153,30.884787623298802,0.12247425955062026
2024-09-09 15:00:00,0.10169147335855522,55.52373807951191,32.582260342658124,15,0,58.62061829207153,29.350416723472264,0.12223919503712656
2024-09-09 16:00:00,0.14214711258199228,57.56818667409039,27.544704442698283,16,0,61.98496841966716,18.233196658178393,0.12311500371454759
2024-09-09 17:00:00,0.1791072697257797,71.73153027224352,13.456946029470332,17,0,70.47113832786786,0.0,0.12355274389525477
2024-09-09 18:00:00,0.20593487188622064,62.492778886694296,3.624953086613712,18,0,69.248865394065,1.622595119591937,0.12361626268429306
2024-09-09 19:00:00,0.21767485503464387,70.18787944209735,4.67714150917344,19,0,67.68003219613193,0.8625747845640336,0.12447284955106654
2024-09-09 20:00:00,0.23152144914295625,64.44397509025985,1.6064326910332425,20,0,59.4544742399507,0.0,0.1262870529914053
2024-09-09 21:00:00,0.19479208900453412,62.5534643120238,0.0,21,0,58.80052151124094,0.0,0.12677368440064976
2024-09-09 22:00:00,0.167097117199131,59.50749702767093,3.6411418127692468,22,0,53.38478727231272,6.460899245315822,0.1276924413722527
2024-09-09 23:00:00,0.1356024243226938,46.745808827446325,1.6298264579742403,23,0,41.972776924918314,0.0,0.12906767811991612
2024-09-10 00:00:00,0.0926667243051895,46.382629319386055,9.111787218826738,0,1,47.62438094255691,0.593894199203888,0.1284265325329403
2024-09-10 01:00:00,0.11195149798871265,51.734461961411924,1.0853601097314025,1,1,44.6728100153243,0.0,0.1290346850746912
2024-09-10 02:00:00,0.1177462388329492,44.29229229899868,2.4419081365492934,2,1,49.89554162807713,2.8225716980423807,0.13032364450651587
2024-09-10 03:00:00,0.12358321078251037,46.9357890144348,1.0164836195361109,3,1,49.93868091974953,2.368650693281552,0.13106808151580895
2024-09-10 04:00:00,0.09657742390175425,50.389547258372694,0.0,4,1,47.7525550134676,0.0,0.13007727913394465
2024-09-10 05:00:00,0.09029511111137353,48.66771103488208,0.0,5,1,55.03206066346438,0.0,0.12872193139082086
2024-09-10 06:00:00,0.10965422927243351,50.43436075562175,1.0298534563049835,6,1,58.55211083329038,8.087433000669094,0.1282345614274718
2024-09-10 07:00:00,0.11690787478839765,48.0486699524223,14.251972039462062,7,1,55.513710948325546,24.554219324726475,0.12861322083992102
2024-09-10 08:00:00,0.10593802752086642,58.682952361433244,28.049133554699292,8,1,53.30402406865275,35.9439928882707,0.12849512046538533
2024-09-10 09:00:00,0.10624616666441807,55.00720537642183,35.0345134562253,9,1,48.119225177547314,40.34776021245752,0.12878594621268621
2024-09-10 10:00:00,0.07666158641805487,49.18934621116205,39.96430758264188,10,1,50.35827321304276,45.69594160450701,0.1286583471153402
2024-09-10 11:00:00,0.0805800265514184,50.00249948775191,45.23740442217926,11,1,46.21761843192847,53.35952261110412,0.12882510432263142
2024-09-10 12:00:00,0.0575528531452563,46.29649303513523,43.38727251172648,12,1,49.34144137380377,49.00285880272269,0.12803063863251382
2024-09-10 13:00:00,0.08390361969246186,46.829491899187836,52.195641862778785,13,1,49.48037975698163,45.35816092729941,0.12725871506957268
2024-09-10 14:00:00,0.0694849863738761,52.55621342584633,39.69031204930721,14,1,52.73644180088762,27.67581144077393,0.12563825998359082
2024-09-10 15:00:00,0.13064194454056285,50.013081266761894,37.3395781126448,15,1,58.02050767989972,25.540913619693647,0.12684452961617446
2024-09-10 16:00:00,0.1601642768119051,62.494899070733126,24.97670390699267,16,1,61.61800082688333,13.131699732556086,0.12759524479242082
2024-09-10 17:00:00,0.17360581372856984,59.745038943840896,13.490918316051506,17,1,67.01440438403878,0.0,0.12736601745920376
2024-09-10 18:00:00,0.19679504170367024,66.01766643805713,0.0,18,1,68.14787328607856,0.0,0.12698519120159749
2024-09-10 19:00:00,0.23887970922100468,75.77452644489989,0.0,19,1,68.10995884242924,0.0,0.12786872679269584
2024-09-10 20:00:00,0.2458710033279802,71.7458053563946,0.0,20,1,64.4257101272799,0.0,0.12846662488373853
2024-09-10 21:00:00,0.19665422700131444,64.52952673089463,6.049628860817279,21,1,56.99744989116428,0.0,0.12854421396693771
2024-09-10 22:00:00,0.17858792781601288,56.13010337703815,0.39886377593036104,22,1,56.473452961924785,0.0,0.12902299774264112
2024-09-10 23:00:00,0.13061309382687564,52.57817119926524,3.9384371116567776,23,1,45.39149507402244,1.6058538889094351,0.12881510897198203
2024-09-11 00:00:00,0.09454544583072114,45.94511334827979,4.847174281758378,0,2,48.73588337799045,0.0,0.12889338903554584
2024-09-11 01:00:00,0.10500048667455651,45.8510790215625,0.0,1,2,46.311306051691524,0.0,0.12860376356412268
2024-09-11 02:00:00,0.08187797271221833,45.5383544749163,1.4822701807474548,2,2,46.32845854630609,2.8681388425876118,0.12710925247575888
2024-09-11 03:00:00,0.1330947250069198,46.09158642352897,0.15753771421971707,3,2,46.21368823525993,0.0,0.1275055655684426
2024-09-11 04:00:00,0.10814710089903702,46.50964408525624,0.0,4,2,50.5078876150515,0.6364019215526348,0.1279876354433294
2024-09-11 05:00:00,0.11525189037756028,44.66387687686162,0.0,5,2,52.44641345718706,1.090330397145098,0.12902750124608717
2024-09-11 06:00:00,0.10263617718597574,50.72644557994903,2.056273065837296,6,2,57.13380445851907,13.440076499546896,0.1287350824091514
2024-09-11 07:00:00,0.08789790375177013,58.343670013031016,10.52635370253868,7,2,59.92695345042744,22.305737170617274,0.1275263336159586
2024-09-11 08:00:00,0.11873264803763267,52.338958903146946,22.572579330491283,8,2,54.00148514713522,30.54872339565567,0.12805944280415724
2024-09-11 09:00:00,0.08459341037614082,54.848613246569805,32.92355561696186,9,2,53.7427082882212,45.32075286641266,0.12715724462547898
2024-09-11 10:00:00,0.09717063983176405,49.89256855947866,48.45646413394515,10,2,50.85346896363538,43.40510850528659,0.12801178851771688
2024-09-11 11:00:00,0.09276089409849175,50.03955798487845,39.38412442602277,11,2,49.16634058937389,44.29137811828147,0.1285193246655116
2024-09-11 12:00:00,0.08479361645891773,47.006490593442386,49.174812575181015,12,2,47.739903755309705,45.859859155854856,0.1296543564702475
2024-09-11 13:00:00,0.07619846544922698,53.33396184261765,44.916608935505735,13,2,49.87599553140912,38.99656877664774,0.12933330837677937
2024-09-11 14:00:00,0.09366003281968059,52.32299441564847,38.82381929460127,14,2,53.213987238341375,36.472590563750536,0.13034060197868788
2024-09-11 15:00:00,0.10324939420596856,50.183981448452315,32.5577746357647,15,2,58.02190262920016,22.967040967296175,0.12919924571474647
2024-09-11 16:00:00,0.15121655150770513,61.37726638840213,26.045347367709777,16,2,62.623232329856066,15.578282007541402,0.12882642382707146
2024-09-11 17:00:00,0.17953834097359153,61.82459532172238,14.808788674148659,17,2,68.01516296923204,1.2565690736425548,0.1290736124622807
2024-09-11 18:00:00,0.21439813258437893,66.37776915232706,0.6510599285216415,18,2,68.19130851187222,0.0,0.12980707458231022
2024-09-11 19:00:00,0.21866298474537893,70.71116608417081,3.8245946075981947,19,2,69.09540410277214,3.119246868196591,0.1289647110624925
2024-09-11 20:00:00,0.2393130315565301,66.65052497194361,4.440915482852017,20,2,64.4169487298375,0.0,0.12869146223868208
2024-09-11 21:00:00,0.18114359866741064,67.16017916308387,2.8573157968271503,21,2,59.56389181835781,0.0,0.12804518605810275
2024-09-11 22:00:00,0.14684873763242431,56.74721446574037,0.0,22,2,53.81071092916094,1.4816455189623892,0.12672271980045322
2024-09-11 23:00:00,0.1374577864981942,52.37706020835373,1.730545422245068,23,2,45.93525132889548,0.6345495234499134,0.12700791532842484
2024-09-12 00:00:00,0.10190339848587086,43.69706788227406,1.7472023069849931,0,3,45.32318212169652,0.0,0.12731449668905606
2024-09-12 01:00:00,0.11817074121999839,44.007783083362106,0.0,1,3,47.47505000927776,0.0,0.12786325729511613
2024-09-12 02:00:00,0.11718521125836201,49.43337682749483,0.0,2,3,45.39229431005663,0.0,0.1293343922345388
2024-09-12 03:00:00,0.10863514161380147,48.28922100817378,0.0,3,3,48.03351577380715,0.0,0.12831524292649218
2024-09-12 04:00:00,0.1184755029236297,52.754287489173684,0.24449421539253074,4,3,46.7522893434325,0.08300811946735148,0.12874559301085023
2024-09-12 05:00:00,0.12121495758552761,56.62149268340973,1.0431390020342135,5,3,53.89025201876319,0.0,0.12899405414451554
2024-09-12 06:00:00,0.13391459550750456,49.16780785270266,0.0,6,3,54.385173660295,10.108518769775184,0.13029732157457924
2024-09-12 07:00:00,0.10663798456552245,55.72903664774287,15.778821862599589,7,3,54.979908259715,22.658778286838213,0.13107815827515226
2024-09-12 08:00:00,0.09344994447730823,53.040610042073986,23.94237909752319,8,3,53.26441401640653,32.90060740197349,0.13002471229347204
2024-09-12 09:00:00,0.10046462694939894,53.053674314723494,37.82927998828902,9,3,50.16676063837524,42.492670418829164,0.1306860129840245
2024-09-12 10:00:00,0.06156042170969025,50.586339498749666,41.8435191064736,10,3,48.807116346576564,46.40883355530726,0.12920225389560475
2024-09-12 11:00:00,0.08705210586561397,46.38716341358446,41.491737033178076,11,3,51.33419456235887,52.68361590626126,0.12896438771923482
2024-09-12 12:00:00,0.09702199046804298,44.97089989960373,48.423215396487024,12,3,47.40647880102943,45.61992521946275,0.1294739033029484
2024-09-12 13:00:00,0.09283968570985843,48.23141450345634,47.56929196680746,13,3,46.370408357459404,38.66243673580961,0.1301672874804747
2024-09-12 14:00:00,0.09903829218774346,46.89525178342561,38.629961010926515,14,3,55.19950655207254,32.64056944644131,0.13039138162081065
2024-09-12 15:00:00,0.12244087398532305,57.163380248202266,28.05887034550073,15,3,57.08764606613548,25.000920717994475,0.13119102661161708
2024-09-12 16:00:00,0.15474549773553048,56.3793478315247,23.76065180005887,16,3,66.01991881957876,14.927300524707452,0.13133806603777648
2024-09-12 17:00:00,0.2075329439746462,73.38092436609189,8.614752475063185,17,3,67.4688264231035,3.75611616912314,0.13250450782948708
2024-09-12 18:00:00,0.21724116623817935,66.86654969767156,3.9231068207139668,18,3,69.24575158466259,0.0,0.13262296756506212
2024-09-12 19:00:00,0.22482751778897944,70.02422407398505,0.0,19,3,70.70556082281301,3.5858871089138624,0.13287982310854546
2024-09-12 20:00:00,0.18218308683542164,64.16584732481118,6.036103872726545,20,3,65.62532197240965,0.0,0.13049940874516594
2024-09-12 21:00:00,0.21405294083596801,69.84935657688132,0.0,21,3,56.81971496192638,0.0,0.1318706313355225
2024-09-12 22:00:00,0.1772423971189279,62.89487124117502,0.47178461450801795,22,3,52.24599439975635,0.0,0.1331370338141268
2024-09-12 23:00:00,0.1400190254524809,55.394642363024104,5.002874240354621,23,3,42.3181673378495,3.390114487082746,0.13324375210388875
2024-09-13 00:00:00,0.0967433484623909,41.57545906228617,0.0,0,4,51.11204147989379,1.280371554486006,0.1330287500195771
2024-09-13 01:00:00,0.11816130936660228,46.579733563569796,0.0,1,4,44.278321756286104,0.0,0.13302835702568558
2024-09-13 02:00:00,0.10191159986156952,42.415156979239384,0.0,2,4,48.70447131482815,0.0,0.13239195655081923
2024-09-13 03:00:00,0.11062293041777974,51.04438218848834,0.0,3,4,46.30569018182022,0.0,0.13247478108431834
2024-09-13 04:00:00,0.10839327639711395,49.959662455017984,0.8561792438999846,4,4,47.293092613201296,0.0,0.13205468831238018
2024-09-13 05:00:00,0.11500704417398781,49.758208630845644,0.0,5,4,52.596996383792245,0.21685902108520777,0.131796025253566
2024-09-13 06:00:00,0.09072052288025695,44.75747270924749,0.0,6,4,54.93813953976146,8.808853479790312,0.1299962722274307
2024-09-13 07:00:00,0.1103482462224654,52.44453678533943,13.768140553943045,7,4,58.49597289761307,21.909806377875253,0.13015086646313664
2024-09-13 08:00:00,0.09297220978776584,59.09305915320534,22.35629196943859,8,4,57.25855358943322,36.606931484541796,0.1301309608510724
2024-09-13 09:00:00,0.08985296926867054,59.51101357378482,29.180516160987096,9,4,51.510093970452026,44.55603283017127,0.12968880844770872
2024-09-13 10:00:00,0.10360745523962614,56.23971940509541,43.63181878280276,10,4,46.97792265223578,48.9847168050329,0.1314407681781227
2024-09-13 11:00:00,0.07550353482951147,44.76338988040706,47.19929094864333,11,4,46.03038354932853,41.192509365956276,0.1309595777182851
2024-09-13 12:00:00,0.09450750962689672,49.38967903143272,42.5740848190206,12,4,44.21598106487863,49.32981374324553,0.13085480768323735
2024-09-13 13:00:00,0.08682987697992023,52.030545684219305,40.114015105405464,13,4,50.327603915840854,40.28292239497371,0.13060439898615658
2024-09-13 14:00:00,0.0756762986775545,45.5698493891517,36.694434431719124,14,4,54.53274575873321,32.89954599914106,0.12963098258989872
2024-09-13 15:00:00,0.13102371433823512,54.53105200652026,34.58968694014257,15,4,57.11827579132529,25.990048867444774,0.1299886009379367
2024-09-13 16:00:00,0.1452294639241598,60.28022730260058,24.073625105660753,16,4,61.95077392323921,13.931846294177959,0.1295920995291296
2024-09-13 17:00:00,0.17918166083813727,63.515629467026656,14.72745021560705,17,4,68.36658466071927,0.0,0.12841079606510838
2024-09-13 18:00:00,0.22348699476499193,62.47183448022655,0.0,18,4,68.61763079955048,0.0,0.12867103892039225
2024-09-13 19:00:00,0.2454265860082496,68.83930614436733,0.0,19,4,67.97285368122583,0.0,0.12952933342952852
2024-09-13 20:00:00,0.21836330153023628,67.3513342150392,3.2159627094507464,20,4,63.74318572966735,0.0,0.13103684237514576
2024-09-13 21:00:00,0.2038767547380196,64.00380373307283,0.0,21,4,59.89770202079117,2.792039238239217,0.1306128346210646
2024-09-13 22:00:00,0.17003532627893247,57.597132977998236,0.652918195488925,22,4,53.40172601895994,4.029002902047751,0.13031254000273143
2024-09-13 23:00:00,0.1367955761622503,53.11464516304863,0.0,23,4,35.996435357052924,0.0,0.13017822961563852
2024-09-14 00:00:00,0.07399873076998001,36.84686365947442,0.0,0,5,33.23069853179972,0.8360598465852127,0.12923053721178807
2024-09-14 01:00:00,0.0955788164721963,38.41015083535805,3.5328871232952967,1,5,36.991767742979754,0.0,0.12828960000785447
2024-09-14 02:00:00,0.10954569093924177,36.11826722995724,0.0,2,5,37.63092553477282,0.27762946041396325,0.1286076871360908
2024-09-14 03:00:00,0.09999160912213509,36.14266531919995,2.8507633750802484,3,5,38.10353695853675,3.12950951947694,0.12816471541543897
2024-09-14 04:00:00,0.08015257796429756,38.754468780106066,0.0,4,5,44.365168333305874,0.0,0.12698801964740494
2024-09-14 05:00:00,0.10602087299289506,34.394569289424275,0.0,5,5,43.968128780959695,1.3610891941544,0.12661359584819273
2024-09-14 06:00:00,0.08895955257370997,45.169083783367554,0.0,6,5,46.367210259138325,11.839548606340205,0.12654022208541996
2024-09-14 07:00:00,0.06649331340963718,46.67836255085883,17.90524931912925,7,5,48.979210014409524,20.810411894052862,0.12471293321821879
2024-09-14 08:00:00,0.10183771585165241,48.10793936180191,18.71641263049669,8,5,50.94420938021015,30.846183485704174,0.12508232930421406
2024-09-14 09:00:00,0.07473804626234305,49.792832089176976,34.6040471457262,9,5,44.2845186408097,44.63548203772355,0.12445254084561708
2024-09-14 10:00:00,0.10235331514634807,37.53006285677016,43.204105914812324,10,5,36.49956133067173,40.34492664430801,0.12440028500839716
2024-09-14 11:00:00,0.08921715716982735,34.630259648635004,41.53671510373725,11,5,40.377525298184466,45.14430514730953,0.12497168593924367
2024-09-14 12:00:00,0.06917260953081321,40.38958049927066,44.308931600390146,12,5,38.11112268331804,48.62449185517962,0.12391606510190684
2024-09-14 13:00:00,0.07912579443246692,39.84681959966665,44.55762957743388,13,5,38.12026937200455,35.948481401942544,0.12359506166242962
2024-09-14 14:00:00,0.1125426424518566,42.50978596183304,34.31964729526769,14,5,49.04016549447957,30.97830774273609,0.1251311593196922
2024-09-14 15:00:00,0.11465008857252094,44.16623635976676,30.662709370146636,15,5,53.455521173274256,22.92659898697214,0.12444892491278743
2024-09-14 16:00:00,0.13236481949441295,52.61855993018526,27.27452485385973,16,5,53.756417641319935,12.961807068246125,0.123912898061548
2024-09-14 17:00:00,0.19333381912651448,58.551216980711764,13.635650095456315,17,5,57.69018672431615,0.0,0.12450257132356372
2024-09-14 18:00:00,0.19937541699198535,61.03619230275925,0.0,18,5,61.29057106503339,0.0,0.12349792224968843
2024-09-14 19:00:00,0.21331824106357758,60.135585574312564,0.39575326642769165,19,5,57.717050452872925,1.2527270103288992,0.12216007454366044
2024-09-14 20:00:00,0.17929068231808215,52.74280209609316,2.0331687793542006,20,5,55.29618468491822,0.0,0.12053204874315403
2024-09-14 21:00:00,0.15569332906811828,58.02788783794841,2.703435517685398,21,5,49.06257403869436,1.7577169597551034,0.11852440600690813
2024-09-14 22:00:00,0.14758172264149252,54.398469815858725,0.0,22,5,44.82017596980007,2.5863434021293172,0.11758883918868147
2024-09-14 23:00:00,0.12125624049204405,47.683567516374026,5.3715233014788435,23,5,34.25480770204701,0.0,0.11694136686908953
2024-09-15 00:00:00,0.09695112941764004,34.2486623251635,4.607218704216313,0,6,38.73768708411845,2.892763444038527,0.11789771681274203
2024-09-15 01:00:00,0.07596249920165485,39.24003248894657,2.370401706236245,1,6,39.589605280052986,0.0,0.11708037025980282
2024-09-15 02:00:00,0.10092652883692248,39.93572226632997,0.0,2,6,37.342728241385444,2.310590250981664,0.1167212385055395
2024-09-15 03:00:00,0.08302698727331909,42.5313482126894,0.0,3,6,38.47604517969841,1.3828429019764454,0.11601437926183884
2024-09-15 04:00:00,0.10026646856874784,35.744978429917104,0.0,4,6,41.88940861931309,5.191430327556319,0.11685245803702426
2024-09-15 05:00:00,0.10406973271928001,39.90643991150238,0.21267784175543786,5,6,43.735967995675466,0.017511408894858235,0.11677116052562364
2024-09-15 06:00:00,0.08888143420164366,46.123436269656715,0.0,6,6,50.22888648907388,10.52106393858391,0.11676790559345422
2024-09-15 07:00:00,0.08003179669236606,46.95347102000917,13.381773439862343,7,6,45.43778869369023,21.070437779919956,0.11733200906356793
2024-09-15 08:00:00,0.10814666187806571,44.4950660798804,27.01286094123932,8,6,48.52996055399314,28.925477917707365,0.11759488181466847
2024-09-15 09:00:00,0.09655755888305076,48.13484874671491,33.847000709983895,9,6,43.64026215247561,41.24550792495896,0.11850402817386463
2024-09-15 10:00:00,0.08280829067510204,45.720384110887856,36.61663760985832,10,6,38.7936973745831,40.39571418774303,0.11768965215422937
2024-09-15 11:00:00,0.09306500952681657,41.31760363019766,40.69927680212806,11,6,44.097180009748286,47.251605014384296,0.11784997933577057
2024-09-15 12:00:00,0.0729053415024773,40.30567429096598,46.06296924014862,12,6,44.72958861086427,42.85389615514024,0.11800550983458992
2024-09-15 13:00:00,0.06616738976107756,39.13132898043833,42.94312568934615,13,6,41.63907419851803,34.04579163138985,0.11746557630661537
2024-09-15 14:00:00,0.07143519489152225,46.78530666766501,40.53346652956883,14,6,46.624088026157864,35.996501560673146,0.11575276599160143
2024-09-15 15:00:00,0.10135641449423341,42.85242234219279,33.935366024695554,15,6,49.63984997735837,13.054448857611531,0.11519886290500614
2024-09-15 16:00:00,0.138767064932777,48.70279606152816,26.328359868900986,16,6,55.035777327765985,11.421422861602903,0.11546562313160463
2024-09-15 17:00:00,0.17834468696231545,55.69152065618303,7.687915471200633,17,6,57.31204491896609,0.6550843673457446,0.11484107595809633
2024-09-15 18:00:00,0.19882440501320134,62.38969618051199,0.7756663174725975,18,6,58.4993065888691,0.0,0.11481811712564699
2024-09-15 19:00:00,0.21742236689103428,56.26823682665948,0.0,19,6,63.265302410059526,1.2355105107446325,0.1149891223684577
2024-09-15 20:00:00,0.19262842695899454,55.38405286696461,0.0,20,6,55.57839053431181,0.0,0.1155448617284957
2024-09-15 21:00:00,0.15719609100401638,49.13519507723328,3.025430984340604,21,6,50.67970226750005,0.0,0.11560747680915813
2024-09-15 22:00:00,0.12823833810225768,50.68315713452766,3.405940555679352,22,6,44.08953848906869,3.7604297215704054,0.11480150245335667
2024-09-15 23:00:00,0.11472046393151943,42.13199631271912,4.894552776342789,23,6,46.53392406345769,0.39961634014727976,0.11452917843000149
2024-09-16 00:00:00,0.08977607727532588,44.92342330685425,1.489565876288937,0,0,43.16676765168353,0.0,0.11423021792407173
2024-09-16 01:00:00,0.13240465754026348,48.29076620303527,0.0,1,0,44.72501564206931,0.0,0.11658197452151375
2024-09-16 02:00:00,0.11026999408721924,44.21955606052029,0.0,2,0,44.23405236193663,4.973089690261973,0.11697128557360946
2024-09-16 03:00:00,0.10621793963055462,47.37370425868315,0.0,3,0,50.22476399106367,1.1329170194045397,0.11793757525516092
2024-09-16 04:00:00,0.12562567740416175,46.68111444881311,4.689072657145114,4,0,46.417763420759684,0.0,0.11899420895663652
2024-09-16 05:00:00,0.09609573245402242,51.87232595652428,0.0,5,0,50.46420027772737,0.0,0.11866195894558412
2024-09-16 06:00:00,0.11043079435954273,54.343041087683346,1.7706397100101867,6,0,51.76504581461451,8.161974441313049,0.11955984895216325
2024-09-16 07:00:00,0.12759370938479958,53.64603652982037,13.870662436577474,7,0,55.38095530862078,20.940251801136437,0.12154159531434798
2024-09-16 08:00:00,0.09989438398876616,56.62129436173509,17.846435907554024,8,0,54.97950023897517,35.90477092751839,0.12119775040229384
2024-09-16 09:00:00,0.12744437909231474,59.238521073507094,28.170956615039294,9,0,54.914693202969595,37.9945234251111,0.12248470124434647
2024-09-16 10:00:00,0.1024118327422316,54.217938433664486,43.87482746654859,10,0,49.682592249171,39.15320755425195,0.12330151549714356
2024-09-16 11:00:00,0.10311498726624513,45.65630934330689,43.91336789001939,11,0,47.872294272498294,45.61667719120964,0.12372026456961975
2024-09-16 12:00:00,0.09992493869622958,50.79144588591065,42.37803055341422,12,0,49.64946967929469,41.79762507908513,0.12484608111935942
2024-09-16 13:00:00,0.08563270580638982,45.578899440208765,42.45462904618058,13,0,50.259473393784845,40.03220593731142,0.12565713595458075
2024-09-16 14:00:00,0.08959707968884845,55.665321463420895,42.262086958769295,14,0,59.644918621627184,30.723952439028537,0.12641388115446936
2024-09-16 15:00:00,0.11326472027991216,58.10221918373669,34.672769667718086,15,0,58.49068122202037,26.251797101530926,0.12691006056220597
2024-09-16 16:00:00,0.12966322915723436,60.600321591483194,17.07375402139076,16,0,65.57425614420657,8.94436579257099,0.12653073407155838
2024-09-16 17:00:00,0.17290822622601396,65.24997767806282,17.214168049330596,17,0,70.32042042475248,0.0,0.12630421487421248
2024-09-16 18:00:00,0.2134924674970668,67.99860563875345,3.381518108495384,18,0,68.91086852864578,2.6252810956997754,0.12691538414437353
2024-09-16 19:00:00,0.25118902405459126,72.32157318161414,0.0,19,0,68.99821269766878,0.0,0.12832232819285508
2024-09-16 20:00:00,0.2264158936888915,67.48097789010747,0.0,20,0,63.744700964631726,0.0,0.1297301393066008
2024-09-16 21:00:00,0.22262809904242728,65.5002154542041,3.689030240213239,21,0,60.21703959578264,2.2417197803681845,0.1324564729748679
2024-09-16 22:00:00,0.14351404285900698,62.4591879527515,1.6674962510311686,22,0,55.00288887606289,0.0,0.13309296067306578
2024-09-16 23:00:00,0.12619407863393275,53.00325955467023,0.0,23,0,45.96472767388362,0.1810006140637806,0.13357102795233303
2024-09-17 00:00:00,0.10073582247273735,44.27347688663102,0.0,0,1,43.9545388781327,0.0,0.13402768400222517
2024-09-17 01:00:00,0.12290968533111626,42.4436964527532,10.941605299773709,1,1,50.09119235712879,0.0,0.13363206016017734
2024-09-17 02:00:00,0.10368351056810693,42.957489975111315,0.05775615095047534,2,1,47.897710257945576,0.0,0.13335762334688103
2024-09-17 03:00:00,0.08737769153402819,40.874046784981246,0.0,3,1,44.55303104422561,0.0,0.13257261300952575
2024-09-17 04:00:00,0.1070859208963853,50.06575787415799,0.0,4,1,48.972130963896575,0.0,0.13180012315503506
2024-09-17 05:00:00,0.09487848606866447,55.60139667857022,6.202346442002969,5,1,49.7751492096465,3.0997868954860315,0.13174940455564513
2024-09-17 06:00:00,0.09728843346826328,57.47499388696436,2.967158213521908,6,1,57.475697085358654,11.56856765994479,0.13120180618517516
2024-09-17 07:00:00,0.12758355769142404,50.74806398966394,16.26392280560981,7,1,57.20872456335784,20.534036539498956,0.1312013831979512
2024-09-17 08:00:00,0.09740356366929434,59.57182491728605,22.77176212030874,8,1,55.99800774681661,27.307949477454127,0.1310975990179732
2024-09-17 09:00:00,0.10016044810509057,60.54059251624656,35.36474767173336,9,1,51.36570799235076,38.56481109384789,0.1299607685601722
2024-09-17 10:00:00,0.09186909850291611,51.58865050617732,34.96818428074457,10,1,49.58676995127247,48.07848326859579,0.12952148796686738
2024-09-17 11:00:00,0.08442592886735695,50.54252970188034,42.882634688170825,11,1,50.35914628707779,41.83806105925536,0.12874277720024702
2024-09-17 12:00:00,0.07381826842731952,42.359520323276946,44.81091455437696,12,1,51.25262773138995,40.67402123058203,0.12765499927237578
2024-09-17 13:00:00,0.0818858610333536,49.99451916521965,47.15213051653139,13,1,52.929431875124884,34.967304748782134,0.12749888074016594
2024-09-17 14:00:00,0.09950244540628513,47.83319850104425,39.053256284653855,14,1,51.81207916290288,34.29138255523548,0.1279116043117258
2024-09-17 15:00:00,0.13167362786324455,55.55524494925193,28.78638925199186,15,1,59.391766011144604,24.498729212754814,0.12867864212769797
2024-09-17 16:00:00,0.15287564683564678,54.768148713229564,22.127372062207495,16,1,65.34476948931287,10.088326988537403,0.12964582619763182
2024-09-17 17:00:00,0.17214001762137454,66.57528889308497,5.470439698288682,17,1,67.28926767502834,0.0,0.12961381750577186
2024-09-17 18:00:00,0.2328279009916838,72.03725941509626,0.0,18,1,66.92357507900503,0.0,0.13041946056804757
2024-09-17 19:00:00,0.22912762324743127,67.73543097533519,2.909694795379005,19,1,66.18551693557157,0.0,0.1295002355344159
2024-09-17 20:00:00,0.20943958103025473,65.12062576756234,0.0,20,1,67.83725140125098,2.85566127871468,0.12879288917363937
2024-09-17 21:00:00,0.19258909641691896,57.938428127686166,0.0,21,1,57.377385212900236,0.11627012865877451,0.12754126406424318
2024-09-17 22:00:00,0.17150379782156802,58.90778466653836,2.908313377783152,22,1,54.987471886436985,3.605412448827563,0.1287075038543499
2024-09-17 23:00:00,0.13650169240578086,53.03124989994065,4.8895363476560965,23,1,46.024751032665,0.0,0.12913698776151022
2024-09-18 00:00:00,0.1107628864146024,41.37415890317243,1.8707078418965406,0,2,46.05023000369374,0.0,0.12955478209242127
2024-09-18 01:00:00,0.0946443395598602,47.80745337935537,6.748254905762342,1,2,45.81620719716474,7.2949392135650335,0.1283770593519523
2024-09-18 02:00:00,0.12891242150246526,45.016024908833145,1.759411969200471,2,2,48.39531317658106,0.600832905616458,0.1294282639742172
2024-09-18 03:00:00,0.08184019681410451,43.37468408201426,1.0577471225299815,3,2,47.89365895549722,2.179873142882109,0.1291975350275537
2024-09-18 04:00:00,0.11210231147653027,46.04780141934381,0.841360878766097,4,2,48.653688192078384,0.0,0.12940655130172643
2024-09-18 05:00:00,0.11758494851784514,53.333172036565074,0.0,5,2,53.10875628441473,0.0,0.13035265390377562
2024-09-18 06:00:00,0.11880889947025967,54.935466855961046,3.345995119740428,6,2,53.488573393733155,11.614823208508689,0.13124933998719213
2024-09-18 07:00:00,0.10310236133898286,55.62757832455858,2.6223966453738115,7,2,58.296306530898946,16.024319858395327,0.13022929013917375
2024-09-18 08:00:00,0.11565323440945884,59.325553395478686,19.549167794931265,8,2,54.72004586390377,29.800730293448275,0.1309896930866806
2024-09-18 09:00:00,0.09678684557132065,52.36706130413857,30.628758051773616,9,2,51.895827507086615,40.27659301870599,0.13084912631444018
2024-09-18 10:00:00,0.07874999540009393,53.2461541349525,34.64995280665768,10,2,51.33612036604707,42.9857475267957,0.13030249701848926
2024-09-18 11:00:00,0.07430615170334684,50.78145674944184,40.14888380945941,11,2,48.06227362472333,43.91583121299165,0.1298808396366555
2024-09-18 12:00:00,0.08540266164082218,47.37342862674092,49.63992007258828,12,2,48.53105848665561,46.61249980218726,0.13036352268721813
2024-09-18 13:00:00,0.06645521800187548,50.62655747084308,45.59411314045016,13,2,53.663977473949664,38.46507823224854,0.1297205792275732
2024-09-18 14:00:00,0.11706169146530442,48.831329948458055,35.01372405578086,14,2,53.06216479287557,25.216108972903278,0.13045221448003233
2024-09-18 15:00:00,0.12723705948498876,56.63996652490361,28.905019036383656,15,2,60.85289543574443,21.183656619934897,0.13026735746427168
2024-09-18 16:00:00,0.16342855104720985,61.62207350121907,17.131538975465034,16,2,66.82931799748357,16.572417986593702,0.13070706180642014
2024-09-18 17:00:00,0.19132105306534605,55.595358324611006,13.649005966448804,17,2,71.1847406197591,0.0,0.1315062716165856
2024-09-18 18:00:00,0.21736529945317734,72.65992447304818,0.0,18,2,74.68677393859319,5.219468874758955,0.13086199655248118
2024-09-18 19:00:00,0.20874598706912442,60.58130969177986,0.0,19,2,67.56662491920436,2.8662034532614085,0.1300127617117184
2024-09-18 20:00:00,0.18620914102713,66.87954851438109,0.35274257133520365,20,2,63.19395756534079,0.0,0.1290448267115882
2024-09-18 21:00:00,0.19426521048522785,68.21094294155587,1.5364260926063897,21,2,61.48686624648223,0.0,0.12911466479776776
2024-09-18 22:00:00,0.18529083901578886,58.837117822856065,3.370993406112685,22,2,56.864960085461455,0.9517024633802629,0.12968912484752693
2024-09-18 23:00:00,0.12815381830347958,50.292682713824206,0.0,23,2,44.84886916832411,3.557400059726675,0.12934129675993106
2024-09-19 00:00:00,0.10248091446635667,42.930379866345625,0.0,0,3,47.42031978276842,0.0,0.12899621459542082
2024-09-19 01:00:00,0.0983449087739512,49.736809188535176,6.951926381713348,1,3,51.99726129335102,0.3370849630168465,0.12915040497934127
2024-09-19 02:00:00,0.10949837881479968,40.40003307419715,0.02305154634843143,2,3,47.11928540344471,0.0,0.12834148653402186
2024-09-19 03:00:00,0.1234288914757324,50.52272811391023,2.518466410592772,3,3,49.762348168375766,0.0,0.1300743488115897
2024-09-19 04:00:00,0.08923015268745135,47.73902384161069,0.0,4,3,53.151389724342934,0.0,0.12912134219537807
2024-09-19 05:00:00,0.08867730314558908,46.18224989572729,2.414683780725415,5,3,58.10647837630482,1.5742602637443825,0.12791685697153407
2024-09-19 06:00:00,0.12857656532963924,51.2330178457285,0.0,6,3,56.627978425097865,9.095952020381866,0.12832384304900823
2024-09-19 07:00:00,0.11239442637299896,52.88146127098126,9.40790994435376,7,3,59.94340186924504,24.541448767113877,0.12871101242542557
2024-09-19 08:00:00,0.09851030333328066,60.20925542029122,17.06998736661233,8,3,54.59790877320709,28.607883174807547,0.1279967236305848
2024-09-19 09:00:00,0.11856760689457732,58.51866599696999,28.00385337447569,9,3,53.28524914272616,35.12245642733339,0.12890425535238717
2024-09-19 10:00:00,0.07660422803225429,47.734171625375424,41.26750384690917,10,3,49.51003778323834,36.623942902541955,0.12881484837872717
2024-09-19 11:00:00,0.09861843825695071,49.111447953776036,39.003265742824865,11,3,45.19914156079086,43.692834428203234,0.1298278603184607
2024-09-19 12:00:00,0.08308734350840313,46.20762877558793,45.11179084836635,12,3,46.11994069128755,42.524289019312114,0.1297313887296099
2024-09-19 13:00:00,0.09289200231556809,53.4652401360021,46.456834492587454,13,3,52.28169959013164,39.52214291241818,0.13083292140934707
2024-09-19 14:00:00,0.06680979431849209,47.10131726646853,36.79433810848881,14,3,56.00083555313864,31.95582372235938,0.12873909236156325
2024-09-19 15:00:00,0.11152156379974493,60.23499083616485,33.599444868715814,15,3,57.86578571335228,22.42250245690411,0.12808428004134473
2024-09-19 16:00:00,0.15034797978943434,59.8424997070175,23.157748058088885,16,3,68.13795810825818,12.693529601816515,0.12753925623893742
2024-09-19 17:00:00,0.17477633024746805,61.30499728357812,11.432675611411353,17,3,66.72390046874452,1.951127359820127,0.1268498927881925
2024-09-19 18:00:00,0.2281423075428881,66.7765862741389,2.6261045626092585,18,3,70.94118926107839,2.5414391059788612,0.12729893479193047
2024-09-19 19:00:00,0.23467997875146704,67.86147105160241,6.439783314971487,19,3,68.11334392262285,0.0,0.12837951777869475
2024-09-19 20:00:00,0.20517788771827106,64.86504395086385,0.0,20,3,65.23664272151908,0.0,0.12916988222415896
2024-09-19 21:00:00,0.20767960757521914,65.32619262422104,0.0,21,3,61.74241931804236,0.0,0.1297288154362419
2024-09-19 22:00:00,0.15274095146487793,56.01602302260275,0.0,22,3,56.59207933150081,0.929974475953369,0.12837257012162062
2024-09-19 23:00:00,0.1334435287734789,48.1002234309173,3.480497894077941,23,3,47.93970297215936,4.563886600904738,0.12859297472453726
2024-09-20 00:00:00,0.11287350539641319,45.309053737902296,3.9527866809492354,0,4,47.70470203592011,2.5097558177490886,0.12902599934662295
2024-09-20 01:00:00,0.09497635658781882,40.77525095254945,0.0,1,4,44.09703866924473,0.0,0.1288856430055341
2024-09-20 02:00:00,0.11444155119827969,44.23561277491421,0.0,2,4,49.2726958341086,1.415157832507907,0.12909160852151244
2024-09-20 03:00:00,0.09892734460802037,44.09450732807852,0.0,3,4,45.88845355179705,0.9770324977157437,0.12807071073535778
2024-09-20 04:00:00,0.09799328592706669,45.221139108840894,1.9174896223244866,4,4,49.879526750220585,0.6527630372553156,0.1284358412870084
2024-09-20 05:00:00,0.12482510358664184,56.49467685900905,0.0,5,4,52.49001221520367,0.0,0.12994199963871894
2024-09-20 06:00:00,0.10221439764759088,53.37318307281721,0.6312171136437844,6,4,56.93050572852947,14.551167823339561,0.12884357598530025
2024-09-20 07:00:00,0.09593396192035697,57.01544637206906,9.037082698932185,7,4,56.56158426557033,17.69823349060141,0.1281577232997735
2024-09-20 08:00:00,0.11411674254982315,51.84654021002607,24.546198310498,8,4,55.95155576087606,28.667199589727023,0.12880799160046277
2024-09-20 09:00:00,0.09938529957455962,54.17589495886824,30.89525278387842,9,4,56.56690331117499,39.05327096017756,0.12800872879546205
2024-09-20 10:00:00,0.0755351407252936,54.01813565036909,38.42029615381591,10,4,47.90611596744765,39.51730420653933,0.12796418349100536
2024-09-20 11:00:00,0.09771157290331685,47.21813019249376,41.11959953122736,11,4,49.05857001246414,42.21581711512906,0.12792639743460393
2024-09-20 12:00:00,0.07902698602784979,51.969303975124646,43.8290613206656,12,4,47.19143388917443,40.89776665664467,0.1277572158729142
2024-09-20 13:00:00,0.06877731620867579,45.5710591428263,42.167870549267334,13,4,52.86401370438374,36.552231528542514,0.12675243728512706
2024-09-20 14:00:00,0.06536783953005569,50.59894279048199,33.11941280206737,14,4,53.741680056996415,30.016236238804524,0.12669235583560884
2024-09-20 15:00:00,0.12549097568286602,53.3197724340285,30.999802311550145,15,4,60.11979573475272,21.595858746763174,0.12727441466407222
2024-09-20 16:00:00,0.13118740240365903,60.568548964271315,23.767164975826642,16,4,62.46753749689956,11.07795550232411,0.12647605727299827
2024-09-20 17:00:00,0.158893349780713,63.06729913483451,14.911783294578742,17,4,71.62062330613574,0.0,0.1258142664202168
2024-09-20 18:00:00,0.22331539554050622,68.17068403711906,1.456375018993,18,4,70.66591115668359,0.0,0.12561314508678423
2024-09-20 19:00:00,0.2380308451140023,69.76471502914937,0.0,19,4,69.31303384688663,2.794761021328398,0.12575276451855652
2024-09-20 20:00:00,0.20905783328135755,66.68746199443878,0.0,20,4,66.77454989588806,2.9225805023835396,0.12591442891701846
2024-09-20 21:00:00,0.21008591808331775,66.66872703305206,0.0,21,4,57.53621571306699,0.9449257506922197,0.1260146918548559
2024-09-20 22:00:00,0.19343434726896763,60.80187556507389,0.6631236784778369,22,4,53.94103066216392,0.9215439575769847,0.12771025001335964
2024-09-20 23:00:00,0.15884281338612186,54.88751065484686,0.0,23,4,37.95854152877816,0.0,0.12876855353888642
2024-09-21 00:00:00,0.10729265154708521,36.24096653854027,0.0,0,5,34.11482885567233,0.0,0.1285360179618311
2024-09-21 01:00:00,0.09676930122853616,40.18774643975275,0.0,1,5,34.427688943347135,0.0,0.12861072398852766
2024-09-21 02:00:00,0.08767381850516004,36.982272733526976,0.0,2,5,36.455526681699666,0.0,0.127495401792981
2024-09-21 03:00:00,0.09232098092708214,37.116620011568344,0.0,3,5,36.82145001429501,0.5163191496012393,0.1272201366396086
2024-09-21 04:00:00,0.09825055549996801,39.438453395967585,0.0,4,5,40.49828300108163,3.6518696976085514,0.12723085620514615
2024-09-21 05:00:00,0.0777604714212974,46.61508708042936,8.120806312999994,5,5,45.331945102087765,0.0,0.12526982986492344
2024-09-21 06:00:00,0.08327152412134098,39.997940953208825,6.288728333269993,6,5,48.82443455845854,9.148152353750621,0.12448054346799636
2024-09-21 07:00:00,0.07446462216378623,49.78821596206321,7.288689530886927,7,5,52.24425081619416,17.878642477198404,0.12358598764480593
2024-09-21 08:00:00,0.09244510953695911,42.56728180336156,21.219621351637624,8,5,47.31774285959571,29.390998550859287,0.12268300293593658
2024-09-21 09:00:00,0.08707926082020685,48.05826585384007,24.14106455198219,9,5,44.73229959229516,35.75167694647423,0.12217025132117187
2024-09-21 10:00:00,0.07315207068330978,49.46384704390628,31.252338494847066,10,5,41.54127635054561,37.12602675087624,0.12207095673608921
2024-09-21 11:00:00,0.08528986682721522,43.15477675311285,35.78843821876877,11,5,40.7984541662155,43.94512831930976,0.121553385649585
2024-09-21 12:00:00,0.05937099642363143,40.703917888196514,40.60067422599457,12,5,41.3108377953613,47.546227767876836,0.12073438608274256
2024-09-21 13:00:00,0.06533545940128649,38.720664678541844,39.34098367473318,13,5,44.453964705214744,39.17632663734434,0.12059097538243467
2024-09-21 14:00:00,0.09282193748294544,42.70908022781601,36.7291787506745,14,5,48.125968946161095,28.957401016468953,0.12173489613047174
2024-09-21 15:00:00,0.11379579347999078,45.48295143366163,31.58835020112276,15,5,52.17586416094316,20.351840708578013,0.12124759687201862
2024-09-21 16:00:00,0.11995770476449176,48.62201246987093,19.515876578887433,16,5,59.231627769081584,9.274533676788401,0.12077969280371997
2024-09-21 17:00:00,0.16144848245295812,55.28368015625438,10.839206370636536,17,5,60.18547252402586,0.0,0.12088615666506351
2024-09-21 18:00:00,0.18834934378715262,60.766778118752754,0.0,18,5,60.39161068524585,2.6828385993588837,0.11942923784200711
2024-09-21 19:00:00,0.20338820799076196,59.15965146454296,0.0,19,5,59.23582747491738,2.8047794600527127,0.11798579462853877
2024-09-21 20:00:00,0.19909347175277511,57.55181575290204,0.0,20,5,55.99917172097891,0.0,0.11757061289818117
2024-09-21 21:00:00,0.1767755926314048,51.85806241456843,2.272367303948796,21,5,48.96617736453039,1.025683154787471,0.11618268267101813
2024-09-21 22:00:00,0.15283135610101203,52.38376761008068,0.0,22,5,45.03875491835283,3.111151150520654,0.11449089137235331
2024-09-21 23:00:00,0.12708381604505842,48.01052447895367,0.0,23,5,35.43387951291027,0.0,0.11316759981647567
2024-09-22 00:00:00,0.08005798635943769,38.454868191270776,0.0,0,6,38.42184762945409,0.0,0.11203282210032368
2024-09-22 01:00:00,0.09765907143463579,40.82247268291589,0.0,1,6,38.539706076084045,1.9487514946133988,0.11206989585891118
2024-09-22 02:00:00,0.09961122118586269,38.11324031648608,5.811325866405401,2,6,34.655342843122,2.028370167199634,0.11256728763727379
2024-09-22 03:00:00,0.1012588279228888,39.44760789627715,0.0,3,6,37.89040257793639,1.201363322857863,0.11293969792876574
2024-09-22 04:00:00,0.08432741410236422,40.17084662646117,2.3852709503669245,4,6,44.93150895085855,0.7118405145799299,0.1123595670371989
2024-09-22 05:00:00,0.10383764232415948,40.98820319687976,3.8113705958474555,5,6,45.64176239859108,1.088045262741583,0.11344611582481816
2024-09-22 06:00:00,0.07669728867129659,42.6835725329572,0.0,6,6,48.328468474471855,9.778718182958464,0.11317218934773299
2024-09-22 07:00:00,0.08642780603104866,54.50508383891558,10.822491508783816,7,6,47.39204456895286,17.263652139426824,0.11367065534220223
2024-09-22 08:00:00,0.0863166410819322,47.27430794788766,22.330394637088848,8,6,48.032678419682334,24.481900075020494,0.11341530248990946
2024-09-22 09:00:00,0.07093370500142082,45.32730463601847,29.244832208665333,9,6,44.489683722877615,36.989729229056564,0.11274257099746005
2024-09-22 10:00:00,0.0774960425308755,45.907534994694075,36.58600988261607,10,6,40.09266632298388,39.69969904129611,0.11292356982444195
2024-09-22 11:00:00,0.07810164733479594,42.49209316785688,34.743044325115264,11,6,39.26546023081778,42.06196879973096,0.11262406067892448
2024-09-22 12:00:00,0.0499969346327711,35.75770624861152,42.72564073346151,12,6,39.66671770532997,37.07588518623636,0.11223347477097195
2024-09-22 13:00:00,0.06887721567816323,44.20179495741103,37.695172522967816,13,6,39.72750422833591,35.60939786753668,0.11238104794917515
2024-09-22 14:00:00,0.06247480847683548,42.40342810922536,36.545236506526194,14,6,43.737539475454064,29.06061267822097,0.11111658424058725
2024-09-22 15:00:00,0.12714846953028044,42.829694502357455,32.06038156466009,15,6,50.833321613199345,23.974477474668536,0.11167294574268265
2024-09-22 16:00:00,0.1320563138002057,55.03636834527905,22.73408675854429,16,6,54.61040750710319,12.941240405194335,0.11217705445250405
2024-09-22 17:00:00,0.16170564248443287,58.30856551897705,11.77684563655551,17,6,59.625243695918094,0.0,0.11218776945381552
2024-09-22 18:00:00,0.19364623005562234,56.180545594610216,2.2474490366458135,18,6,58.498561964690026,1.4127482395029394,0.11240847304833508
2024-09-22 19:00:00,0.21883829254450704,67.39685273676112,2.409438688610748,19,6,61.829691157343554,0.0,0.11305222657140779
2024-09-22 20:00:00,0.20865440212518516,62.33519072196024,5.234254064843741,20,6,60.4669218619995,0.0,0.1134505986702582
2024-09-22 21:00:00,0.15797619139817662,56.27333540895863,0.0,21,6,53.28336028969371,4.832662973705654,0.11266729028554036
2024-09-22 22:00:00,0.16810243128976804,56.3172692686813,0.5738494770483604,22,6,48.62168099507513,0.0,0.11330358508507186
2024-09-22 23:00:00,0.1357452470078289,46.87036451300932,3.2622338314163906,23,6,48.06159994633161,2.9104967294352737,0.11366447804185396
2024-09-23 00:00:00,0.10592329618442858,46.719489109997355,0.0,0,0,47.3608989690927,0.0,0.11474219928456192
2024-09-23 01:00:00,0.1035750074747474,44.716766915530116,0.0,1,0,47.10090985976469,0.0,0.11498869661956657
2024-09-23 02:00:00,0.06982878726520525,48.78978546422673,1.7263056110396973,2,0,45.45991985142532,0.0,0.1137477618728725
2024-09-23 03:00:00,0.09387782218818394,48.8141025727598,0.0,3,0,49.674478567092436,0.7074181086487258,0.11344021996725982
2024-09-23 04:00:00,0.11452919106385713,48.34134349268438,0.0,4,0,51.63834833792826,0.4932103885591475,0.11469862734065533
2024-09-23 05:00:00,0.12035510287530349,47.848975107258035,1.7518967528294307,5,0,52.55198339102488,1.393550746898237,0.1153868548636197
2024-09-23 06:00:00,0.11713496262233752,53.89377809691983,5.008965552602369,6,0,57.56760381481973,9.01048281838183,0.11707175794491305
2024-09-23 07:00:00,0.10928506572444308,56.29223953455896,4.696216900353649,7,0,56.42846066346799,20.205063092113374,0.11802414376547116
2024-09-23 08:00:00,0.1247333424762835,53.54923344408578,23.670004772710403,8,0,55.29340275496329,26.053311975991114,0.11962483965690246
2024-09-23 09:00:00,0.11014472042786608,51.8441139679828,19.53445490903451,9,0,55.16471443844006,38.91416906330805,0.12125863196633768
2024-09-23 10:00:00,0.08825865764399428,55.42299455246132,33.399131758627995,10,0,51.64301408663296,35.13530523256109,0.12170707426271764
2024-09-23 11:00:00,0.11362920418609929,42.45591661136379,45.256312719358874,11,0,48.884950708107624,37.88221680511193,0.12318738913152194
2024-09-23 12:00:00,0.07075219399829191,50.006153067856935,39.03460040911041,12,0,49.009692413831615,37.6289192129731,0.12405219160508531
2024-09-23 13:00:00,0.0679513936369639,48.17515893861117,39.129291411883315,13,0,52.15019642957661,41.48914417077894,0.124013615686702
2024-09-23 14:00:00,0.0904023550185083,55.98704007298007,37.470166666970734,14,0,51.809673090201,30.561318986443524,0.1251772634592717
2024-09-23 15:00:00,0.1055463219822301,53.90137591837169,22.406533914932112,15,0,58.81252052426786,17.70184493689836,0.12427717397810294
2024-09-23 16:00:00,0.1371272398231551,62.43840884556906,20.34419909239186,16,0,62.871985644454035,12.70245088705758,0.1244884625623925
2024-09-23 17:00:00,0.18874807756714734,64.13207957852475,10.62506156423004,17,0,69.34658628478024,1.444323761245219,0.12561523069083894
2024-09-23 18:00:00,0.21168924853273707,69.68687424061554,6.518123406370595,18,0,72.98290474987719,0.766484552384373,0.12636702312738538
2024-09-23 19:00:00,0.23166061444520616,73.16354472749691,0.0,19,0,70.27715676276068,1.9482793942772183,0.12690128653991453
2024-09-23 20:00:00,0.22036404609612725,67.8426610315661,0.0,20,0,64.37876722336182,0.16260026205422848,0.12738918837203708
2024-09-23 21:00:00,0.1733083360092665,68.59073878997002,0.0,21,0,58.911175583744644,0.478233636273636,0.12802802773083252
2024-09-23 22:00:00,0.14759829029856442,57.14453606456719,0.0,22,0,53.948678989013985,0.0,0.1271736885228657
2024-09-23 23:00:00,0.13562480763130036,56.39910888155761,3.945909544726024,23,0,50.90503960691624,4.040677012946507,0.12716867021551034
2024-09-24 00:00:00,0.09964979300427367,49.858252472727635,0.09328025700286188,0,1,47.062302289295395,0.0,0.12690727424967055
2024-09-24 01:00:00,0.1062565995871982,49.038297670005804,0.0,1,1,47.42381634849802,0.0,0.127019007254356
2024-09-24 02:00:00,0.13000491560027783,53.15693807347364,0.0,2,1,43.16316423498321,0.0,0.12952634593498402
2024-09-24 03:00:00,0.10409821959312483,44.942417671405195,0.0,3,1,46.02894028572618,0.0,0.12995219582685655
2024-09-24 04:00:00,0.08909563764333903,43.97753985019807,0.0,4,1,50.385028085370365,0.0,0.12889246443433497
2024-09-24 05:00:00,0.09762492697990635,47.29150950192623,0.0,5,1,52.57812883392891,2.1774197198803176,0.12794537377202675
2024-09-24 06:00:00,0.13571888710654517,55.68786918601964,0.0,6,1,56.878162218913374,12.972254084680912,0.12871970395886875
2024-09-24 07:00:00,0.12620566105825476,58.20539944813606,8.987289926966737,7,1,58.1525594155419,14.305121643833319,0.12942472876444422
2024-09-24 08:00:00,0.10877339929724875,58.240022984383195,17.13859156829645,8,1,57.85126839573718,26.547158417235213,0.12875973113198444
2024-09-24 09:00:00,0.07933281690311644,53.05690134455363,28.53119286193587,9,1,49.97263086680066,33.038116589482826,0.1274759018184532
2024-09-24 10:00:00,0.09666623389018295,56.1649294883993,35.11842293742089,10,1,48.66795246253473,37.751037305823615,0.12782621749537773
2024-09-24 11:00:00,0.09204824155246674,46.95935434052371,36.28477906259673,11,1,49.246065135167896,44.35944771104707,0.12692701071897636
2024-09-24 12:00:00,0.084212683315454,53.15392845466323,39.077290553734414,12,1,48.50666871626628,35.95502408956984,0.1274878644405248
2024-09-24 13:00:00,0.07877334361610105,58.945278086947226,45.788227356770705,13,1,51.27654616881943,38.653563745331255,0.12793877902298886
2024-09-24 14:00:00,0.09110404713755843,53.06974500946957,41.70032616211481,14,1,55.79497943982707,27.579144065372127,0.12796801619461592
2024-09-24 15:00:00,0.10697342523223224,57.44287063124512,24.29921529941439,15,1,58.93464369513627,24.19171760311581,0.12802747883003268
2024-09-24 16:00:00,0.12776553169668958,58.84735850897345,16.590313557648194,16,1,65.8831945251486,9.373833877545348,0.12763740765809664
2024-09-24 17:00:00,0.19522519499586502,59.70597165248412,6.536601878277267,17,1,70.50729962162566,0.0,0.12790728755095987
2024-09-24 18:00:00,0.22330695790544117,67.49062859723941,3.699688789902842,18,1,71.03227637422495,0.0,0.12839135877482255
2024-09-24 19:00:00,0.22258233108465994,67.40485346651299,0.0,19,1,70.86074529191336,3.618302005612751,0.1280130969681331
2024-09-24 20:00:00,0.21999176220663347,64.78887508875296,0.8388598525870491,20,1,61.15233080169314,0.4432857635207879,0.1279975851394042
2024-09-24 21:00:00,0.20116229353663473,71.00976538343745,6.989385666483093,21,1,59.248749775363954,0.5859069644160553,0.12915816670304456
2024-09-24 22:00:00,0.19804546276439344,61.29397973846666,0.0,22,1,57.33752401265426,1.7827535360122673,0.1312601322224541
2024-09-24 23:00:00,0.15256215957727146,56.76786245281179,2.471870526150622,23,1,45.274171271863715,0.0,0.1319658552202029
2024-09-25 00:00:00,0.115017201829459,46.014005849176755,1.8214726225513762,0,2,45.02313163498524,0.9427267037915701,0.13260616392125227
2024-09-25 01:00:00,0.1069255862102338,46.470062290455985,0.0,1,2,46.86885014610792,0.0,0.13263403836387874
2024-09-25 02:00:00,0.10128623211857292,50.20794870908444,3.7070660610965063,2,2,47.44785748324439,4.119542962487851,0.13143742655214105
2024-09-25 03:00:00,0.12396315335875545,47.37901676497287,0.0,3,2,47.41849565336695,1.172253824702008,0.13226513212570898
2024-09-25 04:00:00,0.11328545252844541,50.186110114190946,4.689579252554616,4,2,54.25760157608617,1.9396341416272602,0.13327304107925508
2024-09-25 05:00:00,0.09983935163050822,49.943240154004805,0.0,5,2,54.244506538668674,0.0,0.13336530877303018
2024-09-25 06:00:00,0.11752714144541689,52.57663578072034,0.0,6,2,54.903352354242195,12.067814762444259,0.13260731937048315
2024-09-25 07:00:00,0.11457399173874064,52.20699278654634,6.279257988432699,7,2,55.13085885564416,18.993270371352146,0.13212266648217008
2024-09-25 08:00:00,0.07647289859394782,51.6810767319349,16.255476487155995,8,2,57.55858904369963,23.539523338999256,0.1307768122861992
2024-09-25 09:00:00,0.0870139722404444,55.9104378762822,26.069890861570634,9,2,51.95486872279342,34.024278242630096,0.13109686042525454
2024-09-25 10:00:00,0.09733775258141202,53.9888156221229,25.24861613048668,10,2,55.28072029182891,33.401325491725274,0.13112484037072242
2024-09-25 11:00:00,0.06435034071671325,46.85986556953556,36.83586816673239,11,2,50.398247457532186,40.6916488748607,0.1299707611692327
2024-09-25 12:00:00,0.0627126268241476,49.43204228094457,37.20285901968322,12,2,51.01849113364288,41.667650265911576,0.12907492548209493
2024-09-25 13:00:00,0.08236793539868223,50.070555392467504,40.41757020598839,13,2,52.49154773551648,28.744742471241786,0.12922470013970247
2024-09-25 14:00:00,0.10135415077313467,45.09494777904884,35.23876866742271,14,2,57.91713552695219,27.47961728920973,0.1296517877911848
2024-09-25 15:00:00,0.12110340860129054,52.745597744804186,25.086834980872972,15,2,55.730884438557496,19.02869037625457,0.13024053709822891
2024-09-25 16:00:00,0.1604952138292954,61.824826287390984,17.885456767023584,16,2,63.189186269996526,4.518166657518383,0.13160427385375414
2024-09-25 17:00:00,0.18421764988643646,66.83431427202657,9.26780223630334,17,2,71.5846786309653,2.566211215952477,0.13114562614086128
2024-09-25 18:00:00,0.20508021326001166,65.82464288445513,5.200847940665477,18,2,74.00035011970323,1.7519892177297405,0.13038617844730171
2024-09-25 19:00:00,0.2144145399529101,71.50622405762638,0.0,19,2,67.04579773892301,5.6730476594470876,0.13004585381681213
2024-09-25 20:00:00,0.21998814078536266,72.78806491243276,0.0,20,2,61.95802329496519,1.3892687818279965,0.13004570292425918
2024-09-25 21:00:00,0.2090377739267752,68.0819190958205,0.0,21,2,60.852935312816385,0.0,0.13037384794051504
2024-09-25 22:00:00,0.1778825239911973,60.21297722033784,0.0,22,2,56.620759090350575,1.4401406295798904,0.12953372549163186
2024-09-25 23:00:00,0.14404866892788207,54.15241005020756,1.074512682689232,23,2,47.39530711413541,3.597459877717677,0.12917899671457397
2024-09-26 00:00:00,0.11156534562825834,45.08664000990883,0.7101616587562347,0,3,47.001656544360465,0.0,0.12903516937285728
2024-09-26 01:00:00,0.1203163544718409,48.61793800156037,4.489666484923732,1,3,43.51534137067845,2.3867592099122352,0.12959311805042426
2024-09-26 02:00:00,0.1059016990889466,47.8433841819503,3.6449315270442533,2,3,46.830140208603794,0.0,0.1297854291741898
2024-09-26 03:00:00,0.12139943961484603,49.59425330629909,8.389908500861328,3,3,48.13375239250796,4.130187623309139,0.1296786077681936
2024-09-26 04:00:00,0.10024944484089668,49.007550656473974,0.0,4,3,49.57163844605695,2.2410863883786365,0.12913544078121242
2024-09-26 05:00:00,0.11225928588086548,53.28816349019516,0.0,5,3,49.931713119250006,0.0,0.12965293804164396
2024-09-26 06:00:00,0.10780599433279547,54.07188607850202,0.0,6,3,57.976256125096356,11.005154913209367,0.12924789024528474
2024-09-26 07:00:00,0.11505613084962676,59.31778695006818,12.371741560886745,7,3,59.83906363666022,13.628260107071107,0.12926797937490497
2024-09-26 08:00:00,0.08944905671036478,60.894171538657446,19.605339330769393,8,3,55.25581178028022,25.42838419743781,0.1298086526297557
2024-09-26 09:00:00,0.09422142804541851,54.270615684949775,29.418854282531562,9,3,53.53374793345845,35.139698746041006,0.13010896328829627
2024-09-26 10:00:00,0.0706684567790613,48.119630199732654,29.25193340301067,10,3,50.079323545966155,36.69226712131961,0.128997742629865
2024-09-26 11:00:00,0.09457638938949667,56.012323768224746,38.30375485130723,11,3,48.66564225814935,41.899454804605604,0.1302571613245643
2024-09-26 12:00:00,0.09886768412347692,50.46133472930912,39.09913763425322,12,3,50.98254390408593,37.251597114729364,0.1317636220453697
2024-09-26 13:00:00,0.09654197169901453,44.5098572672848,37.559762829341686,13,3,53.126476244327606,33.13400905860597,0.13235420689121688
2024-09-26 14:00:00,0.10520715102563269,49.807615949313465,30.84743749167824,14,3,57.92120407298816,30.215207607331664,0.1325147485684043
2024-09-26 15:00:00,0.1247228088702365,58.24165933269653,31.302058484931067,15,3,62.7271048094575,18.245198985077327,0.1326655569129437
2024-09-26 16:00:00,0.14990274513823595,59.724280909786714,26.36654601213025,16,3,65.34977909349166,9.863252331471426,0.13222420405081622
2024-09-26 17:00:00,0.1910439995215477,64.05479473811347,6.047513882677963,17,3,75.29827643113444,0.2986732719689339,0.13250863528561255
2024-09-26 18:00:00,0.22865054963262677,74.09688951191035,2.521553928575358,18,3,74.19675915365926,0.0,0.1334907326344715
2024-09-26 19:00:00,0.2184739817398295,67.74553636957353,0.0,19,3,68.29774686023626,3.2486102599277804,0.13365987604225982
2024-09-26 20:00:00,0.2141330871130658,67.05993598843827,2.3401348231886043,20,3,65.94614814220853,0.0,0.13341591547258078
2024-09-26 21:00:00,0.19967780955267467,66.36938728917856,0.0,21,3,56.64393002226283,0.0,0.13302591695699326
2024-09-26 22:00:00,0.1664734311279492,61.86501246332934,0.0,22,3,55.80211446047365,0.0,0.13255053808769124
2024-09-26 23:00:00,0.12633552475191387,57.33589690471012,0.0,23,3,50.546160770631595,0.0,0.13181249041369256
2024-09-27 00:00:00,0.095294591550115,50.1147329881205,0.0,0,4,52.78175252270661,4.154477819521513,0.13113454232710328
2024-09-27 01:00:00,0.1077594651432275,47.85459516815095,2.9357779442874,1,4,47.07472328888449,0.0,0.1306113386050777
2024-09-27 02:00:00,0.11975105683438672,48.8833089582166,0.0,2,4,48.348154142558684,0.0,0.13118839517780437
2024-09-27 03:00:00,0.10695263621444409,46.84891974268441,0.0,3,4,49.894407398005676,4.362361073589306,0.13058644503612096
2024-09-27 04:00:00,0.1420239365088296,48.8844179105644,0.0,4,4,54.72575487785078,0.0,0.13232704885561816
2024-09-27 05:00:00,0.094390252480717,51.1104571109756,5.533670393551561,5,4,51.90147018276292,1.4403323844224056,0.13158250579727865
2024-09-27 06:00:00,0.11788798208330979,54.555732893378924,1.511163527475998,6,4,62.216038041606126,5.80115792207246,0.13200258862021674
2024-09-27 07:00:00,0.12781063727057707,59.37713932843225,5.658557265225742,7,4,57.571623785669324,22.806616628459718,0.13253402638775635
2024-09-27 08:00:00,0.1144109955234491,59.98223374142829,17.241693767449803,8,4,54.60302190954874,26.375750797812124,0.13357410717163484
2024-09-27 09:00:00,0.10594341609275583,57.08482419667039,32.16259015799303,9,4,53.373397627594706,29.86933576793029,0.1340625233402739
2024-09-27 10:00:00,0.10582762235503847,51.414716883628344,35.220838556783775,10,4,49.55216550330606,33.64177532270196,0.1355274885726063
2024-09-27 11:00:00,0.08810860853455073,51.38792354049947,33.28122536690742,11,4,50.57676706000077,42.514380622629,0.1352579977036502
2024-09-27 12:00:00,0.10386078175261773,49.64859876508413,36.8477013037716,12,4,46.789652743325156,34.85374668101162,0.13546604343819774
2024-09-27 13:00:00,0.1010113855596645,50.71262207399525,35.672160465897875,13,4,52.47334730225578,29.930095414460855,0.13565226901572483
2024-09-27 14:00:00,0.0852288884554688,59.25094820898326,30.837623203029366,14,4,57.19782836153992,25.503630833247282,0.13481984140863465
2024-09-27 15:00:00,0.11850881937008975,54.19381759150175,20.73048277651776,15,4,63.68314364015173,19.018266816412073,0.1345609251794619
2024-09-27 16:00:00,0.12348811206881809,62.06880051633375,16.519548090191314,16,4,67.15283234089455,10.203911597373075,0.13346031546823614
2024-09-27 17:00:00,0.19849512292349328,69.21069878083706,14.641014732211541,17,4,72.55484540262617,1.2442012765534898,0.1337707789433172
2024-09-27 18:00:00,0.2216449324198766,70.02590256974752,0.0,18,4,69.9837487783059,0.6573309100571988,0.13347887822611929
2024-09-27 19:00:00,0.2534580935630241,78.67618850507328,0.0,19,4,70.50063613146264,1.8119884023661372,0.1349365495520857
2024-09-27 20:00:00,0.2185140073342865,68.50252988543363,0.4918397639875093,20,4,61.33272546582254,0.0,0.13511908789463659
2024-09-27 21:00:00,0.16925506323448666,66.82826496616889,7.7634948814924405,21,4,60.48580964877241,5.802102580401532,0.13385147346471207
2024-09-27 22:00:00,0.19841183630471457,58.15760718282,0.031061699959364746,22,4,56.6193306453596,0.0,0.1351822403470773
2024-09-27 23:00:00,0.14026054623640827,54.72094892808187,3.8288087375422895,23,4,39.25200005283005,3.786702560596377,0.1357624495755979
2024-09-28 00:00:00,0.08099746292390014,39.09412348089716,0.0,0,5,35.16975296123343,0.0,0.13516673588283895
2024-09-28 01:00:00,0.10674889922363648,41.026080303482814,0.0,1,5,37.63571225394033,0.0,0.13512462896952265
2024-09-28 02:00:00,0.11742872434643864,39.43714754461711,0.04393453088599769,2,5,38.27563209290569,0.0,0.13502786511585815
2024-09-28 03:00:00,0.09056235546835906,42.80632061249182,0.0,3,5,38.924396869686205,0.8510620997199969,0.13434493675143797
2024-09-28 04:00:00,0.09177074732729121,39.47865806843835,0.0,4,5,43.31512315021106,3.253485176594757,0.13225105386887384
2024-09-28 05:00:00,0.09570716974169514,40.80217216144714,3.108178275346444,5,5,44.53252771168927,0.0,0.1323059254214146
2024-09-28 06:00:00,0.08779139435817332,53.61893492418003,0.0,6,5,48.202429587492546,7.167324323331868,0.13105190093286725
2024-09-28 07:00:00,0.08330961448460081,49.265336144509895,9.624620440842481,7,5,48.325292082795166,19.673895913518287,0.12919769165011824
2024-09-28 08:00:00,0.11100598044184243,47.00219033420146,21.0733043537248,8,5,50.17174239319796,26.286983132031626,0.12905581602171798
2024-09-28 09:00:00,0.08449613649666624,45.82044947032397,23.40846954719665,9,5,47.38115213019726,30.563752597667925,0.1281621793718809
2024-09-28 10:00:00,0.07093389093263062,42.08610803106736,36.037513276427276,10,5,41.65345574794888,32.33647510700531,0.12670827389594722
2024-09-28 11:00:00,0.07001937360629903,45.26716117556851,36.17350172950063,11,5,46.53819786528299,38.050885537070165,0.12595455577393674
2024-09-28 12:00:00,0.08478008506273274,39.671012061620125,36.607544874170564,12,5,39.66024914525492,37.74661761610816,0.12515952674519154
2024-09-28 13:00:00,0.04990271366191411,41.60076466282175,28.88989223021025,13,5,45.30322477602247,33.580463499766935,0.12302999874945193
2024-09-28 14:00:00,0.08651141843224155,43.085603190059494,30.89592145522777,14,5,45.06665285578695,26.36833877565197,0.12308343749848415
2024-09-28 15:00:00,0.13219662905898666,49.30942991037268,27.594674174549816,15,5,53.36228787378637,15.636763360061089,0.12365376290218817
2024-09-28 16:00:00,0.15387917072446622,49.10665828003172,24.70144448873767,16,5,58.28039187471614,10.505061771385627,0.12492005701284019
2024-09-28 17:00:00,0.1655424045658633,53.44855257212563,11.611920871860404,17,5,58.78758393205384,0.6715188318450451,0.12354702708127226
2024-09-28 18:00:00,0.21031261861679035,61.52881154973856,3.9417568112242254,18,5,62.032641916839204,0.0,0.12307484733947699
2024-09-28 19:00:00,0.226495463903592,64.21691755689,0.0,19,5,64.54649823383141,0.0,0.12195140443700068
2024-09-28 20:00:00,0.2001805059711999,61.87512274301479,0.0,20,5,55.26134003637647,1.026004949176839,0.12118750854687205
2024-09-28 21:00:00,0.18159010747097584,54.29969124376126,4.272612548151024,21,5,52.616281262841476,0.0,0.12170146872339244
2024-09-28 22:00:00,0.1720803773377603,53.98050078329799,0.0,22,5,47.61555957523834,0.0,0.12060432459976934
2024-09-28 23:00:00,0.10563019656213225,44.56423683596236,3.378279201405859,23,5,38.312238351203874,0.0,0.11916139336334118
2024-09-29 00:00:00,0.09991977693450091,36.7278805970244,2.5666125261011654,0,6,34.954915821729344,0.0,0.11994982311378288
2024-09-29 01:00:00,0.09733745714000844,35.39652531770064,0.9615327695743706,1,6,40.172563437081266,1.5660227957812454,0.11955767969363172
2024-09-29 02:00:00,0.09423641079119763,42.67902008414115,0.0,2,6,38.899654951070474,7.275473536335867,0.11859133329549666
2024-09-29 03:00:00,0.09316721322982778,40.903371318621154,0.0,3,6,42.0895077004533,0.37510256916197404,0.11869986903555786
2024-09-29 04:00:00,0.09574169592638002,41.81779515722027,6.213827529361598,4,6,42.42789696005057,0.0,0.11886532522718657
2024-09-29 05:00:00,0.09663748129935001,45.955457297300775,2.2115188120341065,5,6,45.19439033679282,0.0,0.11890408820875552
2024-09-29 06:00:00,0.11380126355857544,54.06592946796288,1.192156436364071,6,6,48.848127024283116,9.500015812096043,0.11998783275877227
2024-09-29 07:00:00,0.09731579983830341,42.633521426495875,8.025264652525314,7,6,47.428738945158784,20.413563533250006,0.12057142381517655
2024-09-29 08:00:00,0.0874883509333457,47.04099551523905,18.427647124081307,8,6,51.25757525676812,29.35111486431744,0.11959152258565585
2024-09-29 09:00:00,0.07600355626156806,46.16960253287229,26.44968392771285,9,6,44.45112436471162,35.58288647130383,0.11923766507586009
2024-09-29 10:00:00,0.07531526445500869,42.47933025865601,33.087601426273395,10,6,41.644285460994595,36.847654023737626,0.11942022230595918
2024-09-29 11:00:00,0.0785778695972067,38.92114213720788,37.913603263702704,11,6,43.52088132609535,36.587973491184705,0.11977682630558034
2024-09-29 12:00:00,0.06343335196018321,39.9773988866143,33.851542500539956,12,6,41.78715842444743,39.4969378698966,0.1188873790929741
2024-09-29 13:00:00,0.08496400134798884,37.399342144507884,30.21032287484642,13,6,42.91520017738285,30.715030371900454,0.12034826607989389
2024-09-29 14:00:00,0.08861628135206963,44.46023581709465,31.983019509163128,14,6,47.895563684781266,26.02571626926543,0.12043596870155338
2024-09-29 15:00:00,0.11637233315916125,47.23335812624623,19.757912802181075,15,6,53.16747682722679,17.613472527736633,0.11977662303906066
2024-09-29 16:00:00,0.12184058854539356,53.45480039721726,17.16228293803865,16,6,56.75297392700881,3.5026220710608147,0.11844168211493265
2024-09-29 17:00:00,0.15461746908015686,58.61438422573866,7.688074365842034,17,6,62.75498962949996,3.5609201417571574,0.11798647646969486
2024-09-29 18:00:00,0.21167977199069019,62.83995139043581,1.7211186727058467,18,6,59.85200839924175,1.8914537833691678,0.11804344119360737
2024-09-29 19:00:00,0.20241519732568214,61.19820854072688,6.939089624202081,19,6,61.43390821192516,0.0,0.1170400967528611
2024-09-29 20:00:00,0.20508334924547467,67.69794752224306,0.0,20,6,58.5897518378984,2.804911433035202,0.11724438188928925
2024-09-29 21:00:00,0.17862917351903668,57.73939204232839,7.959647606114403,21,6,53.15540879122014,0.0,0.11712100964129175
2024-09-29 22:00:00,0.15052613856568192,45.95186737291916,0.0,22,6,42.56176218003299,2.767928900088471,0.11622291635912184
2024-09-29 23:00:00,0.10572617863882232,43.83625870892947,1.21733038760403,23,6,47.243364596930604,0.21221222330962394,0.11622691561231725
2024-09-30 00:00:00,0.12161570788175481,41.92694014311596,0.0,0,0,45.08884821942442,0.0,0.1171309127351195
2024-09-30 01:00:00,0.10007486844196133,47.57239285775937,3.489050495792122,1,0,50.18660222479276,0.07378984929236355,0.11724497153936753
2024-09-30 02:00:00,0.12747878176632704,47.22528209914812,0.14515387723103462,2,0,47.194820031004525,0.0,0.11863007032999794
2024-09-30 03:00:00,0.09046623580079877,46.477205601719504,0.0,3,0,51.33096950779161,0.0,0.11851752960378838
2024-09-30 04:00:00,0.11918696820817225,55.41652536239366,0.0,4,0,48.63003851380385,2.4276812023209193,0.11949441594886306
2024-09-30 05:00:00,0.11018574305978367,52.82087139435518,0.2582888484659959,5,0,54.946482889393515,1.096327679406456,0.1200589268555478
2024-09-30 06:00:00,0.08932960383994165,56.48871207789137,2.9603991333580093,6,0,57.2186716107819,13.509845208836499,0.1190392743672714
2024-09-30 07:00:00,0.11222979745338882,54.22335524525778,8.489677408066154,7,0,64.03168454182122,16.894112823043724,0.1196606909345666
2024-09-30 08:00:00,0.07853562574852209,55.306282369450685,22.108088493877265,8,0,59.596963625151204,22.757438836633188,0.1192876607185323
2024-09-30 09:00:00,0.09458261141985609,57.358885847005155,29.41870144941707,9,0,56.529467037886356,32.96277965931942,0.1200617880167943
2024-09-30 10:00:00,0.1062358804015274,54.855321344831886,28.930293452987065,10,0,55.52476946114885,32.43591148179929,0.12135014701456591
2024-09-30 11:00:00,0.08108344463511785,45.52895696243763,40.35311948584549,11,0,50.60356932178723,35.128235975922415,0.12145454597447887
2024-09-30 12:00:00,0.07306139099658489,49.45905166613709,36.15531394338327,12,0,50.19320695900135,36.240488198407114,0.12185571426766229
2024-09-30 13:00:00,0.0952177539301575,50.43725014629332,34.94432935781202,13,0,52.06079792916754,30.821479516539565,0.12228295395858596
2024-09-30 14:00:00,0.09246140305764257,51.79936835817145,31.52056157168959,14,0,56.8233022606811,24.08512160904456,0.12244316736298484
2024-09-30 15:00:00,0.10978928778219925,53.56481962582943,25.696173476091246,15,0,55.475008881256144,14.070936820865589,0.12216887380561144
2024-09-30 16:00:00,0.16230214642270185,59.28874153549005,8.792924035817958,16,0,66.09405104357714,11.939948568251726,0.12385477205049927
2024-09-30 17:00:00,0.16851269534431845,65.52344920872743,8.667380238593303,17,0,70.46365798140445,0.0,0.12443373981150602
2024-09-30 18:00:00,0.21371360047478993,70.30063498268672,0.0,18,0,71.18116163145172,1.7306602693603619,0.12451848266501016
2024-09-30 19:00:00,0.23673001575461833,73.42819565038926,5.692174957754868,19,0,66.9482190322406,1.3607792244527581,0.12594826676621584
2024-09-30 20:00:00,0.20494972247023815,73.46877393732224,5.551290471024201,20,0,65.78928474535626,3.055603729534569,0.1259426989839143
2024-09-30 21:00:00,0.21593493009019632,65.14704520196261,2.9817841635945572,21,0,57.9441656104598,0.0,0.12749710550771262
2024-09-30 22:00:00,0.16558657470962626,59.551864201413494,0.0,22,0,59.69112202203894,0.0,0.12812462368037697
2024-09-30 23:00:00,0.1558337767549255,57.544104698355284,0.0,23,0,47.08204135495525,0.0,0.13021244026854795
2024-10-01 00:00:00,0.1200206340273984,49.55144548640615,0.0,0,1,43.49170598398915,0.0,0.13014597885794976
2024-10-01 01:00:00,0.10317229667539668,46.22767270393321,6.799246672491115,1,1,47.30222895886523,0.9552576904386587,0.13027503836767623
2024-10-01 02:00:00,0.10449480161764536,50.24450998829698,0.0,2,1,49.86715665385875,0.0,0.12931737252814782
2024-10-01 03:00:00,0.1106870717909762,51.21103297258333,0.0,3,1,49.433909996628046,0.8842035408474921,0.13015990736107189
2024-10-01 04:00:00,0.1181234384849067,53.21515053870621,3.6055792796988775,4,1,49.33660609352596,4.108417669478356,0.1301155936226025
2024-10-01 05:00:00,0.09961670104466222,56.854945144698945,5.251760897662627,5,1,52.9088929974657,0.0,0.12967521687197245
2024-10-01 06:00:00,0.09075060676620175,51.49285772343935,5.807254905082828,6,1,56.72928796307823,5.483361300987422,0.12973442532723328
2024-10-01 07:00:00,0.12140805654062073,57.34745672242299,12.797813941302394,7,1,57.72441121159139,16.545184707590504,0.13011685278920126
2024-10-01 08:00:00,0.0928046092242674,58.63982669677609,21.908026804353312,8,1,54.822168012875636,21.051961694385923,0.13071139376735733
2024-10-01 09:00:00,0.10233162033580125,57.027464876477325,25.220678910224652,9,1,54.26669504853061,34.39781547410563,0.13103426913885505
2024-10-01 10:00:00,0.09055812416214391,52.32424920107878,23.394954891074555,10,1,48.901877554025084,34.436589317582474,0.1303810292955474
2024-10-01 11:00:00,0.08554948902797738,46.81554761275092,34.29658922271705,11,1,52.034315876906774,33.36574541356696,0.1305671144785832
2024-10-01 12:00:00,0.10107087747142286,50.43280041243487,37.580920571531124,12,1,52.63462322478378,32.631408271782725,0.1317341764150348
2024-10-01 13:00:00,0.08459144603032308,48.03367341643124,33.72556037948513,13,1,50.581662861058795,27.352072966625567,0.131291413585875
2024-10-01 14:00:00,0.09117370612538084,52.86321687291792,30.029063157706723,14,1,54.834573165048376,27.866602151182605,0.1312377595470308
2024-10-01 15:00:00,0.1114134164831784,53.72692165778892,21.66099651447313,15,1,60.269445893256645,22.84685732224886,0.13130543157623825
2024-10-01 16:00:00,0.13546491816806783,57.596539456822256,14.196622332579489,16,1,66.12655508541872,4.980136078497141,0.13018721373229517
2024-10-01 17:00:00,0.16896511258368063,66.93934542725292,15.597115728111,17,1,70.62396243988525,2.9211306766392533,0.13020606445060193
2024-10-01 18:00:00,0.20696789374697902,70.59321583880181,6.560212294580502,18,1,72.51916006379666,0.0,0.12992499333694316
2024-10-01 19:00:00,0.25200190922415094,73.44675694034088,0.0,19,1,70.989669850301,3.5489729915862505,0.130561322231507
2024-10-01 20:00:00,0.23647313075685647,77.1049901799023,0.9853326178252444,20,1,69.29688106881095,0.0,0.13187479757678275
2024-10-01 21:00:00,0.19539962101168887,67.07647646301098,0.0,21,1,61.23248420617214,0.6311051588191575,0.1310191596985116
2024-10-01 22:00:00,0.18083175369912613,62.66401772947431,2.249011974788089,22,1,53.638835560123894,0.0,0.13165437548974077
2024-10-01 23:00:00,0.11538584809888021,52.79560233655651,6.158772100649699,23,1,44.47898783925522,1.8454493281551094,0.12996904512907223
2024-10-02 00:00:00,0.12150810662530978,43.57924689921829,0.0,0,2,50.989296795369036,0.17119725622160592,0.1300310231539852
2024-10-02 01:00:00,0.12670080672699008,52.78277727507958,1.6235915489583783,1,2,48.835171553948534,0.06231683663851807,0.13101137773946828
2024-10-02 02:00:00,0.13183444513979078,44.860724521261936,1.886577849257641,2,2,48.589873498856086,0.0,0.132150529552891
2024-10-02 03:00:00,0.1171302308307871,44.83634780722784,1.8466228021124012,3,2,50.08038569599415,4.374436843695715,0.1324189945128831
2024-10-02 04:00:00,0.11020847078239693,49.05724625574876,5.749861837469642,4,2,51.58546504800289,0.0,0.1320892041919452
2024-10-02 05:00:00,0.12034429954357398,50.976311475431146,7.126063742599034,5,2,55.23237612842805,2.41999309261669,0.13295285412939986
2024-10-02 06:00:00,0.10347237133770962,51.47797750157429,0.0,6,2,56.658414570487984,10.77095135689309,0.13348292765321265
2024-10-02 07:00:00,0.09891308122656883,56.42767710772031,11.367221860302909,7,2,60.81474020191455,19.89680098670782,0.1325456370151272
2024-10-02 08:00:00,0.1008519322480209,62.63834931911998,17.702953457493965,8,2,56.39217876164587,21.77752005219232,0.13288094214111693
2024-10-02 09:00:00,0.11450919212226512,54.86272970256287,22.40641777669513,9,2,52.69592526222565,32.131859715049224,0.13338834096555288
2024-10-02 10:00:00,0.08271403443554634,50.04274754890274,31.099624678394537,10,2,48.28826569838682,34.57316973111426,0.13306150389361135
2024-10-02 11:00:00,0.07589913599182241,54.68625456501295,35.98018365949059,11,2,49.76138572221315,31.485792679973816,0.1326594058504382
2024-10-02 12:00:00,0.08674465775325532,51.812185258387046,35.57552137386497,12,2,53.12802560483316,33.035227319867786,0.1320624800288479
2024-10-02 13:00:00,0.09422384224832375,48.60736089595211,30.54580107653831,13,2,51.77394640459189,36.57575793817539,0.1324638298712646
2024-10-02 14:00:00,0.08701865275271445,47.625712237962645,28.529312889816115,14,2,53.61137419630096,23.521763270680484,0.1322907026474035
2024-10-02 15:00:00,0.12269501955174031,53.98567520566512,23.023145331372767,15,2,61.78571129650724,16.37871614416803,0.1327607694419269
2024-10-02 16:00:00,0.1595086305770572,61.04100092064975,14.459581645195293,16,2,64.9880640365422,10.27310228564949,0.13376259079230146
2024-10-02 17:00:00,0.19998135929118438,70.02035031671834,10.108502543375506,17,2,73.30741010051857,0.0,0.13505493440511412
2024-10-02 18:00:00,0.21859818703154277,66.8938135884814,1.4633923370257758,18,2,73.84285911798366,0.393268894234707,0.1355395299586376
2024-10-02 19:00:00,0.2255043463056942,71.42319996632044,3.4283116031051866,19,2,67.66904549266012,0.0,0.13443546483703525
2024-10-02 20:00:00,0.24501438889189614,72.37129799407285,0.0,20,2,65.94196944774176,1.1266811116738709,0.1347913505926619
2024-10-02 21:00:00,0.19132005449868078,58.669703429789394,0.0,21,2,59.70182234277864,0.0,0.1346213686546199
2024-10-02 22:00:00,0.179000623449954,64.52048076731684,5.440993081759332,22,2,54.02339837181299,5.465579827720669,0.1345450715609044
2024-10-02 23:00:00,0.16385528694276338,52.560565712914624,0.0,23,2,47.68647777691045,0.12881948660768242,0.13656463151273285
2024-10-03 00:00:00,0.11877845709749248,48.86073233959225,0.10545860238071879,0,3,49.45518462462498,0.0,0.13645089611574046
2024-10-03 01:00:00,0.09664276214381633,48.60810517575467,0.0,1,3,47.75344129297197,2.8824215004226996,0.13519847759144155
2024-10-03 02:00:00,0.09255208805161008,51.38753232132819,3.9656078655257527,2,3,47.24566238422868,0.0,0.13356171271276737
2024-10-03 03:00:00,0.1023596530449656,50.0409229063822,4.101330382502602,3,3,44.87088582285493,4.736823111089102,0.13294627197169148
2024-10-03 04:00:00,0.11347564573751356,41.67602928170117,3.8962283520609677,4,3,50.03429261038248,0.0,0.13308240426148799
2024-10-03 05:00:00,0.11394968834646793,48.854629658934996,0.09298663975141762,5,3,55.57060389668313,3.338853335480136,0.13281596212827526
2024-10-03 06:00:00,0.14089834258590125,54.9092507877187,0.0,6,3,54.82070559592047,12.937759340347249,0.1343753775969499
2024-10-03 07:00:00,0.10881829933271413,56.88065182361429,15.59749783207577,7,3,61.37046731008004,15.642503142735077,0.1347880950180393
2024-10-03 08:00:00,0.09769357546845456,60.33369740945669,20.111842151903893,8,3,56.375635578726516,23.000730587374512,0.13465649681889066
2024-10-03 09:00:00,0.08448250851414173,60.06887828056306,22.605620309882887,9,3,54.990935190429056,29.337936708871105,0.13340538500188553
2024-10-03 10:00:00,0.10714982320370128,56.550541107044836,34.627001112483384,10,3,50.97267271877285,34.80350869179053,0.13442354286722533
2024-10-03 11:00:00,0.08737114161215931,51.08527121355471,31.18854760126781,11,3,47.98519771093733,31.434958675745783,0.13490154310140604
2024-10-03 12:00:00,0.06583252359597834,44.42955275619517,39.16698337627947,12,3,51.57460864311984,32.75734553841644,0.13403020417818615
2024-10-03 13:00:00,0.0858806035183966,49.2364765372878,38.23717486752036,13,3,51.59361733466054,28.76604579544862,0.13368256923110586
2024-10-03 14:00:00,0.08350676233047127,54.12202081520882,26.418445447294246,14,3,54.80340366978747,20.980251948251148,0.1335362404635124
2024-10-03 15:00:00,0.10954235399427933,52.98003478970237,26.24008080532962,15,3,56.56475262479459,14.188748768834847,0.13298821273195152
2024-10-03 16:00:00,0.14158072291430987,63.33713030655184,19.852428196424235,16,3,68.99656922729189,9.218343457798627,0.13224121657933705
2024-10-03 17:00:00,0.16608845458948968,69.29805423194087,18.01143425847055,17,3,70.32416945627764,0.3094709907411935,0.13082901221676643
2024-10-03 18:00:00,0.21379460881407836,70.71784628380638,0.0,18,3,74.0077984138627,0.0,0.13062886312437208
2024-10-03 19:00:00,0.20664385551686132,61.99056406655288,5.013901469478402,19,3,71.55221594799654,0.22187767907328512,0.12984300934150406
2024-10-03 20:00:00,0.20936937422442084,66.2219483733268,0.06071106311743959,20,3,68.60361980612545,0.0,0.1283578003970259
2024-10-03 21:00:00,0.19279581720656963,72.4265602771544,0.0,21,3,60.18507145090212,3.659854831254099,0.12841929050985462
2024-10-03 22:00:00,0.16240814569759351,59.56444014381693,0.0,22,3,53.7004923717685,0.0,0.12772793727017293
2024-10-03 23:00:00,0.12714648079604324,50.09614528155782,0.008626663848974873,23,3,49.425085732195534,3.0730979569596926,0.12619840368072627
2024-10-04 00:00:00,0.11889146742039255,51.85249162396067,0.0,0,4,48.18046980516946,0.0,0.12620311244418045
2024-10-04 01:00:00,0.10927955495010672,47.962810210777775,1.092607665980353,1,4,47.085476323640755,0.9037443088267345,0.12672964547777588
2024-10-04 02:00:00,0.12253670593129787,51.55401865414634,3.3523323942450363,2,4,49.864744923844576,1.6690205217547178,0.12797900455609618
2024-10-04 03:00:00,0.13106393782693998,49.26558586906257,0.8337022892170436,3,4,50.00097326619042,0.0,0.1291750164220118
2024-10-04 04:00:00,0.11894165773502988,50.85210131195378,0.0,4,4,52.7451534189412,0.0,0.1294027669219083
2024-10-04 05:00:00,0.11787456528411425,52.62890606335835,0.0,5,4,52.52355873301737,0.0,0.1295663034609769
2024-10-04 06:00:00,0.12518846447293033,56.80031019277313,0.0,6,4,59.56117360402778,10.78695757436472,0.12891172520626978
2024-10-04 07:00:00,0.11962172701994382,64.89371811541486,9.46868077907418,7,4,58.897434943076355,13.433177445814021,0.129361868026571
2024-10-04 08:00:00,0.10222526221458127,62.01391657014216,20.70707827046358,8,4,59.813998866299464,25.752220373906095,0.12955068830765962
2024-10-04 09:00:00,0.09773070407529162,52.58717270615202,24.7426380584166,9,4,56.641355412239115,30.02914417973685,0.13010269645604086
2024-10-04 10:00:00,0.08072453510018876,56.134165620200086,24.228282002535217,10,4,53.24490023567651,31.76868511169602,0.12900164278506118
2024-10-04 11:00:00,0.09751091101431639,55.525042708497026,30.530780252495376,11,4,50.21693199033405,33.03476576934426,0.12942413317681772
2024-10-04 12:00:00,0.08353066309647117,54.287826993534104,34.22641488338518,12,4,52.21450820070372,32.67211248713065,0.13016155565600493
2024-10-04 13:00:00,0.10300770397490108,49.43023380867182,36.43333970179519,13,4,55.11256706925958,33.781855003372854,0.1308751848416926
2024-10-04 14:00:00,0.10643725050701916,56.6188181866039,33.68018274811713,14,4,57.78428494946857,24.765255766372967,0.13183062184904878
2024-10-04 15:00:00,0.10713858465116538,59.53959489726549,30.002247617121384,15,4,61.82359908251466,14.183132570183433,0.13173046479308567
2024-10-04 16:00:00,0.16383735095493557,69.65046018930366,17.279820994151038,16,4,67.91624659014889,7.489220224369012,0.13265782429477843
2024-10-04 17:00:00,0.14764797386637507,64.09254334552799,11.379637197149247,17,4,69.36181618965647,0.0,0.1318894709313153
2024-10-04 18:00:00,0.24088050483325807,68.78954333601604,0.0,18,4,74.92399195926238,0.0,0.1330180499321145
2024-10-04 19:00:00,0.2119471339946039,70.91643190451842,1.5045855060651903,19,4,67.04952958603793,0.0,0.13323901986868708
2024-10-04 20:00:00,0.22660142689482293,68.8444734747182,0.0,20,4,66.56091363223555,0.3362138159316111,0.1339570220632872
2024-10-04 21:00:00,0.20123853892013344,63.644041791369126,0.0,21,4,60.60279846516284,3.567080852950985,0.13430880213468566
2024-10-04 22:00:00,0.16712148267111504,52.57415268418949,10.604434361052498,22,4,55.26497342975396,2.788165516565468,0.13450519117524906
2024-10-04 23:00:00,0.1379442604657967,55.1557185004943,1.062439826666504,23,4,39.61177233863108,0.0,0.13495509866148878
2024-10-05 00:00:00,0.06725374474237708,40.183326129340855,0.0,0,5,36.77080146320242,0.0,0.13280352688323813
2024-10-05 01:00:00,0.08907229682637914,37.44344276915247,1.4272615208526689,1,5,43.4237538434496,0.0,0.1319615577947495
2024-10-05 02:00:00,0.09068159857521933,45.31310923370813,0.0,2,5,36.77678758865177,0.0,0.1306342616549129
2024-10-05 03:00:00,0.06840130936243558,39.52380106598473,0.0,3,5,38.58385638650402,0.0,0.1280233188022252
2024-10-05 04:00:00,0.09350611556354373,44.61768540959744,7.360988366866753,4,5,40.47758955234553,2.249113873610531,0.12696350454507996
2024-10-05 05:00:00,0.07994039706118165,43.405502148341164,3.733842091933635,5,5,46.06702418441197,0.0,0.12538291420245776
2024-10-05 06:00:00,0.10239828140547255,48.31453134321772,1.2093781874851073,6,5,50.73670924909836,5.007681535056413,0.12443332324131369
2024-10-05 07:00:00,0.08864466704965908,49.6011940095561,7.1861863637330465,7,5,51.06039046288848,14.165536552669886,0.12314261240921849
2024-10-05 08:00:00,0.11315600869569897,54.38848747409752,15.444188459851059,8,5,51.69062746453907,22.458939197455493,0.12359806017926506
2024-10-05 09:00:00,0.08300846986937463,48.92494480061478,28.77839677023966,9,5,44.15199303739048,30.79079625116945,0.12298463375401851
2024-10-05 10:00:00,0.0861492698650275,47.39411539412507,29.707201588337647,10,5,44.291427532554,31.42538782259072,0.12321066436922014
2024-10-05 11:00:00,0.07288701828514428,44.146249995180234,21.14746011556373,11,5,40.933791497934166,34.84164935849248,0.12218466883883795
2024-10-05 12:00:00,0.052426982553246224,40.61835130354438,41.53718810531345,12,5,42.35319835340745,31.709522368551532,0.12088868214953691
2024-10-05 13:00:00,0.07115692022176343,43.19299353195327,32.577996365287575,13,5,46.2100385047607,29.29718935340019,0.11956156615982284
2024-10-05 14:00:00,0.09249658095805312,51.14271230676784,29.835971726583516,14,5,44.28795893910428,20.747236657738583,0.11898070492861594
2024-10-05 15:00:00,0.10987388178645667,46.80722936092958,27.183142083306926,15,5,56.50210187493855,14.61158619984093,0.11909467564258641
2024-10-05 16:00:00,0.12598720634306346,53.862372405064285,18.16086154584431,16,5,57.30374126222005,5.0413008151030345,0.1175175862837584
2024-10-05 17:00:00,0.14663027165267817,61.619121901238806,11.171748041608284,17,5,58.301650523025614,1.6846351574372673,0.11747518202485437
2024-10-05 18:00:00,0.20982547164700016,65.16371603645247,0.0,18,5,61.61199818669476,0.0,0.11618122230876027
2024-10-05 19:00:00,0.21466565570793414,63.035185753225605,0.0,19,5,61.71947517590777,0.0,0.1162944940468157
2024-10-05 20:00:00,0.2028437436434414,53.88802086231209,0.980814735156188,20,5,56.207636452650725,1.347232368714007,0.11530459057800817
2024-10-05 21:00:00,0.17141274307643853,59.247237567221106,5.010651282961065,21,5,48.420608758263796,2.727595572520764,0.11406184908452087
2024-10-05 22:00:00,0.1218384598469844,45.41407703168507,0.0,22,5,47.84203529694714,0.0,0.11217505646684874
2024-10-05 23:00:00,0.1345527019888958,52.35223631235364,0.0,23,5,37.659858574183,1.3447979039876112,0.1120337415303112
2024-10-06 00:00:00,0.09289025322383994,39.64567408906439,4.273567411329781,0,6,40.42600994208656,0.0,0.1131019293837055
2024-10-06 01:00:00,0.10969995704374716,42.322686901306554,0.0,1,6,37.08509208829308,0.0,0.11396141522609582
2024-10-06 02:00:00,0.09334323336086411,36.335111167180415,0.0,2,6,44.10603493128184,5.468309279295607,0.1140723166754977
2024-10-06 03:00:00,0.09244601089156919,34.614951913678595,0.0,3,6,41.61562795341767,0.0,0.11507417923921161
2024-10-06 04:00:00,0.09796870991840663,41.42278382520474,0.0,4,6,43.06452307740553,0.5639642869113783,0.11526012067066423
2024-10-06 05:00:00,0.08568744209954263,42.56340318269041,0.0,5,6,47.018252147563636,0.0,0.11549958088059592
2024-10-06 06:00:00,0.08476247835913565,44.19907467080117,0.0,6,6,45.16657372828579,7.580350563442365,0.11476475575366522
2024-10-06 07:00:00,0.09042288068352194,49.080514498258346,9.214123109640312,7,6,49.11643780197352,16.695344749222947,0.1148388479884095
2024-10-06 08:00:00,0.0785779943702225,58.96614886945415,17.02402279836215,8,6,52.41395778456707,20.05152149436038,0.11339809739151464
2024-10-06 09:00:00,0.08333346816586883,51.518397994716885,27.0236082022099,9,6,45.268241109895165,32.876265565756825,0.11341163898720191
2024-10-06 10:00:00,0.10425931095831754,49.26690202994838,34.57103714694529,10,6,42.95031033579429,33.725278483076025,0.11416622403275566
2024-10-06 11:00:00,0.08795548108337473,45.776560023415634,36.67215962415805,11,6,40.709843168138896,33.93249995381932,0.1147940766493486
2024-10-06 12:00:00,0.07560265611156693,46.37712099282362,35.686663387759275,12,6,44.92804359959781,30.98147705485906,0.11575972971427863
2024-10-06 13:00:00,0.0922336034148724,41.390798121056726,30.85789649314741,13,6,43.60538508208165,26.0017519575318,0.11663792484732484
2024-10-06 14:00:00,0.07355686648791562,37.51941749731912,25.95242262441439,14,6,45.27080633610468,25.854883435269294,0.11584877007773577
2024-10-06 15:00:00,0.13253528255703706,47.17100131296056,23.033207031960757,15,6,57.779692355981666,17.952631574233177,0.1167929951098433
2024-10-06 16:00:00,0.12398038898628115,55.2196163828675,18.292215715955393,16,6,54.946159741401864,7.28945228867806,0.11670937771997736
2024-10-06 17:00:00,0.1827096419421494,54.59284535703315,11.28461733651113,17,6,61.42212244145058,0.0,0.11821268481537199
2024-10-06 18:00:00,0.21979280092260828,61.052511858809716,2.1808000673054795,18,6,61.4160819729386,0.0,0.11862799020185566
2024-10-06 19:00:00,0.18644388064944126,60.886007401861036,0.0,19,6,60.213639913520296,0.0800021991329308,0.11745208290775179
2024-10-06 20:00:00,0.22109003082892661,66.42333568061846,2.7540178394479153,20,6,55.57610101725752,0.0,0.1182123448738137
2024-10-06 21:00:00,0.1727395680415614,60.094028359791814,4.413053767792259,21,6,51.53838770038549,3.3197487051214503,0.11826762924736046
2024-10-06 22:00:00,0.1414439995052451,54.70330200828431,3.080561344236395,22,6,49.718481040554835,2.7781726720040854,0.11908452673312132
2024-10-06 23:00:00,0.13183053965987523,49.73953873827361,0.0,23,6,44.40162940764099,0.10890405647088183,0.11897110330274548
2024-10-07 00:00:00,0.09599138675160654,48.08640424394189,0.0,0,0,50.74758935368781,0.0,0.11910031719973574
2024-10-07 01:00:00,0.11488187111060807,48.85815429266694,0.0,1,0,50.50090709362847,0.0,0.11931623028585496
2024-10-07 02:00:00,0.09370890318393629,44.531520302519105,0.0,2,0,49.70333846511781,2.9707370227031524,0.11933146652848296
2024-10-07 03:00:00,0.10711656491298503,41.688605647099685,0.8997631953622547,3,0,49.942954901956305,0.0,0.11994273961270861
2024-10-07 04:00:00,0.12433756763157175,50.17087356391982,1.8193131374447167,4,0,52.32645672505987,1.694786745873788,0.12104144201742383
2024-10-07 05:00:00,0.11729877731182929,52.80994716148366,0.0,5,0,57.72107432592045,3.2950515399914204,0.12235858098460245
2024-10-07 06:00:00,0.11393050404957276,58.74389608432804,0.0,6,0,54.42027308181755,6.675199710950777,0.12357391538837065
2024-10-07 07:00:00,0.11892427430218609,62.940117162239815,9.110400069686003,7,0,60.66717754548409,13.636807469423633,0.124761473455815
2024-10-07 08:00:00,0.09117560873697902,64.23659331781029,12.806091746234632,8,0,56.45781648744633,29.476112867263396,0.12528637405442986
2024-10-07 09:00:00,0.088016284341108,54.75648489545823,24.082401521519014,9,0,56.662245686360585,29.29933373981138,0.12548149139506481
2024-10-07 10:00:00,0.08782133394284897,53.883502530209235,26.558822134592017,10,0,50.95100543122804,30.04256224033431,0.12479657568608697
2024-10-07 11:00:00,0.09688607931607583,53.715275868128046,28.290666976085124,11,0,52.15882620664986,35.38165097323918,0.12516868394578282
2024-10-07 12:00:00,0.08877578586062827,58.84718125213431,32.09616187672363,12,0,48.00430095507985,29.959518479756518,0.12571756435199374
2024-10-07 13:00:00,0.09203547373742947,55.83758907708638,32.19561908045438,13,0,49.81175098982429,28.546180228538038,0.12570930894876695
2024-10-07 14:00:00,0.09512702907707016,56.77896875113762,24.66496995285525,14,0,56.65059540863538,20.97268384213507,0.12660806572331504
2024-10-07 15:00:00,0.10519280836644634,55.635799631684804,21.714593656461233,15,0,64.59536631425718,15.907454019647334,0.12546879596537375
2024-10-07 16:00:00,0.15936382243582992,58.89806744204503,17.59184575215112,16,0,67.87101961460462,7.491504573611452,0.1269431056924383
2024-10-07 17:00:00,0.18102182044200935,69.32295599909048,5.591585299508447,17,0,71.77735597668148,0.0,0.12687277979659914
2024-10-07 18:00:00,0.22115373095990645,67.19701100568835,0.0,18,0,73.92230235734921,0.680014974506382,0.1269294852148199
2024-10-07 19:00:00,0.22869029349849587,71.4389184071942,0.0,19,0,69.92513339436827,0.0,0.12868975241686384
2024-10-07 20:00:00,0.22892332206324723,70.35179678877705,0.0,20,0,68.01950778262544,1.6127637157666443,0.1290161395516272
2024-10-07 21:00:00,0.19709498805893727,71.89532874654654,0.0,21,0,60.56127022622054,0.0,0.13003094871901785
2024-10-07 22:00:00,0.18185459106327406,60.58558480361541,0.0,22,0,56.224628845241405,0.0,0.13171472336726905
2024-10-07 23:00:00,0.14933467846965306,49.047059843716866,5.827299979104376,23,0,47.928383480753276,1.7383746545399057,0.13244406248434312
2024-10-08 00:00:00,0.12181814876093897,49.92230536626077,0.0,0,1,47.23739941107635,1.7852729888250027,0.1335201775680653
2024-10-08 01:00:00,0.10798284057490812,46.091584900278534,0.0,1,1,48.29449051172539,6.309945616478548,0.13323271796241115
2024-10-08 02:00:00,0.09977693401826289,48.56301088005549,7.463065939949845,2,1,48.278584422271564,0.04962114179782988,0.1334855525805081
2024-10-08 03:00:00,0.14093874525578182,48.510245578038884,1.4284552904149848,3,1,48.377764625430466,0.513300644296279,0.1348948100947913
2024-10-08 04:00:00,0.0969794035207023,48.91724180183106,0.0,4,1,51.594455563710234,1.340051976194286,0.13375488659017173
2024-10-08 05:00:00,0.12483011839055383,54.40474884475603,0.0,5,1,55.28726228278966,2.8551660086181707,0.1340686924684519
2024-10-08 06:00:00,0.11206631938643186,50.07156249627035,1.5027687793764726,6,1,55.81459461332175,10.790967859076327,0.13399101810748773
2024-10-08 07:00:00,0.10284717457343259,56.35987767255447,14.046011464581555,7,1,60.14999162827213,16.561480209001846,0.133321138952123
2024-10-08 08:00:00,0.10653793196490266,61.504000129421456,13.810893510789146,8,1,57.06528079764346,22.06681336376754,0.13396123575328647
2024-10-08 09:00:00,0.09196003011112477,56.087569754528836,19.507508220991095,9,1,55.509638832728974,29.49875132566195,0.13412555849370386
2024-10-08 10:00:00,0.09810924118787612,49.965049814016766,22.31346766224065,10,1,50.95009228293648,30.0610758591329,0.13455422129557995
2024-10-08 11:00:00,0.09124577019417913,54.42006386136136,30.630790032269914,11,1,52.94855773166221,27.728091732728835,0.13431920841550096
2024-10-08 12:00:00,0.11603803948987321,54.44146974240444,26.417856479556303,12,1,53.11598368787213,26.06652432532419,0.13545513565005282
2024-10-08 13:00:00,0.0984633428644185,51.059767602376404,28.646714731609322,13,1,51.200600929807464,26.3181568071204,0.13572296353034402
2024-10-08 14:00:00,0.10164621292951226,47.024672559272474,23.958906183085215,14,1,58.02920007087762,22.495057510019233,0.13599459619086243
2024-10-08 15:00:00,0.12155671131819262,59.23830492051092,25.918576496919457,15,1,64.71933001846524,22.59056300972049,0.13667642548051853
2024-10-08 16:00:00,0.16358087106294683,56.51514568283061,13.889493781175675,16,1,65.00457398961352,7.774738241228862,0.13685213583998174
2024-10-08 17:00:00,0.17240787566356122,67.88908909981043,9.500065855405179,17,1,69.0836989741543,0.13048152759226522,0.13649322147421308
2024-10-08 18:00:00,0.2147171830863026,67.98172345369558,0.0,18,1,73.77451427555197,0.0,0.13622503197947958
2024-10-08 19:00:00,0.20384360031392607,68.59290965750907,0.46027434058495953,19,1,68.2072099164975,1.7326566394085647,0.13518975309678916
2024-10-08 20:00:00,0.22792834818855748,69.40745481256036,0.0,20,1,65.3454648180015,0.7849606061994314,0.1351482958520104
2024-10-08 21:00:00,0.20895752666394407,66.31393852241851,0.0,21,1,59.79376634540949,0.0,0.1356425682938857
2024-10-08 22:00:00,0.14871210110578117,59.76163041348192,7.7392090098967845,22,1,58.45010791836304,0.0,0.1342616312123235
2024-10-08 23:00:00,0.16059268319435707,58.838989819069894,3.2626103203430925,23,1,47.02590974135214,0.0,0.1347307147425195
2024-10-09 00:00:00,0.09835675374107268,46.98334724784838,0.0,0,2,47.86193478573338,0.0,0.13375315661669174
2024-10-09 01:00:00,0.10089013445474705,51.5677523847367,11.196296684241187,1,2,47.032629889590616,0.0,0.13345762719501836
2024-10-09 02:00:00,0.11086226045603709,49.4290324970896,0.0,2,2,51.18741438732718,0.3961434064896188,0.13391951579659228
2024-10-09 03:00:00,0.124121969914961,46.65820432480126,4.078257337263765,3,2,48.17700743655556,0.0,0.1332188168240581
2024-10-09 04:00:00,0.09678805616440446,47.12477372536038,0.0,4,2,49.16314563692213,4.072596875422091,0.13321084401754568
2024-10-09 05:00:00,0.11005193802081334,46.70635759126894,0.0,5,2,52.185832150809766,3.246305427497347,0.13259508650213983
2024-10-09 06:00:00,0.12481192311147618,56.00976304134861,0.0,6,2,59.50432922675385,7.320843810104967,0.13312615332401667
2024-10-09 07:00:00,0.11353752472320779,56.982329806379845,8.864070926903135,7,2,60.94949582561597,12.684838449899862,0.1335715845802573
2024-10-09 08:00:00,0.10888768246626261,51.82673988281836,15.580399800154277,8,2,60.652436915709785,21.6735515686877,0.1336694908511473
2024-10-09 09:00:00,0.1072206164175477,56.4410402079445,20.680147286478817,9,2,52.69397141563193,26.2723310525422,0.13430534861391494
2024-10-09 10:00:00,0.08632790197367168,52.3326091552406,30.46894201385705,10,2,51.92094923993318,29.544788431929966,0.13381445947998974
2024-10-09 11:00:00,0.10769723380462222,57.42554182306169,27.735732902196666,11,2,55.80485250544626,29.654537457313353,0.13449993713042488
2024-10-09 12:00:00,0.082572408036702,45.501362132108696,31.912988942582896,12,2,50.70180580203182,26.782270059567374,0.13310553581987605
2024-10-09 13:00:00,0.0826872978476245,46.69411647286082,32.59252159865612,13,2,52.275247973676265,26.744433058902583,0.13244820061084298
2024-10-09 14:00:00,0.11162712567976041,56.95396809748898,21.455468194778334,14,2,57.03986905529634,20.77455287773264,0.13286407197543665
2024-10-09 15:00:00,0.10708320171595348,61.42353060013516,19.137523887761017,15,2,62.98937521564722,14.65108492618413,0.13226100907534336
2024-10-09 16:00:00,0.14534975748538614,59.54552826462732,15.573017298234047,16,2,68.03008462107749,8.226696436641383,0.131501379342945
2024-10-09 17:00:00,0.17180175706209577,64.98094354608357,10.169142192084198,17,2,69.69543201330251,0.0,0.13147612440121728
2024-10-09 18:00:00,0.24708099788937996,72.89624772701686,4.974332180725369,18,2,71.23701155843742,0.2022158677487387,0.13282461668467885
2024-10-09 19:00:00,0.25126084791678227,64.96036278691413,0.0,19,2,70.33133351605504,0.0,0.13480033533479785
2024-10-09 20:00:00,0.21546114933478913,64.96843384197336,0.0,20,2,65.54300418061986,1.0084054156268905,0.13428086871589082
2024-10-09 21:00:00,0.20480861980243958,66.10483058543923,0.0,21,2,59.45625742724424,0.0,0.13410799759666148
2024-10-09 22:00:00,0.17442976705847052,66.88543339150752,1.1549443226196165,22,2,60.673729131224135,0.0,0.13517956701135686
2024-10-09 23:00:00,0.13927563943054466,55.66348981182362,0.0,23,2,47.699782490879954,0.0,0.13429135685453134
2024-10-10 00:00:00,0.11027217384687597,48.83662945288384,0.0,0,3,47.833517710048255,0.0,0.13478783269227315
2024-10-10 01:00:00,0.1116746642682827,52.162129728006406,0.0,1,3,47.99396761987992,0.0,0.13523718810117047
2024-10-10 02:00:00,0.09519390183894258,55.37417197393523,1.9306982173161868,2,3,48.8322298456389,0.0,0.1345843398254582
2024-10-10 03:00:00,0.11029522815287984,47.14733473224955,0.0,3,3,50.86816335309295,1.4096905360609544,0.13400822558537148
2024-10-10 04:00:00,0.10939890808395457,49.94476629809142,0.0,4,3,51.15082460131865,3.5678809669742773,0.13453367774868605
2024-10-10 05:00:00,0.11999777067022181,57.91178491693254,1.5110346514693611,5,3,57.46098639135249,1.5615714318121539,0.13494808744241144
2024-10-10 06:00:00,0.10888513533142162,50.31124165197691,0.0,6,3,59.41550417647853,6.464659794766924,0.13428447128490914
2024-10-10 07:00:00,0.11007722585834058,61.50813184377112,5.7044575032652425,7,3,59.13883081178787,10.295902958557983,0.13414029216553966
2024-10-10 08:00:00,0.11231146834448402,56.26201832948028,11.072340777766808,8,3,56.92572101422842,21.89478884495903,0.13428294991046558
2024-10-10 09:00:00,0.10448022659596129,58.58610183595138,25.568749555621302,9,3,57.48863358125891,21.656840609839072,0.1341687670012328
2024-10-10 10:00:00,0.1097371422681614,54.542399557590265,24.614035035644534,10,3,52.16215161304756,28.932030721338457,0.1351441520135032
2024-10-10 11:00:00,0.0933806335363263,49.42059886628634,27.212170482708377,11,3,48.56761364987396,27.965025235875117,0.1345476270023242
2024-10-10 12:00:00,0.08153492219298952,47.90718998207551,30.03366935299871,12,3,53.45143053901365,22.789011827602135,0.13450439842550285
2024-10-10 13:00:00,0.0930146985976266,52.2938274580365,27.09087338651649,13,3,52.05227080313902,30.302795193932866,0.13493470679008626
2024-10-10 14:00:00,0.0716882617531277,56.690653550086026,24.748031151007304,14,3,58.92175250833173,17.84109486140402,0.13327058745980994
2024-10-10 15:00:00,0.13989416278324654,56.76959510646196,21.697232211543614,15,3,57.00380078853824,14.105709100026193,0.1346377108376138
2024-10-10 16:00:00,0.1484308966543184,62.25669823691037,13.624782504920644,16,3,66.36915561700523,7.456213371641281,0.13476609163631928
2024-10-10 17:00:00,0.2144966095490374,68.93423765161812,6.31507002812902,17,3,73.34709411993305,0.0,0.1365450438232752
2024-10-10 18:00:00,0.20641408868640015,67.91797684481948,0.0,18,3,72.52020605774631,1.3008244916241938,0.13485058927315105
2024-10-10 19:00:00,0.2200618469622531,74.87696062447516,0.0,19,3,72.22338666808605,0.0,0.13355063090004568
2024-10-10 20:00:00,0.22964239164385714,73.64901400339701,0.21222914156598205,20,3,65.30217845514166,1.0693430787803921,0.13414151599625684
2024-10-10 21:00:00,0.21118046234852098,75.4376440845775,1.0731017842503787,21,3,62.72405649393406,0.8918138028774729,0.13440700943567688
2024-10-10 22:00:00,0.17352093025277573,60.825112630518355,0.0,22,3,57.16819308835309,0.0,0.1343691412354396
2024-10-10 23:00:00,0.1430602897538285,55.69482678903387,2.659794953832966,23,3,49.103307524755344,0.6603534797885087,0.13452683499890977
2024-10-11 00:00:00,0.10086572391787244,51.07733018365397,2.6741667393866155,0,4,52.71557153940158,0.0,0.13413489958520128
2024-10-11 01:00:00,0.09002221532163543,51.25814507160705,3.411411983975181,1,4,51.34432777624376,0.0,0.13323271421242433
2024-10-11 02:00:00,0.10936950146664956,47.022869611926325,1.049611796592092,2,4,50.68024421187134,0.8135752399661914,0.1338233641969121
2024-10-11 03:00:00,0.09017685916268578,47.80613695543463,2.2297873510114856,3,4,51.71088977113503,0.0,0.13298509882232068
2024-10-11 04:00:00,0.08843758068315014,51.83327017162276,7.647590456024127,4,4,50.36590415998184,1.0442254876295636,0.1321117101806205
2024-10-11 05:00:00,0.10481897965710851,49.535946313571166,0.0,5,4,54.34282883509372,1.068867125777013,0.1314792605550741
2024-10-11 06:00:00,0.11864359308278716,53.97157824622808,0.0,6,4,55.257716616668205,3.6736156798086954,0.13188586296138102
2024-10-11 07:00:00,0.13875749055424214,58.609576948864515,2.3028211212751364,7,4,57.084464983560665,16.89495530156218,0.1330808739903769
2024-10-11 08:00:00,0.11337398170850768,62.81063949975417,20.966083966483527,8,4,56.58813028719225,21.75842360409249,0.13312514538054457
2024-10-11 09:00:00,0.11528122479700938,56.42648236473339,27.151133109361446,9,4,55.363539019358065,24.02852933618412,0.1335751869722549
2024-10-11 10:00:00,0.10082851491945001,49.52615790605963,22.435015998532105,10,4,50.13922626919132,28.25196128825404,0.1332039941660586
2024-10-11 11:00:00,0.09184612098998311,46.45613176775864,26.08678557209145,11,4,51.07778345269459,31.796049895610867,0.1331400561432943
2024-10-11 12:00:00,0.11397568459304423,47.126002012408996,28.508481789981744,12,4,51.204250151458275,27.737497434641988,0.1344917545766299
2024-10-11 13:00:00,0.06973920891670465,47.31017246947133,32.91730746897734,13,4,51.33947780098989,31.593841635890076,0.1335219425065915
2024-10-11 14:00:00,0.09049685586726443,53.113180947668376,21.165557400620827,14,4,60.3389323610127,25.134318094034594,0.13430563392801384
2024-10-11 15:00:00,0.11062784688348817,53.48334214043948,14.077209366805086,15,4,59.48629240096642,15.148219073680808,0.13308620409885727
2024-10-11 16:00:00,0.15222910345329774,59.886527932822865,22.407525878637983,16,4,69.44413794230451,7.03366573937398,0.1332444627154814
2024-10-11 17:00:00,0.1698857263698665,64.73241348283085,8.765337216770524,17,4,66.6216121499898,0.0,0.13138567591634928
2024-10-11 18:00:00,0.22621950071698652,69.72053943903401,1.590446570714966,18,4,72.32848584569365,0.0,0.13221090141762373
2024-10-11 19:00:00,0.24239739504409397,76.84496613371445,0.0,19,4,68.73487410201056,0.3506207523693513,0.13314154925436708
2024-10-11 20:00:00,0.23319388531067295,73.24835605427013,1.6302472330130828,20,4,65.90013816867285,1.925130483379224,0.13328952815715106
2024-10-11 21:00:00,0.2092688414298812,67.26066173274606,0.0,21,4,65.75196262666881,0.0,0.1332098772855411
2024-10-11 22:00:00,0.18775308558634218,60.65636961773698,0.0,22,4,56.56976100553182,1.7997814281706037,0.13380288375777302
2024-10-11 23:00:00,0.14271412905700906,55.87735172846485,0.36805259582911865,23,4,37.5106641672421,2.613943004927747,0.13378846039540554
2024-10-12 00:00:00,0.09936186131862049,40.76855046522552,0.0,0,5,40.71540583257602,1.6020952134643345,0.13372579945377003
2024-10-12 01:00:00,0.08416116033619091,41.60947513257683,0.0,1,5,39.12677703742544,0.0,0.13348158882937652
2024-10-12 02:00:00,0.08142089684829629,36.93389484997118,0.0,2,5,40.500806223421726,1.4857654715063442,0.13231706363694515
2024-10-12 03:00:00,0.11416955897708644,40.31611830633763,0.0,3,5,39.375864743409515,3.637986772437057,0.13331675946254515
2024-10-12 04:00:00,0.08321623080772995,34.70359123636464,0.0,4,5,41.55690538655794,0.0,0.13309920321773597
2024-10-12 05:00:00,0.10054635984859087,43.964822360029295,0.0,5,5,44.813047771011384,0.06610851729004784,0.1329211773923811
2024-10-12 06:00:00,0.1027039075556135,48.82728694890521,0.0,6,5,51.02286874497031,13.498872813000055,0.13225702382874885
2024-10-12 07:00:00,0.1056973946116245,48.52978285402802,8.03436174922227,7,5,50.273098570352836,15.402773242221318,0.1308795198311398
2024-10-12 08:00:00,0.06972446228627323,56.53964446273258,13.492056690892161,8,5,47.36779981615418,17.74576438111463,0.12906078985521335
2024-10-12 09:00:00,0.0967770976620146,46.64435727147386,15.752702087398545,9,5,46.84854948852431,27.632652164296278,0.1282897845579219
2024-10-12 10:00:00,0.08028819059195079,47.220719880289515,25.40719961009733,10,5,43.851325071915596,29.219371908366846,0.12743393771094277
2024-10-12 11:00:00,0.06824496694110949,43.577726841247156,27.061608901770775,11,5,43.40645178871257,27.249813615308778,0.1264505562922397
2024-10-12 12:00:00,0.06889639067364645,41.93829365681102,27.47139745854063,12,5,41.65182906821918,25.002868440923685,0.12457225237893145
2024-10-12 13:00:00,0.08605472572790542,42.249600596857235,20.54480248069917,13,5,44.5559147203332,25.856406670135787,0.12525206557939816
2024-10-12 14:00:00,0.09223050587189624,45.05379383804369,27.578018958256756,14,5,49.234238266959835,20.397904785832594,0.12532430099625783
2024-10-12 15:00:00,0.1011149226224111,51.10434897779695,16.250508860006967,15,5,51.21976012136078,11.058591226443252,0.12492792915204626
2024-10-12 16:00:00,0.11583712962816652,57.6472221270912,14.763936536623358,16,5,60.08505640565644,7.28002055691942,0.12341159690933247
2024-10-12 17:00:00,0.15444803840009902,58.3054098991214,4.698807532121911,17,5,62.26617421691936,0.0,0.12276835991059215
2024-10-12 18:00:00,0.2108069128683023,64.84229839145812,0.0,18,5,61.51404901341006,0.0,0.1221261687502303
2024-10-12 19:00:00,0.1887011185117173,61.470420411548055,4.033023721124689,19,5,60.01640152317684,1.376451094476468,0.11988882389471461
2024-10-12 20:00:00,0.2012213932918885,64.68430358357772,1.8606637028118085,20,5,58.11337283874856,0.0,0.11855663672726528
2024-10-12 21:00:00,0.2045570259459174,55.873797094377764,3.9551398120131456,21,5,52.13432446154884,0.0,0.11836031108210011
2024-10-12 22:00:00,0.15772014903611867,56.72488787783898,1.1563492311755066,22,5,49.87603184033798,0.0,0.11710893872584079
2024-10-12 23:00:00,0.1387567007864473,55.440869404078185,1.3865025451927318,23,5,39.249464437204686,3.713301441979417,0.11694404588123404
2024-10-13 00:00:00,0.0802675431423258,39.432299820723976,0.0,0,6,40.44943372646687,6.629789140375518,0.11614844929055511
2024-10-13 01:00:00,0.07827213188887648,32.82720142811895,0.0,1,6,38.244235137517244,0.013560276279670675,0.11590307310525033
2024-10-13 02:00:00,0.10254830141596372,38.187643983962815,0.0,2,6,40.25659443701512,0.12752594943150292,0.11678338162890316
2024-10-13 03:00:00,0.08960338969510492,44.24458681895101,4.282826871231913,3,6,43.93905224812664,0.0,0.11575979124215392
2024-10-13 04:00:00,0.10704511403477895,43.077826075420255,0.0,4,6,43.09428816737235,2.5324946179685157,0.11675266137661429
2024-10-13 05:00:00,0.09456821377665042,44.187068267296624,0.9270082816964285,5,6,45.38568754763423,1.259003069437513,0.1165035719569501
2024-10-13 06:00:00,0.13910966435296948,49.71935461454605,0.7901507007966331,6,6,47.80159906086281,8.177303301073204,0.11802047849017328
2024-10-13 07:00:00,0.08592978609581707,51.07945996649492,11.436386041174913,7,6,50.79242351617302,10.776405862367739,0.11719682813534797
2024-10-13 08:00:00,0.09429244841973532,54.72668517578103,13.797698634714381,8,6,52.38615634040477,25.71857826743908,0.1182204942242422
2024-10-13 09:00:00,0.07655286580041078,52.50968256939272,23.0721462919715,9,6,43.90092819299419,28.966615702323654,0.1173778178966754
2024-10-13 10:00:00,0.0945695347967623,51.497558500930495,18.74206750354835,10,6,43.69573715882326,28.383605175937625,0.1179728739052092
2024-10-13 11:00:00,0.08193002508914976,44.943719999931375,21.910346936434063,11,6,38.93470888228747,31.30919116290513,0.11854308466137754
2024-10-13 12:00:00,0.061571922573799204,45.259282778263724,20.539900639385863,12,6,41.89779361464273,27.702522831221327,0.1182378984905506
2024-10-13 13:00:00,0.07100605755405225,41.735831401451065,30.310362364704527,13,6,45.33980297079198,27.008111229213227,0.11761087064997337
2024-10-13 14:00:00,0.10111763694600168,42.889589645877706,27.06692975529026,14,6,45.333337339380364,16.51458690978232,0.1179811677780611
2024-10-13 15:00:00,0.11887051338294657,53.95574394890698,23.31378848019298,15,6,52.45205357826629,7.899417009851053,0.11872098405975008
2024-10-13 16:00:00,0.11373367152581013,54.033527636097766,11.895036497814173,16,6,58.99685610225474,3.8299467195577734,0.11863333997215188
2024-10-13 17:00:00,0.16485166428557918,60.991434993147465,5.412106178821044,17,6,62.59876964404491,0.0,0.11906682438404688
2024-10-13 18:00:00,0.22271747514079035,62.73246150747849,0.0,18,6,64.49719767489705,0.0,0.11956309781206724
2024-10-13 19:00:00,0.2026799808180042,61.942431057511016,5.052947560316796,19,6,60.387259362374095,1.2547157945983367,0.12014555040816251
2024-10-13 20:00:00,0.19965987688993883,62.3715978919706,5.928398446677178,20,6,58.99559187901388,0.0,0.12008048722474794
2024-10-13 21:00:00,0.19422091374880407,63.01055732833397,2.77832971444477,21,6,52.137966130129094,0.0,0.11964981588320156
2024-10-13 22:00:00,0.13580712163752498,55.11475082090426,1.1585690368122536,22,6,49.89808379458263,0.0,0.11873677307492682
2024-10-13 23:00:00,0.11071897351046905,42.9933109861355,4.67383944195044,23,6,44.30492563551574,0.0,0.11756853443842774
2024-10-14 00:00:00,0.10555302345994219,48.23744605382013,0.0,0,0,48.367381894549794,0.11508944617608027,0.11862209611832841
2024-10-14 01:00:00,0.13030517598919794,54.64994078798913,0.0,1,0,49.24249161264257,0.0,0.12079013962250847
2024-10-14 02:00:00,0.12179620861559246,48.36058746505779,0.0,2,0,52.104710542983156,0.012783058596787508,0.12159213575582634
2024-10-14 03:00:00,0.11482880996808838,43.64431462830726,0.0,3,0,50.584834487023386,1.524318222519469,0.12264319493386731
2024-10-14 04:00:00,0.11596073371488864,56.46899684292301,0.0,4,0,52.870376307528026,4.590561140915444,0.12301467908720522
2024-10-14 05:00:00,0.12928291261288138,54.677460835568866,0.0,5,0,56.3458563850877,0.0,0.12446112487204819
2024-10-14 06:00:00,0.11065567165633124,55.370834779921005,3.5875273661485245,6,0,61.138643414628696,12.319763761857189,0.12327554184302159
2024-10-14 07:00:00,0.11503186557638792,57.44393225806875,9.145306709726956,7,0,59.169435804216526,15.128813541325062,0.12448812848804536
2024-10-14 08:00:00,0.11376733777419742,63.39675080390234,18.994712424951715,8,0,55.864584867998424,21.717216338545796,0.12529958221114795
2024-10-14 09:00:00,0.11964445456158816,56.936439976029945,14.084117256496235,9,0,52.54228255255468,27.182183812594012,0.12709506507619703
2024-10-14 10:00:00,0.09350867965395122,59.40579766325479,30.88948484140363,10,0,54.22722310448297,29.044298329412378,0.12705086277857988
2024-10-14 11:00:00,0.08429255371130132,54.63385749838038,21.52534395953025,11,0,51.91212673460573,25.737708965864137,0.12714930147116954
2024-10-14 12:00:00,0.10064710516823153,52.248694907673986,23.788409804277443,12,0,51.30921314974305,30.061562022894588,0.12877743407927086
2024-10-14 13:00:00,0.10327570722760351,52.28754546503088,24.856132493786475,13,0,52.74533537233462,23.18611426900049,0.13012200281566885
2024-10-14 14:00:00,0.09013512575531157,53.35762657801256,28.8105679490709,14,0,57.959012962272894,20.63133548177872,0.12966439818272343
2024-10-14 15:00:00,0.10258959933610594,60.94339593686731,20.576114306995905,15,0,62.86437917796537,14.363227417710934,0.12898602676410506
2024-10-14 16:00:00,0.15887282679605308,59.67583566177069,13.137841656708826,16,0,68.47873685111954,10.445870664961522,0.1308668249003652
2024-10-14 17:00:00,0.165023954722204,62.32891682916258,4.468204819853338,17,0,69.22241965312338,1.1005872738819291,0.1308740036685579
2024-10-14 18:00:00,0.2032205973224978,73.40596190724936,0.0,18,0,69.39393006033424,0.0,0.13006163375946236
2024-10-14 19:00:00,0.22755539776141778,74.94250384290117,3.9641956329255366,19,0,69.61265893092323,5.8566389225789655,0.13109810946543796
2024-10-14 20:00:00,0.2232261308215099,72.97648437637596,2.7952374136702387,20,0,64.81637880545038,2.337814785225281,0.13208003671258672
2024-10-14 21:00:00,0.18383586812673075,68.82336730688641,4.733576319823226,21,0,59.63539076683034,0.0,0.1316473264783337
2024-10-14 22:00:00,0.17132590237026762,61.41551342516135,1.3888634444339347,22,0,60.712757848673554,0.0,0.1331272756755313
2024-10-14 23:00:00,0.15108621434719763,60.093229803938044,0.0,23,0,44.495507374173044,2.6579544531404706,0.13480924404372832
2024-10-15 00:00:00,0.1031190369915472,48.88372531547681,0.0,0,1,49.989293077171844,0.0,0.13470782794087852
2024-10-15 01:00:00,0.13026539260544961,47.491120262953,1.6270495704634804,1,1,50.96201685820849,2.242007243044314,0.13470617029988902
2024-10-15 02:00:00,0.11330553972158262,48.149968229987884,0.0,2,1,51.484058716263654,2.9934320024754344,0.13435239242930527
2024-10-15 03:00:00,0.12950865848427143,55.97517648416681,0.0,3,1,51.06898745041575,0.0,0.13496405278414622
2024-10-15 04:00:00,0.08748710039198299,44.962599953253005,0.0,4,1,55.23690720190289,0.0,0.13377765139569184
2024-10-15 05:00:00,0.09315235943394076,54.196409744142,3.316563485950891,5,1,59.264958396191844,0.0,0.13227221167990263
2024-10-15 06:00:00,0.11375318967540911,50.32500556595358,1.5966742309500774,6,1,58.13128992157371,4.332558430585996,0.13240127493069753
2024-10-15 07:00:00,0.130389729428817,58.38940533712537,8.855592060928892,7,1,60.93145103535899,14.361687294789178,0.13304118592454875
2024-10-15 08:00:00,0.09165125294019537,58.6488996823029,11.501287463901106,8,1,61.32565802769058,20.443829859242133,0.13211968238979868
2024-10-15 09:00:00,0.0998031335094758,52.10197931360567,20.01845499918666,9,1,54.1107415371742,25.798801724057167,0.13129296067929397
2024-10-15 10:00:00,0.07816341973257733,57.07958040041918,19.07964650164369,10,1,52.51229977686843,24.16956316423881,0.13065357484923673
2024-10-15 11:00:00,0.07882040517208248,51.785993791275246,26.048472690826117,11,1,50.31735260678338,29.789676901773866,0.1304255686601026
2024-10-15 12:00:00,0.08622353664046964,44.851535456146,18.59003714422174,12,1,52.847137046759585,23.73737768605722,0.12982458663811255
2024-10-15 13:00:00,0.07970214172306023,54.611798984662094,21.014464136816848,13,1,50.22460879505613,26.112122262334122,0.1288423547420899
2024-10-15 14:00:00,0.07978933282595926,58.612827071290035,22.633732288449334,14,1,60.57388451735356,15.238801664218792,0.12841128003670021
2024-10-15 15:00:00,0.09871499183110209,62.46902845377421,27.71436135499959,15,1,63.615808859425435,18.108567093914612,0.12824983805732507
2024-10-15 16:00:00,0.13015490376657401,63.696876340808785,7.416294577661781,16,1,68.80224258424678,5.641176748431622,0.12705325793109676
2024-10-15 17:00:00,0.1964038324124469,67.76974628469354,2.7488907068609505,17,1,66.81640821799523,1.677448808620825,0.1283607528348569
2024-10-15 18:00:00,0.2311336507815846,75.7931377070875,0.7587117884248387,18,1,70.94554601191508,1.8996922004102763,0.1295237967289855
2024-10-15 19:00:00,0.23792374366906632,78.40945167240213,6.1929801710511105,19,1,74.5239340349706,0.0,0.12995581114180418
2024-10-15 20:00:00,0.215368309499981,75.17041554376783,0.707603739458257,20,1,67.26710778950043,2.338372859927622,0.12962840192007383
2024-10-15 21:00:00,0.20668842134202045,64.60899920320084,2.4574964830645474,21,1,59.09639781653334,0.0,0.13058059163737756
2024-10-15 22:00:00,0.1803070535115011,63.18882917235677,0.0,22,1,58.11981247188724,0.0,0.1309548062682623
2024-10-15 23:00:00,0.14696589617722625,59.083019817864454,0.0,23,1,50.491102883705004,0.0,0.13078312634451347
2024-10-16 00:00:00,0.10311802148561075,43.34201237539608,0.2876452322371476,0,2,50.21614377261302,4.518622004722661,0.1307830840317661
2024-10-16 01:00:00,0.10286547925770209,50.65511312318792,0.0,1,2,48.95048535483274,0.0,0.12964142097560996
2024-10-16 02:00:00,0.11629430592031877,56.52486962717908,2.534942685512108,2,2,51.88353199005078,1.2048057856719465,0.1297659529005573
2024-10-16 03:00:00,0.13105878775914573,51.66020053348655,0.0,3,2,49.21377479889824,0.0,0.12983054162034374
2024-10-16 04:00:00,0.125833701660681,55.33272063125188,3.114954613983918,4,2,53.780541229892975,3.0550020088439886,0.13142831667320617
2024-10-16 05:00:00,0.10992418460019479,53.28569030164717,0.13759554305963245,5,2,56.07146957612143,6.4997924775583815,0.13212714272180007
2024-10-16 06:00:00,0.12153470020635193,55.567135652441124,0.0,6,2,58.572854683699404,5.196663843428102,0.13245137232725604
2024-10-16 07:00:00,0.10422837449487507,60.05909582285788,1.2111846132989514,7,2,59.38178949995302,13.841002191081703,0.13136131587167513
2024-10-16 08:00:00,0.11289323673747657,57.52913771608599,10.019577176934,8,2,58.190160431071156,17.940962115028345,0.13224639852989517
2024-10-16 09:00:00,0.08811232803947605,55.79326461867111,23.214808587526306,9,2,56.002442298337876,26.20066922786186,0.13175928163531184
2024-10-16 10:00:00,0.10126764140426522,59.99011004881299,22.56397340972307,10,2,52.51994934841738,25.284794034975338,0.13272195753829885
2024-10-16 11:00:00,0.12307274264835115,57.49688644230301,26.955553636066483,11,2,53.13841093093649,29.433137739756663,0.13456580493314338
2024-10-16 12:00:00,0.07706605162684557,48.50073089730233,23.81931301124938,12,2,50.95648581653645,24.867512407570555,0.1341842430575757
2024-10-16 13:00:00,0.12068711599426975,55.12605262359673,25.879467778722532,13,2,57.260664651244916,29.57653489937786,0.1358919503188761
2024-10-16 14:00:00,0.1013432455173911,53.84581073462605,18.49153773441992,14,2,56.64256887627555,12.88326068647279,0.13679003001435244
2024-10-16 15:00:00,0.10565449651933372,58.891293351634424,19.369116321567788,15,2,64.49165264765116,14.504061213045356,0.13707917604302874
2024-10-16 16:00:00,0.1363390552585688,64.12419073175614,14.74608066937226,16,2,69.65206932827903,6.93211479362308,0.13733684902186186
2024-10-16 17:00:00,0.2168672134652054,70.90755709408445,8.083782119098997,17,2,71.97803620573937,0.0,0.13818948989906013
2024-10-16 18:00:00,0.2267551268952085,71.91101012102303,0.0,18,2,73.28261951462625,0.7991038314995067,0.13800705140379446
2024-10-16 19:00:00,0.2294444145942765,77.64161793911988,0.0,19,2,70.18833701798732,0.16361499722362285,0.13765374602567823
2024-10-16 20:00:00,0.2201302925632412,72.63639213663745,1.8801795109357098,20,2,66.69105198589018,0.6133077121500253,0.13785216198664738
2024-10-16 21:00:00,0.20735739702457995,69.72258455707858,0.0,21,2,63.08736818916808,1.1426814673608587,0.13788003597342072
2024-10-16 22:00:00,0.16851359293044735,59.9813607039897,0.0,22,2,57.68957231363627,4.8971468601392605,0.13738864178254348
2024-10-16 23:00:00,0.14997154894994963,64.68755234522722,6.662136630189448,23,2,51.60219212864836,0.0,0.13751387731474027
2024-10-17 00:00:00,0.13202276069549587,50.73946353092281,0.0,0,3,48.34721652563983,5.171822836325772,0.1387182414484855
2024-10-17 01:00:00,0.09422062702412372,51.53798787424146,3.781464638311439,1,3,48.566403962880464,7.167434451384532,0.1383580392720864
2024-10-17 02:00:00,0.11273400090467403,44.2083382889038,0.0,2,3,46.386180689331944,0.0,0.13820969322976787
2024-10-17 03:00:00,0.10411684230565764,47.0829954298066,2.2917338001999505,3,3,52.00809159880528,0.13399791355727128,0.13708711216920585
2024-10-17 04:00:00,0.10617684182259027,54.6822636727139,2.4785339534339066,4,3,53.910037909858886,3.8396192878217046,0.13626807634261873
2024-10-17 05:00:00,0.12643835678314286,53.721651844507356,0.0,5,3,57.85883518191149,2.571893065542374,0.13695616685024156
2024-10-17 06:00:00,0.09174757563487446,49.78057623847249,0.0,6,3,61.00913701453987,11.516452302053366,0.13571503665976334
2024-10-17 07:00:00,0.09246521582988072,62.264792248082685,0.0,7,3,61.82091316927538,14.22259189743691,0.13522490504872192
2024-10-17 08:00:00,0.10679192800396611,58.50291511644316,11.028253359085014,8,3,60.64281421849306,12.94914062885274,0.13497068385149233
2024-10-17 09:00:00,0.09642445687298565,63.49679667336233,20.482727271061698,9,3,57.261310092327584,26.483385151768566,0.13531702255288855
2024-10-17 10:00:00,0.07675040766317365,55.76009839507488,19.058724061411148,10,3,54.73681467790214,27.243359612941678,0.1342954711470097
2024-10-17 11:00:00,0.06691724640843792,53.86368944113155,25.80334768062373,11,3,48.09158478362985,30.46806318440514,0.13195565880368001
2024-10-17 12:00:00,0.10707380134679678,55.54816285941084,21.19479698795942,12,3,49.93211212624627,21.16885565257289,0.13320598170867798
2024-10-17 13:00:00,0.09116965445892952,49.25971604302514,24.64541897502681,13,3,51.70093170804258,19.425651508701844,0.13197608747803882
2024-10-17 14:00:00,0.09569136834085672,51.05020997223241,18.815768946564113,14,3,60.44748903590636,18.68703952203842,0.13174059259568321
2024-10-17 15:00:00,0.1409929430259904,57.27834806872681,18.368030246598074,15,3,61.188809071515216,16.91381376815445,0.13321302786679393
2024-10-17 16:00:00,0.16274547776217493,65.40168114508757,11.427372496697327,16,3,66.58314833413775,11.335515275127268,0.13431329547111084
2024-10-17 17:00:00,0.20780857376365036,63.57006548845917,2.656784167330523,17,3,71.76286350897625,0.0,0.1339358521502127
2024-10-17 18:00:00,0.20118064367650143,66.41183825615141,0.0,18,3,70.74497776064767,0.0,0.13287024868276656
2024-10-17 19:00:00,0.21985616346908,75.86824362142953,0.0,19,3,72.51059770882281,8.041490888478302,0.1324707382192167
2024-10-17 20:00:00,0.22904048764137352,69.819977549927,0.0,20,3,63.567651580493155,0.0,0.13284199634747224
2024-10-17 21:00:00,0.20022319210819733,66.57330874456687,3.7896103885129615,21,3,60.39605874379659,1.8909732317872843,0.13254473780928963
2024-10-17 22:00:00,0.18044206956836858,56.809244811436066,0.0,22,3,58.28071298774823,0.0,0.13304175766920298
2024-10-17 23:00:00,0.12393622378165102,55.710346805781114,0.0,23,3,46.855919566383264,1.3293263933344603,0.13195695245385722
2024-10-18 00:00:00,0.1177581120790793,49.31497668269782,0.0,0,4,51.95779057566179,0.0,0.1313625920948399
2024-10-18 01:00:00,0.1210062578784064,52.33677351278098,3.2014909983639255,1,4,49.550260017298605,0.0,0.13247866004710165
2024-10-18 02:00:00,0.11822226638132423,46.98976460808048,0.0,2,4,52.08295042403357,0.0,0.13270733777529542
2024-10-18 03:00:00,0.10499159115753953,55.12241374365429,5.242103573467701,3,4,51.540037428330734,0.0,0.1327437856441238
2024-10-18 04:00:00,0.11481866316441697,48.63362484924918,0.0,4,4,52.88290898133691,0.0,0.1331038615333666
2024-10-18 05:00:00,0.09950167638236343,50.720874756149044,1.761928195357593,5,4,54.01471533526699,1.4723839937437644,0.1319814998500008
2024-10-18 06:00:00,0.11328790279563299,60.9273838112486,3.628235046068541,6,4,60.90372522718342,11.978828757969652,0.13287901348169906
2024-10-18 07:00:00,0.09754304507189991,59.72210521814958,8.261447954251715,7,4,61.22869766363304,11.26249987416009,0.13309058970011653
2024-10-18 08:00:00,0.09799340545118367,58.57970921278541,8.105185078998879,8,4,63.25304637891859,15.498156342374546,0.1327239845937506
2024-10-18 09:00:00,0.09519106581091097,58.587324554029536,14.967220716219849,9,4,57.80114155769969,22.397645207266564,0.1326725932994975
2024-10-18 10:00:00,0.08709333369727869,60.47417626999189,26.4662677236427,10,4,52.51699034854539,22.567859697061785,0.13310354855091852
2024-10-18 11:00:00,0.07833837904599064,58.00364532391861,22.13548968944511,11,4,52.45751960887027,21.25345477067285,0.1335794290774832
2024-10-18 12:00:00,0.06831103618863248,49.26493828950332,29.246695779142694,12,4,53.07913775972603,27.931574667864652,0.13196431386255972
2024-10-18 13:00:00,0.10914662574492151,52.0990736127575,23.445633260254723,13,4,56.6564046050206,22.59643700520196,0.13271335433280937
2024-10-18 14:00:00,0.08944886434530425,54.61898986108783,22.866049874556694,14,4,60.654051189970346,18.765642385231725,0.13245324999966135
2024-10-18 15:00:00,0.11860959100085187,54.85434291559822,13.414485265871999,15,4,62.5339458450294,7.519854175986578,0.13152061033194726
2024-10-18 16:00:00,0.12729148251638717,62.67970427307025,10.786977478748742,16,4,65.50099879512449,5.048434795235279,0.13004336053003943
2024-10-18 17:00:00,0.20628263817684794,67.94907410551836,3.62219671962268,17,4,68.14503999289073,0.0,0.1299797798805893
2024-10-18 18:00:00,0.22564596915028148,75.50138756364467,0.7895987769536104,18,4,71.05640599070192,0.0,0.13099916844199683
2024-10-18 19:00:00,0.23014320988577538,77.19926500073582,0.3261915290055888,19,4,70.66912351384754,0.3761097729008613,0.1314277953760258
2024-10-18 20:00:00,0.21577384611587036,70.79920633064316,1.61927463685972,20,4,70.94027098014317,0.37407799165819805,0.1308750186457965
2024-10-18 21:00:00,0.21014537160899438,67.24695018080776,0.0,21,4,65.8932173306109,0.0,0.13128844279166305
2024-10-18 22:00:00,0.13817967690354976,64.9799417194732,0.0,22,4,59.90656897526789,0.0,0.12952750976396227
2024-10-18 23:00:00,0.13337911744609943,56.1136458303916,0.639551799405077,23,4,42.9030586183263,0.0,0.12992096366664763
2024-10-19 00:00:00,0.09157096035350744,42.32590935626203,0.0,0,5,39.04784773590688,0.9996347652255639,0.1288298323447488
2024-10-19 01:00:00,0.09143241878817061,40.18133244759108,3.7744788424790587,1,5,37.53013843471298,0.0,0.1275975890493223
2024-10-19 02:00:00,0.12306218053564807,37.458694530052576,0.0,2,5,38.90882190497232,0.0,0.1277992521390858
2024-10-19 03:00:00,0.08894049191646564,37.860001516480274,0.0,3,5,37.85763583022179,0.0,0.12713045633737438
2024-10-19 04:00:00,0.10484438016075472,46.557860792708915,1.6176146796257391,4,5,41.78192685653546,0.0,0.12671486121222178
2024-10-19 05:00:00,0.11459050116358761,43.50928862674789,0.0,5,5,46.09901453120965,0.0,0.1273435622447728
2024-10-19 06:00:00,0.10791151762651471,52.36004158443507,0.0,6,5,50.481908934854474,3.474873737918089,0.12711954619605953
2024-10-19 07:00:00,0.08418191972825259,48.504865535082175,2.8347768310307724,7,5,51.72017168637746,11.40577522532259,0.12656283264007423
2024-10-19 08:00:00,0.07420901903761881,52.38111382802808,16.35518663755279,8,5,48.80754615757488,21.355511640019916,0.12557181653950902
2024-10-19 09:00:00,0.09502765714403087,57.84338492625065,18.187930996267493,9,5,48.38530553747699,21.091378490454897,0.12556500784505567
2024-10-19 10:00:00,0.10072487735281055,43.863772077719645,16.030508663786303,10,5,43.07398577109224,20.975338047113528,0.12613298883070284
2024-10-19 11:00:00,0.08199543350900777,38.34185874022199,25.67650949120833,11,5,43.001834703234124,18.982630868546885,0.12628536609999522
2024-10-19 12:00:00,0.08670757866200493,47.09883372207213,23.349006478509157,12,5,41.11796615956925,29.586000065934527,0.12705188870305242
2024-10-19 13:00:00,0.10471684085627042,40.69214150653765,21.38336742392451,13,5,47.610891475425205,25.106091703319933,0.12686731433269194
2024-10-19 14:00:00,0.0935041110766828,45.367296486196494,17.908941432339887,14,5,49.15504935890789,18.691228816693823,0.1270362829464994
2024-10-19 15:00:00,0.08944240972895011,47.2384418345911,21.39408892842686,15,5,55.31861531226986,15.908775216775638,0.1258209837268368
2024-10-19 16:00:00,0.13416427269043552,54.81908617939209,5.773961872007912,16,5,56.60272301661824,8.027049503436864,0.12610734998408882
2024-10-19 17:00:00,0.18248152822780087,55.993393927863394,3.6184192183555814,17,5,63.30463441226212,0.0,0.1251156370695452
2024-10-19 18:00:00,0.1959024291742881,62.37997778860537,0.42044368068935145,18,5,65.58324119830255,0.0,0.1238763229038788
2024-10-19 19:00:00,0.22501881011964567,65.87798279390573,5.524270741162239,19,5,58.868010619839445,5.344173862251692,0.12366280624695675
2024-10-19 20:00:00,0.1968030176150667,59.72915680809919,1.9385036872261163,20,5,61.37086308315389,0.0,0.12287235505942325
2024-10-19 21:00:00,0.1812720723714363,56.79440018508035,0.0,21,5,51.45842602345754,0.0,0.12166930092452499
2024-10-19 22:00:00,0.1399209008796787,52.84565012416472,5.352737089373852,22,5,49.51111813665654,0.10487899636367602,0.12174185192353038
2024-10-19 23:00:00,0.12270977956347473,44.51710831621879,0.0,23,5,44.120605587660016,0.15293979006351027,0.121297296178421
2024-10-20 00:00:00,0.09554933553795623,39.193004606544136,0.9286765787430407,0,6,42.47537811264171,1.609179640827728,0.12146306181110637
2024-10-20 01:00:00,0.07369724864594521,40.94572101565963,1.707246260132752,1,6,37.68383302060542,1.286845167603627,0.12072409638851365
2024-10-20 02:00:00,0.08769931746053419,39.38515224653097,0.0,2,6,40.668747673331715,0.0,0.1192506437603839
2024-10-20 03:00:00,0.07819311651960192,40.156413101111404,2.4415756816088883,3,6,44.497071359672596,0.07248269492461268,0.11880283645218126
2024-10-20 04:00:00,0.08807635296735455,41.96652649930609,0.0,4,6,42.479226209150866,1.5206196348382077,0.11810416865245625
2024-10-20 05:00:00,0.0833086496891738,42.01439716102082,2.4329984963128752,5,6,46.49408788053469,0.0,0.11680075817435566
2024-10-20 06:00:00,0.10907120870297767,49.42524757553227,0.0,6,6,49.475675677418735,10.465776826578628,0.11684907863587496
2024-10-20 07:00:00,0.10613743403492476,54.846570449533345,7.587559539211965,7,6,52.69227391664999,12.336399629521384,0.1177638917319863
2024-10-20 08:00:00,0.09634639992146389,50.06617881017964,10.950731683244168,8,6,47.21577543672858,22.00222947164192,0.11868628260214652
2024-10-20 09:00:00,0.0708708229768824,51.842392634118724,21.550460464577142,9,6,48.60256897655499,17.56750796457693,0.117679747845182
2024-10-20 10:00:00,0.07980695734237064,46.58357364404905,21.311555034587016,10,6,43.27220566288666,25.7746013792642,0.116808167844747
2024-10-20 11:00:00,0.05927756862129682,45.68736352482227,28.313943815621094,11,6,43.06201017332097,22.29317501629451,0.11586159014109237
2024-10-20 12:00:00,0.07013868018335798,48.09517868260118,26.562854752959257,12,6,42.99112695041153,22.16511994055488,0.11517121937114876
2024-10-20 13:00:00,0.08138253029016462,45.068580062251186,23.495360840932126,13,6,46.73602941374819,23.99907072350036,0.11419895643089434
2024-10-20 14:00:00,0.09536087153897663,39.86156920794324,24.222330172435377,14,6,49.17423868051656,16.886760897288347,0.11427632145015658
2024-10-20 15:00:00,0.10832414147678564,50.669105009464225,20.305701850034698,15,6,56.94477304571208,19.665858193683082,0.11506306027298306
2024-10-20 16:00:00,0.14460807796516637,58.009068139721684,14.044790053391033,16,6,61.11690679608438,7.865621303225024,0.11549821882609686
2024-10-20 17:00:00,0.17520998876695035,58.42894092766162,0.0,17,6,61.46807955574054,0.0,0.11519523801522807
2024-10-20 18:00:00,0.2003702856238315,66.2447563302068,0.0,18,6,67.27210816204682,1.4554418927683803,0.11538139870062573
2024-10-20 19:00:00,0.21456932948080526,62.33314289803638,4.8443704627707325,19,6,63.69749663523283,0.0,0.11494600367400737
2024-10-20 20:00:00,0.20899827928667772,58.30495881450334,0.0,20,6,59.47737465340176,2.3297432820969934,0.11545413957699117
2024-10-20 21:00:00,0.17067617755088849,59.58934882100942,3.088614025230324,21,6,55.756632176632294,0.0,0.11501264395946835
2024-10-20 22:00:00,0.1471515716992156,48.439488566089594,2.472584298728841,22,6,47.10995935643132,1.138694319804686,0.11531392191028238
2024-10-20 23:00:00,0.12068857233286345,48.42498934528116,0.0,23,6,46.8891016272885,0.5556108405916469,0.11522970494234024
2024-10-21 00:00:00,0.08966270219008135,53.76587341176447,0.0,0,0,49.71823344146212,0.21960072690914037,0.11498442855284546
2024-10-21 01:00:00,0.11028102966830564,43.55710920938098,0.0,1,0,48.55388360532027,2.9170351259863816,0.11650875276211048
2024-10-21 02:00:00,0.0894641707900209,45.67209753248821,7.273052652715539,2,0,54.2750334414383,0.0,0.11658228831750576
2024-10-21 03:00:00,0.11075539718762295,46.825093113774614,0.0,3,0,49.604344637576276,0.2730295375738247,0.11793905001200662
2024-10-21 04:00:00,0.0924683473450112,50.930366714930834,0.0,4,0,53.29604935639583,0.0,0.11812204977774232
2024-10-21 05:00:00,0.1032598709474424,52.045260946535095,0.0,5,0,56.70055473047196,0.0,0.1189533506635035
2024-10-21 06:00:00,0.11084303792985145,60.793862205984475,4.251745667923318,6,0,61.81676718919281,3.936033183598359,0.11902717688128993
2024-10-21 07:00:00,0.12999476545612723,62.40813352305983,5.431689190245997,7,0,58.66585244091475,10.400376702565792,0.12002123235717337
2024-10-21 08:00:00,0.10251552140861829,62.239847912423336,9.945015853436086,8,0,56.16840591525173,16.503509587702695,0.12027827908580478
2024-10-21 09:00:00,0.08518296230815592,59.85855371908923,22.109613130266336,9,0,59.24199657557802,21.964149781667537,0.12087461822460784
2024-10-21 10:00:00,0.09735671565285627,57.711462247590106,23.047856910601755,10,0,53.78162020878047,24.962769388226363,0.12160585815421143
2024-10-21 11:00:00,0.08484019329785207,50.86223890349499,20.22683240503057,11,0,53.8069476478166,23.12598419374875,0.12267096751573454
2024-10-21 12:00:00,0.09339292754256319,54.93053573393066,19.988831620799917,12,0,54.25704241840135,27.88129350489085,0.12363989448903477
2024-10-21 13:00:00,0.07347091689343896,48.98510633044256,27.497943128096384,13,0,56.69929130346432,19.979903534883032,0.12331024393083785
2024-10-21 14:00:00,0.0979858662496727,57.312480532420096,21.078386175923384,14,0,57.56337047194263,11.712375607773678,0.12341961871045021
2024-10-21 15:00:00,0.14965882909403008,62.11475341541295,11.740730000586215,15,0,61.86881226819239,11.170831832220161,0.12514189736116874
2024-10-21 16:00:00,0.1515817382455686,63.84144930761347,5.894782750630651,16,0,64.24831301955953,6.413943140779884,0.1254324665395188
2024-10-21 17:00:00,0.19320592273748802,67.67694530277596,2.37575867773472,17,0,70.17170049881433,0.0,0.12618229712162454
2024-10-21 18:00:00,0.2024382645383162,73.44249507701942,0.0,18,0,73.76859323305806,3.38054056236359,0.12626846290972807
2024-10-21 19:00:00,0.21284831173844,64.48743226519917,0.0,19,0,70.75867005737477,0.0,0.12619675383712953
2024-10-21 20:00:00,0.2304609445384944,73.12868884392682,0.0,20,0,65.95858465618159,0.0,0.12709103155595522
2024-10-21 21:00:00,0.19638438381242365,67.87765358745632,0.0,21,0,63.263835611384174,0.0,0.1281622068168525
2024-10-21 22:00:00,0.17901105838671758,63.00098253049416,0.0,22,0,60.980919093062845,2.1328299982893104,0.12948968542883177
2024-10-21 23:00:00,0.14752536159884638,60.55593904761245,5.925185157946994,23,0,49.638533996303245,2.474979299682424,0.13060788498158107
2024-10-22 00:00:00,0.09369491829981609,49.51130512562748,0.0,0,1,47.505298829388664,0.0,0.13077589398615333
2024-10-22 01:00:00,0.11830570322426474,46.122276069821126,0.0,1,1,52.413924210575956,0.0,0.13111025538431828
2024-10-22 02:00:00,0.09272041011324922,49.416586236107214,1.7823937732962984,2,1,48.68194890390657,0.36646551515966996,0.13124593202278614
2024-10-22 03:00:00,0.10125891204284013,50.44636135068605,0.0,3,1,54.19432121513794,0.8803473372586367,0.13085024514175353
2024-10-22 04:00:00,0.11291830615522283,51.60336628640089,1.4005353736034793,4,1,52.791874969531854,1.58275412220097,0.13170232675884566
2024-10-22 05:00:00,0.131509023091155,53.83628413925093,0.9821520693310666,5,1,56.625473503053875,0.0,0.13287937476483372
2024-10-22 06:00:00,0.10677372503912337,59.74519423163211,0.429059979597352,6,1,62.57859252449977,5.808197035168331,0.13270982006105336
2024-10-22 07:00:00,0.10536983732061186,55.98149580359288,15.832705131496077,7,1,58.054567158424526,11.9374301012546,0.13168378138874023
2024-10-22 08:00:00,0.10474494838572652,61.319803448067084,15.06997075776681,8,1,57.3949136729821,19.509387238411435,0.13177667417945307
2024-10-22 09:00:00,0.11157754549297291,63.62289925210292,13.01628724385967,9,1,55.902618541381344,24.3005982580259,0.13287644847882044
2024-10-22 10:00:00,0.1071929412650822,51.00495767437538,21.87432578378282,10,1,53.443234137143094,27.434321417078003,0.1332862912126632
2024-10-22 11:00:00,0.08259497319463505,54.298039322329714,20.18130920305393,11,1,57.574189666787056,27.409006050472623,0.13319274037502918
2024-10-22 12:00:00,0.09604839170992652,50.41683889957151,25.32393828143265,12,1,50.870112803736966,28.03007931431779,0.13330338471533595
2024-10-22 13:00:00,0.10157733690932992,51.45996221741382,18.13923206648401,13,1,52.133366665957304,23.41539913684441,0.13447448554933142
2024-10-22 14:00:00,0.11686312981045424,51.846477644982556,16.701320063826817,14,1,56.550015113698514,15.15212612133033,0.1352610381976973
2024-10-22 15:00:00,0.12067308371513656,57.87912262172702,18.005990659048674,15,1,63.73353617629537,16.174854340062232,0.13405329880691008
2024-10-22 16:00:00,0.15218407797045824,69.16128805043343,15.372872201204668,16,1,69.32748612185546,2.296096581446279,0.13407839629544713
2024-10-22 17:00:00,0.17635686589501848,64.29723743902295,7.909329056665276,17,1,70.84991669100802,6.620501516932196,0.13337635226034425
2024-10-22 18:00:00,0.19695233996691167,68.52133886583196,2.9894106708732666,18,1,73.78895083981735,0.0,0.13314777206986908
2024-10-22 19:00:00,0.2235335115099051,69.58068792833387,1.3083649556734611,19,1,76.15445472620759,2.48541467653794,0.13359298872701345
2024-10-22 20:00:00,0.23035171232347826,77.79178856531902,0.6037363466131617,20,1,68.41331084760105,4.043910614345351,0.1335884373847211
2024-10-22 21:00:00,0.1980150823320104,66.86348682621134,0.0,21,1,63.90756004211762,1.28601183804171,0.13365638315637055
2024-10-22 22:00:00,0.17614752491478292,63.183535002499724,2.8455063305087895,22,1,62.17559893692238,0.0,0.1335370692617066
2024-10-22 23:00:00,0.12386690396998544,57.10871709813518,3.5870773148932447,23,1,48.45688043291845,0.0,0.1325513001938374
2024-10-23 00:00:00,0.10464705381297032,46.83077865172625,0.0,0,2,48.34648676193185,0.999078015413347,0.13300763917355216
2024-10-23 01:00:00,0.1330578080024297,49.12082212992017,0.0,1,2,49.03207677003497,1.7797384128616245,0.1336223102059757
2024-10-23 02:00:00,0.12421352225359289,57.83782050908695,5.56992034102783,2,2,49.27672895439281,0.0,0.13493452321182334
2024-10-23 03:00:00,0.12217307204912242,54.78717693672656,0.0,3,2,47.69591773263333,0.20813897165613077,0.13580594654541844
2024-10-23 04:00:00,0.11299348715039176,48.60854294038791,0.2649005462808918,4,2,53.696496637912325,0.0,0.13580907908688383
2024-10-23 05:00:00,0.1092633874409547,55.492745481717634,1.6947906771351327,5,2,56.9554620803768,4.968186442562809,0.13488217760145882
2024-10-23 06:00:00,0.09231597059487981,53.86070660334187,0.0,6,2,59.187455461619756,4.961506988628327,0.134279771166282
2024-10-23 07:00:00,0.11480943296118626,53.87479611697577,3.148530120310745,7,2,61.3548698619891,13.837732878801503,0.13467308765130592
2024-10-23 08:00:00,0.07841200542780032,64.1223631128479,12.952087959033733,8,2,60.113708084605975,20.37615812829339,0.13357588169472567
2024-10-23 09:00:00,0.09617518914679019,63.309787513765436,16.31054176708233,9,2,54.02577671369935,16.908258559076003,0.13293411684696807
2024-10-23 10:00:00,0.09294066439490517,60.00544785590922,26.59025402569262,10,2,54.402816026048534,22.824348523191844,0.13234027197737736
2024-10-23 11:00:00,0.08207759113777416,52.32196733431244,25.225475478095355,11,2,53.50944045133025,24.036793734253088,0.1323187143916748
2024-10-23 12:00:00,0.1099627975363939,51.85873394506042,21.174228886852312,12,2,49.55439870630813,21.743363794181374,0.13289848130111095
2024-10-23 13:00:00,0.1075055897046141,55.14785140741528,25.01761631923835,13,2,57.770459887987826,22.738974361211394,0.1331454918342478
2024-10-23 14:00:00,0.10784936046811654,56.09701516276418,21.21991029959031,14,2,56.05245849414026,14.577900312613139,0.1327699181116504
2024-10-23 15:00:00,0.10354608292560859,57.26441119179943,21.029176358969757,15,2,61.09516003607106,11.783145667574155,0.1320562930787534
2024-10-23 16:00:00,0.1679603908686543,58.19060644787074,9.793618699799769,16,2,68.84969140649255,4.981215565695533,0.13271363944951156
2024-10-23 17:00:00,0.19522169449677973,68.810181404026,6.68008776916992,17,2,73.43585464331235,6.511520285420733,0.13349967397458495
2024-10-23 18:00:00,0.21344378454801344,75.81928790730132,0.0,18,2,75.40458735003008,0.0,0.13418681749879752
2024-10-23 19:00:00,0.22880151809992685,70.01696221592931,0.20467798070404797,19,2,73.4884009065076,2.085848570626817,0.13440631777338177
2024-10-23 20:00:00,0.23772895176996567,74.41044625745376,0.0,20,2,67.40593404314701,5.030593559774539,0.13471370275031874
2024-10-23 21:00:00,0.19276953970587896,69.50627349628881,2.015690837696118,21,2,63.58506877056585,0.0,0.13449513847422992
2024-10-23 22:00:00,0.1746288166455516,65.76842062593728,1.462874965473239,22,2,57.86664795096385,0.26693225767796985,0.13443185896301194
2024-10-23 23:00:00,0.14838508764331493,61.2903102967575,4.498282659226283,23,2,50.30356447578199,0.0,0.13545344994940067
2024-10-24 00:00:00,0.09452247361401331,47.732757627771555,0.0,0,3,50.11233205761495,0.0,0.1350315924411108
2024-10-24 01:00:00,0.10175863758985099,44.80114865787508,0.0,1,3,49.0637382908943,0.0,0.1337274603405867
2024-10-24 02:00:00,0.09329664877604599,48.36629302786129,2.7625303228041296,2,3,49.74022869659957,0.0,0.13243925727902225
2024-10-24 03:00:00,0.12369550169533575,53.27987194501191,0.0,3,3,47.73564984603402,0.0,0.13250269184761446
2024-10-24 04:00:00,0.09497319128165105,49.70564600535662,3.797445872793856,4,3,55.182882930557945,0.0,0.13175184618641692
2024-10-24 05:00:00,0.11086399663867724,51.30168425489233,3.78994699094796,5,3,57.21880902916799,0.017156741616639912,0.13181853823632203
2024-10-24 06:00:00,0.08921713395895686,50.795372921031976,4.40047615397043,6,3,55.047926801834976,2.5398305380709303,0.13168942004315856
2024-10-24 07:00:00,0.10305708506180258,65.26975927516324,7.209055495242165,7,3,62.54836325310623,12.36483330260266,0.13119973888068426
2024-10-24 08:00:00,0.0963670625684257,63.604326368198635,9.677559359186926,8,3,59.59354932670967,19.491499829039228,0.13194786626154364
2024-10-24 09:00:00,0.09529465701219647,62.163272083901866,16.47632697660484,9,3,54.886550959149716,23.43705870622662,0.13191117742260225
2024-10-24 10:00:00,0.09514915410857867,59.8569164295668,21.04149321940498,10,3,51.87680031240101,21.256557009011676,0.13200319782733863
2024-10-24 11:00:00,0.09182093990495789,55.7731174280705,20.024549225242446,11,3,51.118086495688026,25.26347952257229,0.13240917069263794
2024-10-24 12:00:00,0.06263937923424759,51.71267849660883,27.426500407796475,12,3,50.98766550706942,20.078244497616478,0.1304373615967152
2024-10-24 13:00:00,0.08358980367505736,52.326671041834786,24.015339569889914,13,3,53.35196638169224,18.749833745820187,0.12944087051215034
2024-10-24 14:00:00,0.08644875434747414,53.57813641587198,16.588471743000742,14,3,62.02743407197943,17.21003922538392,0.1285491785904569
2024-10-24 15:00:00,0.12106014603172022,67.05733605339452,22.68422780216629,15,3,64.2160028003308,10.443103055607077,0.1292789312198782
2024-10-24 16:00:00,0.14682629337439565,65.25266931172364,11.721159161374725,16,3,72.61991595783505,2.3519373688732412,0.1283983438242841
2024-10-24 17:00:00,0.18969621863949193,67.06373390976351,2.0615143988889923,17,3,72.9200488323027,2.3331144400349397,0.1281681156635638
2024-10-24 18:00:00,0.21394702657410594,73.95816127839439,0.0,18,3,75.10989072032282,0.0,0.12818908408131763
2024-10-24 19:00:00,0.24480173959716892,70.71657874301495,5.207242590078706,19,3,70.70712038927174,0.0,0.12885575997703605
2024-10-24 20:00:00,0.20730815925938972,77.2829522748927,6.387447206758876,20,3,68.21139784628613,2.963023529506014,0.12758822695576205
2024-10-24 21:00:00,0.19056753106773872,66.4320335045947,3.5331976871832143,21,3,63.30670038063383,1.5039508600968996,0.12749647659583954
2024-10-24 22:00:00,0.17038401560553693,65.07353410730225,4.617580270054974,22,3,59.84228812769272,0.49311118202742416,0.12731960988583893
2024-10-24 23:00:00,0.14253409547939516,62.01323165215125,4.258154105795139,23,3,49.957911872338066,0.0,0.12707581854567562
2024-10-25 00:00:00,0.10017166645286346,51.288138375298416,1.9492065346742316,0,4,50.77990635377689,0.0,0.12731120158062773
2024-10-25 01:00:00,0.08748745841280618,50.37955534413551,1.15164625733824,1,4,50.806443896074384,1.112507994445289,0.1267165691149175
2024-10-25 02:00:00,0.10002076319363339,50.20995481349551,1.889521180668127,2,4,49.930781815794795,1.7640887955866322,0.12699674054898363
2024-10-25 03:00:00,0.09625882706362382,50.3558856507965,2.576054051001531,3,4,50.73050899970065,0.7084542083634924,0.1258535457726623
2024-10-25 04:00:00,0.12980880733255276,49.69645596398148,0.0,4,4,52.286469253756664,0.0,0.12730502977478322
2024-10-25 05:00:00,0.13665121906362393,52.18610854788349,2.561855552592385,5,4,58.89013402515801,0.0,0.12837949737582266
2024-10-25 06:00:00,0.11524966375391527,61.46021584278357,5.1051589655395615,6,4,59.15825650987316,6.367900372341799,0.12946418611727928
2024-10-25 07:00:00,0.09611507799025996,59.41580250791748,5.041269913645288,7,4,61.72167035646875,7.629406960680889,0.12917493582263165
2024-10-25 08:00:00,0.11399072504989236,58.54932728552253,10.038001573640802,8,4,59.4883273064217,16.003104645079546,0.12990925509269277
2024-10-25 09:00:00,0.08630969585564563,58.14928526577555,17.4142874792496,9,4,58.987262609536884,15.396735597062856,0.1295348817111698
2024-10-25 10:00:00,0.08639452202579714,60.383214002013354,17.01149108394897,10,4,50.053307982996735,18.562589160833774,0.12917010537438725
2024-10-25 11:00:00,0.07989768162845885,56.191424529167705,16.901083651514895,11,4,53.2023031562866,22.76773712767982,0.1286733029461998
2024-10-25 12:00:00,0.07790013289232361,54.38941683543631,26.28575428490231,12,4,50.44272780751989,23.14299844394884,0.12930916768195297
2024-10-25 13:00:00,0.08135683326552436,52.128480970424256,19.93161939962915,13,4,55.82957801341256,20.242331949715577,0.12921612724822243
2024-10-25 14:00:00,0.07969359627204418,56.882934919029964,19.349862535898183,14,4,58.434905168467864,12.625686959137534,0.12893466232841286
2024-10-25 15:00:00,0.10622584017855999,56.6686026713342,13.610937753386041,15,4,60.61886122652618,5.895518671090643,0.12831656625119783
2024-10-25 16:00:00,0.1558875580400652,62.7448185431687,15.603010674462588,16,4,69.32500752763127,5.740290742607993,0.1286941189456007
2024-10-25 17:00:00,0.18826470025840988,71.75310231365145,8.749689966790951,17,4,73.01876787228885,0.0,0.12863447234638897
2024-10-25 18:00:00,0.22580011146112658,75.36809280551306,0.0,18,4,73.59074959723141,2.644392312199574,0.12912835088334818
2024-10-25 19:00:00,0.20272073376995348,70.91108040502235,0.0,19,4,72.36123225232097,0.0,0.12737497564054753
2024-10-25 20:00:00,0.2330216899303499,69.8326787580095,0.0,20,4,68.97230940808358,6.255729326783851,0.12844637275183754
2024-10-25 21:00:00,0.19124086413530275,68.99713413209021,1.9955344498239977,21,4,65.92833376120133,0.0,0.12847442829631936
2024-10-25 22:00:00,0.19055979497090975,69.09551695376256,0.6602249642791783,22,4,58.07528213181751,1.2962700990233864,0.12931508576987658
2024-10-25 23:00:00,0.14183892531699444,52.5741273425822,0.3818431555819546,23,4,43.184463495931915,0.0,0.12928612034644318
2024-10-26 00:00:00,0.08625532525617785,42.049064989764474,0.7409456581443412,0,5,41.10387137843872,0.0,0.12870627279658128
2024-10-26 01:00:00,0.07286627661633165,36.775433258575006,2.655786810243559,1,5,43.8683779402888,0.5151259417786843,0.12809705688839487
2024-10-26 02:00:00,0.11909658846064401,39.247049511970935,0.0,2,5,41.167734373210735,2.4088188685663097,0.12889188294118697
2024-10-26 03:00:00,0.10263058083841183,40.47184677232609,1.575047076608259,3,5,41.31076324489534,2.8546427843047457,0.12915737268180313
2024-10-26 04:00:00,0.10331854905228291,41.29778497884785,0.0,4,5,42.5306230632847,2.036493659382316,0.12805361192012524
2024-10-26 05:00:00,0.1146765473905877,43.01782906553349,8.93847771941364,5,5,47.75941622129883,2.905367233725952,0.12713800060041539
2024-10-26 06:00:00,0.09804326094896622,47.85010978960138,0.0,6,5,49.27829413388073,3.9127348901950425,0.12642106715020918
2024-10-26 07:00:00,0.10782642449615829,49.15182246858855,6.350429591526548,7,5,54.97437257894975,12.708126240751,0.1269090399212883
2024-10-26 08:00:00,0.08387996697650021,47.48553226531053,12.874127027154346,8,5,49.16053304150884,14.448400275797685,0.1256544250015636
2024-10-26 09:00:00,0.0949335561454589,53.39854088510168,13.965136954920716,9,5,46.58350163414227,21.626064477312827,0.12601375251363917
2024-10-26 10:00:00,0.07342341417983668,50.37273930795508,18.89201415016952,10,5,46.29317007038522,21.364365548200016,0.12547328968672414
2024-10-26 11:00:00,0.06939757081684657,47.829161644410334,21.02562127355395,11,5,46.06946791840703,23.519730376961302,0.12503578506957364
2024-10-26 12:00:00,0.07307020772022244,38.76753362634444,18.5838620567984,12,5,45.51616010255021,21.856889442127528,0.12483453818740274
2024-10-26 13:00:00,0.058404689363896686,45.01060744450129,22.57582080164397,13,5,48.26706491666707,20.993686444359167,0.12387819885816825
2024-10-26 14:00:00,0.08740871033249153,48.31282790235511,13.092350936390842,14,5,49.66908662059837,13.141477560933932,0.12419966194402023
2024-10-26 15:00:00,0.09890650559998589,46.52967220146602,21.53738329678076,15,5,54.544853715844255,6.490137110088939,0.12389468966991297
2024-10-26 16:00:00,0.10565569160354571,54.7064583869544,13.666895787826983,16,5,63.77476423781148,8.406963923954141,0.121801695235058
2024-10-26 17:00:00,0.15967644148951382,59.379195238301115,7.87478231571945,17,5,67.05246221001721,3.7659841493716275,0.120610517786354
2024-10-26 18:00:00,0.20235440300959448,69.56680688968692,0.0,18,5,66.58311718423991,0.0,0.11963361326754014
2024-10-26 19:00:00,0.22814376828700714,71.31309977980156,0.0,19,5,65.88509703196065,2.271082287150465,0.12069290637241738
2024-10-26 20:00:00,0.19672121827511865,58.34594349795671,4.862707922817689,20,5,61.467873101069706,0.0,0.11918038672011609
2024-10-26 21:00:00,0.19103720086034642,67.73137421071328,14.529344889638603,21,5,52.26146499185535,0.0,0.11917190075032624
2024-10-26 22:00:00,0.15044146344523826,51.7446915964259,4.1814236276996075,22,5,49.726152198255356,0.22947299468245105,0.11750030360342324
2024-10-26 23:00:00,0.11846211966095922,52.94361096002716,3.6293019358783285,23,5,44.253126545121596,0.0,0.1165262700344218
2024-10-27 00:00:00,0.09229965407900338,44.36517150585611,1.8374097983996585,0,6,42.72062866021961,0.0,0.11677811706870618
2024-10-27 01:00:00,0.0888231753200073,38.09374157766861,0.0,1,6,41.25090775407073,0.44226488994097246,0.11744298784802602
2024-10-27 02:00:00,0.09885411124486514,42.956544015491104,3.4831092912011563,2,6,44.75671169454661,0.0,0.11659955129736856
2024-10-27 03:00:00,0.09370947933140195,41.39508811243357,0.0,3,6,43.48319387765666,0.0,0.11622783873457648
2024-10-27 04:00:00,0.0854189406485078,44.518446076622865,0.0,4,6,46.33831373297756,0.0,0.11548202171775251
2024-10-27 05:00:00,0.09351912640192064,45.565305824014274,0.0,5,6,48.67728847189435,0.0,0.11460046250989138
2024-10-27 06:00:00,0.10137975767005511,51.756511933535094,3.4150292627555756,6,6,52.04814319551672,4.904690307752191,0.11473948320660342
2024-10-27 07:00:00,0.08041485756040183,51.20709720382711,5.312805063381181,7,6,53.491912614600054,10.613384563301295,0.11359733458428023
2024-10-27 08:00:00,0.09342697520919863,51.72937725863294,11.004758620308928,8,6,53.603484662848345,13.432267776015511,0.11399512659397602
2024-10-27 09:00:00,0.06713841659763851,54.51154205476509,15.009942987145878,9,6,50.92463980112224,17.04525030082866,0.11283699577948349
2024-10-27 10:00:00,0.09425143078663245,49.921993844579504,14.509373424350503,10,6,44.32999999825984,20.00648585758081,0.11370482980476665
2024-10-27 11:00:00,0.08177004609192201,47.573985098117944,18.2300528513898,11,6,44.51008457023967,23.598841924862402,0.11422034960789479
2024-10-27 12:00:00,0.09145759724223271,41.672385047115306,19.132018819400116,12,6,46.69726557728004,20.313117228921875,0.11498649083797856
2024-10-27 13:00:00,0.06021431900610826,40.8104068397102,15.659160957161951,13,6,45.987755143700554,13.055663213552982,0.11506189207307072
2024-10-27 14:00:00,0.09705704040979288,44.43416308931762,16.68464598499306,14,6,47.31290487200277,11.721057567471595,0.11546390582629158
2024-10-27 15:00:00,0.11387936488129469,47.94406877024812,11.27928416943644,15,6,52.960985991128744,13.260834393582254,0.1160877749630128
2024-10-27 16:00:00,0.1273196346305032,57.29412003641423,12.67361997167807,16,6,58.173268809609084,3.5940601968701413,0.1169904392558027
2024-10-27 17:00:00,0.16429267382805757,62.97557584818856,7.827152979511328,17,6,62.85674515885819,0.0,0.11718278226990868
2024-10-27 18:00:00,0.1871831861195859,63.276686239718096,0.0,18,6,63.7634342273523,5.3896949174725055,0.11655064823282497
2024-10-27 19:00:00,0.20028174626202933,69.83483170555257,0.0,19,6,65.83127450701073,1.7690842929708819,0.11538973064845091
2024-10-27 20:00:00,0.19245675025238457,68.15216440061508,6.496209584608462,20,6,59.29833800905626,0.0,0.115212044480837
2024-10-27 21:00:00,0.16602705813497723,60.630862708818746,0.0,21,6,57.29679571337271,4.045741987371319,0.11416995520061328
2024-10-27 22:00:00,0.16643685638895084,52.14453861913212,1.4932323622827302,22,6,47.64604810498677,0.41901081547259217,0.1148364299066013
2024-10-27 23:00:00,0.11234923371171086,54.947840080326436,0.36932676901009526,23,6,49.6537386491867,1.0340408870540707,0.1145817263253826
2024-10-28 00:00:00,0.10812673437062441,50.1651286810727,3.8251064524431753,0,0,50.58931124857691,0.851676371342042,0.11524118800420018
2024-10-28 01:00:00,0.11497856451022909,50.784485169412946,1.0341339447509221,1,0,52.10021651306862,2.5573976731935777,0.11633099588712607
2024-10-28 02:00:00,0.11368058498541893,49.392157230536405,0.0,2,0,53.12725586176863,0.0,0.1169487656263158
2024-10-28 03:00:00,0.11309407574868124,47.99267328720538,0.23367442515509776,3,0,50.768761715248054,0.0,0.11775645714370243
2024-10-28 04:00:00,0.1181794153836346,47.14575012206171,0.28479480383807554,4,0,55.914797710484926,0.9058725226534253,0.11912147692433273
2024-10-28 05:00:00,0.11045268830496717,55.95313932905103,0.0,5,0,53.66524616962865,0.0,0.11982704200362633
2024-10-28 06:00:00,0.11507686320605359,54.52214844515256,0.0,6,0,61.809287271053044,10.47775749121097,0.12039775473429294
2024-10-28 07:00:00,0.11518988967188402,69.85712483582098,9.742120887925445,7,0,58.685250453126905,9.401217931830054,0.1218467144056047
2024-10-28 08:00:00,0.11725317716446435,57.89194505370863,14.14773016136824,8,0,60.998230627279064,14.584461467607795,0.12283947282040743
2024-10-28 09:00:00,0.12328765033416246,56.08131882631316,11.074673325309616,9,0,59.42390605079465,16.146805309146384,0.12517902422609592
2024-10-28 10:00:00,0.07865736954699665,58.79797688426642,16.987137688844868,10,0,56.107449152380006,21.070314296554848,0.12452927167444444
2024-10-28 11:00:00,0.06307066625140643,59.22679160625788,19.33284583794719,11,0,49.62151281451595,22.102648561946314,0.12375013084775628
2024-10-28 12:00:00,0.09073577964299938,53.106555537832556,16.782609405937674,12,0,52.36158915342449,18.220277967481884,0.1237200551144549
2024-10-28 13:00:00,0.09845795089424188,55.08722972205603,13.58685874351901,13,0,56.78554642746985,19.30825612882587,0.12531353977646045
2024-10-28 14:00:00,0.11893934742297682,49.45232844912984,15.692603119794827,14,0,60.408093269962166,14.918968340401495,0.12622530256867645
2024-10-28 15:00:00,0.12350468833307698,56.863466495483785,13.481926728474948,15,0,64.43095099815343,10.14677953128833,0.12662635771250072
2024-10-28 16:00:00,0.16832841304493146,60.44351828075612,5.3708959370690375,16,0,64.55001862004724,3.287005657517084,0.1283350568131019
2024-10-28 17:00:00,0.20246305345960877,62.88908640468581,6.010732935632006,17,0,75.2700071256011,6.480287224971852,0.12992548929774986
2024-10-28 18:00:00,0.23568383490808112,73.24824615236966,4.069997061607192,18,0,77.10921786224226,3.311817223523118,0.13194634966393717
2024-10-28 19:00:00,0.23340279923295873,67.1796486934327,2.9474065115784374,19,0,73.20134827942677,2.0394163555326155,0.1333263935377259
2024-10-28 20:00:00,0.2050719340010903,68.64284148635826,0.0,20,0,69.4099482871111,3.1541550045191826,0.13385202619392197
2024-10-28 21:00:00,0.1995989331376992,67.23377227276552,0.0,21,0,64.88151928597986,0.8397436148111546,0.13525085431903539
2024-10-28 22:00:00,0.1709476694157152,61.21528385029784,2.504958192306667,22,0,61.92832664625364,0.0,0.13543880486181725
2024-10-28 23:00:00,0.1463612035360392,60.27594824646676,0.5123725917259534,23,0,50.96189679116267,0.0,0.13685597027116425
2024-10-29 00:00:00,0.10949611106625035,51.43864503797742,1.4852288822630713,0,1,50.098811469735026,0.0,0.13691302763348198
2024-10-29 01:00:00,0.12537144547349505,53.341316747353176,6.776359801058798,1,1,51.342337758969066,6.062071382943982,0.13734606434028473
2024-10-29 02:00:00,0.10390338224393061,52.98692547668388,0.0,2,1,50.918186794928474,3.2485630379704573,0.13693868089272274
2024-10-29 03:00:00,0.12417124939308175,54.59100747683871,0.0,3,1,51.94629946998851,0.5664922743656786,0.13740022979457275
2024-10-29 04:00:00,0.1156986173931332,51.939661638567564,0.0,4,1,50.49664617102718,0.0,0.13729686321163517
2024-10-29 05:00:00,0.10285852751116581,54.99945899580693,1.701157738937374,5,1,58.175099229178535,1.7773718930222515,0.13698043984522681
2024-10-29 06:00:00,0.10525692826074645,58.76627988328904,0.09424065611814178,6,1,62.50993922010224,4.492035972917476,0.13657127588917234
2024-10-29 07:00:00,0.09778634014192028,60.620330554208316,1.015833410103303,7,1,63.50853026513318,12.136221942669255,0.1358461279920905
2024-10-29 08:00:00,0.11743362843312644,60.19676294585981,5.2129289415808024,8,1,62.107329904377046,11.286067976949944,0.13585364679495143
2024-10-29 09:00:00,0.09830690106994287,59.141530855892164,13.158305776597231,9,1,57.15993259136624,16.263779353400523,0.13481278224227564
2024-10-29 10:00:00,0.08307524550921185,54.6497503391734,13.27430567865397,10,1,54.724745079440424,22.148313242461228,0.1349968604073679
2024-10-29 11:00:00,0.06493061486942565,55.78256654879988,21.492214159547643,11,1,55.38307824950328,25.761754709185382,0.13507435826645206
2024-10-29 12:00:00,0.08909873163695782,52.69942429806763,18.923885455204683,12,1,55.09116678330619,17.826365002318482,0.135006147932867
2024-10-29 13:00:00,0.08352874876020958,51.23430219494499,17.475084600495812,13,1,58.42479691106805,14.836723338327616,0.13438409784394897
2024-10-29 14:00:00,0.0868912980017872,53.33290098268489,14.981669613009766,14,1,57.78647477006112,17.26351828352907,0.1330487624513994
2024-10-29 15:00:00,0.10308152502266718,55.2586317323184,15.320366874990198,15,1,62.62158091201993,6.654167917888616,0.13219779731346568
2024-10-29 16:00:00,0.15042423029554153,67.11178512548126,10.331072065858434,16,1,68.38850069430255,1.9440860206528003,0.13145178969890775
2024-10-29 17:00:00,0.1946317326032392,69.30521388654664,5.977410308217774,17,1,71.08824831273962,0.7446195191281404,0.13112548466322568
2024-10-29 18:00:00,0.21455135725175636,70.21335356038463,0.6304530533203427,18,1,71.8141910860094,5.839919247819739,0.13024496476087882
2024-10-29 19:00:00,0.22137876910242738,77.04445410083842,0.0,19,1,73.91154724948595,0.0,0.12974396350544
2024-10-29 20:00:00,0.22229894441565046,71.18083660602198,0.0,20,1,69.85429742205551,0.0,0.1304617556060467
2024-10-29 21:00:00,0.20956446736872056,64.5523946266952,0.0,21,1,64.46825452933673,0.31165030376390274,0.13087698619900592
2024-10-29 22:00:00,0.17636380549431296,67.2437140703684,0.0,22,1,59.815335744897695,0.0,0.13110265853561415
2024-10-29 23:00:00,0.13877737754616262,57.38913489231847,7.228183333309127,23,1,47.633337482841,0.0,0.13078666578603595
2024-10-30 00:00:00,0.1053442227084482,49.25228378506455,0.0,0,2,49.621028239859825,2.2454800858224693,0.1306136704377942
2024-10-30 01:00:00,0.10003669531149081,50.71290927532027,0.0,1,2,50.092333094073425,0.5217100960485002,0.1295580558477107
2024-10-30 02:00:00,0.10291528875965067,54.335555494774866,0.34393471038671064,2,2,51.13739108673433,1.0272232506112133,0.12951688528586572
2024-10-30 03:00:00,0.0911538630923179,51.10449833149768,0.0,3,2,49.12624693256572,0.0,0.1281411608566672
2024-10-30 04:00:00,0.11913636629266068,48.20859816477498,3.758893395032082,4,2,52.27275499438864,4.236890680028005,0.1282844003941475
2024-10-30 05:00:00,0.12126880881392615,55.86874377619576,0.0,5,2,56.35645158281894,0.0,0.1290514954484292
2024-10-30 06:00:00,0.11617139045300655,55.677441369353296,0.0,6,2,62.38357237593505,2.135796541870237,0.12950626470644003
2024-10-30 07:00:00,0.1204502382207213,66.30835828129452,8.002737141479134,7,2,62.09149776441884,14.610385323445048,0.13045059379305676
2024-10-30 08:00:00,0.10597190015001037,61.564174077044385,16.289496751194875,8,2,62.34845180757559,7.918127202099791,0.12997302178126025
2024-10-30 09:00:00,0.08926805826840134,53.15320582234688,19.00050606922933,9,2,57.12104738996102,16.80674524250801,0.12959640333119601
2024-10-30 10:00:00,0.08908142671741351,58.50947757457063,16.759091315303127,10,2,54.53534292968169,19.014377852740814,0.12984666088153776
2024-10-30 11:00:00,0.08175337223406692,60.756078078164336,19.0524993631688,11,2,54.09839713989758,19.583265377019597,0.1305476091050645
2024-10-30 12:00:00,0.11404328901727118,58.143190228328564,20.06752921870583,12,2,53.10200901280232,14.882406015951194,0.13158696566257752
2024-10-30 13:00:00,0.09785590078088639,59.31548437084683,19.74029703385126,13,2,54.302605887167985,13.919254009792093,0.13218393033010573
2024-10-30 14:00:00,0.09747020708190007,52.28882426114609,14.27166150946778,14,2,56.25230926443384,16.7566347914971,0.13262471820844376
2024-10-30 15:00:00,0.13104181542003335,62.150767778192204,17.352340056404223,15,2,62.883630934091244,13.830958483275625,0.13378973030833402
2024-10-30 16:00:00,0.1624766230092965,61.76908275620793,10.67513787801031,16,2,70.82598430715285,3.983068879524782,0.1342919133380738
2024-10-30 17:00:00,0.173974474694313,69.87133587202226,4.99454068296843,17,2,75.5956343582527,0.0,0.13343119425853522
2024-10-30 18:00:00,0.21525485148574391,69.00083830089514,0.0,18,2,73.01075994884049,0.0,0.1334605065182847
2024-10-30 19:00:00,0.23067755174205695,72.49481530433046,0.21800172971714363,19,2,69.60677028041056,2.6335953448106784,0.13384795579493594
2024-10-30 20:00:00,0.23006419847348272,70.9102558156436,0.0,20,2,71.00639082989647,2.7990110288182994,0.1341715080473456
2024-10-30 21:00:00,0.20180613617091867,72.0285459794339,0.0,21,2,64.21437253000812,0.0,0.1338482442474372
2024-10-30 22:00:00,0.17409258333201277,66.63807638405325,0.0,22,2,56.513724065862256,0.0,0.13375360999067468
2024-10-30 23:00:00,0.14134831521895092,60.09364084263184,1.0044831758066664,23,2,44.43869309704931,0.3830891798327169,0.13386073239370755
2024-10-31 00:00:00,0.11758718835574304,46.33892339212146,6.579475087308536,0,3,48.75382298428044,0.7453069221865143,0.13437085596234483
2024-10-31 01:00:00,0.09036138839810992,49.68339807772981,2.00167612982903,1,3,49.85288930396443,0.0,0.1339677181742873
2024-10-31 02:00:00,0.09987017971269904,48.391208292595785,5.069407254224647,2,3,48.836588219151196,0.0,0.1338408386306643
2024-10-31 03:00:00,0.08953211150154133,53.922852478313864,2.258242605862519,3,3,53.52909675745595,0.0,0.13377326564771527
2024-10-31 04:00:00,0.09958377127794986,55.91547555362072,3.937687213906654,4,3,52.60271276761229,0.07399873565422255,0.132958574188769
2024-10-31 05:00:00,0.11476508108081977,57.60828229450162,6.499945735300871,5,3,57.35372343279452,0.0,0.13268758553322288
2024-10-31 06:00:00,0.11845017589316861,54.91221740102236,0.0,6,3,65.11349120607218,4.999974082501136,0.13278253492656297
2024-10-31 07:00:00,0.10419491726114535,51.6000066372399,2.2444129511839175,7,3,61.90219084250838,7.837251894919023,0.13210522988658066
2024-10-31 08:00:00,0.1151106918231155,56.012990169587475,12.066317334723115,8,3,60.173793710706654,11.632314091269324,0.13248601287296002
2024-10-31 09:00:00,0.1205441352286714,64.9540368016517,13.741029972032182,9,3,57.27956528001155,11.617724743672447,0.1337891827463046
2024-10-31 10:00:00,0.09215384664557347,56.181404914015054,17.616262487824738,10,3,55.97090514477359,18.29666827549377,0.13391720024331127
2024-10-31 11:00:00,0.09044907063938885,52.23055742064926,17.91784890951846,11,3,54.28992644565767,21.699284353120547,0.1342795210101997
2024-10-31 12:00:00,0.07847566750809033,58.45626930014528,17.364052856518473,12,3,51.548832747257556,17.876545329779464,0.13279753678065048
2024-10-31 13:00:00,0.09313612894083168,57.60445352855449,24.460859372606812,13,3,54.82926205706245,15.85527128434982,0.1326008796206482
2024-10-31 14:00:00,0.08112689390369959,55.72980382067611,12.995510174630674,14,3,57.99673327664645,17.269918135261957,0.1319199082382232
2024-10-31 15:00:00,0.13620002183102842,58.39250127582781,16.156277468595448,15,3,63.61369006048014,12.595429915527117,0.13213483350534797
2024-10-31 16:00:00,0.16238221662515695,63.75625245852942,11.560278183109066,16,3,72.90636285286087,9.891110088931576,0.13213089990600882
2024-10-31 17:00:00,0.18125689675364,69.98004180489401,0.0,17,3,74.40869217142013,6.319838629511467,0.1324343341584808
2024-10-31 18:00:00,0.2177539792809911,78.29394842925105,0.0,18,3,74.4970595917644,0.1665641048259581,0.13253846448328274
2024-10-31 19:00:00,0.23966009666336488,76.00848056568029,0.0,19,3,75.66282066470212,0.0,0.13291273718833727
2024-10-31 20:00:00,0.22127759883834122,75.49704920909844,1.9760443966080696,20,3,69.62962268197916,0.0,0.13254662887020635
2024-10-31 21:00:00,0.21199504220782184,72.9943444881681,0.0,21,3,60.89918552282519,1.6044057433225956,0.132971166621744
2024-10-31 22:00:00,0.164756447212419,60.43232304759823,0.0,22,3,62.63525816116117,4.032294687728332,0.13258216095009426
2024-10-31 23:00:00,0.1678159713979187,61.72288682085617,0.0,23,3,50.44649422591406,0.0,0.13368497995755124
2024-11-01 00:00:00,0.10509965031713739,49.81667209019681,8.140691008503598,0,4,46.26761095368287,0.7147790567642943,0.13316466587260933
2024-11-01 01:00:00,0.13404641333505077,42.72815981511134,0.24918466558823962,1,4,47.67854878855268,0.0,0.13498487524498187
2024-11-01 02:00:00,0.11223054053686106,44.06765867887319,1.7465031405393034,2,4,53.494281074605034,0.0,0.13549989027932197
2024-11-01 03:00:00,0.09177969537811259,47.980933875246976,0.0,3,4,49.077505083972824,0.0,0.13559353960751244
2024-11-01 04:00:00,0.1389438337890111,53.94421853131727,0.0,4,4,57.02531768898879,1.0673213013568539,0.13723354221214
2024-11-01 05:00:00,0.12103139329477204,54.69102720350701,6.69439629233736,5,4,57.590034896093506,5.690511640129159,0.137494638554388
2024-11-01 06:00:00,0.12208379169492448,58.01791318133423,0.0,6,4,61.89332111377778,6.249065164709643,0.13764603921279447
2024-11-01 07:00:00,0.12717169457232966,66.70855194837893,5.894082730007654,7,4,61.252675587603754,8.298893137737787,0.13860340493409382
2024-11-01 08:00:00,0.09479734750052268,57.70520165126752,5.262163044800741,8,4,61.55058035884849,11.772822040834011,0.13775701558731915
2024-11-01 09:00:00,0.07982520771820106,60.416063913615986,12.020956622840155,9,4,58.19757530060699,15.924327090559228,0.13606039360771618
2024-11-01 10:00:00,0.09248357817891688,58.53863456805797,14.22535513982908,10,4,54.6548360867115,15.916547965001747,0.13607413242160551
2024-11-01 11:00:00,0.10398912043244835,52.375822401390224,14.90635676176224,11,4,51.16789907190131,19.3958700903617,0.13663830116298298
2024-11-01 12:00:00,0.0886547069339944,53.389422120630016,19.128899381328885,12,4,54.37201862962627,11.605819588854775,0.137062427805729
2024-11-01 13:00:00,0.1061235342523231,48.535124009137206,9.369176638158379,13,4,52.11653989065068,15.867343169532562,0.1376035696937078
2024-11-01 14:00:00,0.11131026906230164,60.26228798102815,15.354476089972712,14,4,61.293413985839166,13.068836441412746,0.1388612103253162
2024-11-01 15:00:00,0.11489730859990255,57.24924477435041,13.12244574950476,15,4,64.67198659083986,6.25260428524396,0.1379735972740193
2024-11-01 16:00:00,0.17674502054370517,70.7784770420379,4.7449587512573235,16,4,70.28053404144156,3.848818177999573,0.13857204743729215
2024-11-01 17:00:00,0.20296825549945674,69.24822318873353,10.215083515572783,17,4,68.03900415745325,3.135763445280876,0.13947668738503452
2024-11-01 18:00:00,0.2245286576182747,76.56258871352097,0.0,18,4,72.5041375749086,3.337738192422487,0.139758965649088
2024-11-01 19:00:00,0.23061636000517355,74.58503580256475,0.0,19,4,72.26124409254979,0.0,0.13938214328833
2024-11-01 20:00:00,0.22667540933340796,73.17439621535476,0.0,20,4,70.69905678922001,1.4657589384618621,0.13960705205895782
2024-11-01 21:00:00,0.17100541565033855,67.4828064480484,0.0,21,4,62.38868455235201,0.0,0.137899150952396
2024-11-01 22:00:00,0.17207906182071672,64.65550300006373,4.5785043272711725,22,4,64.5023564487559,0.0,0.1382042598944084
2024-11-01 23:00:00,0.1482089887251869,60.423944762279454,8.655555313732162,23,4,41.331166805528106,0.646255843768769,0.13738730228304458
2024-11-02 00:00:00,0.09473409950170776,39.348164829034985,2.6097372129523047,0,5,39.84617338410182,4.275397596067231,0.1369554043324017
2024-11-02 01:00:00,0.0971358448072823,41.478022263282156,3.807978184401199,1,5,41.60260142382628,3.3398486234410774,0.13541746397707802
2024-11-02 02:00:00,0.09247672046431306,40.02398479429462,6.007496185169787,2,5,40.43551526440986,0.5850027299617405,0.13459438814072183
2024-11-02 03:00:00,0.0728526373210328,49.696335207323855,0.8710487686825996,3,5,40.97412118048489,0.0,0.13380576072167683
2024-11-02 04:00:00,0.11291279338685524,43.05566568855343,5.495878057641544,4,5,47.44732780159648,3.803843982546693,0.13272113403825367
2024-11-02 05:00:00,0.09103337622526582,50.37011143229665,2.773403963366411,5,5,49.55292089352313,0.0,0.13147121666035758
2024-11-02 06:00:00,0.08748735793690302,47.9004482122371,0.5039557575905018,6,5,52.596321612640146,6.060959850912073,0.1300296985871067
2024-11-02 07:00:00,0.10925578669274046,52.393753209142815,6.031383737401539,7,5,55.418294550436,8.93983747565814,0.12928320242545713
2024-11-02 08:00:00,0.10209574393665423,48.63642334200366,2.907955096346166,8,5,52.57569457742888,18.70630151589656,0.1295873022769626
2024-11-02 09:00:00,0.08935940402316975,50.17171830547633,14.15044095074542,9,5,46.52812670731042,14.370356941220079,0.12998456045633633
2024-11-02 10:00:00,0.09021701134612829,49.33665179402895,10.675363179561497,10,5,47.24768349468255,20.498724935866772,0.12989012017163679
2024-11-02 11:00:00,0.061584016334372535,50.905608585834074,12.244771625366424,11,5,42.14403904213607,18.323895639840885,0.12812324083421697
2024-11-02 12:00:00,0.07093546832653655,45.10762137737827,19.240904347855395,12,5,43.79738446604824,19.5267064330597,0.1273849392255729
2024-11-02 13:00:00,0.08915088559690036,49.18136698647431,14.03393857280511,13,5,46.75765180884044,20.61451371145812,0.12667774553159697
2024-11-02 14:00:00,0.07532991783443334,48.89942119084701,16.053581371561712,14,5,50.23455088121919,7.515219782778384,0.12517856423043577
2024-11-02 15:00:00,0.09067000445855211,55.73659558118439,13.612544356908424,15,5,51.794130165761636,9.099823898064889,0.12416909322454617
2024-11-02 16:00:00,0.13071363993186474,55.18756137182012,9.923588070993523,16,5,58.5154318850462,2.3018084151974203,0.12225111903238613
2024-11-02 17:00:00,0.18134724378884345,68.09935365180476,1.6407651921740514,17,5,64.32629995106706,1.2480492762164028,0.12135024354444392
2024-11-02 18:00:00,0.20437177882451224,62.81804940736798,3.145388338684198,18,5,64.63273151491283,1.9357258787768978,0.12051037359470383
2024-11-02 19:00:00,0.19346022874862445,63.4014270663535,0.0,19,5,66.62379212779008,0.0,0.11896220145901427
2024-11-02 20:00:00,0.1681784284566808,60.499107312033146,1.543764880599067,20,5,63.04517179970075,0.0,0.11652482725581731
2024-11-02 21:00:00,0.19942976548005462,67.90947921579424,0.0,21,5,53.13203441293319,0.5706596173406073,0.11770917516538881
2024-11-02 22:00:00,0.14163613526147556,57.99503861091851,0.0,22,5,50.62435838676412,0.0,0.1164407198920871
2024-11-02 23:00:00,0.11407059099978928,49.43566254578712,3.8405306914454203,23,5,45.12117756858886,0.9330096948406432,0.11501828665352887
2024-11-03 00:00:00,0.06680114062127426,45.952615229580935,3.395621711330455,0,6,41.7076791256233,0.0,0.11385441336684414
2024-11-03 01:00:00,0.1052747039472525,44.17672992843288,0.0,1,6,41.260292757060135,2.054215044633288,0.11419353249767622
2024-11-03 02:00:00,0.10056835527647894,48.36585961610146,0.0,2,6,44.15580264713899,0.0,0.11453068394818312
2024-11-03 03:00:00,0.0967139480904546,37.48229566181084,0.0,3,6,42.89235109785484,0.0,0.11552490523024239
2024-11-03 04:00:00,0.0966031172662893,42.591602347687186,0.0,4,6,48.06505945520894,0.0,0.11484533539188546
2024-11-03 05:00:00,0.06812866907677838,44.04325066027282,0.0,5,6,47.43489715603881,0.0,0.11389097259403182
2024-11-03 06:00:00,0.08068211515172363,42.30860564833637,0.0,6,6,50.71280742996932,8.547180694567597,0.11360742081131603
2024-11-03 07:00:00,0.08932251599413144,55.05503035354832,6.909412913639789,7,6,54.54305184748211,11.43571666200648,0.11277686786554064
2024-11-03 08:00:00,0.08141610413123086,52.09746993471997,6.319322619315262,8,6,51.90138858843965,11.479569203818732,0.11191521620698135
2024-11-03 09:00:00,0.08282447515570594,54.06712099743269,12.50556318901823,9,6,48.97770350376468,14.358968726659528,0.11164292750417033
2024-11-03 10:00:00,0.08393897110107869,56.312161579380316,14.932773482921741,10,6,42.1096839136097,19.9949913577726,0.11138134249395994
2024-11-03 11:00:00,0.08752113615772061,44.797967054936336,21.209029258925955,11,6,43.78840037572344,14.874935821296,0.11246205581993278
2024-11-03 12:00:00,0.05414375249028272,43.1475374863335,15.993443856422603,12,6,46.57948728499233,17.578783009277718,0.11176240099342222
2024-11-03 13:00:00,0.07350745164183164,45.23113771579569,15.502857321554206,13,6,45.37961861595181,14.008380425232856,0.11111059124529432
2024-11-03 14:00:00,0.09199414381108069,50.10623010976676,12.743443960608225,14,6,52.0281979681992,12.34195651642766,0.1118049339943213
2024-11-03 15:00:00,0.09156100607881529,48.813380155927106,8.841401858057644,15,6,56.010426653183345,11.332509822087063,0.11184205906183227
2024-11-03 16:00:00,0.12719242591178334,53.455369898395666,10.919155112683432,16,6,60.14916130471206,2.8195244398240438,0.11169534181099554
2024-11-03 17:00:00,0.1789736530335578,63.93159718451355,4.2205407328431646,17,6,67.1847771245867,2.7276145188062584,0.11159644219619198
2024-11-03 18:00:00,0.20255183799711796,65.68091363499708,0.19183450938155872,18,6,65.27236742631507,6.15884337104963,0.11152061132838388
2024-11-03 19:00:00,0.20963468504544833,59.408925036192805,4.4612440466838885,19,6,63.9289329039738,1.6912256676438155,0.11219454700741821
2024-11-03 20:00:00,0.196837675708661,60.5479732147591,4.66228254074755,20,6,60.12587804013176,0.0,0.11338868230958406
2024-11-03 21:00:00,0.1820752582321007,65.35210557307768,0.0,21,6,55.63180673656029,3.2399784240100327,0.11266557784091931
2024-11-03 22:00:00,0.13705386934122868,56.75692742641563,2.2674213558344856,22,6,52.136714572055844,0.0,0.11247465009424236
2024-11-03 23:00:00,0.12613537437190372,48.1637724553071,0.7897642399891621,23,6,48.10800431770893,4.259004426007692,0.1129773494014138
2024-11-04 00:00:00,0.11170744353779925,50.50780380316907,0.0,0,0,52.80957757933382,0.0,0.11484844535626902
2024-11-04 01:00:00,0.09805471892043739,51.11584439575658,1.1468929045977982,1,0,51.30781994984249,6.070663304364282,0.11454761264681838
2024-11-04 02:00:00,0.12050907743698162,53.525970567331356,0.0,2,0,52.64080199291649,0.0,0.11537847607017265
2024-11-04 03:00:00,0.12020669563792345,47.18628996976569,5.119248199717397,3,0,57.321827634213776,1.8527651697273941,0.11635734055131719
2024-11-04 04:00:00,0.10008532465797765,49.84708955728259,1.8023043397516765,4,0,53.5973703933168,0.0,0.11650243252597087
2024-11-04 05:00:00,0.10661317880500865,55.49414961118796,0.0,5,0,55.27242117706814,0.0,0.11810595376464712
2024-11-04 06:00:00,0.10773661599155637,57.40229166199371,0.0,6,0,61.14695346197211,1.560424702764494,0.11923322463297348
2024-11-04 07:00:00,0.10104299004275616,62.58930478942602,0.0,7,0,62.764444692802925,4.818520983719835,0.11972157771833286
2024-11-04 08:00:00,0.13104641786987858,58.12568734847526,7.755919790559985,8,0,62.54089190699547,15.897989843258754,0.12178950745744317
2024-11-04 09:00:00,0.09880350005887131,61.940485012279176,10.832974138679047,9,0,56.78151000829636,11.899759560565814,0.12245530016174173
2024-11-04 10:00:00,0.08833543015806186,61.35133107826872,10.699025460169162,10,0,53.3655052334148,15.047899173104595,0.12263848595578271
2024-11-04 11:00:00,0.07392257579878621,56.58353832639765,19.8245601944137,11,0,50.52665743132709,15.325036026402511,0.12207187927416042
2024-11-04 12:00:00,0.07925059121804336,54.03775670480875,22.178330493904415,12,0,51.213797421658334,20.297159035715758,0.12311799755448379
2024-11-04 13:00:00,0.07727096388345357,53.64195695120305,17.010340661273805,13,0,55.21248624435868,18.185909095690732,0.12327481056455138
2024-11-04 14:00:00,0.11271249790512201,53.3728869980863,14.267147725140031,14,0,59.49106407181661,16.079362302974598,0.12413807531846976
2024-11-04 15:00:00,0.1001140066070766,59.49383844784752,14.044982166482367,15,0,68.70208744874742,6.652673221627093,0.12449445034048064
2024-11-04 16:00:00,0.13786085247045465,68.60287784517104,8.786033796254223,16,0,66.2607969950401,8.362448341156137,0.12493896811375864
2024-11-04 17:00:00,0.200754513528245,69.26507240535604,0.7959390605992391,17,0,74.2374425598167,0.0,0.12584650396770392
2024-11-04 18:00:00,0.21836104174157225,70.71926713953572,0.0,18,0,73.59755587793767,0.0,0.1265052207903895
2024-11-04 19:00:00,0.22939552979429154,73.47423690049426,0.0,19,0,74.01233252705323,0.0,0.12732858932159133
2024-11-04 20:00:00,0.2318719091761179,74.20932003107849,0.8686530806684358,20,0,68.53905116921273,0.0,0.12878834904940203
2024-11-04 21:00:00,0.2025236423945479,68.45027812458717,0.03267851256763867,21,0,66.63889820139018,0.0,0.12964036505617066
2024-11-04 22:00:00,0.17345987598983648,66.12109953310075,0.7362928299549056,22,0,61.758552329972716,0.0,0.13115728199986265
2024-11-04 23:00:00,0.13230086183229658,61.373271575758444,0.0,23,0,50.923677451933116,0.6479520734456484,0.13141417731071234
2024-11-05 00:00:00,0.09164918820597004,53.994625701607504,2.3282621042972518,0,1,54.04847575515678,0.0,0.1305784166718861
2024-11-05 01:00:00,0.1073082977654604,55.72564217203096,0.011955594029793022,1,1,52.78860597319697,0.6388085419599739,0.13096398245709542
2024-11-05 02:00:00,0.0925067125416124,54.455136550418004,8.934481689525539,2,1,54.41461557838273,0.0,0.1297972172531217
2024-11-05 03:00:00,0.11186201579015341,48.639932646031966,0.0,3,1,52.54861719304374,0.0,0.12944952225946463
2024-11-05 04:00:00,0.0869885539845905,49.7435813899756,1.1321047328828033,4,1,56.62105350998623,0.0,0.12890382348140683
2024-11-05 05:00:00,0.0994846938099334,54.47498728894529,9.902267067729756,5,1,56.282000963598804,2.64088229170159,0.1286068032732787
2024-11-05 06:00:00,0.11312265400378069,56.37476599440464,0.6793207032611259,6,1,59.1168021540964,5.888519049832258,0.12883122152378804
2024-11-05 07:00:00,0.11109630604578032,57.213474696705156,4.238929176122645,7,1,66.51652711834674,8.182747213761521,0.1292501096905807
2024-11-05 08:00:00,0.1169618650244858,60.74346209666401,5.192038294154862,8,1,58.72269428943543,10.2250087897053,0.12866325332202266
2024-11-05 09:00:00,0.09416413142956892,59.37599667862165,17.576597407143357,9,1,57.08281704887165,17.16782798819784,0.12846994629580175
2024-11-05 10:00:00,0.08497467062140789,55.80511554701657,10.918914595537426,10,1,51.326470135680616,21.728489175508344,0.12832991464844115
2024-11-05 11:00:00,0.10237763816805581,54.11195743781555,18.19822439446904,11,1,51.997637712660186,17.21414479717099,0.12951554224716072
2024-11-05 12:00:00,0.08006580855222112,57.46040667658193,15.635086226984955,12,1,52.05707816912765,12.228008701296783,0.1295495096360848
2024-11-05 13:00:00,0.10264304069406498,54.68311102940334,16.040624266477536,13,1,54.80059409288939,13.00766112489147,0.1306066795031936
2024-11-05 14:00:00,0.10061305001196719,64.05096454832423,9.992007207020219,14,1,60.420766320433685,13.793470334119402,0.13010253584097883
2024-11-05 15:00:00,0.11445476815923955,60.36662495690934,16.928610397980545,15,1,65.75065469848124,7.4066683906075,0.13070006757231897
2024-11-05 16:00:00,0.15090785012925514,63.740373457346166,7.673974355068175,16,1,67.72910939393645,2.0712911521271624,0.13124369247476897
2024-11-05 17:00:00,0.1979717259111277,69.75595366896363,0.2228222574630916,17,1,72.08407162885075,0.0,0.1311277429907224
2024-11-05 18:00:00,0.2139898361838181,74.48417905446156,4.384417089640322,18,1,77.31321286141265,0.25669972137136976,0.13094560942581598
2024-11-05 19:00:00,0.23628925567957818,76.53900506548251,0.0,19,1,77.0739500353401,0.0,0.1312328480043696
2024-11-05 20:00:00,0.24932309020868032,80.30884014053599,1.1711255210575242,20,1,72.25412145071824,0.0,0.13195998054739302
2024-11-05 21:00:00,0.20914402951984767,67.03726224562926,2.944957337470281,21,1,61.37223160646198,0.24770496345566909,0.1322358300109472
2024-11-05 22:00:00,0.1870604615268974,67.41384123145906,1.65912015701012,22,1,62.1757506441332,0.0,0.13280252107499138
2024-11-05 23:00:00,0.1321539148894102,60.46173827171837,0.0,23,1,54.95338609308536,0.0,0.13279639828570447
2024-11-06 00:00:00,0.09083852710430838,46.21849560383072,2.433748453422255,0,2,47.87448214170961,2.8515300457816037,0.1327626207398019
2024-11-06 01:00:00,0.11634537965525983,53.73261681923016,0.0,1,2,53.52991860184472,0.0,0.13313916581854354
2024-11-06 02:00:00,0.12466820495972133,55.42091288274301,0.0,2,2,52.17605973718859,0.48364712013318284,0.1344792280026314
2024-11-06 03:00:00,0.10274464894750752,48.98266201496172,0.0,3,2,52.07674505556808,2.0377088074669856,0.13409933771752117
2024-11-06 04:00:00,0.10429306998844985,52.70243209750943,0.0,4,2,55.02595056485919,0.4464945590767921,0.13482035921768196
2024-11-06 05:00:00,0.1251965839868516,49.292451230936145,0.6725982013163093,5,2,58.80117713252267,3.447308455965951,0.13589168797505355
2024-11-06 06:00:00,0.12162110233598712,53.886475322324955,0.0,6,2,63.26741918339192,1.1905612779153305,0.1362457899888955
2024-11-06 07:00:00,0.13223017701827464,64.30594372709945,3.3692307571561178,7,2,64.46503375267082,6.226995554531975,0.13712636794608277
2024-11-06 08:00:00,0.10309746202281043,60.76047187453786,8.988479219990882,8,2,57.97671228414028,10.646704990324011,0.13654868448767962
2024-11-06 09:00:00,0.09184236670367028,57.442397402144906,15.697289551583989,9,2,56.75381266564713,23.8351509980022,0.13645194429076718
2024-11-06 10:00:00,0.1064041384008024,58.78543033626347,11.75255386035211,10,2,55.40574369107206,17.729679934451667,0.13734483878157527
2024-11-06 11:00:00,0.08429116603958754,53.54689286867635,21.388385285692625,11,2,56.929930285156274,18.829153725418518,0.13659123577622242
2024-11-06 12:00:00,0.07657591646206667,52.27886350642562,20.19709380651731,12,2,48.686695109293694,18.137208576220196,0.13644582360579932
2024-11-06 13:00:00,0.07465511904679079,56.50752143530953,14.804895385514788,13,2,55.0156335482432,14.841896589317098,0.1352796602038296
2024-11-06 14:00:00,0.08932007798832038,52.51975761210088,10.740577487452,14,2,56.861346270216316,14.876585452022368,0.1348091197028443
2024-11-06 15:00:00,0.13028616256696904,57.01995893680866,6.884803105820866,15,2,62.02595767349563,3.204702375070232,0.13546876113649967
2024-11-06 16:00:00,0.13425551749085513,65.25776876456581,9.392692189973133,16,2,71.81032749109761,5.145199224441813,0.13477491394323302
2024-11-06 17:00:00,0.20436439422956124,72.94096863060636,1.7891752172114832,17,2,72.69576239330038,1.1990090538613127,0.13504127512316774
2024-11-06 18:00:00,0.2139535251782623,77.72164654395381,4.197748818486006,18,2,70.57492530890224,2.8522161492706,0.13503976216460292
2024-11-06 19:00:00,0.22918714994482534,73.11412375312197,0.0,19,2,73.44261465306565,0.0,0.13474384109232157
2024-11-06 20:00:00,0.22681975935032012,76.75909904767407,0.0,20,2,73.91013556622293,0.0,0.13380620230655654
2024-11-06 21:00:00,0.19632803369618737,67.32916125019624,0.8176922293550978,21,2,61.14764030738676,0.0,0.1332722024805707
2024-11-06 22:00:00,0.17579624138116454,70.60489261113612,0.0,22,2,60.95893996604017,1.4624971733425611,0.1328028599744985
2024-11-06 23:00:00,0.13869814523049076,56.2649979337541,0.029924976790811735,23,2,54.47688041212611,1.5024374325992227,0.13307553623871018
2024-11-07 00:00:00,0.10528450664525223,55.592604983032146,3.4509626552048247,0,3,51.26299976561409,0.0,0.13367745205291617
2024-11-07 01:00:00,0.12468782124883986,49.261089583148916,0.4103026608405345,1,3,55.31598253607667,5.359973829924888,0.134025053785982
2024-11-07 02:00:00,0.11777802370384184,57.902370551955144,0.42337561245953426,2,3,50.50146927756845,0.8018400533056722,0.1337379629003204
2024-11-07 03:00:00,0.11147553780978374,53.71331724781936,0.7180134811794634,3,3,55.71836495976512,0.3477763370612133,0.13410174993624854
2024-11-07 04:00:00,0.10180105557688918,49.57523198909934,0.0,4,3,57.328923720874265,0.0,0.13399791600243352
2024-11-07 05:00:00,0.10682174309009797,53.237886143266685,1.3714321247567156,5,3,57.945055044244974,2.605382288657988,0.13323229763173544
2024-11-07 06:00:00,0.11176019225221416,60.50990025847272,0.5597605185406364,6,3,58.07330517634118,5.356282648524053,0.13282142637824493
2024-11-07 07:00:00,0.12480709017308154,64.41617562353595,7.390839393005663,7,3,60.345009252349826,13.532281755285075,0.13251213109302853
2024-11-07 08:00:00,0.09934082525970316,62.12217920868529,10.361034980793171,8,3,56.397657154954175,8.255187058956071,0.13235560456123238
2024-11-07 09:00:00,0.0764093156209138,61.22893782947163,10.94728550023968,9,3,59.334921431464444,9.945727608607127,0.13171256076611754
2024-11-07 10:00:00,0.09368427111851178,60.57335128289942,17.886681320317383,10,3,56.26267807604831,13.847640937388354,0.1311825662960221
2024-11-07 11:00:00,0.08409118643181582,55.735832024132165,14.895597017778151,11,3,54.03939212365669,18.030775637250162,0.13117423381236495
2024-11-07 12:00:00,0.07687674221308351,49.74174166986644,17.346444217898476,12,3,53.99171486846949,14.721150091182531,0.13118676821865732
2024-11-07 13:00:00,0.09655214972278572,51.635625682743175,14.830781452744926,13,3,59.047952262705785,17.8321837370703,0.13209914449682378
2024-11-07 14:00:00,0.06265338442741797,57.08515258721803,15.889458517261208,14,3,60.608188361718305,10.552143135616001,0.13098803226511951
2024-11-07 15:00:00,0.14213067718511405,63.90213575862506,10.336391471626815,15,3,63.75088688372222,11.27004056272722,0.13148155370754222
2024-11-07 16:00:00,0.16518674546970893,70.0313209554499,14.007127808108741,16,3,70.22877822608093,1.9395668134047828,0.1327703548733278
2024-11-07 17:00:00,0.17922967956397065,72.42881585512266,11.326468328853434,17,3,77.9500082078255,3.3125484237221987,0.13172307509559486
2024-11-07 18:00:00,0.21523438583084578,74.77432842294458,3.0587838896510195,18,3,76.58211944640428,3.83362894623956,0.13177644428945248
2024-11-07 19:00:00,0.23698872617561487,77.733990101865,5.394538272949099,19,3,73.07512073324138,0.0,0.1321015099657354
2024-11-07 20:00:00,0.22991155358945745,71.72135444131115,0.0,20,3,69.84493611080215,1.3707728040942675,0.13223033472569945
2024-11-07 21:00:00,0.19430246276905241,69.44354192491717,0.0,21,3,65.78324457772764,0.7496017576050447,0.13214593593706883
2024-11-07 22:00:00,0.15145482808383287,62.219268801189955,0.0,22,3,59.14635755108011,1.4467795914486876,0.13113171038301333
2024-11-07 23:00:00,0.16900790102491425,55.99255326927447,0.14430837840607103,23,3,50.41715539189578,3.5964232198814834,0.13239461687444765
2024-11-08 00:00:00,0.12397705630265808,52.50360129870972,0.0,0,4,51.43397285700399,2.724992329151538,0.13317347311017289
2024-11-08 01:00:00,0.11393224748149328,52.050259379015266,0.0,1,4,54.59293379995158,1.4395157537912675,0.13272532420320013
2024-11-08 02:00:00,0.1118324105102714,53.755241520016526,4.030570972132764,2,4,53.4978156147944,1.8565464422034468,0.13247759032013467
2024-11-08 03:00:00,0.11357114453437467,53.663420447322494,7.539693816749278,3,4,52.10219883325909,0.0,0.13256490726699263
2024-11-08 04:00:00,0.11806867703586806,53.697718224417265,4.48345687710418,4,4,56.74184680534066,0.0,0.13324272482778343
2024-11-08 05:00:00,0.08779987763549407,56.78499428094614,3.7993314407526504,5,4,58.122038898412704,0.0,0.13245014710050826
2024-11-08 06:00:00,0.11247053080902904,57.968306166804076,0.7914186180096107,6,4,61.83166185545365,4.112907406498595,0.13247974454037556
2024-11-08 07:00:00,0.1143901389312078,62.46373762485309,1.2132630987706348,7,4,62.9504884180835,11.170819688768294,0.13204570490529746
2024-11-08 08:00:00,0.10650762982426899,60.11957868658247,8.29760302975186,8,4,56.960289052421786,11.35583623234,0.13234432176215438
2024-11-08 09:00:00,0.10733214106916215,62.363861965409015,18.745145323892395,9,4,52.146521261924796,6.916539596993198,0.13363277282249805
2024-11-08 10:00:00,0.07418370846146967,60.38032984432889,12.700233682304638,10,4,55.86209157228964,12.608301444689882,0.13282024937845466
2024-11-08 11:00:00,0.0712541677358978,53.26586816084174,13.946990723878953,11,4,52.27000635705053,17.714556482405236,0.13228537359945805
2024-11-08 12:00:00,0.07572526037634361,54.14159160950162,19.963072497915647,12,4,51.053389055018265,14.029822649833102,0.1322373951895939
2024-11-08 13:00:00,0.0874656178010121,52.33638620375306,19.647242268872333,13,4,54.78352179777304,16.126954603680993,0.13185878969285333
2024-11-08 14:00:00,0.10544112702407984,54.74271901325639,10.964535755867523,14,4,61.956648756196884,7.995400154812717,0.13364161230104757
2024-11-08 15:00:00,0.13527308386707565,56.5075897624808,10.460391048616156,15,4,65.67060024475398,9.112566923090498,0.13335587924612932
2024-11-08 16:00:00,0.15578851182015432,69.00542863163957,6.287085609870951,16,4,71.57261578726911,5.373195197762093,0.13296428617739786
2024-11-08 17:00:00,0.20466136132924306,73.43928594073343,4.407666723029435,17,4,74.8559607760014,2.2117226897460895,0.1340239395842842
2024-11-08 18:00:00,0.22925685694273798,75.66955799413094,3.862903348330226,18,4,73.59489336889938,0.0,0.1346082092139464
2024-11-08 19:00:00,0.24684024512790478,81.74358438591653,0.0,19,4,75.5028185188306,2.183420927033768,0.1350186891702918
2024-11-08 20:00:00,0.22105455175509614,73.34414260592949,3.813826842829278,20,4,71.20013200136214,4.218365234527046,0.1346496474271934
2024-11-08 21:00:00,0.2070456329015561,79.73029239907274,0.35577937122457975,21,4,64.71629215458417,0.0,0.13518061284938107
2024-11-08 22:00:00,0.15193358053797196,64.22316465328923,8.141672477099974,22,4,60.200981673671656,0.14476793165835064,0.13520056086830354
2024-11-08 23:00:00,0.13400024101299673,60.89992002213365,1.1159080952980573,23,4,44.11522702945946,0.0,0.13374190836780697
2024-11-09 00:00:00,0.0971649482866978,41.25740599148175,0.0,0,5,41.05176902113739,0.0,0.1326247372004753
2024-11-09 01:00:00,0.09234668163956285,43.74210944475361,2.011501544905973,1,5,44.82457035416838,0.0,0.13172533862372818
2024-11-09 02:00:00,0.08833512063086509,45.322772193440215,0.0,2,5,44.140101372379974,0.0,0.13074628487875292
2024-11-09 03:00:00,0.10096931707740492,42.64538098531335,0.0,3,5,44.01982320420866,1.0571149064876408,0.13022120873471252
2024-11-09 04:00:00,0.09525659717252341,49.70081092157385,0.0,4,5,49.16034461451678,2.533953368303507,0.12927070540707317
2024-11-09 05:00:00,0.08375561459595504,46.86314951622159,0.0,5,5,46.61027979271452,0.7392597605955903,0.12910219444709237
2024-11-09 06:00:00,0.09437062634915748,50.064496164901186,0.0,6,5,51.316166470021166,5.950022556849939,0.1283480317612644
2024-11-09 07:00:00,0.10196468321034798,49.32774339231406,3.808242228039249,7,5,52.17279003192552,4.830988268907426,0.1278303044395619
2024-11-09 08:00:00,0.08660130042383221,54.87648866835661,0.6158992878755463,8,5,52.99103595079568,14.061331734021087,0.12700087404787705
2024-11-09 09:00:00,0.08859393556191093,51.84596675139038,9.885782803894818,9,5,51.7002702362319,4.369655190726688,0.12622011548507492
2024-11-09 10:00:00,0.08031946573620653,47.38907697215089,14.450544599642356,10,5,44.53685570723548,19.44129000975699,0.1264757720381889
2024-11-09 11:00:00,0.06631415766622488,44.018181479214576,15.506038739242783,11,5,51.68077588181637,19.473730132037822,0.12626993828528588
2024-11-09 12:00:00,0.06838597457029723,53.61942256256245,14.262826992913013,12,5,44.10045249580665,17.266703545688692,0.12596413471003395
2024-11-09 13:00:00,0.05475328017806952,44.58283788861065,14.86719571244072,13,5,48.24295824220774,19.839063028735264,0.12460112064241136
2024-11-09 14:00:00,0.08477130199388336,42.859237950224454,10.853733096313595,14,5,51.20678715844275,6.051994945674791,0.12373987793281982
2024-11-09 15:00:00,0.08627320831770881,48.96710588228001,11.140544544917867,15,5,56.14131275282251,10.033181297064633,0.12169821645159622
2024-11-09 16:00:00,0.145205560945991,55.883982639399264,8.054087497079635,16,5,59.53832126740577,4.442162558387982,0.12125726016517274
2024-11-09 17:00:00,0.17451979039058285,62.87247874061859,0.912990469664694,17,5,67.17891346427129,0.6834395847520235,0.12000136137606189
2024-11-09 18:00:00,0.19594871086187612,66.81916938474102,0.9369472017818438,18,5,64.81876568501994,0.0,0.11861352195602598
2024-11-09 19:00:00,0.22830003333304028,68.69177475999777,0.9150842927815879,19,5,61.50592152143423,1.1054610105265523,0.11784101313123996
2024-11-09 20:00:00,0.19041364784768253,62.980226708325446,0.0,20,5,58.87870866088037,0.973905514418936,0.1165643088017644
2024-11-09 21:00:00,0.16523175658250622,62.212112944540216,8.473664627003863,21,5,58.93594087567293,0.0,0.11482206395513732
2024-11-09 22:00:00,0.12792783973654853,53.241919351914234,0.0,22,5,53.67829252675083,0.0,0.11382182475507802
2024-11-09 23:00:00,0.14070391373710125,49.194494605486106,0.0,23,5,38.609126117144456,0.0,0.1141011444519157
2024-11-10 00:00:00,0.1154743547638401,39.68692876464943,0.0,0,6,44.27142901616164,0.0,0.11486403638846328
2024-11-10 01:00:00,0.07291662402464111,38.84112548480602,0.0,1,6,38.77824074395101,2.6902894917682993,0.11405445065450824
2024-11-10 02:00:00,0.0832091676841071,46.147576955509706,2.4006407594519112,2,6,43.04875990708281,2.746259102440727,0.11384086928172665
2024-11-10 03:00:00,0.09413614959311534,45.306773053175505,0.0,3,6,41.693106458497304,2.1523645452494073,0.11355615396988124
2024-11-10 04:00:00,0.08900726537359835,47.23393876168732,0.0,4,6,47.97273704469761,2.689084569112702,0.11329576514492602
2024-11-10 05:00:00,0.09379181063507354,46.31697578363211,0.0,5,6,50.40156690294689,2.7257021497405107,0.11371393997988931
2024-11-10 06:00:00,0.09787096144477167,51.77802973267687,0.0,6,6,54.28899669735421,2.164131889647904,0.1138597872755399
2024-11-10 07:00:00,0.09818195828857856,46.69371208686166,0.0,7,6,53.04011417457898,8.612576026539037,0.11370217373713283
2024-11-10 08:00:00,0.08344220248820378,56.39247385450036,6.041555508311383,8,6,51.98549814565645,13.87846840808459,0.11357054465648164
2024-11-10 09:00:00,0.08839452955439134,52.934939480956295,13.892158767625915,9,6,46.430254695034854,9.40793011152608,0.113562236072835
2024-11-10 10:00:00,0.06759104559402278,51.43549699346739,13.960134213962473,10,6,44.53523255445614,10.92265357372175,0.11303188523357734
2024-11-10 11:00:00,0.07050158137027945,47.812276309204755,20.2635614544876,11,6,47.06014878400089,11.28987251645627,0.11320636122124629
2024-11-10 12:00:00,0.05106518488465087,42.004505419782866,17.952037154199267,12,6,46.2537971837519,9.802035658600518,0.11248466165101101
2024-11-10 13:00:00,0.06875889798599455,40.72553997489206,16.635424844788318,13,6,47.82356345413882,10.328447421931424,0.11306822905967456
2024-11-10 14:00:00,0.07658276866909967,45.33632013189888,19.85997647411862,14,6,53.81894424071437,9.36417289416403,0.11272704017114192
2024-11-10 15:00:00,0.11397295639934106,53.10245202045741,10.495475590621657,15,6,53.54201752169033,11.896300490787425,0.11388119634120991
2024-11-10 16:00:00,0.13426328284977102,58.35059442124426,7.882609900635893,16,6,62.6567422007832,2.7411349358928936,0.11342526808720076
2024-11-10 17:00:00,0.16804710374898296,56.83903111558372,3.9259373598857885,17,6,62.778809444123944,0.0,0.11315557281046744
2024-11-10 18:00:00,0.1932531793629212,61.99760470628158,5.403253559142426,18,6,69.57565810243143,0.4653275101903579,0.11304325899801097
2024-11-10 19:00:00,0.1853440773549313,64.30555616626205,0.008803607606818302,19,6,66.22603020207188,0.0,0.1112534274989231
2024-11-10 20:00:00,0.1798459578116652,63.99370566367094,0.0,20,6,63.14500841369212,0.0,0.11081310708075572
2024-11-10 21:00:00,0.17144195018512093,56.857443033566625,2.056864382869981,21,6,54.73531827647587,0.0,0.11107186514753131
2024-11-10 22:00:00,0.15156764633947922,51.58804615237951,0.0,22,6,55.634850768633235,2.987849003415737,0.1120568570893201
2024-11-10 23:00:00,0.11975059224241838,48.64078136958663,1.867150294148738,23,6,55.71323909704479,0.0,0.11118380202704164
2024-11-11 00:00:00,0.10017495102685164,51.992135590827715,1.4484432694964222,0,0,52.59725369239194,0.0,0.1105463268713338
2024-11-11 01:00:00,0.10507458809472413,47.95859376416675,0.0,1,0,54.18515584921022,1.3071396923643568,0.11188624204092057
2024-11-11 02:00:00,0.10555713125178233,51.46406119111187,1.9803405023038931,2,0,51.59196785778477,0.0,0.11281740718957373
2024-11-11 03:00:00,0.124922763001986,55.58311045355431,0.0,3,0,50.66417294509586,4.34618544145282,0.11410018274827667
2024-11-11 04:00:00,0.11710296886365859,49.03544024989151,0.5703674246374508,4,0,56.8752808393407,0.0,0.11527083706036251
2024-11-11 05:00:00,0.10783271397073063,54.62307337729807,0.0,5,0,56.54615075216591,0.0,0.11585587469934822
2024-11-11 06:00:00,0.11055108592210046,61.66399247616831,10.017922520495823,6,0,64.04280430194373,6.072720445536471,0.11638421321923692
2024-11-11 07:00:00,0.1175801575271037,60.08390516441105,4.415762951193507,7,0,64.81883590538641,2.794942163161508,0.11719247152084213
2024-11-11 08:00:00,0.11721636086624299,60.88737661786572,5.38961856637307,8,0,61.93112715787327,11.519302545614536,0.1185997281199271
2024-11-11 09:00:00,0.1323476536685939,65.18386846257835,5.750005634930143,9,0,58.879863870254226,11.926796894958896,0.12043110829135219
2024-11-11 10:00:00,0.09264680309283375,57.54142545213855,17.519449539247333,10,0,57.66730455120587,17.319495564073396,0.12147509818713599
2024-11-11 11:00:00,0.10247260327766551,59.223111664764446,13.219322400235487,11,0,54.804735792351,13.14300531665768,0.12280722409994375
2024-11-11 12:00:00,0.0699852038830479,55.628296997765375,12.184249246466235,12,0,53.8028696334024,14.939538845609874,0.12359555822487696
2024-11-11 13:00:00,0.07796139038880484,53.514690198689365,15.62148416760042,13,0,53.67840484755527,11.945428046927029,0.1239789954083274
2024-11-11 14:00:00,0.06982572665985902,58.24242899345389,15.224543760387192,14,0,62.305042011076054,11.730180349427732,0.12369745199127569
2024-11-11 15:00:00,0.12008546661779351,61.41268099654885,12.79289697734928,15,0,65.96770572528949,6.773781438597257,0.12395213991704455
2024-11-11 16:00:00,0.16523224218572935,68.50165275174835,7.5461172213228656,16,0,75.82029238894083,4.6048442916187255,0.1252425132227095
2024-11-11 17:00:00,0.15912607570642082,68.55426651389506,4.427540686556304,17,0,74.03782620103993,4.9090683109687445,0.12487080372093605
2024-11-11 18:00:00,0.22473706713169436,74.36150792773849,0.8121297648824615,18,0,76.31650829929825,0.0,0.12618263237796826
2024-11-11 19:00:00,0.2401853541846231,75.51558601839534,1.1773869297010569,19,0,74.88061480274031,1.1276983845973263,0.12846768557920543
2024-11-11 20:00:00,0.23337824198208992,76.4828817416295,1.4870981856551881,20,0,71.61004424018256,6.402110195532339,0.13069819741963978
2024-11-11 21:00:00,0.18131254316693995,67.02795810193119,3.830584629569411,21,0,63.29737978309605,1.0915926582088569,0.1311094721272156
2024-11-11 22:00:00,0.18620233217927706,68.48546419024652,0.19745201709047602,22,0,60.20874964439161,0.0,0.13255258403720718
2024-11-11 23:00:00,0.14976242966914016,61.85543222089357,0.0,23,0,53.46316423201868,0.0,0.13380307726332055
2024-11-12 00:00:00,0.11468610299035639,47.59368515863646,0.0,0,1,51.16269087389326,0.0,0.13440770859513326
2024-11-12 01:00:00,0.11154588297947869,55.69465877226971,2.6382328655724887,1,1,53.50673198994816,2.5814967129491175,0.13467734588199806
2024-11-12 02:00:00,0.1236463377371011,59.07545236092845,0.0,2,1,52.48089545720219,0.0,0.1354310628188863
2024-11-12 03:00:00,0.12879577538614534,55.4933322238128,0.0,3,1,54.09659962407879,2.9778503791162056,0.13559243833489296
2024-11-12 04:00:00,0.11215863392600638,57.859208744093635,3.2139664248731354,4,1,57.677694710731615,1.712359024703285,0.13538642437915746
2024-11-12 05:00:00,0.11358805307763133,55.64861030469427,5.320429858979647,5,1,58.0217818174171,1.7002733470741462,0.13562623017527833
2024-11-12 06:00:00,0.12766100862005678,53.159677264356795,0.0,6,1,58.61038367142294,0.35157062735842937,0.13633914362102648
2024-11-12 07:00:00,0.1084833242412395,55.61290064919335,4.128438309813994,7,1,62.2821618472449,8.70998187914888,0.13596010890078217
2024-11-12 08:00:00,0.10085135128593378,63.631104248343675,5.89786904685787,8,1,59.90129357397661,14.144945638003437,0.1352782335016026
2024-11-12 09:00:00,0.11144761457929207,59.65807175141589,9.40558841345616,9,1,54.36152208115928,8.585652082356692,0.13440739853954836
2024-11-12 10:00:00,0.11020310599624564,55.68635009355417,13.706880900401513,10,1,55.56708640911568,13.20732312458214,0.13513891116052387
2024-11-12 11:00:00,0.10391865992456703,55.57966027476106,9.570278866663084,11,1,54.745391143611485,15.58492666070278,0.13519916352081143
2024-11-12 12:00:00,0.09308596412497482,56.317202746668656,10.717292632411443,12,1,56.74503785297233,14.369769267289355,0.13616169519755839
2024-11-12 13:00:00,0.057483585274312354,50.054691017716166,13.040945562976416,13,1,54.52052046238401,16.659966277119644,0.13530845331778785
2024-11-12 14:00:00,0.08782562694003962,55.362732989998754,12.128707777124498,14,1,60.65601668063941,12.358314533365544,0.1360584491627954
2024-11-12 15:00:00,0.12156769814774497,65.31055081758073,6.377650936407245,15,1,67.58273246799547,8.43333423203083,0.13612020880987669
2024-11-12 16:00:00,0.14887042308229198,61.88562698718622,10.060043803829567,16,1,69.25139990765771,6.066115190487005,0.13543846634723347
2024-11-12 17:00:00,0.2167917118666622,73.18393011334518,2.315367456010249,17,1,75.39381411195215,2.1400107180150547,0.13784120118724352
2024-11-12 18:00:00,0.20873198511149665,72.77023215643473,0.0,18,1,78.99959428919027,0.11499350082939616,0.1371743227697353
2024-11-12 19:00:00,0.2620644485305034,77.55069830400421,0.9893057658046527,19,1,70.59650121457075,0.0,0.13808595170081364
2024-11-12 20:00:00,0.22506044950154896,77.83277779078556,0.0,20,1,70.94556224556959,2.772867028902188,0.13773937701412442
2024-11-12 21:00:00,0.1931038737860011,72.77235525785882,2.9311688451703457,21,1,67.64863947129741,0.0,0.1382306824565853
2024-11-12 22:00:00,0.18701150731907948,68.23217044232398,0.0,22,1,59.753476548267926,0.0,0.1382643980874104
2024-11-12 23:00:00,0.1556567976039083,56.76980292239697,0.0,23,1,54.67225648432376,0.0,0.13850999675135908
2024-11-13 00:00:00,0.1232617769404599,55.46244760345334,0.0,0,2,53.187552447942586,2.048691822829951,0.13886731649928005
2024-11-13 01:00:00,0.09974595046752119,49.19049091151999,0.2108266052725451,1,2,55.55595998022072,3.451064081519832,0.13837565264461515
2024-11-13 02:00:00,0.1188705538041999,52.84777929982393,0.0,2,2,53.543284318644425,0.0,0.13817666164741096
2024-11-13 03:00:00,0.10079366310230042,53.20474246726511,0.0,3,2,57.088826041201465,0.0,0.13700990696891743
2024-11-13 04:00:00,0.10469280447504031,54.93614082497089,0.638042238182949,4,2,56.066313088449135,0.0,0.13669883074179381
2024-11-13 05:00:00,0.115256747350483,56.54457439457789,0.0,5,2,55.83179288706299,3.010913666402773,0.1367683596698293
2024-11-13 06:00:00,0.10553173603766547,55.86719222386021,0.0,6,2,60.34297648010818,7.6529776813676555,0.13584630664556302
2024-11-13 07:00:00,0.12145185233398109,57.28540152120244,7.0641520413421794,7,2,64.94245978590116,5.778295413942549,0.13638666198276056
2024-11-13 08:00:00,0.11047363247613146,65.69724863146381,4.908475841879355,8,2,63.64067435838045,1.4135669650169138,0.13678759036568547
2024-11-13 09:00:00,0.09858190706141365,62.23796573183165,14.09319780250522,9,2,58.082682432397434,15.559624288137973,0.13625151921910722
2024-11-13 10:00:00,0.08737265753987469,62.381891222886004,12.431428971856258,10,2,59.47994244119894,13.880580454854451,0.13530025053342506
2024-11-13 11:00:00,0.09989519409971831,55.72819542167894,14.78597072441299,11,2,53.73028569735697,14.376584133755424,0.1351326061240564
2024-11-13 12:00:00,0.07591267712257481,49.941695018965554,13.499265282909375,12,2,55.718360298701576,16.452713326806116,0.13441705249895639
2024-11-13 13:00:00,0.10774238395922839,57.88602129418747,4.46124685130949,13,2,57.75859902279266,11.312531435953224,0.1365111691108279
2024-11-13 14:00:00,0.11062996077469683,55.704846571599745,8.353028484285298,14,2,57.908915392823985,8.304085157145508,0.13746134968727194
2024-11-13 15:00:00,0.1163341054701355,61.664266842962284,9.628874079960934,15,2,65.19645710578266,6.123773640570848,0.13724328332570487
2024-11-13 16:00:00,0.15181169449886087,63.34557078037945,8.396309177648645,16,2,75.2522446141701,5.0548994539340555,0.13736583630139523
2024-11-13 17:00:00,0.19573281441200824,75.75335093478442,0.0,17,2,72.56772796217354,2.461108318203705,0.13648838224078466
2024-11-13 18:00:00,0.22708417080445656,71.60725430362456,0.0,18,2,77.14536457467197,4.572830403771296,0.137253056644658
2024-11-13 19:00:00,0.23107824940016378,74.8152742069639,0.0,19,2,72.10345579010006,1.129498831509429,0.13596196501422717
2024-11-13 20:00:00,0.22074072549095444,74.75605676398709,0.8211705778137895,20,2,68.6257664008486,0.0,0.13578197651378573
2024-11-13 21:00:00,0.2000158143983223,66.99616130444778,0.0,21,2,62.5851753886472,2.48133443804211,0.13606997403929913
2024-11-13 22:00:00,0.15351944891253919,66.47141335433916,2.6022556085035076,22,2,62.42793532458163,0.0,0.13467447160569326
2024-11-13 23:00:00,0.14885519119112225,65.70390690481769,3.7338802556563158,23,2,50.245994607498766,3.9742870292283436,0.13439107133849384
2024-11-14 00:00:00,0.11660813630947228,50.419290910537086,1.6064646474591013,0,3,54.54413045255738,0.5918554307871945,0.13411383631220272
2024-11-14 01:00:00,0.11191862594681154,53.273599182128706,3.011377561397011,1,3,51.04463867399065,0.0,0.1346210311238398
2024-11-14 02:00:00,0.11641831576020549,43.3090856975474,0.0,2,3,52.72438647365491,0.0,0.13451885453867338
2024-11-14 03:00:00,0.1004640365075139,52.34381451019827,9.88091093943501,3,3,54.29654357340178,1.7554318624613294,0.13450512009722393
2024-11-14 04:00:00,0.10692221431259996,52.47204660450014,0.0,4,3,52.32259366819153,0.0,0.13459801217378892
2024-11-14 05:00:00,0.09937994086379004,52.93715398634783,0.0,5,3,59.064715938535244,0.0,0.1339364785701767
2024-11-14 06:00:00,0.11359847207124606,62.1180589408264,3.154755039614125,6,3,62.39480609179827,0.0,0.1342725925715759
2024-11-14 07:00:00,0.13660855930198568,60.65103074222825,6.230806819392265,7,3,65.27580011307245,5.730381844011814,0.1349041220285761
2024-11-14 08:00:00,0.11370388325206841,62.42783817976244,8.653345379393611,8,3,59.81432158784722,8.233433578538815,0.1350387158109068
2024-11-14 09:00:00,0.09439364919437065,60.526311167321865,12.188841134832973,9,3,57.1598749197638,13.205370812997069,0.13486420506644667
2024-11-14 10:00:00,0.08383003433046687,52.66010782504851,4.740944906709997,10,3,57.28047001885581,12.672098279379394,0.1347165957660547
2024-11-14 11:00:00,0.06826150765346725,52.33901748570961,18.984053515118312,11,3,57.35303820644044,6.478123263604069,0.13339852549746087
2024-11-14 12:00:00,0.0739414779818833,57.603753411592294,13.18134926875763,12,3,53.69943458586184,12.259474277529069,0.13331639219993208
2024-11-14 13:00:00,0.09472379838587706,48.13259752783419,17.782137722183872,13,3,54.50965849368522,7.960841332869343,0.13277395113437576
2024-11-14 14:00:00,0.09494304315026933,54.5278566866208,4.916051921443294,14,3,60.02643279712106,6.905260052756825,0.13212032956669129
2024-11-14 15:00:00,0.10680951242868854,59.38078488196355,10.723215594041267,15,3,63.480828219124376,9.758360632665958,0.13172347152329766
2024-11-14 16:00:00,0.15244005216292128,71.0870642097227,4.97522583538842,16,3,71.37718094361861,0.0,0.13174965309263353
2024-11-14 17:00:00,0.20090018880690583,73.04115079450077,5.598702782913357,17,3,72.34262547066582,0.82556217412777,0.13196496035908759
2024-11-14 18:00:00,0.21956269840684442,72.71934933731666,1.1097465836409617,18,3,77.930892124986,0.0,0.13165156567585376
2024-11-14 19:00:00,0.22994853720112743,80.1595265337492,1.2811672912471244,19,3,74.92748758486097,0.0,0.13160449433422725
2024-11-14 20:00:00,0.22024755040802732,72.13260357262787,0.0,20,3,72.5893779172206,0.0,0.1315839453724386
2024-11-14 21:00:00,0.23274639804751374,73.81029740595064,0.0,21,3,60.65716690873905,0.8946652740404787,0.1329477196911549
2024-11-14 22:00:00,0.18442773417826278,61.15537695878099,0.0,22,3,57.11952523885993,1.209053921922135,0.13423556491056007
2024-11-14 23:00:00,0.16775551401120678,64.0702517215228,1.7335851459760139,23,3,54.66326381304585,0.0,0.1350230783613969
2024-11-15 00:00:00,0.08629047047172529,50.77829089857727,3.462539484017134,0,4,50.65924893846423,3.221467576699554,0.1337598422848241
2024-11-15 01:00:00,0.10646693603141494,48.80707732954258,0.5266657270301511,1,4,49.263662168418435,0.0,0.13353268853834926
2024-11-15 02:00:00,0.10376253589205053,51.501568110354036,0.0,2,4,52.15213987797213,1.088105475219159,0.13300536437717614
2024-11-15 03:00:00,0.11958620814454758,53.445038066181915,0.3765258334836882,3,4,54.047622153052906,0.0,0.1338021215287192
2024-11-15 04:00:00,0.11767933879744126,51.97973568110919,9.138766799432418,4,4,55.32946601454075,0.0,0.13425033504892095
2024-11-15 05:00:00,0.11542485710831298,57.41814627257356,5.76101864445725,5,4,59.68259447032818,0.0,0.13491887322577603
2024-11-15 06:00:00,0.10591545225032253,56.880985749617544,0.0,6,4,62.44915963485193,2.0288577574582494,0.13459874739990427
2024-11-15 07:00:00,0.11070378222014858,63.76935092333231,3.7310325267941558,7,4,63.64521756464802,6.2167787249108635,0.13351938168816102
2024-11-15 08:00:00,0.11852781976476628,64.5000254763065,10.041926174596636,8,4,64.51921908233005,6.369579771164823,0.13372037904285677
2024-11-15 09:00:00,0.11440148777669755,61.627523330908964,8.949527384184934,9,4,58.85470670079927,12.62288776529835,0.13455403898378707
2024-11-15 10:00:00,0.09701451329052395,57.47064395445318,10.132133802111227,10,4,55.96336232823409,14.344213260833426,0.13510339227378942
2024-11-15 11:00:00,0.08900136739533318,56.5354533797322,12.162628664242852,11,4,56.22302597427164,21.135898367319314,0.13596755309636718
2024-11-15 12:00:00,0.08450767124399373,56.3782149730429,15.491678871427146,12,4,56.078907752590474,15.69735170245267,0.13640781114895512
2024-11-15 13:00:00,0.09633662209557632,61.57134562591872,9.07735850672253,13,4,55.263498059520934,15.036429025196991,0.13647501213685925
2024-11-15 14:00:00,0.1040471513660571,60.0753598944727,15.902862303247618,14,4,60.5648103072474,4.63442873305275,0.13685434997918375
2024-11-15 15:00:00,0.1316925017889148,63.872205640828945,9.391696457229619,15,4,66.47308117040953,1.2958043025764,0.13789114120252652
2024-11-15 16:00:00,0.16876238352405643,75.47986199727005,3.5069228768125082,16,4,69.49711120376921,2.677757888863852,0.1385712383425738
2024-11-15 17:00:00,0.18995265574425052,72.32183460989695,7.444557053757637,17,4,73.51309285122501,5.003085641991824,0.13811509113162984
2024-11-15 18:00:00,0.22402297584832265,76.14230299941148,0.0,18,4,73.29131444520925,6.928215949735762,0.13830093602502477
2024-11-15 19:00:00,0.2275597428788857,78.3270796801362,0.0,19,4,68.8258442115862,0.0,0.1382014029282647
2024-11-15 20:00:00,0.21366198128734984,71.3627118092765,0.0,20,4,69.92216948989915,0.0,0.13792700421490314
2024-11-15 21:00:00,0.20073902318559408,69.24984153678926,7.503796783826458,21,4,65.84750448066988,1.5229029077143663,0.13659336359565646
2024-11-15 22:00:00,0.1640556449239259,63.97319123164663,0.0,22,4,58.534147024855294,0.0,0.13574452654339245
2024-11-15 23:00:00,0.16035989002080567,62.79734012622755,0.0,23,4,45.92190063307031,0.0,0.1354363755437924
2024-11-16 00:00:00,0.09238385387229422,42.608797744060276,0.0,0,5,41.09312833084558,1.777717537149288,0.1356902665188161
2024-11-16 01:00:00,0.10283489486416776,43.6288436411561,1.5944262159167235,1,5,45.10972656585411,7.603450388361871,0.13553893147018078
2024-11-16 02:00:00,0.10064194261416479,46.76452023575702,2.7442959130426146,2,5,44.4831145469257,3.652805403339266,0.1354089067502689
2024-11-16 03:00:00,0.10310677265910814,46.40785683401416,7.967888927049703,3,5,49.00383922198993,5.233554333438925,0.13472226360504225
2024-11-16 04:00:00,0.0872452671779924,44.13366122814317,4.924141498450584,4,5,47.813411477986385,0.0,0.13345417728756523
2024-11-16 05:00:00,0.09775740833090471,44.5897485224619,0.6577290787030325,5,5,46.94225182819738,3.009388137006725,0.13271803358850653
2024-11-16 06:00:00,0.10982644598491531,53.46768309771645,0.0,6,5,54.98113025333556,0.7649989072434589,0.13288099166078124
2024-11-16 07:00:00,0.07422182530473458,55.34884882074722,9.108727002796707,7,5,57.56831632680253,11.309934772765445,0.13136091012263898
2024-11-16 08:00:00,0.11004319144004848,49.03313083832785,5.325906617311929,8,5,49.366290346240504,13.156780161323148,0.1310073839424424
2024-11-16 09:00:00,0.1132740503048293,51.90862228055155,7.052715543521103,9,5,51.24956294867271,13.149720152657826,0.13096040738111456
2024-11-16 10:00:00,0.0923520342029069,50.50095461156155,9.99928033245282,10,5,48.85939030852911,10.700795580489544,0.13076613741913054
2024-11-16 11:00:00,0.08511444550821823,49.63101570715435,8.397888027214337,11,5,45.279984414324495,11.877067091257365,0.13060418234050072
2024-11-16 12:00:00,0.07897130398428535,48.61796555822602,11.604187767809067,12,5,41.21791679318681,11.652757051216525,0.13037350037134623
2024-11-16 13:00:00,0.06973227618317267,46.97032532002277,11.965017708428716,13,5,47.565536542825356,13.593572629215963,0.1292649859583294
2024-11-16 14:00:00,0.08213357712877314,50.03024442415055,14.016336760334477,14,5,50.675137151337154,10.487151616324725,0.12835192036510926
2024-11-16 15:00:00,0.11422286286280346,52.04251334811204,7.997956697418654,15,5,59.74441247892797,10.591969579607554,0.12762401874318793
2024-11-16 16:00:00,0.12517657651220493,54.52853535062305,2.1797716970189365,16,5,61.581822677287136,7.9349266963808605,0.12580794345102744
2024-11-16 17:00:00,0.16185832745048126,60.922959211991525,0.0,17,5,64.85505920883107,0.0,0.12463734643878706
2024-11-16 18:00:00,0.19716726151605346,65.74045333954608,0.7334941163309078,18,5,65.98944428346164,1.3305502388796118,0.12351835834160918
2024-11-16 19:00:00,0.2212689741620816,67.05149562133111,0.25419048714228654,19,5,66.33113595022574,1.2965013086477994,0.12325624297840902
2024-11-16 20:00:00,0.1890701807931874,59.6458074224235,0.0,20,5,61.87230093740923,0.0,0.12223158462448556
2024-11-16 21:00:00,0.17824712821262445,60.48661788063878,0.0,21,5,55.1012808092065,2.636940975070266,0.12129442233394518
2024-11-16 22:00:00,0.1508580975696239,56.861028754031075,1.359704264797095,22,5,52.34125442691989,1.374725491862247,0.12074452452751593
2024-11-16 23:00:00,0.10969882993220603,50.91282920411041,4.866911887912716,23,5,42.13894714828496,0.0,0.11863364702382427
2024-11-17 00:00:00,0.06372275140329312,42.46362086961269,0.0,0,6,38.08930978430964,0.0,0.11743943442094923
2024-11-17 01:00:00,0.08068160128992016,44.83540173829467,0.31115992675401427,1,6,44.70801192996216,0.0,0.11651638052202225
2024-11-17 02:00:00,0.09612907517930741,39.91930312480795,3.353946414018633,2,6,44.87944334474697,0.0,0.11632834437890317
2024-11-17 03:00:00,0.0988253351811729,38.523340057598695,0.0,3,6,45.13794736231126,0.0,0.11614995115065586
2024-11-17 04:00:00,0.09889401206235172,43.62432577927945,0.0,4,6,45.93609805937068,0.0,0.11663531552083752
2024-11-17 05:00:00,0.10443168326543345,49.266199602159595,0.0,5,6,49.77798429837966,1.3268714108786368,0.11691341030977621
2024-11-17 06:00:00,0.09530964256103429,55.322274354865144,0.0,6,6,54.59826300872074,7.273737320346835,0.11630854350044784
2024-11-17 07:00:00,0.08804087081345184,55.46250807902047,3.9319516452996304,7,6,52.99683000575529,6.597965318873236,0.11688433706331107
2024-11-17 08:00:00,0.09412356612767245,49.562009297374416,6.5670522960060485,8,6,54.717307186437644,11.781074058863119,0.11622101934196206
2024-11-17 09:00:00,0.08354161290861711,52.25444039113403,11.073871102350525,9,6,47.10891052216403,11.618161525698545,0.11498216778378655
2024-11-17 10:00:00,0.09186951813948638,50.879835824650456,7.029136120152265,10,6,47.56238649234298,9.611388489753441,0.1149620629478107
2024-11-17 11:00:00,0.08002035913470891,47.79435285860419,12.508178440798563,11,6,45.844456346577154,18.533074240519838,0.11474980934891447
2024-11-17 12:00:00,0.08731204756876577,47.518716015917605,17.749361064576412,12,6,48.154496763883756,5.690480058509751,0.11509734033160114
2024-11-17 13:00:00,0.06802704063150622,43.214570159668476,19.74453150407728,13,6,46.40689413708201,11.212099508295832,0.11502628885028172
2024-11-17 14:00:00,0.09626603066528952,48.45257087604624,15.663691222865392,14,6,50.304955956386586,6.97912799675033,0.11561514108096989
2024-11-17 15:00:00,0.13032439823301567,53.26960930786721,5.011325958988477,15,6,53.983172778762615,10.885386492558903,0.11628603838806208
2024-11-17 16:00:00,0.13653030810370037,59.414308475454206,8.035330308043232,16,6,60.71283702305321,3.946917266021315,0.11675911053770772
2024-11-17 17:00:00,0.17727246627031665,59.268007802244256,1.6511928512560567,17,6,66.27781815734794,7.155334958071507,0.11740136632186753
2024-11-17 18:00:00,0.18943074125661374,64.6624802392021,0.993652075954725,18,6,63.65408300692381,0.10081881769287028,0.11707901131105754
2024-11-17 19:00:00,0.21592286255697224,58.59755331723754,0.0,19,6,64.88111636925882,0.0,0.11685625666084465
2024-11-17 20:00:00,0.21714256839682128,63.778263092475385,0.0,20,6,63.06744593042836,0.0,0.11802593947766275
2024-11-17 21:00:00,0.1746998024931819,60.16773756698728,0.0,21,6,56.5627125548473,3.0986071345165973,0.11787813423935262
2024-11-17 22:00:00,0.15464748665386865,53.50580091009162,2.529109438135053,22,6,52.05092490840124,0.0,0.11803602545119614
2024-11-17 23:00:00,0.13058348993263352,52.43047273103479,1.0079991441583396,23,6,49.327596348936815,0.0,0.11890621961788063
2024-11-18 00:00:00,0.11543984170704301,52.16076932871129,1.4103175097002372,0,0,52.16007586745931,3.438699709093461,0.12106109838053687
2024-11-18 01:00:00,0.11474398865212909,45.13068263947801,0.7572261304278226,1,0,52.515674890903746,2.9494234498362015,0.12248036452062892
2024-11-18 02:00:00,0.11795731423867648,53.147929321135585,1.4158461619599878,2,0,52.49195282775437,0.0,0.12338987448143597
2024-11-18 03:00:00,0.10631924411068971,49.848775619724066,1.853291156803457,3,0,54.130410393798144,0.0,0.1237021206868325
2024-11-18 04:00:00,0.12534022399654937,55.37901147537284,0.0,4,0,55.289120295793694,0.0,0.12480404618409073
2024-11-18 05:00:00,0.12470821824231142,51.80544720782852,0.2901169649686576,5,0,58.0963674527302,0.0,0.1256489018081273
2024-11-18 06:00:00,0.1058568327401479,59.10446324781329,6.101404312043917,6,0,59.96649368685646,5.40043506942051,0.1260883680655904
2024-11-18 07:00:00,0.11595675798617729,61.13991275748687,3.759189126327912,7,0,65.29571425285793,8.749172270605275,0.1272515300311206
2024-11-18 08:00:00,0.09326444557330074,64.31671705680216,6.450827890312767,8,0,59.63103656098776,9.912357188897905,0.12721573334135514
2024-11-18 09:00:00,0.11329690935597304,62.48338454163039,9.27226550749231,9,0,59.460837501750774,11.439363468403359,0.12845553735999496
2024-11-18 10:00:00,0.11083794936685526,58.328418141127294,10.152454358376424,10,0,59.93879312979829,10.196983827012016,0.12924588866113532
2024-11-18 11:00:00,0.08435633363278719,51.396327575513496,10.650504384001026,11,0,57.082149199687386,16.714482857997293,0.12942655426522193
2024-11-18 12:00:00,0.08550743470878745,50.15221365943149,13.33408614072712,12,0,56.25419395973684,7.178990933651509,0.12935136206272282
2024-11-18 13:00:00,0.0829711274640861,53.36702627925419,10.40424705016681,13,0,57.83057502302248,9.603352064928336,0.12997403234741364
2024-11-18 14:00:00,0.09274762812148762,57.30459506331557,10.40583191931294,14,0,60.75537145207765,9.36213363088263,0.1298274322414219
2024-11-18 15:00:00,0.12535521181883116,59.06452051755281,6.145368259357909,15,0,64.05580007885611,6.300700965651934,0.12962038280749755
2024-11-18 16:00:00,0.1482747890588135,67.85917729874316,6.679896968594165,16,0,70.42498088549483,3.2563436851450223,0.13010973618062727
2024-11-18 17:00:00,0.18757302181921223,70.03913668993418,5.306762829440025,17,0,76.00307119904667,0.0,0.1305389259951646
2024-11-18 18:00:00,0.209838920611569,71.76527919109131,0.0,18,0,77.11553748510836,1.5145408587334983,0.13138926680162102
2024-11-18 19:00:00,0.24111174941126012,75.44619945191731,0.0,19,0,76.43072407133772,0.0,0.13243880375388303
2024-11-18 20:00:00,0.22819619487001616,75.5760305609436,2.0663004041941506,20,0,73.37154665059012,0.0,0.13289937152359949
2024-11-18 21:00:00,0.19884183869745536,71.97183402073966,0.4206434496591611,21,0,65.5378946864773,1.209322804715353,0.13390528969877755
2024-11-18 22:00:00,0.18094744753109462,71.86562225461184,0.0,22,0,61.370554516961015,0.0,0.1350011214019953
2024-11-18 23:00:00,0.14128653622045992,58.846341658285745,2.706445848131456,23,0,48.62700112121001,0.013403539320677301,0.13544708166398808
2024-11-19 00:00:00,0.12591672058196868,52.190012130375315,0.0,0,1,56.957911734005755,0.603439640858884,0.13588361828377665
2024-11-19 01:00:00,0.104857790138946,53.80911281375698,3.658926653635638,1,1,51.71595513518696,0.0,0.13547169334572734
2024-11-19 02:00:00,0.12008767604282551,52.468699486135804,0.0,2,1,54.20814702848155,0.0,0.13556045842090023
2024-11-19 03:00:00,0.1028319100454374,51.30278390729371,0.0,3,1,53.08110146431842,0.37500053432536573,0.13541515283484803
2024-11-19 04:00:00,0.1180608964830224,48.952532977870064,0.6241535554213311,4,1,55.11722960864349,0.0,0.13511184752178443
2024-11-19 05:00:00,0.12665633187299855,54.35804974779905,0.0,5,1,58.61978763079431,0.0,0.13519301892306304
2024-11-19 06:00:00,0.12817612626377875,55.65794374002577,0.0,6,1,59.641147205937266,4.777499199450101,0.13612298948654766
2024-11-19 07:00:00,0.13225383118531442,56.606243166536046,0.6022385544632489,7,1,58.47171486750373,3.3828074085160043,0.13680203420317838
2024-11-19 08:00:00,0.1153118790995923,60.88596786782368,5.706298838641849,8,1,64.4890825285739,1.9425378702247063,0.13772067726677387
2024-11-19 09:00:00,0.11975553219110785,58.819008882901876,7.00145086321333,9,1,60.32169775140514,15.294484852499338,0.13798978655157115
2024-11-19 10:00:00,0.1244167552720502,61.09840958234183,4.15638840706986,10,1,54.566038400232934,15.27145170998828,0.13855557013095426
2024-11-19 11:00:00,0.07397924799604427,58.32124199638927,16.336127570228555,11,1,55.86844918974647,15.655182760019834,0.13812319156275663
2024-11-19 12:00:00,0.0766673431136127,52.07221455205644,11.447856417436492,12,1,56.9686816145357,8.74579675456021,0.1377548544129577
2024-11-19 13:00:00,0.06783103236067925,54.48808200275575,9.322117411284419,13,1,56.03039926265258,10.438031387250488,0.1371240171169824
2024-11-19 14:00:00,0.10818934916069262,51.470063309338585,6.705321369320551,14,1,61.91995899803757,5.148039210558165,0.13776742216028262
2024-11-19 15:00:00,0.09966481867064726,59.51437524421381,11.39717348338355,15,1,67.95745482827142,5.983667419179428,0.13669698911244163
2024-11-19 16:00:00,0.1407618592357608,67.22059033934484,1.607042214813566,16,1,68.14128810098654,2.2098480465700723,0.13638395036981443
2024-11-19 17:00:00,0.18249981876361956,73.65779401438516,3.6532342760629004,17,1,76.00549141385504,0.0,0.13617256690916474
2024-11-19 18:00:00,0.20072542681663708,72.65691838518201,0.0,18,1,77.15023106411718,1.4092012146087576,0.13579283800104255
2024-11-19 19:00:00,0.241649919566427,79.78739227937514,0.0,19,1,78.69952956007363,0.0,0.13581526175750788
2024-11-19 20:00:00,0.2088895095975187,70.08841407209599,0.0,20,1,72.13162256419544,4.823560738226397,0.13501081653782046
2024-11-19 21:00:00,0.17920725129039786,67.02514309944932,0.0,21,1,65.11839626957578,0.2401839517299753,0.13419270872919306
2024-11-19 22:00:00,0.17631463325596147,68.21107613848349,0.03084337027400288,22,1,60.48182270380093,0.0,0.13399967480106253
2024-11-19 23:00:00,0.15359688364267246,66.41978861390753,0.8235927922214754,23,1,56.55626649816122,0.0,0.13451260594365472
2024-11-20 00:00:00,0.09165103073016047,54.08846149527191,0.0,0,2,51.820150452718366,5.867787144962351,0.13308486886649604
2024-11-20 01:00:00,0.103836093513945,52.40075583264547,0.0,1,2,53.80028051090527,0.0,0.13304229817378765
2024-11-20 02:00:00,0.10410277194783112,45.603400252326836,3.1095905083964768,2,2,52.51233615781407,0.6720228108454187,0.1323762605031629
2024-11-20 03:00:00,0.10222700096094232,46.517266680737755,0.0,3,2,56.15701524703305,0.027241627816594772,0.1323510559579756
2024-11-20 04:00:00,0.11041645927723992,54.40860174585791,0.0,4,2,58.33839574815527,3.9656946887964586,0.13203253774106802
2024-11-20 05:00:00,0.12893331374974995,54.931255079760426,0.0,5,2,59.13279120767169,0.0,0.13212741198593264
2024-11-20 06:00:00,0.1409020986839568,55.63945416345545,0.0,6,2,61.40219746593529,6.830729346176328,0.1326576608367734
2024-11-20 07:00:00,0.11324110234052784,62.42542409040779,4.0223637976755615,7,2,62.65525933694877,9.534826838672576,0.13186546380157396
2024-11-20 08:00:00,0.10054778182139117,63.88489582281404,4.097405679927993,8,2,58.799517312491865,8.51070959830026,0.1312502930816489
2024-11-20 09:00:00,0.11130913220449436,65.27616845430289,4.23465281790316,9,2,59.51574578794183,11.559527346812237,0.13089835974887334
2024-11-20 10:00:00,0.09531609190996741,59.75175522866453,15.037317352319711,10,2,56.64287591380237,10.564616229328148,0.12968583210878656
2024-11-20 11:00:00,0.08739487864430363,60.41294538095305,14.822600562069624,11,2,53.41669967200726,7.292869321367022,0.1302448167191307
2024-11-20 12:00:00,0.09606053789908298,55.07454445889093,5.248500793271811,12,2,51.73552665216769,13.227088987247551,0.13105286650185863
2024-11-20 13:00:00,0.11575067539466072,55.036076922793754,6.441788813900984,13,2,57.91334610567785,11.092748942400565,0.1330495182949412
2024-11-20 14:00:00,0.07832531755905056,60.90657410970917,12.47942592969014,14,2,61.845844385845346,9.242070059023582,0.1318051836448728
2024-11-20 15:00:00,0.11411823032426192,58.049587554285324,7.496405344094868,15,2,66.81747402274118,7.3562084012330455,0.13240740913044005
2024-11-20 16:00:00,0.1787767556429977,75.03441539316853,11.2577970755068,16,2,69.12245113286528,1.4166908199089279,0.13399136314740825
2024-11-20 17:00:00,0.18643657555914653,72.30315198337307,5.266000897075749,17,2,75.81655050307565,4.181146393686809,0.1341553946805552
2024-11-20 18:00:00,0.23359570323244658,76.24165794129425,1.048129333488995,18,2,76.14862698982091,0.02276841882344513,0.13552498953121395
2024-11-20 19:00:00,0.24435353842533744,78.18609912801888,0.0,19,2,76.75193931315083,1.5167903463381165,0.13563764031700185
2024-11-20 20:00:00,0.24596792474741416,81.02980022761984,1.7200410320256507,20,2,69.15224538854758,0.0,0.13718257428158084
2024-11-20 21:00:00,0.22906349112458957,73.63791105968129,0.0,21,2,68.32489987824444,2.9406229889254463,0.13925991760800552
2024-11-20 22:00:00,0.16895371126853428,60.88831432124921,4.568355866935241,22,2,64.17650873237099,0.29117996046365024,0.13895321252519605
2024-11-20 23:00:00,0.13101554219239975,65.64764119938063,1.4774850615638466,23,2,52.824932978783195,0.0,0.13801232329810134
2024-11-21 00:00:00,0.10309698681307762,51.501906523525314,0.0,0,3,53.4204959342632,3.380599671355584,0.13848923813488956
2024-11-21 01:00:00,0.1363720593109115,52.956044147305434,2.8163709984631016,1,3,54.27906983096138,0.0,0.13984490337642982
2024-11-21 02:00:00,0.08802806325888742,48.617671974902336,7.845337111977173,2,3,51.02098960015323,0.0,0.13917512384772385
2024-11-21 03:00:00,0.12070953255486873,54.75624016273864,0.0,3,3,53.10525830687411,0.0,0.1399452293308041
2024-11-21 04:00:00,0.07985448934751735,51.99338994424025,1.926446163919524,4,3,56.528801111359996,1.0468634770969292,0.13867181391706565
2024-11-21 05:00:00,0.10011678365111468,56.48089490863259,0.0,5,3,63.31521222373935,0.884246295638344,0.13747112516295587
2024-11-21 06:00:00,0.12820092800160623,58.352306373853004,0.2987327616642083,6,3,59.9068036831864,3.0027034985711367,0.13694190971785794
2024-11-21 07:00:00,0.12748821216550596,68.45905724197164,0.0,7,3,66.87522100143806,3.865387998752243,0.1375355392938987
2024-11-21 08:00:00,0.11618583232614116,69.94300485192022,5.86274069058187,8,3,61.95088135444031,8.226501077463626,0.13818712473159658
2024-11-21 09:00:00,0.09735020871368823,62.48617626432648,8.446309009839716,9,3,59.3290504049609,11.063206859460507,0.13760550291947968
2024-11-21 10:00:00,0.06902606419331203,59.602653044069505,16.45426697167995,10,3,59.00146855131312,10.829909200942707,0.13651008509795237
2024-11-21 11:00:00,0.10108809465933707,55.370362354629854,5.04701469267074,11,3,59.17515897248296,14.830319322408222,0.13708063576524543
2024-11-21 12:00:00,0.08343381665186161,58.67148014180893,10.746095868827572,12,3,56.334136934124025,13.043166516452624,0.13655452237994453
2024-11-21 13:00:00,0.06735109418924952,54.43590176577571,15.837935849541088,13,3,59.91356553114899,10.211064831315694,0.1345378731630524
2024-11-21 14:00:00,0.09774210710020832,56.235792279517234,9.311574517427685,14,3,59.42327952575223,1.7249315698693053,0.13534690606060062
2024-11-21 15:00:00,0.13332627929222465,64.39539197881109,7.694092989985087,15,3,65.05254339747633,5.253330071505382,0.13614724143426574
2024-11-21 16:00:00,0.15553907039709744,64.38892288236883,2.948187400764789,16,3,68.48072920079683,4.8000074460672755,0.1351790045490199
2024-11-21 17:00:00,0.1981206917834578,71.0648083876695,0.0,17,3,74.07512460770741,0.0,0.13566584272503288
2024-11-21 18:00:00,0.21943188061964136,70.0461062760438,0.0,18,3,77.7195580401759,0.8491136335832364,0.1350756834494993
2024-11-21 19:00:00,0.22895759078597455,78.84249756036598,0.0,19,3,75.53055087032342,0.0,0.13443418563119255
2024-11-21 20:00:00,0.23378375678625815,81.31703415660584,0.0,20,3,74.63938919945032,0.6509810320071455,0.13392651196614438
2024-11-21 21:00:00,0.21436807537303507,73.49310497995356,0.4131359177997573,21,3,70.21721196988905,3.922823692605933,0.13331420297649627
2024-11-21 22:00:00,0.19183815164379944,70.78554723487842,0.0,22,3,60.966823582138574,2.202885764949653,0.13426772132546563
2024-11-21 23:00:00,0.1558164011197164,58.53230557702245,0.0,23,3,51.31563967868417,0.0,0.13530109044743718
2024-11-22 00:00:00,0.10533003623130724,53.431246201416464,0.0,0,4,55.01545263418906,0.0,0.13539413417319676
2024-11-22 01:00:00,0.11731157145919761,49.6772690774144,0.0,1,4,55.32196488655727,1.239162211805948,0.13459994717937532
2024-11-22 02:00:00,0.11764870196072538,52.06466786117975,0.0,2,4,54.03712288949086,3.2699892183393264,0.13583414045861858
2024-11-22 03:00:00,0.10710081140594792,55.625703353447044,0.0,3,4,55.571142717930606,0.0,0.13526711041074688
2024-11-22 04:00:00,0.108575567407288,54.485846555563825,0.30018255381743425,4,4,57.340890377972634,0.0,0.13646382199657067
2024-11-22 05:00:00,0.11599287461590696,51.722133715906416,3.736191256926139,5,4,57.366142732859025,6.645011522731609,0.13712532578677034
2024-11-22 06:00:00,0.13071293613549165,55.135562974463554,0.44963168526771036,6,4,59.94410601486561,2.212854424269424,0.1372299927923489
2024-11-22 07:00:00,0.09398841568931741,57.96152461682329,0.8306700313171311,7,4,63.580201014842096,12.800421390139757,0.13583416793917438
2024-11-22 08:00:00,0.13626125000055692,65.25465310043788,5.297008029774663,8,4,62.01773615039087,5.794562161421379,0.13667064367560836
2024-11-22 09:00:00,0.13515312991097422,69.0240295549175,0.9234295063017655,9,4,60.03404490255754,8.109895274897156,0.13824576539216196
2024-11-22 10:00:00,0.10478070752193758,63.84002366966671,9.433312818654667,10,4,56.38516311343307,9.097419826828023,0.13973554219752135
2024-11-22 11:00:00,0.08455527688236235,50.58046013085775,9.664445475885305,11,4,51.807963528415094,7.87431585357554,0.1390466747901474
2024-11-22 12:00:00,0.09516440849521912,59.76193593200018,8.188929642181911,12,4,51.346291770521916,6.330022253373947,0.13953544945028729
2024-11-22 13:00:00,0.0830605100274319,58.56715960646624,8.433341534540073,13,4,59.14116531229837,9.301744063778612,0.14019000844354487
2024-11-22 14:00:00,0.09332327942463532,52.7213446538683,8.48540168665193,14,4,60.020546799553195,8.506265935710253,0.14000589062372934
2024-11-22 15:00:00,0.10075131509542345,60.375882562786465,11.574248168572371,15,4,65.72946409790032,3.721037479942652,0.13864860044886265
2024-11-22 16:00:00,0.13575729643119044,69.69938462534554,9.550231906332673,16,4,70.15190811960605,1.631627926716137,0.13782435986694982
2024-11-22 17:00:00,0.22668089546658282,73.02924465407297,0.0,17,4,73.36243549352548,4.049010720360899,0.13901436835374673
2024-11-22 18:00:00,0.220684584709062,70.99942953041428,0.0,18,4,74.79161767962204,2.7208819966833797,0.13906656435747258
2024-11-22 19:00:00,0.2396665954568716,78.62569627569653,0.0,19,4,77.2281656193378,0.0,0.13951277288542663
2024-11-22 20:00:00,0.21696189541324123,68.34849096494284,2.8334093044254356,20,4,70.78911607114678,1.2036512031506679,0.13881186199488424
2024-11-22 21:00:00,0.19257732771276062,70.55438574574801,0.509272934210659,21,4,67.45955141176918,0.0,0.13790391417570616
2024-11-22 22:00:00,0.17445885497459526,69.83148448198406,0.32476451924364597,22,4,62.860235145268355,0.7549553189004453,0.1371797768144893
2024-11-22 23:00:00,0.14839361548406285,61.38092682379499,1.8769191469741637,23,4,44.38928182123988,0.0,0.13687049407967042
2024-11-23 00:00:00,0.09064030707409816,42.15955336934712,0.0,0,5,45.38061281784826,0.0,0.13625842203145336
2024-11-23 01:00:00,0.08397331903061206,46.622433877767094,4.773603010239201,1,5,43.90328101057827,0.09186799968481812,0.13486932818026232
2024-11-23 02:00:00,0.10074617093581187,46.99386844561623,0.0,2,5,46.96340243319643,0.0,0.13416505605422424
2024-11-23 03:00:00,0.09867988853765333,48.4278986733924,0.0,3,5,46.88799842988407,0.0,0.1338141842680453
2024-11-23 04:00:00,0.10071561091190002,48.03906139496084,0.0,4,5,49.23661640366095,4.703364728705654,0.13348668608073747
2024-11-23 05:00:00,0.102783532893795,50.78412935912832,4.3117491347275525,5,5,48.54776579892175,2.662289084336894,0.13293629684231614
2024-11-23 06:00:00,0.09822792859132287,52.7701085262836,0.0,6,5,53.988881801702746,1.810929371059952,0.1315827548613091
2024-11-23 07:00:00,0.09266284475341698,54.3120859050656,6.220209747848132,7,5,51.09310358252526,0.6665164088054425,0.1315275227389799
2024-11-23 08:00:00,0.11405448406415988,55.04957864217452,3.407395394501467,8,5,56.3027579508816,1.0365057433525244,0.13060224082496338
2024-11-23 09:00:00,0.07726164661941701,52.7414809700036,5.234265595137569,9,5,49.31464869309198,15.30591007851525,0.12819009568781514
2024-11-23 10:00:00,0.05850099369024075,46.68172378137403,12.00133028066176,10,5,46.75935380469027,10.324594409665572,0.12626177427816113
2024-11-23 11:00:00,0.0821103407873481,44.67176097020089,7.751942022789272,11,5,43.56091183194706,13.328562032010215,0.12615990194086887
2024-11-23 12:00:00,0.06435399967627989,45.393191618283325,14.071102213969521,12,5,46.57927999333075,8.154404888264489,0.12487613490674641
2024-11-23 13:00:00,0.060685264795891994,47.42447021304627,12.041536981631088,13,5,48.21094508533299,8.83209936051635,0.1239438330220989
2024-11-23 14:00:00,0.09580136511963233,53.358049823473095,6.635160572945167,14,5,56.07266809923284,7.1963566454437355,0.12404708659272379
2024-11-23 15:00:00,0.10091278351336723,52.29352163735754,7.664038929877973,15,5,58.99332871279069,6.272197518455734,0.12405381444347142
2024-11-23 16:00:00,0.12615423692283895,60.485982069666605,3.6753956522434112,16,5,61.31970022328286,3.1483891531369967,0.12365368696395679
2024-11-23 17:00:00,0.19856796177458452,65.80281254996356,4.118175399532934,17,5,62.937212824129915,0.0,0.12248231472679018
2024-11-23 18:00:00,0.1765217725033863,65.52904897575083,6.6072938573439695,18,5,63.185125382959825,0.0,0.1206421975515537
2024-11-23 19:00:00,0.2152119653049459,69.65547508383241,0.0,19,5,64.21713134280277,0.0,0.11962325462855679
2024-11-23 20:00:00,0.18076641718256353,65.49034816918028,1.8682169585047745,20,5,59.686128643228834,0.0,0.11811510970227856
2024-11-23 21:00:00,0.1902072562949057,66.57939659952133,0.08554224583630585,21,5,57.96839468803841,0.0,0.1180163567265346
2024-11-23 22:00:00,0.14816524049842186,59.30586653265401,0.0842019607211308,22,5,52.11331631234433,0.0,0.11692078945669405
2024-11-23 23:00:00,0.1342203036128374,48.59366234926315,0.0,23,5,43.87083917572057,1.1129987677963462,0.11633023479539296
2024-11-24 00:00:00,0.09279132976904124,44.35306551051534,0.0,0,6,41.958715143129396,4.209618605050666,0.11641986074101562
2024-11-24 01:00:00,0.11216457316646884,49.130517877929684,1.1729898224885924,1,6,44.25876052121752,0.0,0.11759449633000964
2024-11-24 02:00:00,0.08784186996266001,43.37475642118742,0.0,2,6,41.47499178893528,0.10112058231393303,0.11705681712279498
2024-11-24 03:00:00,0.07448557413501226,45.74849284692006,0.0,3,6,45.14459890024619,0.0,0.11604872068935161
2024-11-24 04:00:00,0.09581184889233725,47.06801099909534,3.549606417869045,4,6,49.06425743884891,0.9374782116085512,0.11584439727186983
2024-11-24 05:00:00,0.08981992515964585,44.086569835600415,0.34653367945820046,5,6,49.77396867290367,0.0,0.11530424694961361
2024-11-24 06:00:00,0.07781208811045345,52.139099674364424,0.0,6,6,54.429714970427156,1.9678475299373646,0.1144535869295774
2024-11-24 07:00:00,0.07893306056654872,49.082154835779775,7.521103275485321,7,6,50.88945338018691,6.8013570847948275,0.11388151258845787
2024-11-24 08:00:00,0.08861846652058782,52.841185796843526,0.0,8,6,49.46657557168703,9.183690479373869,0.11282167852414236
2024-11-24 09:00:00,0.1047472144362692,57.023058661494396,12.189049442880671,9,6,51.295852884755675,5.40189960957062,0.11396691051651121
2024-11-24 10:00:00,0.08986514446647967,51.78295554254959,6.391735339842823,10,6,49.90282897934601,12.810542117740157,0.11527375013218784
2024-11-24 11:00:00,0.07127105440914551,46.83446190803309,11.30544564165646,11,6,45.899203107881426,10.82892948357573,0.11482211319976272
2024-11-24 12:00:00,0.077556637573238,47.80434632285828,8.879554344270524,12,6,51.02227324123532,14.1131821961496,0.11537222311213598
2024-11-24 13:00:00,0.049139957725092824,46.53956120389976,7.334578112118658,13,6,45.94068658276622,13.56495856934038,0.11489116865085269
2024-11-24 14:00:00,0.07667674633021936,48.86773381178301,14.070996002709105,14,6,51.14733824407935,12.231342906193165,0.11409430953462714
2024-11-24 15:00:00,0.10746194866657748,54.60912514646132,14.23093461571236,15,6,57.635074429357566,1.4805141276589002,0.11436719141601089
2024-11-24 16:00:00,0.13682365017232231,55.02731426314654,4.694598964567731,16,6,63.357785238115746,3.957303633429023,0.11481175030140604
2024-11-24 17:00:00,0.16574474290519609,62.55811204155348,4.005066581553313,17,6,65.181906421703,0.0,0.11344411618184819
2024-11-24 18:00:00,0.20161953919136888,65.35045360001136,0.19946938081875132,18,6,65.71396950298781,3.644061459404728,0.11448985646051413
2024-11-24 19:00:00,0.20735572775808062,62.7585687031247,6.056773930734993,19,6,67.59019672756833,4.042558663770084,0.11416251322939475
2024-11-24 20:00:00,0.20310753992513222,63.40421257709977,0.0,20,6,62.69507614480998,2.7385431591259217,0.11509339334366843
2024-11-24 21:00:00,0.196924474037102,67.44685546347215,1.3199320444457703,21,6,56.661958900184274,0.0,0.11537327741625997
2024-11-24 22:00:00,0.1590436211989392,58.58231555127347,0.0,22,6,53.48087257542617,1.5238915249214182,0.1158265432787815
2024-11-24 23:00:00,0.1301779900189571,48.24776089417914,0.0,23,6,52.64238836680968,0.0,0.11565811354570317
2024-11-25 00:00:00,0.12854857392735397,47.98595006387124,0.0,0,0,52.65597203666332,0.038555742544598176,0.1171479987189662
2024-11-25 01:00:00,0.11603818891304217,52.57653192270251,6.468170768186936,1,0,52.68043931239659,0.0,0.11730939937507341
2024-11-25 02:00:00,0.1389193284089435,58.029390080864715,0.0,2,0,51.75258668658152,0.0,0.11943762681033525
2024-11-25 03:00:00,0.10195803805642994,52.79707616220503,2.767679272976138,3,0,52.554609197333136,0.0,0.12058231280706096
2024-11-25 04:00:00,0.09523983182433254,58.58249473218605,4.1953526897217825,4,0,55.431255916623535,6.358406459228418,0.12055847876256076
2024-11-25 05:00:00,0.11577608445913527,57.60883902250996,0.0,5,0,59.64787362585268,0.0,0.12163998540003951
2024-11-25 06:00:00,0.11746708915300152,61.09173314495115,0.42159466443952154,6,0,58.878777752935605,3.216140950904962,0.12329227711014566
2024-11-25 07:00:00,0.1344576128437286,58.34701913547907,0.0,7,0,65.81156978335979,5.322129517155959,0.12560580012169484
2024-11-25 08:00:00,0.10714465676591704,66.92215372989034,2.839833841553383,8,0,62.696525123431684,6.4114946275702245,0.12637772471525022
2024-11-25 09:00:00,0.10298843782774485,61.58786008920055,10.7354884873968,9,0,57.59005371401755,9.361349350290636,0.1263044423565617
2024-11-25 10:00:00,0.10585622973981554,62.48212870808086,9.472626029713107,10,0,60.12087868005581,9.1888389181689,0.12697073757628402
2024-11-25 11:00:00,0.08864510641047063,54.282344393429526,11.61416094395898,11,0,55.53815315576061,4.300555526403483,0.12769465640967256
2024-11-25 12:00:00,0.08184784504790678,56.021126409868515,11.158866254205973,12,0,53.1404561818382,12.529902997571108,0.12787345672111708
2024-11-25 13:00:00,0.08991629772188951,56.93716329227972,18.000479703943604,13,0,61.049821874927176,13.77628416869075,0.12957247088765028
2024-11-25 14:00:00,0.1130648348881933,57.41347343417748,7.753429780923265,14,0,64.29593963015806,4.301263250178241,0.13108864124423253
2024-11-25 15:00:00,0.13777980074225085,62.88074792179569,13.1798969526939,15,0,64.61622645840498,4.190430033933705,0.13235188508071893
2024-11-25 16:00:00,0.15666775488169254,65.58131783560285,5.81366864038121,16,0,70.86197275054994,6.967375985370319,0.1331787227769427
2024-11-25 17:00:00,0.17660756342221687,69.43094177700948,8.697200507697072,17,0,74.51343543318914,0.0,0.13363134029848522
2024-11-25 18:00:00,0.24790881777752508,80.56615609065645,0.0,18,0,73.13245945860331,1.0856078559465885,0.13556006023957506
2024-11-25 19:00:00,0.22528679295877801,80.26804611716524,0.6462827267080126,19,0,76.07794345184877,12.115378073708365,0.1363071879562708
2024-11-25 20:00:00,0.24629635464334237,72.99380125590648,0.0,20,0,73.1977830866617,1.7703555630415404,0.13810672190286288
2024-11-25 21:00:00,0.22143348839227736,73.32651405373377,0.4881531754751376,21,0,67.74387601377359,0.19271090592587617,0.13912793083432853
2024-11-25 22:00:00,0.18628487495934917,64.05352605252014,4.2783169193314485,22,0,61.62764850205585,2.4687892314371185,0.14026298307434562
2024-11-25 23:00:00,0.15246535017445328,57.771150041907255,1.325833618752809,23,0,54.87714059967482,2.17489124039737,0.1411916230808246
2024-11-26 00:00:00,0.08667975919955001,56.301012691576325,4.271339415094283,0,1,50.74250313286988,0.0,0.13944708913383277
2024-11-26 01:00:00,0.09509037780353738,47.56007601349812,0.0,1,1,56.74789477103945,0.0,0.13857426367093675
2024-11-26 02:00:00,0.11975836613048216,56.077270510658344,0.0,2,1,51.92827639282904,1.6629577905920314,0.1377758902426675
2024-11-26 03:00:00,0.10449121102911019,52.663729205858616,0.05636775598043162,3,1,53.15581927545979,2.0828007320223283,0.1378814391165292
2024-11-26 04:00:00,0.10997918315990918,53.80088544394896,0.0,4,1,55.409967443587675,0.0,0.13849557875551158
2024-11-26 05:00:00,0.12507591596626552,57.87160287119823,0.0,5,1,58.36517666264487,4.606548659708695,0.1388830717349753
2024-11-26 06:00:00,0.11898572188301418,61.52130629073934,0.0,6,1,62.31361506482257,6.751833783354028,0.13894634809872583
2024-11-26 07:00:00,0.09712228791846132,60.05476501191464,6.901853721138487,7,1,63.536929158693425,7.397347844922136,0.13739070956017305
2024-11-26 08:00:00,0.12958854774463568,66.29654074080476,3.958767623294004,8,1,62.99666099026136,6.614355331355747,0.1383258716842863
2024-11-26 09:00:00,0.10997584498984231,63.10016674267025,12.385768806133054,9,1,58.160576990356915,3.20177694967865,0.1386170136493737
2024-11-26 10:00:00,0.09167424721561551,55.77859593186167,9.100972069424532,10,1,57.29863546033886,9.612875315655545,0.13802609771086538
2024-11-26 11:00:00,0.0959790705719144,56.42182840084336,12.370569792894702,11,1,53.35145232257471,5.316059768262715,0.13833167955092554
2024-11-26 12:00:00,0.08758978593068567,59.9523997601388,12.409379401395313,12,1,57.353441692164466,3.501210598602829,0.138570927087708
2024-11-26 13:00:00,0.11062729925515774,61.253595606578976,7.216106943817563,13,1,59.42425862514112,10.868414302275108,0.1394338854849275
2024-11-26 14:00:00,0.1022081672981229,60.27963352408146,10.34158051664404,14,1,61.6523678955547,10.676955690248974,0.13898152433534125
2024-11-26 15:00:00,0.13053713611744527,57.85484255429464,14.143660684023537,15,1,65.21213264602692,0.0,0.13867974664264102
2024-11-26 16:00:00,0.13599471408572406,68.08146897659118,6.109340711362459,16,1,72.20793802455704,1.9882455667981282,0.13781836994280897
2024-11-26 17:00:00,0.1996219840210699,74.30842629160443,5.861041745115742,17,1,73.73105335304119,0.0,0.13877730413442788
2024-11-26 18:00:00,0.21955607276635467,77.82861322484912,2.4264514560726496,18,1,77.058215819995,0.0,0.13759593975896242
2024-11-26 19:00:00,0.22671433434587057,79.50098908112341,1.0746738042774546,19,1,75.20267628746524,0.0,0.1376554206500913
2024-11-26 20:00:00,0.2417336874170454,76.66874870616618,0.6526755120366129,20,1,76.84504755567298,3.726903477891003,0.13746530951566224
2024-11-26 21:00:00,0.21257245906467195,71.35351120408671,1.9156044569245516,21,1,64.05373176810774,0.0,0.13709609996034536
2024-11-26 22:00:00,0.14644873196042413,64.56106081318441,2.6714889126646453,22,1,56.305259400684676,0.0,0.13543626066872347
2024-11-26 23:00:00,0.15194777675835475,55.56648565493534,0.0,23,1,51.79421793938252,0.0,0.13541469510971937
2024-11-27 00:00:00,0.1204204153288321,54.15623247907673,0.8655601118375919,0,2,49.65868792377705,1.347758347943925,0.1368205557817728
2024-11-27 01:00:00,0.10500801394480513,53.68512026175124,0.0,1,2,51.734498211809964,0.0,0.13723379062099228
2024-11-27 02:00:00,0.10494692023869635,54.97213063074724,0.0,2,2,50.953788677308474,0.0,0.1366166470421679
2024-11-27 03:00:00,0.08590471086666232,49.268857134049554,4.5358753266000065,3,2,52.74538959523251,1.4774178424307196,0.1358422095353992
2024-11-27 04:00:00,0.11252971781528054,56.61844432610925,0.0,4,2,54.50713599687662,0.9313585134763852,0.13594848181270636
2024-11-27 05:00:00,0.120932264083162,63.211499617684595,0.0,5,2,61.66392940504672,0.0,0.13577582965091037
2024-11-27 06:00:00,0.1262721284454116,59.98906685734146,2.7850067888504904,6,2,62.67856056957144,4.097319269162124,0.1360794299243436
2024-11-27 07:00:00,0.12440847875638456,62.57829050280062,0.0,7,2,66.22728074558276,8.423247378910308,0.13721635454259037
2024-11-27 08:00:00,0.10896915536458339,65.06518267877321,0.0,8,2,62.89490033582474,6.889917725870546,0.13635721319342156
2024-11-27 09:00:00,0.11485275789652721,69.31741584655703,10.413763600828359,9,2,61.73170746146224,8.203055420508718,0.13656041789786674
2024-11-27 10:00:00,0.09211853965829332,56.59885477809416,9.416344755887014,10,2,56.43769288791839,15.185806454610228,0.13657893008297833
2024-11-27 11:00:00,0.0773807313396806,57.692245281653435,11.53747574065781,11,2,58.7979673179293,8.244097201194126,0.13580399928163525
2024-11-27 12:00:00,0.0648321138895026,53.04995950549219,8.68309350883825,12,2,56.906984956252614,9.419107313241735,0.13485576294658597
2024-11-27 13:00:00,0.0972882142114671,54.21463349198317,5.037535584235527,13,2,56.50103256429502,9.787560762271301,0.13429996773643219
2024-11-27 14:00:00,0.1090038096474984,57.9019858210059,4.710561631256469,14,2,62.978797266745175,7.370459590428665,0.1345831195009895
2024-11-27 15:00:00,0.13610099935608524,66.05193243609123,6.282165537853988,15,2,66.64228002704375,4.35339895231055,0.13481494713593284
2024-11-27 16:00:00,0.1594563541449571,72.3512531574307,0.6623850075703164,16,2,71.2572123814912,2.8979580380937366,0.1357925154717342
2024-11-27 17:00:00,0.1970903966161519,73.09628260855489,3.7228155336634017,17,2,75.77494659241985,4.3930490636869255,0.13568703266319596
2024-11-27 18:00:00,0.20680168370398974,74.37780091104847,0.0,18,2,78.56819117204714,2.2614414075076152,0.1351555997855974
2024-11-27 19:00:00,0.23115246709820528,85.04245607705974,0.6476261657785692,19,2,71.34783803173964,0.0,0.13534052198361135
2024-11-27 20:00:00,0.22589206407705587,74.21468885881403,0.5430184487925078,20,2,70.95990613938436,0.0,0.13468045434444514
2024-11-27 21:00:00,0.20409409316726196,69.83415210888771,1.353798440485844,21,2,67.94973457576681,0.0,0.1343271890987197
2024-11-27 22:00:00,0.14824745213614995,60.90457540391976,1.7481888455114953,22,2,62.21289019068065,2.6606078347749307,0.1344021357727083
2024-11-27 23:00:00,0.14128873559020788,66.18392868221773,0.0,23,2,50.891968441969134,0.0,0.13395800905736885
2024-11-28 00:00:00,0.11121447625486434,56.243116316359846,0.6438924332184064,0,3,48.42957801622417,6.728931292504811,0.13357442826262017
2024-11-28 01:00:00,0.13157802858121326,60.90208047281456,0.8260284494706107,1,3,56.66509286247717,0.0,0.13468151220580385
2024-11-28 02:00:00,0.09905796873889999,48.81676480178753,0.0,2,3,53.250184449011925,0.0,0.13443613922664568
2024-11-28 03:00:00,0.1177061719765736,58.29049513169766,2.2628401105082157,3,3,57.65784153297683,0.5095324973575223,0.1357612001062253
2024-11-28 04:00:00,0.11723574643110332,54.85417617425036,0.5247976867708793,4,3,58.302232409721235,0.0,0.13595728463188458
2024-11-28 05:00:00,0.11417196959195826,59.291827603836246,1.9741710283524978,5,3,58.226150920916126,0.0,0.1356756056947511
2024-11-28 06:00:00,0.11726083865302724,54.540491182495536,0.0,6,3,57.848103541271925,0.0,0.1353001352867351
2024-11-28 07:00:00,0.10852046826828216,67.54883295196821,1.4869869084983423,7,3,63.22742788608777,4.339644533413531,0.13463813484973083
2024-11-28 08:00:00,0.11423462475092164,66.66858033873852,1.187379274535647,8,3,62.814804229657206,1.138617224886847,0.13485752940749493
2024-11-28 09:00:00,0.12337160103774207,62.76477685134575,9.688107854690825,9,3,60.85119925386671,6.994021843370783,0.13521248120504553
2024-11-28 10:00:00,0.12430025430146754,62.0142398112271,3.755739002663997,10,3,54.89557747667889,7.35773683385956,0.13655338598184447
2024-11-28 11:00:00,0.10080277070983225,54.66774972663544,6.4239043227843595,11,3,56.04022801812773,8.608973328106947,0.13752930428893412
2024-11-28 12:00:00,0.0971109070942149,53.83000657816091,11.885564193982292,12,3,56.3956840090245,7.534437923294146,0.13887425400579712
2024-11-28 13:00:00,0.06578853824465769,54.557377430263585,7.471385196542115,13,3,60.10793273392906,8.768746474462455,0.13756176750718005
2024-11-28 14:00:00,0.08585428668332742,52.20729724399692,5.424279601142022,14,3,61.202235630910245,9.56841775191505,0.13659720405033962
2024-11-28 15:00:00,0.1202347410805597,64.57347683955632,10.255521041336403,15,3,67.54895362297356,6.017446346937372,0.13593610995552605
2024-11-28 16:00:00,0.18764593318916828,70.47653439578865,8.324723520586716,16,3,72.314453239214,6.230126584444049,0.13711067574903485
2024-11-28 17:00:00,0.18628079936818454,69.49327806168284,5.119442195460216,17,3,77.40942896613655,0.0,0.13666027586370286
2024-11-28 18:00:00,0.23166912556536007,76.77250527092474,2.9704838587910283,18,3,75.50122244495842,0.9092015952114171,0.1376964192745933
2024-11-28 19:00:00,0.23942840904838547,76.29131378018063,0.0,19,3,69.51650281806901,1.0195208502590936,0.13804125018918414
2024-11-28 20:00:00,0.2327977802717343,76.7086914729055,0.0,20,3,71.26341260897068,3.2246248013099055,0.1383289883639624
2024-11-28 21:00:00,0.2019120271106887,69.72889145814128,0.0,21,3,66.19781232351586,0.0,0.13823806894493854
2024-11-28 22:00:00,0.1574822185215636,63.83278424226896,0.5870520870059207,22,3,59.476749528047996,2.2087304097830804,0.1386228508776641
2024-11-28 23:00:00,0.12053980340888387,65.15842689108823,0.0,23,3,50.20273351705319,0.0,0.1377583120367756
2024-11-29 00:00:00,0.1283965452530809,53.01446906393044,0.0,0,4,52.08982536248219,0.0,0.13847423157836794
2024-11-29 01:00:00,0.11021210272444536,59.709975915530165,2.0996515189401497,1,4,53.10760956861948,0.0,0.13758398466766927
2024-11-29 02:00:00,0.08693274720433797,53.485555931783885,4.14588735930033,2,4,53.88932883795733,1.2688857468539432,0.1370787671037292
2024-11-29 03:00:00,0.11458825825813307,50.735023334200044,1.3939108899453323,3,4,50.13325595844247,0.0,0.1369488540321275
2024-11-29 04:00:00,0.11733710147212517,58.630077835630864,6.2801055283489875,4,4,53.27935146202251,0.0,0.13695307715883678
2024-11-29 05:00:00,0.12787031461383278,58.80499195090018,0.0,5,4,62.14661359078144,0.0,0.1375238415347482
2024-11-29 06:00:00,0.13510619114761446,62.21349571341551,0.0,6,4,62.54587934793796,2.6744187778150073,0.13826739788868933
2024-11-29 07:00:00,0.10926482992224558,66.7350178073737,5.039975333349949,7,4,64.22098397988673,2.2830464413029894,0.13829841295760448
2024-11-29 08:00:00,0.10605686819993472,62.13690310972723,2.203124499234559,8,4,60.29690021888795,7.675190504655184,0.13795767310131335
2024-11-29 09:00:00,0.10583623054678974,62.55620288946584,5.97814687336683,9,4,60.01519639093657,7.492985857044225,0.13722703266419034
2024-11-29 10:00:00,0.11501899311185586,59.47536426550768,2.3006280312469087,10,4,56.440117243543284,11.316983442005544,0.13684031344795652
2024-11-29 11:00:00,0.06394566715065074,53.06107028739777,6.32761157365672,11,4,54.521275065353535,9.985320332562264,0.13530460079965728
2024-11-29 12:00:00,0.09080823982597037,54.91485088707308,4.551287908968913,12,4,53.190856368751035,14.380824025089034,0.13504198966348044
2024-11-29 13:00:00,0.10423509113441315,60.3909389746278,7.954786017396049,13,4,56.47317665429942,8.834125569433125,0.13664392936722025
2024-11-29 14:00:00,0.11300154428923576,58.96963284910323,7.113985588080516,14,4,65.8340091097072,3.524579238724249,0.13777506510079976
2024-11-29 15:00:00,0.12848438990108446,57.58257792455869,7.250931159999335,15,4,66.03861817988884,4.3087933713464155,0.13811880046832162
2024-11-29 16:00:00,0.1617777263598369,61.75887322863377,9.243572308741232,16,4,73.3909430946122,2.597969983135033,0.1370409585170995
2024-11-29 17:00:00,0.16492881631540068,77.13898724447871,4.907949646928876,17,4,75.33958453788377,0.0,0.1361512925565668
2024-11-29 18:00:00,0.24373323613525755,75.44335930264201,0.0,18,4,76.5909357602545,4.247876491959152,0.13665396383031256
2024-11-29 19:00:00,0.2355768915036883,75.14345515630612,2.1280540246449977,19,4,74.4603340410078,0.0,0.13649348393261682
2024-11-29 20:00:00,0.24229584675127816,74.8555656621329,0.391141441045109,20,4,74.50252713411362,0.0,0.13688923670259784
2024-11-29 21:00:00,0.18545376774379166,67.08387833175821,0.0,21,4,67.48001304976871,0.5083151296367767,0.13620347589564377
2024-11-29 22:00:00,0.15887873192969393,71.28777373574368,0.0,22,4,60.286693560930075,0.0,0.13626166395431588
2024-11-29 23:00:00,0.16912408457248165,60.60814237109406,0.7159334983018926,23,4,43.503510374716214,2.705771072021356,0.1382860090027991
2024-11-30 00:00:00,0.08554911968562215,48.66741529633459,0.0,0,5,46.463916766599944,2.1429868763174063,0.136500699604155
2024-11-30 01:00:00,0.08926956490734873,44.47738823027328,0.0,1,5,38.73316269077225,0.3657486727883652,0.13562809386177596
2024-11-30 02:00:00,0.09932789265705697,48.98474183430447,4.143786933621419,2,5,45.392352974995376,1.656348319091603,0.1361445582556393
2024-11-30 03:00:00,0.10285902441680772,45.59277093150232,0.0,3,5,46.851945453257535,0.0,0.13565584017891738
2024-11-30 04:00:00,0.10940973881784602,48.50708702345973,0.0,4,5,46.35981404572716,0.0,0.13532553340165573
2024-11-30 05:00:00,0.10069165357820425,50.16040464435842,0.0,5,5,51.2695666349647,0.0,0.1341930891918379
2024-11-30 06:00:00,0.08780730576874612,52.95490943283608,0.0,6,5,55.00259083616824,1.0836581590912173,0.13222230230105173
2024-11-30 07:00:00,0.11018857690285176,55.111361433223855,0.0,7,5,52.83643373215828,0.0,0.13226079175857697
2024-11-30 08:00:00,0.10424652802494597,54.55360442970673,3.6006191510245307,8,5,55.720159355644135,3.835082768803589,0.13218536091795244
2024-11-30 09:00:00,0.06760062844978706,60.165679962494735,11.867246569933453,9,5,51.69155943759439,4.879626763359685,0.13059221083057734
2024-11-30 10:00:00,0.09800879276877338,48.19468084520456,8.189562255527806,10,5,47.95838732893836,6.3343434208229805,0.12988345248294889
2024-11-30 11:00:00,0.04559896901193488,48.278119132268685,9.909990086298158,11,5,47.0410716158667,13.345775396836963,0.12911900672716906
2024-11-30 12:00:00,0.08431918845389731,46.87884963948659,2.156989288043839,12,5,48.60178498642746,10.718399095595355,0.128848629586666
2024-11-30 13:00:00,0.06600415666671948,48.47521059136406,10.818409479272727,13,5,53.91525931166674,11.026599606903085,0.12725567398384544
2024-11-30 14:00:00,0.09192173343939783,47.908713921343335,8.651457105681203,14,5,54.18274245024938,8.223917353338393,0.12637734853176888
2024-11-30 15:00:00,0.11327250432903772,53.97003782279216,4.4698680758219815,15,5,59.43159979482765,7.838684109357486,0.12574351996626693
2024-11-30 16:00:00,0.13589465623398925,57.27013854455488,5.436430920694697,16,5,63.27163298905348,2.563299589716762,0.12466505871102328
2024-11-30 17:00:00,0.1738160161987063,57.82233127192579,3.0833259418225536,17,5,70.6085581983662,4.243881078750866,0.125035358706161
2024-11-30 18:00:00,0.20272669161550316,66.83582292272317,0.0,18,5,65.3560563190457,0.0,0.12332675268450456
2024-11-30 19:00:00,0.2187687870243561,64.76623422009763,1.1614880437296835,19,5,63.3304111681098,0.0,0.12262641499786574
2024-11-30 20:00:00,0.22310407477780347,61.25518034120965,4.189973978845042,20,5,63.190204076121674,0.0,0.12182675783230427
2024-11-30 21:00:00,0.167692768490398,63.32213324302253,0.0,21,5,59.12702909826326,3.476764374116764,0.12108671619674621
2024-11-30 22:00:00,0.11774709581676782,59.36797142301193,0.0,22,5,47.789556039588284,1.1754211910709171,0.1193728980253743
2024-11-30 23:00:00,0.12543147325361767,54.62422097734682,0.0,23,5,44.35646398422042,3.322746355256141,0.11755237255375495
2024-12-01 00:00:00,0.0871916556057534,46.178281502388295,2.9911461827255,0,6,44.02272805911888,0.0,0.1176208115504271
2024-12-01 01:00:00,0.08846893365817012,38.199422709385544,0.0,1,6,45.97016072505907,0.0,0.11758745191504466
2024-12-01 02:00:00,0.08188116952437575,40.126590178735185,2.0249539057446335,2,6,45.70042444955913,0.0,0.11686050511784961
2024-12-01 03:00:00,0.10961904555698412,51.15822196472182,0.0,3,6,42.23190362489831,1.0115758238049835,0.11714217266535694
2024-12-01 04:00:00,0.07638570278543462,42.4972793023858,0.8472207848290809,4,6,45.77079724611789,0.0,0.11576617116400649
2024-12-01 05:00:00,0.10314551922268288,49.885603028866775,0.0,5,6,49.418403509109424,2.115643214756112,0.11586841556585975
2024-12-01 06:00:00,0.10399947689075571,48.8337824638527,0.0,6,6,55.54746621046359,2.528208938037129,0.11654308936261015
2024-12-01 07:00:00,0.09694933547789177,54.32452870424902,7.770407990421848,7,6,56.11962401766065,0.0,0.11599145430323682
2024-12-01 08:00:00,0.10381250748572797,53.34391810635473,0.0,8,6,52.86644441777202,2.015986116776462,0.11597337011410275
2024-12-01 09:00:00,0.10001481968567101,55.90482547659807,8.363826611117027,9,6,51.457578501801656,8.393738683324669,0.11732396141559791
2024-12-01 10:00:00,0.08162735805601593,51.606161205278504,14.222615106963119,10,6,46.21992636359099,10.408642347643136,0.11664140163589966
2024-12-01 11:00:00,0.07128591699795049,46.90141223346266,11.503947515961686,11,6,51.002097072403956,3.2201988329353206,0.11771169113531699
2024-12-01 12:00:00,0.0777426460782695,43.54226888819764,4.7669574516342275,12,6,48.4077198143325,8.87088278998304,0.11743766853633252
2024-12-01 13:00:00,0.08081787113475726,48.115882444994455,4.619088992102887,13,6,50.92698517344489,5.314254721301255,0.11805490663916741
2024-12-01 14:00:00,0.0941317919186204,45.473931063623084,5.532290850476212,14,6,55.788076546029906,3.5564454236792407,0.11814699240913502
2024-12-01 15:00:00,0.08428596213180997,54.40239381204579,7.217722680027184,15,6,59.914526035994136,2.8788616645892002,0.11693921981758386
2024-12-01 16:00:00,0.14308713436881187,66.28679135847608,5.503697938447365,16,6,63.0192367827238,2.7854291474197344,0.1172389064065348
2024-12-01 17:00:00,0.16815628007107009,67.27672832411913,0.0,17,6,66.50693050858513,0.0,0.11700308406788329
2024-12-01 18:00:00,0.21283540415420876,69.1755736771162,0.0,18,6,70.93621694850508,0.0,0.11742428042366271
2024-12-01 19:00:00,0.2234028457505759,68.08570476537608,0.0,19,6,66.92989017797373,0.3237721039767502,0.11761736620392187
2024-12-01 20:00:00,0.19719546630315782,60.67281120698848,0.0,20,6,61.45770788014943,0.0,0.1165378408508116
2024-12-01 21:00:00,0.1634922802332635,58.72442698228953,6.946434100518761,21,6,61.8116145127072,0.0,0.11636282050676434
2024-12-01 22:00:00,0.16578372944855882,61.983286700431634,0.0,22,6,51.13853630599318,0.0,0.11836434690808896
2024-12-01 23:00:00,0.12467960829427283,50.48317261856651,0.0,23,6,49.9642380652258,0.0,0.11833301920144962
2024-12-02 00:00:00,0.12831360785140894,51.19604150120757,0.0,0,0,55.43957326967637,0.12323590041105206,0.12004643387835191
2024-12-02 01:00:00,0.13197472144300573,52.92393902961388,2.224405999347812,1,0,52.08966454216098,0.0,0.12185917503605341
2024-12-02 02:00:00,0.12216057885026313,50.153609295137365,0.0,2,0,54.783459710652004,0.4631459301334329,0.12353748375796537
2024-12-02 03:00:00,0.11277110882618054,49.98760639176009,0.0,3,0,58.55308198241724,0.0,0.12366881972751524
2024-12-02 04:00:00,0.13662569816734563,54.757143277139015,0.0,4,0,54.25153179422687,2.2951434419953225,0.12617881953509483
2024-12-02 05:00:00,0.11688758886179991,54.14833044968611,0.0,5,0,60.02046508120813,4.437266943417548,0.12675140577005806
2024-12-02 06:00:00,0.11044919721676705,57.731036373298195,1.0356194841623585,6,0,66.10670736006378,2.380170147162893,0.1270201441169752
2024-12-02 07:00:00,0.09931575188672727,60.64007763032964,11.81786438594677,7,0,65.80441737583364,2.9394832575861365,0.12711874480067667
2024-12-02 08:00:00,0.10768502311343368,66.11219721330777,6.608025419922827,8,0,62.818565010330495,2.595363825994978,0.12728009961849776
2024-12-02 09:00:00,0.1091485216620467,62.43540454763731,6.2930596690303116,9,0,65.01755609258753,9.915773088682041,0.12766067053418007
2024-12-02 10:00:00,0.10743039959767785,59.66736670801198,5.778583573214512,10,0,57.21561759986073,6.5140812618634145,0.12873579726508266
2024-12-02 11:00:00,0.08043930699727847,59.316479355919874,4.339165447468705,11,0,56.76688170364022,15.93313101138482,0.12911718851505466
2024-12-02 12:00:00,0.07851908968395915,55.51860590023775,11.927914059910623,12,0,59.628026980245956,16.822750990771617,0.12914954033195838
2024-12-02 13:00:00,0.08816768845078213,55.43890592936271,11.4188053583478,13,0,60.38667133873983,7.509515835625818,0.1294557827201261
2024-12-02 14:00:00,0.11163487593671259,59.930385333791165,6.474644291004524,14,0,64.74820665311131,1.9565157238160484,0.1301850778875466
2024-12-02 15:00:00,0.12271674323336479,64.24300055205077,10.86518841220525,15,0,65.15327363133272,6.510595273176401,0.13178636043344472
2024-12-02 16:00:00,0.16116835994337791,66.48171742653771,4.753874286097796,16,0,74.48284669986316,8.299156893000923,0.13253974483238495
2024-12-02 17:00:00,0.1779519354935837,72.28444201747361,5.1342088360425695,17,0,76.28635759641007,0.0,0.13294789714165636
2024-12-02 18:00:00,0.21039556687781788,73.44544467931547,1.0366895071155415,18,0,75.93840326466811,5.314546259492189,0.13284623725514008
2024-12-02 19:00:00,0.2325420642371663,74.67577535542851,0.0,19,0,76.39102107568627,0.0,0.1332270380254147
2024-12-02 20:00:00,0.23635062524743505,78.40840459510079,0.0,20,0,72.40654900089118,0.0,0.13485850298142624
2024-12-02 21:00:00,0.20869101366589643,73.44987102472017,0.0,21,0,70.68483954135661,0.865098178679438,0.13674178354111927
2024-12-02 22:00:00,0.1639094278883807,68.40561753924324,2.9471773411319644,22,0,62.84329646162946,2.8467841952447293,0.1366636876427785
2024-12-02 23:00:00,0.14793603852333823,62.97943896629473,0.0,23,0,51.941038909773056,0.0,0.13763270556898957
2024-12-03 00:00:00,0.13025343061578146,53.650498981149134,1.539094884611124,0,1,51.50016561127712,1.2583744975671356,0.1377135315175051
2024-12-03 01:00:00,0.12228238943974891,55.75153888564437,0.0,1,1,53.526362705072536,3.0923558137426523,0.13730968435070273
2024-12-03 02:00:00,0.11193134191670198,56.613505641928015,2.7302041764562537,2,1,51.28953516401495,3.4165200676227783,0.13688346614513766
2024-12-03 03:00:00,0.10348447398563675,56.89819624214416,1.095294677714866,3,1,53.55694875027712,0.0,0.1364965230267817
2024-12-03 04:00:00,0.10606637411255511,54.66517126222117,0.0,4,1,56.581842285183214,0.0,0.13522321785783206
2024-12-03 05:00:00,0.12143830099551874,61.50860172355367,0.0,5,1,59.32752540397067,2.9500127878639972,0.1354128308634037
2024-12-03 06:00:00,0.12045779930654711,60.90237029334285,3.260043182614294,6,1,64.66270440194867,3.6943446675074734,0.13582985595047786
2024-12-03 07:00:00,0.13061687823421536,65.23249301341939,0.0,7,1,63.03398957743514,6.328452701169358,0.13713406954828988
2024-12-03 08:00:00,0.12575934898023308,65.41232606291787,0.9316741648127289,8,1,58.30724455115732,4.767205111797964,0.13788716645940652
2024-12-03 09:00:00,0.10630212577846342,64.03762850438058,6.3752801301533575,9,1,56.936251469818025,9.892556098533642,0.13776856663092388
2024-12-03 10:00:00,0.08685131587622218,57.95339091968006,15.572655335935025,10,1,57.439616496737834,5.976504830650219,0.13691110480919655
2024-12-03 11:00:00,0.12004027596065056,59.71957545044366,6.687042439927436,11,1,54.86852638977841,10.05227602868348,0.1385611451826704
2024-12-03 12:00:00,0.08628220894658366,65.14707499349637,11.093458998549234,12,1,53.924974807718236,9.354024052996527,0.13888460848527975
2024-12-03 13:00:00,0.07036046631147436,55.19897403230616,9.951539660670408,13,1,62.410847137354104,8.438298359986153,0.13814264089614192
2024-12-03 14:00:00,0.08346945936740839,58.721127568535216,6.042678128492943,14,1,63.83126797864783,8.805872749354648,0.13696908187242093
2024-12-03 15:00:00,0.1189751621597313,60.74591088996388,7.182486203153148,15,1,66.90449858788752,1.823429865671105,0.13681318266101952
2024-12-03 16:00:00,0.17013333558550803,65.45968922317583,3.112578682667656,16,1,72.56209190369512,4.317939435463068,0.13718672331277496
2024-12-03 17:00:00,0.19462010517586958,77.03773574867647,1.1702294967518059,17,1,75.48589167565693,0.057822658980894684,0.1378812303828702
2024-12-03 18:00:00,0.2405210935020104,73.862666440943,0.0,18,1,74.99133088737327,0.0,0.13913646065887822
2024-12-03 19:00:00,0.2344911562494754,75.9819038619914,0.0,19,1,78.07757344479741,0.0,0.13921767282605776
2024-12-03 20:00:00,0.2329196326339119,70.93615583607561,3.1468272731789275,20,1,73.79771687000401,5.288291722637878,0.1390747148004943
2024-12-03 21:00:00,0.19284255852218526,69.67069918925095,0.2009902117288993,21,1,63.062995253374936,0.0,0.13841436250283967
2024-12-03 22:00:00,0.1574642855931663,61.55078316206825,3.8167771628785045,22,1,62.60257033781333,0.0,0.13814581490720573
2024-12-03 23:00:00,0.15102822622983395,64.17148037106,2.03114606080756,23,1,54.24398009443365,0.0,0.13827465606164305
2024-12-04 00:00:00,0.12831996915401842,62.52934675315792,0.0,0,2,52.94722552203687,3.0482315867419203,0.13819409516740291
2024-12-04 01:00:00,0.11026958069222144,52.41731584006708,0.0,1,2,57.883355428655214,2.831036617704865,0.13769356146958928
2024-12-04 02:00:00,0.1118632217455001,48.35519936582359,0.0,2,2,58.027423102790216,2.291800499896347,0.13769072312912253
2024-12-04 03:00:00,0.12398337769969248,56.92993269644648,0.0,3,2,54.3003118074905,0.0,0.1385448441172082
2024-12-04 04:00:00,0.09564475596814352,52.72916786940907,0.0,4,2,56.69225371159444,2.103522231230222,0.1381106100278577
2024-12-04 05:00:00,0.11654417219026593,61.295802310353956,0.5109956549745376,5,2,59.558422393718274,0.0,0.13790668799430553
2024-12-04 06:00:00,0.10661241312521294,59.33647030360884,6.003973842297317,6,2,62.053891595851475,3.0318670777188883,0.1373297969034166
2024-12-04 07:00:00,0.10993923673137233,61.254746136881174,4.271667393635663,7,2,62.73579093186259,4.527893415717034,0.1364682285074648
2024-12-04 08:00:00,0.12386023952076254,64.00784777859728,1.6530110695170794,8,2,64.3285884085523,7.366251265123364,0.13638909894665352
2024-12-04 09:00:00,0.11118416983704725,65.73975982016427,1.5807305075902631,9,2,64.29834730666946,3.0291479568531487,0.1365925174490945
2024-12-04 10:00:00,0.07618829597498503,59.647718414800224,7.383065474206342,10,2,60.643083692268085,14.276193068081994,0.13614822495320963
2024-12-04 11:00:00,0.08460565254064642,55.9534008635376,11.882241297962802,11,2,57.68815406434311,13.891887178943783,0.13467178231070945
2024-12-04 12:00:00,0.0730190245630985,55.473538944996776,8.587842821569641,12,2,51.65176158043439,5.820972256266002,0.13411914962806423
2024-12-04 13:00:00,0.09156946005760391,52.39604882596884,10.938010346585264,13,2,54.832512657128035,9.722610442758748,0.13500285770081963
2024-12-04 14:00:00,0.11248403761045368,59.83211275125336,7.472058707039686,14,2,64.36976149360284,2.454977402481057,0.13621179846094653
2024-12-04 15:00:00,0.0909479465850947,56.52390978030865,9.128020993410683,15,2,70.3277669487689,4.914818852320115,0.13504399781200332
2024-12-04 16:00:00,0.1528834657554556,65.6678313989416,0.0,16,2,73.27063381147951,0.0,0.13432525323575115
2024-12-04 17:00:00,0.19646046102609113,74.59319723169233,8.037183682670948,17,2,75.47268021230762,0.0,0.13440193472951037
2024-12-04 18:00:00,0.20907534628312233,77.05359534779284,0.0,18,2,80.27123054029299,0.0,0.13309169526205672
2024-12-04 19:00:00,0.24466615265631242,79.45565435505745,2.7780631540542204,19,2,77.59098756051084,3.2388768161032275,0.13351565344567493
2024-12-04 20:00:00,0.24028305955245383,75.87565386405282,0.0,20,2,74.4376144139901,4.671736269129148,0.13382246290061417
2024-12-04 21:00:00,0.20642722715995218,75.90591163167704,0.0,21,2,63.372191749733084,4.734765941213361,0.13438849076052112
2024-12-04 22:00:00,0.16939430852871248,70.04436739391954,0.0,22,2,62.904052302382496,3.243124581342363,0.13488557504950222
2024-12-04 23:00:00,0.12281893961814949,63.645023691911625,0.8946160476802262,23,2,57.18577189257558,0.2307693805321286,0.1337101881073487
2024-12-05 00:00:00,0.12477171012608401,56.6047760857122,1.6013359014831325,0,3,54.71189879571182,1.0872331611700887,0.13356234398118477
2024-12-05 01:00:00,0.13638428752455187,56.058357308870534,3.704265291380739,1,3,55.651628169668,1.073624368087525,0.1346504567658652
2024-12-05 02:00:00,0.12896728572615074,52.34885546371264,4.927821089090824,2,3,54.188993546312325,0.0,0.1353631260983923
2024-12-05 03:00:00,0.10630632714612809,49.8157712078894,1.1613754137184584,3,3,55.33379193760222,3.208592768008149,0.13462658232532712
2024-12-05 04:00:00,0.09731848710202333,56.466800495712306,5.997859837089065,4,3,60.00926117236061,1.9321612722063664,0.13469632112257213
2024-12-05 05:00:00,0.12852839336748864,58.951691626273536,0.32540389987867274,5,3,58.965700514553184,2.0622071946636287,0.13519566367162306
2024-12-05 06:00:00,0.11800542801411937,63.794787583210415,3.7710412678852343,6,3,61.807592060456834,0.0,0.1356703726253275
2024-12-05 07:00:00,0.12075878166279863,60.34664221683147,3.9230651173311095,7,3,63.68719786247104,5.947697135263608,0.13612118699747025
2024-12-05 08:00:00,0.11924115324134119,61.74304652232689,2.7577837900112185,8,3,63.42808094513803,9.43431482389023,0.135928725069161
2024-12-05 09:00:00,0.11179868530176622,64.85286899238366,7.252839012235537,9,3,57.22160056557918,8.063316663762322,0.135954329880191
2024-12-05 10:00:00,0.11067368498393802,60.21404402391879,9.867099350704283,10,3,59.071351728267146,7.638989743714596,0.13739122108889737
2024-12-05 11:00:00,0.10023189319102574,51.574796713680186,8.928372274156553,11,3,55.84762025741512,5.545248752638044,0.13804231444932982
2024-12-05 12:00:00,0.07920541093881385,57.376460153572914,10.804997812991447,12,3,58.23967789162383,5.025448870647949,0.13830008054831797
2024-12-05 13:00:00,0.07453612662677626,50.60454604343735,12.06983609170981,13,3,54.38978572588838,8.53812931830295,0.1375903583220335
2024-12-05 14:00:00,0.06804514241990454,55.60310461294816,8.024191782436722,14,3,64.0227948886126,5.961209290522927,0.13573873768909395
2024-12-05 15:00:00,0.13212919702607462,66.63312922879504,0.0,15,3,69.82912389584784,3.9834299840117673,0.13745462312413478
2024-12-05 16:00:00,0.14582751862955945,72.99494686492436,10.553945530226798,16,3,73.10657418646775,6.703533480808462,0.13716062532722242
2024-12-05 17:00:00,0.19765273610696985,68.33937813935401,1.3809762563884465,17,3,76.2101927737743,0.0,0.13721030345559238
2024-12-05 18:00:00,0.21999395121732096,75.09610187771786,0.0,18,3,79.36334907520504,0.0,0.13766524532785065
2024-12-05 19:00:00,0.23363682167596234,77.7693345503832,0.0,19,3,78.69297048926519,4.743505688214449,0.13720568987033607
2024-12-05 20:00:00,0.24340924055912125,81.85004014004437,0.0,20,3,73.27489094324055,0.0,0.13733594741228056
2024-12-05 21:00:00,0.20788441646991454,70.65185717451564,0.0,21,3,68.34692628124519,0.18560560032041531,0.13739666363352898
2024-12-05 22:00:00,0.1728622146553542,65.62561504558005,0.0,22,3,65.59757018168199,0.0,0.13754115972213907
2024-12-05 23:00:00,0.1752720598112755,67.23960822043055,0.0,23,3,55.22388468466981,1.9761967004295737,0.1397267063968526
2024-12-06 00:00:00,0.11950589894118661,52.50224542467783,1.854099884209378,0,4,52.12142478440548,0.0,0.1395072975974819
2024-12-06 01:00:00,0.10393613799304438,56.032988518539135,7.106272043510855,1,4,56.35336362530525,0.0,0.13815529136700241
2024-12-06 02:00:00,0.10176461952015968,49.0932223331303,2.872000593052155,2,4,53.933746260690036,0.1524451394415309,0.13702184694175282
2024-12-06 03:00:00,0.11915632029652426,53.633244059273615,3.929093646640996,3,4,55.25314882528886,0.0,0.13755726332301932
2024-12-06 04:00:00,0.11227167756200751,49.875872925438806,0.0,4,4,57.48290805752761,0.9620568911568255,0.13818031292551866
2024-12-06 05:00:00,0.09992212872534356,53.89175910362211,0.3663287794270227,5,4,62.307954061946134,2.2018600085739055,0.13698838523209594
2024-12-06 06:00:00,0.13180363533827097,63.05566266312163,1.492688414806004,6,4,66.90551722735627,3.6879713750733796,0.13756331053726892
2024-12-06 07:00:00,0.13681843080809622,63.24811416056632,0.11409363440989884,7,4,64.75740991130658,9.661979879066852,0.13823246258498967
2024-12-06 08:00:00,0.13129702038976593,63.6874286573117,3.189944753078089,8,4,66.90865347549115,5.405112190281663,0.1387347903828407
2024-12-06 09:00:00,0.12303628090208937,61.05013045852725,9.609451326071852,9,4,60.83589612885721,9.502011621369922,0.13920302353285416
2024-12-06 10:00:00,0.12069354987028826,59.80062006894394,11.922022422272727,10,4,60.47851087002113,10.373989003598469,0.13962051790311875
2024-12-06 11:00:00,0.11256412022646146,58.6377371172974,9.277001677369082,11,4,56.637921287695136,8.700274777742406,0.14013436069626192
2024-12-06 12:00:00,0.09720357933391786,59.386387005304535,5.176949867274457,12,4,55.61239317355466,12.214582793004848,0.14088428437939124
2024-12-06 13:00:00,0.08311234177992168,48.19677109735964,8.006493792803877,13,4,62.53706482954385,8.913060499657762,0.14124162667743895
2024-12-06 14:00:00,0.08147029142768726,56.031230936369354,3.0613388086517945,14,4,61.196920353149295,3.255594814607883,0.14180100788609656
2024-12-06 15:00:00,0.12578048828314492,62.8817979257149,6.8817279063276295,15,4,65.91065696667137,6.781667758718791,0.14153647835514116
2024-12-06 16:00:00,0.164066054166421,66.90391315192967,5.573910889449965,16,4,69.78233904244303,1.0242989384211718,0.14229641733584372
2024-12-06 17:00:00,0.19829676988225728,73.58522360961719,1.4750597885273793,17,4,78.74963095091059,0.0,0.14232325207648072
2024-12-06 18:00:00,0.20249483612344887,77.07122482811083,0.8459892783412173,18,4,80.70477819046538,0.0,0.1415941222809027
2024-12-06 19:00:00,0.23042032683740818,76.72230643001983,1.459154336793437,19,4,76.96131476955759,2.058815763902798,0.1414601016626296
2024-12-06 20:00:00,0.23318969956585134,74.52912485969178,0.8990171501749334,20,4,70.32623265054504,3.021160439750779,0.1410342874545767
2024-12-06 21:00:00,0.19166289687089452,71.50837415546751,0.0,21,4,67.20302746288408,0.0,0.1403583908046175
2024-12-06 22:00:00,0.18151773582564718,70.89256055378671,0.0,22,4,61.74338884640058,0.0,0.1407190375200464
2024-12-06 23:00:00,0.1515466192293594,60.0062021631185,1.434450423931938,23,4,42.70418255085876,0.0,0.13973047749579992
2024-12-07 00:00:00,0.10641557809703067,44.5641382309661,5.5254911995709985,0,5,43.8077089551248,0.0,0.13918504746062674
2024-12-07 01:00:00,0.11392320364276602,45.37218716629193,0.0,1,5,45.89510015573465,0.0,0.1396011751960318
2024-12-07 02:00:00,0.09141333534734956,49.87675182873885,1.9279407015683843,2,5,44.03440021765252,0.8713420384035935,0.13916987168883138
2024-12-07 03:00:00,0.09519670214333163,44.28375144566336,3.0735316917333826,3,5,46.83359960603598,0.0,0.13817155426578168
2024-12-07 04:00:00,0.099860799465674,49.318313138968875,0.0,4,5,44.780051834848194,0.0,0.13765443434510113
2024-12-07 05:00:00,0.10389871644638984,52.27503032477893,4.019427116205691,5,5,54.79212947387856,0.42756923237337424,0.13782012550014472
2024-12-07 06:00:00,0.10097508934062133,51.229753710314824,4.207608410008138,6,5,53.68853728664001,2.233110186232291,0.13653560275024265
2024-12-07 07:00:00,0.1102408574824494,53.79705971064866,7.253892831373761,7,5,57.51261382667974,0.0,0.13542820386167403
2024-12-07 08:00:00,0.06508194102354017,54.71914430817743,6.28451259144936,8,5,54.887048329789984,9.720696952247197,0.13266924222141463
2024-12-07 09:00:00,0.09109886669013632,53.69104425734043,14.878999845707458,9,5,52.375264770073564,10.93649180385382,0.13133851662924992
2024-12-07 10:00:00,0.09018483598128924,54.303836088812425,5.952506884747152,10,5,46.47375522727216,8.374890531752287,0.1300673202172083
2024-12-07 11:00:00,0.07262112557229873,49.476955941443336,16.475337285691968,11,5,45.783486207903984,10.34727299892157,0.12840302877328486
2024-12-07 12:00:00,0.044738083904824116,48.057531245620986,12.049048210304514,12,5,46.18508269003626,8.130304767945592,0.12621696646373928
2024-12-07 13:00:00,0.07288152295412977,44.06007428490443,13.732421399659193,13,5,49.80711057774241,3.6135428386848503,0.12579068234599797
2024-12-07 14:00:00,0.07492889051171567,46.66044747806011,6.985865638526357,14,5,56.08855014336932,12.676946275596926,0.12551812397449913
2024-12-07 15:00:00,0.12850655692692947,60.29526882164693,9.574180932279255,15,5,59.15033383440223,6.779342611359992,0.12563171016799016
2024-12-07 16:00:00,0.13705028789584278,57.714781833735685,9.674409572825269,16,5,61.55728792095077,5.056234477118364,0.12450605324004939
2024-12-07 17:00:00,0.16499685154543955,60.87869827933143,0.0,17,5,67.45331289467917,0.0,0.123118556642682
2024-12-07 18:00:00,0.1841546747742486,71.85816227404212,0.0,18,5,68.60016495352892,3.1527349056109166,0.12235438325313197
2024-12-07 19:00:00,0.22334726309480377,69.6632199790366,0.0,19,5,66.57687391670376,0.0,0.12205967226385679
2024-12-07 20:00:00,0.21729809744744577,69.12869985246772,0.0,20,5,63.32669490263219,0.0,0.1213975221755899
2024-12-07 21:00:00,0.18079195823452215,62.915777313370704,0.0,21,5,59.80755790868359,2.0714751609036717,0.1209445663990744
2024-12-07 22:00:00,0.16114136629103998,57.26038017615866,0.0,22,5,51.97232374310242,0.0,0.12009555100179908
2024-12-07 23:00:00,0.11661609713806205,52.86950018807597,10.232751751616307,23,5,44.135475854978786,2.549994440642317,0.11864011258132835
2024-12-08 00:00:00,0.10580654970673968,40.402495717355194,6.0123122737901955,0,6,46.81187180456665,0.850506930088803,0.11861473639839958
2024-12-08 01:00:00,0.10491196979219217,44.566262488637356,0.0,1,6,45.88369251713662,0.586928672230768,0.11823926832129233
2024-12-08 02:00:00,0.07333133251467203,45.893072816960995,1.9450840555979174,2,6,47.865099616534636,0.0,0.11748585153659742
2024-12-08 03:00:00,0.07968141096744615,51.228358337603616,2.796258804707334,3,6,49.18396939221113,1.1322537087460909,0.11683938107093554
2024-12-08 04:00:00,0.11892450389757174,46.58746696503454,0.0,4,6,45.67375211123747,5.411128656045162,0.11763370208893127
2024-12-08 05:00:00,0.10403697112548128,40.925467816541925,0.624076611054923,5,6,52.07250105078974,0.49080193455608695,0.11763946270056008
2024-12-08 06:00:00,0.08258474931698141,51.19515209065815,0.9659377259524936,6,6,53.51758530587464,3.979249687899247,0.11687319853290841
2024-12-08 07:00:00,0.09105297520542728,63.29991178692492,0.0,7,6,53.43681603997841,6.649862607589557,0.11607370343803249
2024-12-08 08:00:00,0.10465241372405303,58.606626127967886,1.0703472606984805,8,6,52.993429636003086,3.4141583876122934,0.11772247313388719
2024-12-08 09:00:00,0.0723748290489811,51.97697178401326,7.22155798644955,9,6,51.03086995380494,7.734786354181421,0.11694230489883907
2024-12-08 10:00:00,0.07725412688490482,53.523947498428385,8.45390662735853,10,6,48.21082076116931,8.584600832763918,0.11640352535315639
2024-12-08 11:00:00,0.07487652608744924,46.425419171862565,6.561096230105237,11,6,46.15296491709939,3.4102529643718746,0.11649750037462099
2024-12-08 12:00:00,0.07082094014839455,43.0345582310115,6.579683510511543,12,6,47.695644845167,11.250188431833635,0.1175842860514364
2024-12-08 13:00:00,0.08713193566480329,46.60814567305492,8.726838360216458,13,6,54.711846238723524,5.496891599071734,0.11817805324771448
2024-12-08 14:00:00,0.10547269453350142,50.111438448509254,11.2075261148638,14,6,50.04793990961812,8.521492214801022,0.11945071174862222
2024-12-08 15:00:00,0.09690298988449121,47.507479491857765,6.350819273592039,15,6,60.62031610658565,2.5575231493041266,0.11813389645518729
2024-12-08 16:00:00,0.11593850923135898,54.6686525422199,10.35955790722477,16,6,63.38335815577705,8.140463051340777,0.1172542390108338
2024-12-08 17:00:00,0.1817833056404919,63.453180584649765,0.0,17,6,66.46502536712593,0.0,0.11795367459812765
2024-12-08 18:00:00,0.22186475852424475,66.03462889827577,0.6758843050918919,18,6,64.78715058835418,5.3792510285440995,0.11952492808771083
2024-12-08 19:00:00,0.21184501586127172,70.08696680820077,0.0,19,6,68.86626886093367,0.0,0.11904566778631366
2024-12-08 20:00:00,0.21141585425017687,63.4538035883979,2.0578633124458854,20,6,60.5377310769037,0.0,0.11880057431976078
2024-12-08 21:00:00,0.17612470609151074,65.70483006692622,0.0,21,6,59.99805999213102,4.38645365622608,0.11860610548046863
2024-12-08 22:00:00,0.1447004876799332,54.554243072695854,6.745892138978144,22,6,56.956976435338845,0.0,0.11792106887167252
2024-12-08 23:00:00,0.12058310055557167,58.73106446355175,0.0,23,6,51.3223591251768,0.139880261035978,0.11808636068073541
2024-12-09 00:00:00,0.1051299511304727,48.39754014235257,6.004180838880861,0,0,56.24506015874821,1.5107029414496105,0.11805816907339096
2024-12-09 01:00:00,0.10869949770008418,50.41216532360649,0.31495964188091474,1,0,54.057354489971274,1.1306091355334182,0.1182159827362198
2024-12-09 02:00:00,0.12070448805551669,55.342062330178855,1.933486036114196,2,0,50.17917551567341,0.1204639241239444,0.12018986421708833
2024-12-09 03:00:00,0.13635064688944407,59.69313118414843,4.670837160821852,3,0,52.963345037175145,0.0,0.1225510823805049
2024-12-09 04:00:00,0.10867421243466348,56.38111646264198,3.001815233081243,4,0,57.81199642694437,2.3700389255901557,0.12212398690288373
2024-12-09 05:00:00,0.09511055364325882,59.25668848625094,0.0,5,0,61.35898075688724,0.4950025949574183,0.12175205284112446
2024-12-09 06:00:00,0.11559127925001957,60.61273235097511,2.1003134434191066,6,0,60.43282483983272,5.128406175771536,0.12312732492166772
2024-12-09 07:00:00,0.11354046249291974,60.309732297862105,8.958705166380753,7,0,64.95837315337542,5.777305194334394,0.12406430355864657
2024-12-09 08:00:00,0.12079771237280804,63.326520251702135,1.57447900743712,8,0,65.27963711494937,8.439093645357021,0.12473702433567803
2024-12-09 09:00:00,0.09691493485726536,59.754414090313034,14.033019261085006,9,0,62.69026648114159,11.279974441353934,0.12575952874435653
2024-12-09 10:00:00,0.11298244102359403,56.60124354541699,9.45595648031232,10,0,57.034898987030566,8.172836510602185,0.12724820850013527
2024-12-09 11:00:00,0.09569984977211263,59.146167463385304,7.524768532344778,11,0,57.30438864072698,12.458058221154834,0.1281158469869962
2024-12-09 12:00:00,0.08424844002039876,52.83328154093235,6.23348715387111,12,0,58.92850719838492,8.601984473766127,0.12867532614832974
2024-12-09 13:00:00,0.08082765103477609,57.806209246971086,8.259560973636717,13,0,60.584174591434625,4.184147532687094,0.1284126476220786
2024-12-09 14:00:00,0.08294599762111517,54.71342982588977,1.262523620675612,14,0,64.34196032035526,5.696766598920097,0.12747403525072917
2024-12-09 15:00:00,0.13194313507816266,63.50751155407063,5.165163830200329,15,0,67.63368429326343,2.656433346230406,0.12893404130046549
2024-12-09 16:00:00,0.16153456619021525,65.84288684131444,3.7597546465053577,16,0,72.29178009843343,3.473483240461978,0.13083387700708451
2024-12-09 17:00:00,0.18993399005710182,76.98198528020067,0.0,17,0,76.94571899900262,0.0,0.13117348885777658
2024-12-09 18:00:00,0.22321571837830698,77.4373923173458,2.6174581821652607,18,0,76.35674209258192,0.35804180024328025,0.13122977885169584
2024-12-09 19:00:00,0.23870919851498823,81.8387847881669,0.0,19,0,78.62564101199042,2.8398116031399683,0.13234911979560068
2024-12-09 20:00:00,0.21830498251042127,73.98338153327705,0.0,20,0,69.41956574807186,4.160167096922127,0.13263616680644422
2024-12-09 21:00:00,0.19560580812759254,72.66003355038937,0.0,21,0,66.39436034950272,0.8195638048802423,0.13344787939128097
2024-12-09 22:00:00,0.17651848629303563,64.26350206736876,1.2428761566054642,22,0,62.462537854019025,3.039819727272446,0.13477362933349357
2024-12-09 23:00:00,0.14604081553500473,61.211486710621585,0.25627423663447974,23,0,54.88658712373224,0.0,0.1358343674576366
2024-12-10 00:00:00,0.10601653792066502,53.10849461307639,0.0,0,1,55.28265749233382,0.0,0.1358713085738946
2024-12-10 01:00:00,0.100864754451092,51.64485415613058,0.4397871591415543,1,1,57.04370954856477,0.0,0.13554486093851995
2024-12-10 02:00:00,0.10861474426802346,50.17612808566679,0.0,2,1,54.582350480461756,0.0,0.13504112161404105
2024-12-10 03:00:00,0.12098900720544396,49.90359081716351,0.0,3,1,53.996268520906995,2.227663473148652,0.1344010532938744
2024-12-10 04:00:00,0.11038638339687923,47.94504625030257,0.0,4,1,57.22473115213164,0.0,0.13447239375063338
2024-12-10 05:00:00,0.10911196264693968,54.13449593195224,2.027683946473108,5,1,59.97708062669728,3.320463880890271,0.1350557857924534
2024-12-10 06:00:00,0.12382736440626899,62.62385620846724,2.0024839096377787,6,1,64.69333575126562,7.551161240993792,0.13539895600729715
2024-12-10 07:00:00,0.13189084647892496,58.53827352208423,1.6176710987477159,7,1,62.82022644434889,2.192830576970435,0.13616355534004734
2024-12-10 08:00:00,0.1160353650414264,60.57623133155358,7.048704781750917,8,1,63.34092722550053,12.568129491919901,0.13596512420123977
2024-12-10 09:00:00,0.12243901239356926,69.42266209569446,3.1886752324599086,9,1,63.99770095284904,3.5287139640310556,0.13702862743191913
2024-12-10 10:00:00,0.10957797793059064,58.715589556284584,4.784540345745705,10,1,58.279536656927476,14.217801942419396,0.13688677480304398
2024-12-10 11:00:00,0.0913332177862381,58.947179624385605,8.161673362537798,11,1,54.380846965595026,9.26613225829871,0.13670483180363255
2024-12-10 12:00:00,0.0861150146640054,58.542127425911424,14.601481476304974,12,1,56.16332866486692,8.389103112026204,0.13678260574711615
2024-12-10 13:00:00,0.08409654628416427,58.96298151425244,9.612446426949399,13,1,54.47255755142177,8.083543682634565,0.13691880971584067
2024-12-10 14:00:00,0.07877388093092436,54.06711856854751,7.142217445592143,14,1,62.500627196527546,4.378604914889401,0.13674497152041604
2024-12-10 15:00:00,0.12361998825851056,61.87895638751466,12.02300247612935,15,1,70.76129525737245,8.88435540039606,0.13639817373626387
2024-12-10 16:00:00,0.15927847000646977,62.28760527303307,3.675715476787614,16,1,70.16687111123781,0.48493590039918266,0.13630416972860782
2024-12-10 17:00:00,0.19233559729866329,80.36829419452766,10.244112592660578,17,1,73.5486595827607,0.0,0.1364042366970062
2024-12-10 18:00:00,0.23271525786110836,71.3571524801389,0.0,18,1,76.63702097058069,0.0,0.13680005084212293
2024-12-10 19:00:00,0.22452784338250534,74.59045230369826,0.0,19,1,78.30334517999272,0.0,0.13620916104493613
2024-12-10 20:00:00,0.20368978409151894,73.13078976384088,0.0,20,1,75.9489115034978,0.0,0.13560019444414853
2024-12-10 21:00:00,0.19185043579432245,67.75032280959084,0.0,21,1,68.35866674806266,0.0,0.13544372059692894
2024-12-10 22:00:00,0.16193615165644804,71.79054295805783,0.0,22,1,60.0224655186785,0.0,0.13483612332040446
2024-12-10 23:00:00,0.15309098871632235,70.34611824436692,9.106909273554528,23,1,53.96057497709187,0.0,0.13512988053629268
2024-12-11 00:00:00,0.10234246652148084,52.48262754054492,1.1151929873183744,0,2,57.604248022996316,4.464655131831128,0.13497679422799336
2024-12-11 01:00:00,0.119991191553958,49.80004298891341,1.6248735078505425,1,2,53.501732426688825,0.0,0.13577372910727944
2024-12-11 02:00:00,0.11852939483675648,46.96537223453585,0.0,2,2,54.76558785968897,1.04729570881456,0.1361868395476433
2024-12-11 03:00:00,0.10259541939305303,53.70349495006737,0.0,3,2,55.97115602505046,2.413015508651479,0.13542044005546036
2024-12-11 04:00:00,0.10115258711487486,54.47766746293572,3.589454245011951,4,2,54.48087529331542,5.669824919915478,0.13503569854371017
2024-12-11 05:00:00,0.12175234436465697,55.48845360729694,0.0,5,2,62.66956576084389,2.5476723088174786,0.13556238111528174
2024-12-11 06:00:00,0.13264425753832174,61.382073148327365,0.0,6,2,65.41878892000575,1.7286195209007218,0.1359297516624506
2024-12-11 07:00:00,0.09786502952558897,64.9758194780224,1.556966492533153,7,2,61.0249402403444,1.676337284067948,0.1345120092893949
2024-12-11 08:00:00,0.11664014240154831,66.04588746145154,9.408665569720089,8,2,61.08828002749744,7.565184454483025,0.1345372083460667
2024-12-11 09:00:00,0.08414180024476439,62.73798367393608,5.307710066512926,9,2,58.870773262013934,11.08042829593171,0.1329414911731998
2024-12-11 10:00:00,0.08912483677791343,57.28498365764746,9.562528229882034,10,2,59.47432748406198,9.438474652932854,0.13208927695850492
2024-12-11 11:00:00,0.10653793685001482,60.10829490452572,9.138116111923999,11,2,55.042285013251174,9.542605063860364,0.13272280691949562
2024-12-11 12:00:00,0.12002344241580346,56.58455318374484,13.896904445278828,12,2,57.70339669394964,9.638822605862813,0.13413565807582054
2024-12-11 13:00:00,0.09399649367821462,59.74343857490933,3.4945351703204546,13,2,58.632770712311306,2.870597125736329,0.13454815588390598
2024-12-11 14:00:00,0.08633292259239328,61.524562461290536,10.681868992452065,14,2,62.81848746564541,7.028631404552904,0.13486311595313386
2024-12-11 15:00:00,0.11569223014641769,58.126505338728364,5.922373217806994,15,2,68.51559999114201,6.730370026995576,0.1345327926984633
2024-12-11 16:00:00,0.15231637884287733,62.9342180681137,7.917094678717927,16,2,73.1425418853028,2.2946336499544304,0.13424270556664694
2024-12-11 17:00:00,0.18780121966410374,70.18014334253103,0.0,17,2,76.48060617034056,3.145827445662795,0.13405377316520697
2024-12-11 18:00:00,0.21088349331641543,73.13850061494476,0.08537574451993579,18,2,78.65549845916954,3.2392810974097515,0.1331441163091781
2024-12-11 19:00:00,0.23389257413516984,80.4181432836913,0.0,19,2,76.95245325019656,0.0,0.13353431342387245
2024-12-11 20:00:00,0.23420523452373834,77.64270005898112,0.0,20,2,72.17809898900056,1.2370101079777325,0.13480579052521494
2024-12-11 21:00:00,0.20654741757802095,76.11482171170314,0.0,21,2,66.65756823311041,0.11971783061739234,0.1354181647662024
2024-12-11 22:00:00,0.16684644358693554,68.7887968590379,0.0,22,2,66.4129671934431,0.0,0.13562276026330602
2024-12-11 23:00:00,0.1426195947512904,63.31976021938061,0.4547589514824982,23,2,53.17592953171736,0.0,0.1351864521814297
2024-12-12 00:00:00,0.11293413842122048,57.900474612543924,0.0,0,3,56.81570164063354,0.0,0.13562777184391886
2024-12-12 01:00:00,0.10359147413100016,55.584839139064954,0.0,1,3,52.80959013021986,0.37517067640569063,0.13494445028462893
2024-12-12 02:00:00,0.105910468521411,54.39777150655709,0.0,2,3,56.16130647238465,1.9117015882430108,0.13441866168815622
2024-12-12 03:00:00,0.12699365272010169,59.27840715101358,0.0,3,3,59.113867870106915,0.0,0.1354352547434499
2024-12-12 04:00:00,0.10953018169436,55.914930236238554,3.5825532631875237,4,3,56.95390283099166,0.0,0.13578432118426179
2024-12-12 05:00:00,0.09299566614426202,56.655025869009336,2.4681311408952906,5,3,59.39520261721367,0.6551055467775462,0.134586126258412
2024-12-12 06:00:00,0.12985244390201042,58.04895250061223,0.0,6,3,62.90912077275263,9.2649215113492,0.13446980069023234
2024-12-12 07:00:00,0.1263401924003444,66.01726148305544,3.2753307997091654,7,3,65.02960035984182,0.0,0.13565626581001383
2024-12-12 08:00:00,0.10727108325211879,69.02689736304345,1.7810886154204484,8,3,64.4496405341831,7.270373705863006,0.13526588834545425
2024-12-12 09:00:00,0.1000380289874132,63.64401817274553,12.304054863425986,9,3,60.786493726121606,6.583401318020394,0.1359282312097313
2024-12-12 10:00:00,0.08818804026949653,65.05181810147786,15.343166552221014,10,3,57.1939744654387,7.8480358723013985,0.1358891980218806
2024-12-12 11:00:00,0.0955667448716139,51.729895482332466,9.617948441536587,11,3,60.509907462313166,9.066867591141333,0.13543206502278055
2024-12-12 12:00:00,0.07944637410219926,56.4233729473079,18.427400426215222,12,3,56.55613143763074,8.0777071762454,0.13374135384304706
2024-12-12 13:00:00,0.08990847421289139,56.82870536980153,6.660427433691981,13,3,57.81243254179763,9.791048666588573,0.13357101969865856
2024-12-12 14:00:00,0.10118431949108042,56.72625330437316,3.7272204391810106,14,3,64.39348088793751,5.94150683861292,0.13418982790277054
2024-12-12 15:00:00,0.11811436730351414,70.3608138743184,4.134836332576672,15,3,69.27291532406255,0.0,0.13429075028431622
2024-12-12 16:00:00,0.1768276164407175,67.36822730047128,3.9117840722375314,16,3,75.4791669894137,6.0056203846529765,0.1353120518508929
2024-12-12 17:00:00,0.1944466024573353,71.3494497664638,10.514779191369968,17,3,80.43059203267084,3.161979816098547,0.13558894280061087
2024-12-12 18:00:00,0.21661759262270924,76.6579432775594,0.0,18,3,78.75019623414218,0.0,0.13582786360503982
2024-12-12 19:00:00,0.23254762221147318,71.64864823038239,0.0,19,3,75.99831519783058,0.13936141799093357,0.13577182394155243
2024-12-12 20:00:00,0.23764826857603633,74.14324632781333,0.0,20,3,68.84927339060907,3.409249416394463,0.13591528369373151
2024-12-12 21:00:00,0.20494443332284631,75.80011542691273,3.990077392151481,21,3,65.70065079972414,2.8928587702862343,0.13584849268309926
2024-12-12 22:00:00,0.1893911029505849,65.56372850063538,3.4905561190816266,22,3,63.1255196871489,3.800633745099688,0.13678785348991795
2024-12-12 23:00:00,0.18286554921215775,60.05599562952224,0.0,23,3,51.75427152478343,1.0485370142476595,0.13846476825912077
2024-12-13 00:00:00,0.11679314282855296,58.30663725476782,0.0,0,4,50.966284045009054,2.154693984869019,0.13862556010942628
2024-12-13 01:00:00,0.11143473648389325,58.42534163743781,0.0,1,4,54.366320115938635,3.9445512170862713,0.1389523627074635
2024-12-13 02:00:00,0.09799020635296123,55.889033836951214,6.0243534312484,2,4,56.14929178306577,0.0,0.1386223517837781
2024-12-13 03:00:00,0.08415728836476741,53.1393978759908,2.4108275959231467,3,4,55.10821122085041,1.2337407068467603,0.13683750326897248
2024-12-13 04:00:00,0.12954514196321307,54.83485990425655,0.22911481445406814,4,4,59.47730691267974,0.0,0.13767145994684138
2024-12-13 05:00:00,0.1041782249285541,55.11045183018597,6.540916106028703,5,4,62.017968759028015,0.0,0.13813739989618687
2024-12-13 06:00:00,0.12075576287770719,57.60152885028821,6.854141954840307,6,4,66.1208625427866,3.8224999656484933,0.13775837152017426
2024-12-13 07:00:00,0.12969855542895034,60.480263154002294,2.296757655295049,7,4,69.47002844841788,6.5074560369443075,0.13789830331303282
2024-12-13 08:00:00,0.10217810590206476,63.14537742991403,4.618498838139165,8,4,69.08876704114986,5.534122373573995,0.13768609592344724
2024-12-13 09:00:00,0.09788109391962481,60.54960658962049,4.581356084513816,9,4,62.38464624087029,6.408041556786804,0.13759622362895604
2024-12-13 10:00:00,0.11772837869763743,55.91744762852346,7.109886273224372,10,4,57.16905910730313,8.045476070216699,0.1388270710634619
2024-12-13 11:00:00,0.09655501427670302,58.790848030333166,3.838928318765255,11,4,56.779311422215514,9.897234394730399,0.13886824895534064
2024-12-13 12:00:00,0.08424544819402227,57.40634550803138,4.143647683355789,12,4,60.15833416126942,2.562632747080528,0.13906821037583325
2024-12-13 13:00:00,0.08751399886965325,62.4543618179855,3.0117596928950237,13,4,57.321001287970695,9.40973029483834,0.13896844056986501
2024-12-13 14:00:00,0.09382574141536242,56.96876841982079,11.901177303640402,14,4,65.68259664854082,6.709262487413949,0.13866183315004343
2024-12-13 15:00:00,0.15032592182055438,63.73479634205004,1.153611691712113,15,4,67.29501150771875,5.372801840472467,0.14000398125492008
2024-12-13 16:00:00,0.16186234681391767,68.63553988123383,11.504868045471541,16,4,73.1632560410355,2.0761038455077263,0.13938042835380343
2024-12-13 17:00:00,0.19974184329424424,71.89672394247546,0.0,17,4,75.01430529353081,0.0,0.13960106338867465
2024-12-13 18:00:00,0.24092132710815228,79.0115479010503,6.080724673738877,18,4,75.46501769096128,0.0,0.14061371899223477
2024-12-13 19:00:00,0.25593913440285926,80.5932014940665,0.0,19,4,76.07196757627366,4.265760011673135,0.14158836533354255
2024-12-13 20:00:00,0.23350242889475295,77.67735509602835,0.0,20,4,75.31458681583769,0.0,0.14141562201348903
2024-12-13 21:00:00,0.23317622925321208,71.89051637101365,4.493226143229143,21,4,66.2272484183293,2.2618816903829133,0.14259194684392096
2024-12-13 22:00:00,0.16724834595670054,66.4870731915249,4.906529696716288,22,4,65.98825437300337,0.0,0.14166933196917578
2024-12-13 23:00:00,0.15935808502234383,58.386399576811684,0.0,23,4,44.02370942411749,0.0,0.1406898542946002
2024-12-14 00:00:00,0.08828400714421622,42.59051929507123,0.0,0,5,43.05337421035581,0.0,0.13950197364108616
2024-12-14 01:00:00,0.10383393299997887,43.19940444663266,0.0,1,5,45.79523939192381,0.0,0.13918527349592308
2024-12-14 02:00:00,0.09001779076872979,41.69125565498747,0.0,2,5,47.00721828922882,0.0,0.13885308951324676
2024-12-14 03:00:00,0.10020746234384566,47.056831007041175,0.3774020160429916,3,5,47.030644114395905,4.042980748540156,0.13952184676237503
2024-12-14 04:00:00,0.1271269646367188,50.48367746211332,0.0,4,5,49.038939467135904,5.3969617767299916,0.1394210893737711
2024-12-14 05:00:00,0.10510406943423016,45.83123289249866,0.0,5,5,55.04402422178866,0.6653645060909245,0.13945966622817427
2024-12-14 06:00:00,0.10597131675918553,52.74511639428882,0.0,6,5,55.06552598029964,1.2669908075675527,0.1388436476399025
2024-12-14 07:00:00,0.08398286967765813,51.566541238820314,4.8848619345987405,7,5,55.235638929534986,0.9581630973562469,0.13693882740026533
2024-12-14 08:00:00,0.09813346447593407,55.200701553347486,3.948851600914293,8,5,52.64807564203849,2.7039240006230143,0.13677030067417656
2024-12-14 09:00:00,0.076219066532295,52.7049600751689,5.472477275440114,9,5,54.52187635544832,12.164195600107615,0.1358677161997045
2024-12-14 10:00:00,0.09568068202809112,53.90067105212825,4.848279871814669,10,5,48.29070440965842,4.92899820265893,0.13494906217180674
2024-12-14 11:00:00,0.08578640803893642,46.969938299551806,6.905885941874021,11,5,47.052734641325074,8.127056156154302,0.13450037024523312
2024-12-14 12:00:00,0.06975057546380806,50.94625394175976,14.29131837303686,12,5,50.16888476988,9.475926224778267,0.13389641721480752
2024-12-14 13:00:00,0.09357586012601787,47.27881948402195,5.051845335258301,13,5,54.269047756836564,0.8216210622580506,0.13414899476715605
2024-12-14 14:00:00,0.10173037249643527,48.082020296578484,10.62887861782065,14,5,54.3432392516433,3.1168548833201664,0.1344783543955341
2024-12-14 15:00:00,0.10444576329982856,49.82999858447715,6.78321274506842,15,5,58.41416405015127,0.9324064909251337,0.13256668112383718
2024-12-14 16:00:00,0.14525413036515236,59.4984150292257,5.536837320924906,16,5,63.75100015645706,0.5585710079408774,0.13187467210513862
2024-12-14 17:00:00,0.17322948857467307,66.62700399392705,0.0,17,5,66.77190481630419,0.7243120464895935,0.13076999065848985
2024-12-14 18:00:00,0.20221969563688463,68.55760940669545,0.0,18,5,68.45407433353365,2.8777755142699357,0.12915742268052036
2024-12-14 19:00:00,0.20999056875898028,76.33003039739647,0.0,19,5,66.9819620987296,0.0,0.12724289911202538
2024-12-14 20:00:00,0.20633382380143,72.25826040802767,0.0,20,5,65.58332055190135,0.0,0.1261108738998036
2024-12-14 21:00:00,0.18083059994859454,62.777775548798246,1.1600123641279225,21,5,58.50812932249073,0.0,0.12392980601211119
2024-12-14 22:00:00,0.13277821953216562,57.6667827194429,1.6010365564307487,22,5,56.53513784690706,0.0,0.12249355074442224
2024-12-14 23:00:00,0.13043218052094707,55.31954252404151,7.604473182669723,23,5,44.98867210740466,1.1698676127119725,0.12128830472353071
2024-12-15 00:00:00,0.10526550565103704,42.53956505003136,0.9736651027682998,0,6,44.50754046197857,1.2563431127257225,0.1219958671613149
2024-12-15 01:00:00,0.09687846028880165,48.973721344767725,0.0,1,6,47.89548554372044,0.0,0.12170605579834919
2024-12-15 02:00:00,0.06063153227024503,46.49685720540683,4.07056678293538,2,6,45.74394459363902,1.7903860542884185,0.12048162836091232
2024-12-15 03:00:00,0.0914772134579957,46.521513069133654,0.0,3,6,46.45336998790812,0.3561782369729634,0.12011786799066859
2024-12-15 04:00:00,0.0762410217076051,48.9044902589672,7.0417387702789895,4,6,48.85592420232954,0.7245521151785388,0.11799762036862217
2024-12-15 05:00:00,0.08968880949442523,54.30185854347864,5.148235583768578,5,6,54.82317306700836,3.302865804623372,0.1173553178711303
2024-12-15 06:00:00,0.1173642737878125,52.4369311676517,0.0,6,6,55.53962258963587,0.0,0.11783002441398976
2024-12-15 07:00:00,0.06700047881870679,54.56573793927266,4.949206005708708,7,6,58.727190718945536,1.1646247150944125,0.11712242479486679
2024-12-15 08:00:00,0.09328148832366223,61.05612553573076,2.601156982882392,8,6,54.49653616496559,6.421849858237351,0.11692025912185548
2024-12-15 09:00:00,0.10247145802981673,58.06194630045512,6.627937364357512,9,6,54.20518303179071,1.606145376072809,0.11801410876758554
2024-12-15 10:00:00,0.07256146123434921,50.99923972810544,10.471944629661184,10,6,49.66920036943838,8.448443437576806,0.11705080790117961
2024-12-15 11:00:00,0.06610271423659522,49.21042733230134,12.936566455228464,11,6,49.525862182605174,11.72898287707792,0.11623065399274875
2024-12-15 12:00:00,0.09629507483806146,48.385929789648344,12.493220401101839,12,6,50.05018867384662,10.151654440312015,0.11733667480000931
2024-12-15 13:00:00,0.07815412500433966,49.274697623222636,9.303529445760576,13,6,48.32928334994783,8.32718121401005,0.11669410250327271
2024-12-15 14:00:00,0.09466724859637908,45.87140288502248,16.797981429706603,14,6,54.03626087749551,5.9668927481569405,0.1163998056741037
2024-12-15 15:00:00,0.10858604073296775,48.95639491976239,5.340948049061272,15,6,60.654326742127324,3.4819628272538026,0.11657231723381783
2024-12-15 16:00:00,0.14234707066280164,55.900282766618425,0.0,16,6,66.04704608702335,1.0632017840446744,0.11645118974621989
2024-12-15 17:00:00,0.1895591824456174,60.72691232991268,0.0,17,6,70.24162058010833,0.6404254605563376,0.11713159365750923
2024-12-15 18:00:00,0.22030789953773863,65.67451478181114,5.159027055428201,18,6,69.426994755821,0.0,0.11788526882004481
2024-12-15 19:00:00,0.19764304119412296,71.24861336030403,0.0,19,6,70.81512988312691,4.096723252090763,0.11737078850484244
2024-12-15 20:00:00,0.2060292352532493,67.19413750062887,0.5567012431893222,20,6,62.49922149740729,0.0,0.1173580973153349
2024-12-15 21:00:00,0.1843892155268838,64.442097372671,0.0,21,6,55.74671040898917,1.561500792052437,0.11750637296443028
2024-12-15 22:00:00,0.14630402334150305,54.818469836235984,0.0,22,6,53.31306147472953,0.2250164585324215,0.11806994812315269
2024-12-15 23:00:00,0.13995909924639013,52.39102821308706,0.0,23,6,56.663135168212115,0.0,0.11846690307004613
2024-12-16 00:00:00,0.11758426586539782,56.15067511710269,1.6490278466553108,0,0,52.11940859373926,3.61946157216294,0.11898018474564452
2024-12-16 01:00:00,0.13930109693841436,56.19567080215519,0.0,1,0,51.45024368187752,3.0280968651242035,0.12074779460604505
2024-12-16 02:00:00,0.12375043851818014,52.07132345743172,1.5225188223119044,2,0,51.31005075075624,0.0,0.12337774903304233
2024-12-16 03:00:00,0.13044839682962447,55.26838836292658,1.1880343486111913,3,0,57.22835126260954,0.0,0.12500154834019353
2024-12-16 04:00:00,0.10836446144154976,62.792775825369716,0.0,4,0,54.943817638261436,0.5806258333483177,0.12634002499577454
2024-12-16 05:00:00,0.10796029755215683,57.78271371520527,0.0,5,0,62.038158864811315,0.0,0.12710133699818005
2024-12-16 06:00:00,0.10954170953930273,58.72189998512152,0.0,6,0,63.32151813090639,0.0,0.1267753968211588
2024-12-16 07:00:00,0.12488087432571815,63.42165165222784,13.015826833092325,7,0,63.737250545928426,2.345744854813592,0.12918707996728426
2024-12-16 08:00:00,0.10073656123770892,65.57341365731004,9.853607055481582,8,0,62.01856449056122,2.941500316132259,0.12949770800536956
2024-12-16 09:00:00,0.09405051342810532,63.532270323199384,11.309158456025333,9,0,61.4891810708129,5.184133107818067,0.12914683531363155
2024-12-16 10:00:00,0.08975970005245246,60.9762643472942,5.744873954968212,10,0,56.73573924022308,5.36451385761279,0.1298634285977192
2024-12-16 11:00:00,0.12048020298920337,53.62502511852025,9.0743498022366,11,0,56.80098941138185,9.017297465115039,0.13212915729574454
2024-12-16 12:00:00,0.08442370518261355,53.730517510494806,6.506230226658902,12,0,57.96993314615878,6.54269259336642,0.13163451689343422
2024-12-16 13:00:00,0.09921260169512064,56.68924761398356,4.448778400985062,13,0,60.48806904848179,11.225103574663006,0.13251195342221675
2024-12-16 14:00:00,0.08945681046602706,58.73388907608151,6.0452904581073925,14,0,64.81121066046572,7.123276237196157,0.1322948518334521
2024-12-16 15:00:00,0.1310317022309083,61.13076415730104,11.26016684390961,15,0,68.11961169972619,6.904077067481502,0.13323008772919961
2024-12-16 16:00:00,0.1348235224435615,67.22371153370734,7.622608784233893,16,0,70.76411941505543,0.0,0.13291660655339793
2024-12-16 17:00:00,0.18697548531063402,73.05954705700009,0.0,17,0,77.71643046848936,0.0,0.13280895250610697
2024-12-16 18:00:00,0.21978286462361157,79.6310988595273,0.0,18,0,79.58017076227888,0.3814051215925204,0.13278707605135168
2024-12-16 19:00:00,0.23655144421448626,77.95028592501832,2.621931101778033,19,0,76.42181651186954,1.2683398540948136,0.13440825951053348
2024-12-16 20:00:00,0.2203606847309561,78.0620652299481,0.0,20,0,72.288052551935,0.0,0.13500540323877128
2024-12-16 21:00:00,0.2216056663354029,71.13073784417551,0.2785518569145561,21,0,72.73681969122492,0.0,0.13655608868912622
2024-12-16 22:00:00,0.1828862639534163,69.61717123601203,1.4064660647268417,22,0,60.33240509795278,0.0,0.1380803487146226
2024-12-16 23:00:00,0.14227268982207525,64.12084438691929,1.3682569314544586,23,0,55.30746256440448,0.0,0.13817674832194282
2024-12-17 00:00:00,0.12817259056332186,57.090728230694126,0.8895089969160005,0,1,56.43254904975523,6.059752458219918,0.13861792851768964
2024-12-17 01:00:00,0.11190389654448041,56.623559636811294,0.0,1,1,53.756092446186784,0.8770803653388805,0.13747637850127573
2024-12-17 02:00:00,0.10923577424647794,56.322576921852196,0.0,2,1,54.462698443709854,0.11165093370781545,0.13687160082328817
2024-12-17 03:00:00,0.12522619757159334,54.48479623980661,0.0,3,1,55.0021926537674,0.0,0.13665400918753687
2024-12-17 04:00:00,0.08711669278712454,56.58893144176805,0.0,4,1,57.88813493555097,0.0,0.13576868549360246
2024-12-17 05:00:00,0.1299593386067684,61.29091888086769,0.0,5,1,62.787746559151266,0.0,0.1366853122042113
2024-12-17 06:00:00,0.10699218364268731,58.9021228116879,2.8569086510551704,6,1,63.62993861138271,5.587596749323945,0.13657908195851898
2024-12-17 07:00:00,0.11203778586310506,62.015449627356276,0.0,7,1,71.54829441234973,4.1224082910159705,0.13604395327257676
2024-12-17 08:00:00,0.14039279754176476,65.90769060766482,5.635406354434899,8,1,63.15919717732302,6.180847698983829,0.13769629645191242
2024-12-17 09:00:00,0.10273689914273282,65.3935673712581,9.364728718747966,9,1,63.880292941789826,6.022101653131122,0.1380582291900219
2024-12-17 10:00:00,0.1162662424863479,58.48812181281369,1.6774295885476356,10,1,59.38056781446308,4.164381510982177,0.13916266845810088
2024-12-17 11:00:00,0.09575425911584474,58.05347788679505,8.094031883588913,11,1,57.0765444940561,10.583304808553219,0.13813242079671095
2024-12-17 12:00:00,0.08850209311896601,56.558802174237236,15.121735701604306,12,1,60.15730578232705,8.328885321090555,0.1383023536273923
2024-12-17 13:00:00,0.08260696918948839,50.12688722368075,10.972859296216486,13,1,56.11125730983921,9.354884504422444,0.13761045227299096
2024-12-17 14:00:00,0.10387234491370102,58.608709035524775,1.5593977577043372,14,1,63.84158997478571,7.051488886601475,0.13821109954164404
2024-12-17 15:00:00,0.14155097320281054,62.487815992737445,8.922707590346722,15,1,66.40605835349513,1.9805195041317587,0.1386494024988066
2024-12-17 16:00:00,0.1729348996273736,67.32588081311778,2.062921220200848,16,1,72.04098687046378,3.0536938967452536,0.14023737654813215
2024-12-17 17:00:00,0.19226956759466382,77.4438884193214,4.842120517484254,17,1,75.8676344355763,0.0,0.1404579633099667
2024-12-17 18:00:00,0.209320823333895,72.94308446441991,0.0,18,1,76.38877811249637,0.6091180402081331,0.1400220449228952
2024-12-17 19:00:00,0.2272605805994651,75.67763447088642,0.0,19,1,73.5284378279465,0.0,0.13963492560560262
2024-12-17 20:00:00,0.23206812215003508,68.47457163937133,0.0,20,1,73.69009050081429,4.3136778021393125,0.14012273549806425
2024-12-17 21:00:00,0.21797234109941238,71.37358869800632,0.01105202958476955,21,1,67.7033883746709,0.0,0.13997134694656466
2024-12-17 22:00:00,0.1818652723214984,66.56906876829318,0.0,22,1,62.36598802762553,0.0,0.13992880562856808
2024-12-17 23:00:00,0.12972933599641046,61.33524369128963,0.0,23,1,55.88555104658895,0.0,0.13940616588583205
2024-12-18 00:00:00,0.12695708452784377,57.91176915677745,0.0,0,2,55.291443650800694,1.7054407530263223,0.13935551980102046
2024-12-18 01:00:00,0.1310669317006096,57.141550078377925,1.71730858394897,1,2,53.95203786938602,0.0,0.1401539795991925
2024-12-18 02:00:00,0.11620246958558841,54.73485229619861,0.6134982302537377,2,2,60.948667161877026,2.451492018143384,0.14044425857165543
2024-12-18 03:00:00,0.13741010825515787,53.660858026094665,0.0,3,2,57.88819119688429,0.0,0.14095192151680394
2024-12-18 04:00:00,0.09977082077747985,59.13602070307843,3.475208310706745,4,2,62.82437957595201,0.0,0.14147917684973543
2024-12-18 05:00:00,0.1259398581787787,57.8715530082588,0.0,5,2,60.205939435274196,0.0,0.1413116984985692
2024-12-18 06:00:00,0.1051126674833853,58.41738515914849,0.5661683868256846,6,2,64.57284061115735,0.3475417400812213,0.14123338532526494
2024-12-18 07:00:00,0.12478306126802689,58.5814466011464,5.098512114261744,7,2,62.897659459793054,1.2497045747568438,0.14176443846713668
2024-12-18 08:00:00,0.12211034409376274,63.961991603668196,5.828847848259942,8,2,63.45080358278844,1.1904275452015058,0.14100266957346994
2024-12-18 09:00:00,0.1305287728133656,66.5266197872717,10.696730526519232,9,2,60.00443191110312,10.151338825939453,0.1421606643097463
2024-12-18 10:00:00,0.11535888857263553,68.4572742669071,7.079463451703408,10,2,64.33081643294202,7.474520916390858,0.14212285789667498
2024-12-18 11:00:00,0.08347119460750774,58.53695904743467,12.661568585860318,11,2,55.52173150626852,8.263869725674809,0.1416110635421609
2024-12-18 12:00:00,0.0780133582657188,54.45754845329509,9.790236162325623,12,2,56.79480380990572,11.406443438112259,0.1411740329232756
2024-12-18 13:00:00,0.08261134939126025,53.470982777013084,10.817782719839098,13,2,56.45115703733873,8.26241797701631,0.14117421543168276
2024-12-18 14:00:00,0.09593298460431156,61.124753319241435,9.51869988421501,14,2,64.10576764328098,2.2521510572988293,0.14084340875212487
2024-12-18 15:00:00,0.1322457856982887,57.39154954013359,10.961075610489425,15,2,66.08545525988181,6.5638313304696565,0.14045569260610313
2024-12-18 16:00:00,0.17425614561523883,69.6470104045578,7.204943307457526,16,2,74.79714204863751,6.577286519739896,0.14051074452226417
2024-12-18 17:00:00,0.18240965250628205,75.57672773062616,0.8722370810751348,17,2,73.30407765446338,1.408663490634839,0.14009991472691494
2024-12-18 18:00:00,0.22766539539464423,78.2768211199042,0.0,18,2,78.1202679684545,0.0,0.14086427189611284
2024-12-18 19:00:00,0.23700712632919696,77.66059719844851,0.0,19,2,73.18908624306287,0.0,0.141270377968185
2024-12-18 20:00:00,0.22112856002370027,78.68849613525371,0.0,20,2,71.97858396617082,0.0,0.14081456287958768
2024-12-18 21:00:00,0.21123111570716493,73.50661266728484,0.0,21,2,67.30779029003952,0.28849222330812596,0.14053367848824405
2024-12-18 22:00:00,0.19155931008040328,65.3922196974532,0.0,22,2,61.816195576822906,3.993517570867778,0.14093759672819842
2024-12-18 23:00:00,0.16743262922413107,68.93557793707004,0.0,23,2,53.41226766452392,0.0,0.14250856727935346
2024-12-19 00:00:00,0.12250319098948698,53.287326181351524,6.948922263890335,0,3,56.375409071290115,0.0,0.14232298838192192
2024-12-19 01:00:00,0.10829361748653302,56.91547989401512,0.0,1,3,58.88011794130449,2.8600437203528033,0.1413741002896687
2024-12-19 02:00:00,0.10543653024470712,46.79164359959272,6.662111049374007,2,3,55.57093272621709,0.0,0.1409255194837987
2024-12-19 03:00:00,0.10836982545460189,58.977025147996955,1.4110411040445292,3,3,54.1776251087782,4.799142524306458,0.1397155077004422
2024-12-19 04:00:00,0.12343257337668855,60.597756273706885,0.0,4,3,58.10843156403471,0.0,0.14070141405874254
2024-12-19 05:00:00,0.1218797706386577,58.07574480421452,0.0,5,3,60.37280947721286,3.2697563184504355,0.14053224374457082
2024-12-19 06:00:00,0.13387523706343735,62.86941512052415,0.016341134516171005,6,3,65.8977266239685,3.494336401937457,0.14173068414373965
2024-12-19 07:00:00,0.13122052615510924,65.90618947591692,9.045189446548397,7,3,65.99541896348966,6.6598527857112035,0.1419989118473681
2024-12-19 08:00:00,0.11812165651971256,63.36278908695982,10.131728604058583,8,3,61.001668841771234,6.122730176965415,0.14183271653178267
2024-12-19 09:00:00,0.10109027075642324,65.90805011540101,7.57835475634761,9,3,63.41371996149376,7.793343071171669,0.14060611227941008
2024-12-19 10:00:00,0.08630307508074055,58.63023148245281,4.08565849875479,10,3,60.31898554440592,10.214041204549876,0.13939545338391443
2024-12-19 11:00:00,0.09943041201506772,56.43728230963907,5.690987025693646,11,3,59.942242034491564,11.594791026924174,0.14006042077589612
2024-12-19 12:00:00,0.11109492825861446,60.55840268563517,6.375928548126389,12,3,56.275488167536686,10.51403817986325,0.14143881952560008
2024-12-19 13:00:00,0.08722864035819829,60.42727457943897,13.51460797983513,13,3,60.005943730569506,3.1571483878702793,0.14163120664922252
2024-12-19 14:00:00,0.07712689691839913,57.14359456996875,13.817019305803003,14,3,60.71426608318618,7.340030060103127,0.1408476196623095
2024-12-19 15:00:00,0.14809930633891635,60.736375134235686,7.304144394292634,15,3,67.82891498966491,2.841555561591246,0.14150818302233567
2024-12-19 16:00:00,0.16462555080113964,65.86549547787335,3.619218475668961,16,3,73.7995197914587,0.894082677556199,0.14110690823841485
2024-12-19 17:00:00,0.1952246321171059,75.34999572895018,7.8430330004730395,17,3,75.65411385251107,1.2810077173854946,0.14164086572219917
2024-12-19 18:00:00,0.20863887284231325,73.72627409664152,0.0,18,3,79.09369303719205,4.754172986154082,0.14084809394918538
2024-12-19 19:00:00,0.23816033747653353,79.5504935192427,0.18138164660128073,19,3,77.26218475784334,0.0,0.14089614441365775
2024-12-19 20:00:00,0.2377539305815989,79.31609436360942,1.6203809984114568,20,3,72.10543549194952,5.524065710406159,0.14158886818690353
2024-12-19 21:00:00,0.21122447474604866,72.72272296441213,0.0,21,3,70.72265732922533,0.0,0.14158859148019035
2024-12-19 22:00:00,0.1716381531382355,71.15991834705063,0.0,22,3,62.59087149294382,3.4488795744479255,0.1407585432742667
2024-12-19 23:00:00,0.14919652457291022,62.08596448877839,0.0,23,3,54.72229336470694,1.2059377456956373,0.13999870558046582
2024-12-20 00:00:00,0.10142159997649262,53.77225799217037,4.9585439959582995,0,4,51.54316175335686,0.5839586252101929,0.1391203059549244
2024-12-20 01:00:00,0.12496969075770252,51.34978031219918,6.700285469699807,1,4,55.61348716754033,3.8728546489208964,0.13981514234122314
2024-12-20 02:00:00,0.12816522339516187,57.830072535849375,0.4017738558279631,2,4,53.982426625524646,0.0,0.14076217122249207
2024-12-20 03:00:00,0.10618294375065883,52.48334861201131,0.0,3,4,57.85602994900836,3.5771937813643304,0.14067105115149445
2024-12-20 04:00:00,0.10300089817650056,57.06087782674613,0.0,4,4,55.40187993358927,0.0,0.1398197313514866
2024-12-20 05:00:00,0.12097424480470718,57.795960989852006,0.006112097076151829,5,4,61.98663743059448,0.0,0.13978200110840536
2024-12-20 06:00:00,0.11134663606266287,57.756337726651715,0.0,6,4,59.79872423039436,0.0,0.13884330940003972
2024-12-20 07:00:00,0.11370871005501347,62.21370655378381,2.0829404139163215,7,4,66.69532842581718,9.118991027922004,0.13811365039586906
2024-12-20 08:00:00,0.10676276898020931,69.8887833939862,6.12631488051373,8,4,63.85154917569741,9.814050122238932,0.13764036341505645
2024-12-20 09:00:00,0.10059224347873089,64.84645859367117,5.199924172139795,9,4,62.06045172358567,6.767420467575244,0.13761961227848593
2024-12-20 10:00:00,0.10052664055230325,58.0324636129168,7.442439560273004,10,4,57.22887514528805,10.568238002249569,0.13821226083980104
2024-12-20 11:00:00,0.09025561065630708,59.40625070406564,8.391975036312612,11,4,55.097482149156804,9.71447883622765,0.13782997744985268
2024-12-20 12:00:00,0.11714436091405994,56.528515445498996,8.248527978458513,12,4,56.48325945906465,8.052910209930694,0.13808203714382958
2024-12-20 13:00:00,0.1086537334865436,68.40521417562542,7.49599816450894,13,4,59.83191588045542,10.807320631496758,0.1389747493575106
2024-12-20 14:00:00,0.08622187978563031,60.360288188280265,10.773685889701166,14,4,64.28085648400639,4.867353079578649,0.1393537069769786
2024-12-20 15:00:00,0.11271114147385558,61.90971564207236,0.42094337048853614,15,4,68.58298757854332,0.0,0.13787920010760105
2024-12-20 16:00:00,0.163613886016293,72.51938966190235,10.189979506504422,16,4,71.17592323850094,3.150090706342178,0.13783704740823247
2024-12-20 17:00:00,0.18516279577611416,67.15812910016922,2.8968993833700867,17,4,80.64547995033922,0.18694507609158484,0.1374178042273578
2024-12-20 18:00:00,0.24004283605075133,77.27194561490002,2.1350615159528035,18,4,79.11853693941238,0.0,0.13872630269437605
2024-12-20 19:00:00,0.2442763047261977,84.8350799765528,2.537772241021065,19,4,75.72535127167617,0.0,0.13898113466311207
2024-12-20 20:00:00,0.20462360613259648,76.59824257887418,0.0,20,4,73.89744453492872,0.0,0.13760070447773695
2024-12-20 21:00:00,0.18773485233570547,67.5024407817219,0.0,21,4,68.48358479433891,0.0,0.13662197021063932
2024-12-20 22:00:00,0.16723816840714315,66.70467275021466,0.0,22,4,62.75298627811558,0.0,0.13643863751351046
2024-12-20 23:00:00,0.16085789722150104,67.75811048146035,0.0,23,4,44.9132985218547,2.7003086138487538,0.1369245280405351
2024-12-21 00:00:00,0.08036693724653679,46.702298529144066,2.447216420428601,0,5,47.4889906148675,1.4462073361920582,0.13604725042678692
2024-12-21 01:00:00,0.09483356289044872,42.834908606947764,0.0,1,5,49.07308019195698,0.0,0.134791578432318
2024-12-21 02:00:00,0.07696463911695814,43.42460794605854,2.127760740624067,2,5,41.90648641359813,1.4636149462972436,0.13265822075405953
2024-12-21 03:00:00,0.09306583858958466,44.187453080230995,0.0,3,5,49.444959067590744,0.0,0.13211167470568144
2024-12-21 04:00:00,0.10054168921399086,48.13972114459743,0.0,4,5,49.10631135703493,0.0,0.1320092076655769
2024-12-21 05:00:00,0.11465243788243665,53.34867993562539,4.084980786640468,5,5,52.64090452183098,0.0,0.1317457990438156
2024-12-21 06:00:00,0.10598628917101356,55.53527707513308,0.0,6,5,57.90840117975213,7.382213405913112,0.13152245125666354
2024-12-21 07:00:00,0.0934611602909022,56.66435550233435,0.0,7,5,51.196254350172396,6.483251771683247,0.1306788033498256
2024-12-21 08:00:00,0.11240249129288027,52.244608902438614,2.3810487225184094,8,5,56.87301318131628,5.782769297422918,0.1309137917795202
2024-12-21 09:00:00,0.08987852763499535,50.99405031802852,0.0,9,5,54.86901873432624,10.608814048857203,0.13046738695269788
2024-12-21 10:00:00,0.09471311608191132,54.01043107874144,4.5646908829806225,10,5,48.09424660881623,11.4429278073491,0.13022515676643157
2024-12-21 11:00:00,0.06808912710861659,45.165972576731264,12.741410537859718,11,5,45.25045418606107,10.087208447479773,0.1293015532852778
2024-12-21 12:00:00,0.0729955399334801,47.316545784748705,7.320890315863188,12,5,51.6744032263714,8.121070278724781,0.12746201907775362
2024-12-21 13:00:00,0.06399826106847803,49.36782702180651,7.41516046706139,13,5,46.97738832994834,7.001090847473745,0.12560137439366756
2024-12-21 14:00:00,0.08917261014457696,46.84987101639109,0.0,14,5,55.00729464901107,3.608108887038295,0.125724321491957
2024-12-21 15:00:00,0.11727770965273147,50.89235558830307,0.9105871960121172,15,5,61.06379692333312,5.185378452945423,0.12591459516607684
2024-12-21 16:00:00,0.1284400485895374,58.71639282393331,8.845172125099133,16,5,64.88492275157223,0.7149169186712638,0.12444901860662867
2024-12-21 17:00:00,0.16817220628007407,65.70340566115,4.58307554447506,17,5,69.14166620003411,0.0,0.12374107737762702
2024-12-21 18:00:00,0.21261933226468702,71.40926108537123,0.0,18,5,68.96514948999074,1.7472500831298416,0.12259843138654099
2024-12-21 19:00:00,0.20813419897979504,71.43775969040584,0.0,19,5,68.93780157815692,4.724111038634885,0.12109251031377422
2024-12-21 20:00:00,0.18984834432039557,68.2480612983671,0.0,20,5,62.67434683845516,1.0477634466432382,0.12047687440493253
2024-12-21 21:00:00,0.18640732097458867,61.703460818779895,0.0,21,5,57.856001234706085,0.0,0.12042156059821933
2024-12-21 22:00:00,0.15093150196476765,55.586987755192816,0.0,22,5,54.217024184302076,0.0,0.11974211616312035
2024-12-21 23:00:00,0.12676015675563973,52.511125973304864,0.0,23,5,42.4598396540547,3.1863011982554292,0.11832137697704277
2024-12-22 00:00:00,0.09925281137969662,46.85132125629462,2.004129967606343,0,6,46.71397994735073,1.0855672733093964,0.11910828839925776
2024-12-22 01:00:00,0.10092875599211075,46.637095582034526,2.0715006190548393,1,6,40.696559744211235,0.5424609308427079,0.1193622547784937
2024-12-22 02:00:00,0.09106641427246072,38.93835013815023,3.063330849397512,2,6,46.74477644209617,0.7407970588769746,0.1199498287433063
2024-12-22 03:00:00,0.07951958069836379,43.5049790208936,0.0,3,6,47.93828338081111,0.0,0.11938540133117209
2024-12-22 04:00:00,0.09097492157777037,50.878963644203544,0.202656684394286,4,6,47.51806312076531,1.0933339485857265,0.11898678601299624
2024-12-22 05:00:00,0.10423077411737502,49.36059202663415,0.0,5,6,49.740242719633066,0.0,0.11855255002278535
2024-12-22 06:00:00,0.09681468544964365,47.673746475685384,0.0,6,6,54.42942863895135,3.5269150079592273,0.11817039986772826
2024-12-22 07:00:00,0.1011035968101858,62.78439586413843,1.6813105444401137,7,6,57.825878235558896,2.621469024056977,0.1184888347226984
2024-12-22 08:00:00,0.08929571102622151,56.453910154654515,2.3684313678736935,8,6,55.975484157027104,8.273794269667386,0.11752605221158764
2024-12-22 09:00:00,0.10501044207058118,56.51395459604964,0.0,9,6,50.121609956516586,7.677394661670582,0.11815654864640372
2024-12-22 10:00:00,0.07832474580218848,53.623155393641035,12.172399351419703,10,6,49.72349384151165,5.834054832281149,0.1174736998847486
2024-12-22 11:00:00,0.08447647770792396,48.33582616184314,10.19603131322849,11,6,48.602925392029256,8.54609334977777,0.11815650615971973
2024-12-22 12:00:00,0.08245823038403387,45.75077603377898,4.164985743622223,12,6,48.87433731777703,15.21755364607806,0.1185507849284928
2024-12-22 13:00:00,0.06985939927999116,55.22455710966096,10.697026519540321,13,6,48.557640731151835,1.7414433135611134,0.11879499902063918
2024-12-22 14:00:00,0.09705204067487906,53.741082147767706,6.540430954917201,14,6,54.52205208216889,7.084276209275452,0.11912330862606844
2024-12-22 15:00:00,0.11099965047281468,56.8408456652384,5.15211636444403,15,6,60.89372181777342,1.85041657267436,0.11886172282690523
2024-12-22 16:00:00,0.14663132636070578,60.90235720748781,1.9905488947883843,16,6,65.20629974286236,6.277800389729598,0.11961969273403726
2024-12-22 17:00:00,0.14401893979360805,60.921760655354845,4.301802916442523,17,6,68.8760124133013,2.2856658980211915,0.11861330663043451
2024-12-22 18:00:00,0.1974183461749221,72.1411491970553,0.0,18,6,72.8212053979871,0.5205479858299531,0.11797993221002763
2024-12-22 19:00:00,0.20243411431955907,66.8378157569417,0.0,19,6,68.38859401590886,2.568810268519597,0.11774242868251779
2024-12-22 20:00:00,0.20099017327600385,68.95952951191336,3.961106837120984,20,6,62.4481174517104,0.6848005960789473,0.11820667155566815
2024-12-22 21:00:00,0.18072360312295432,58.88588789611504,0.0,21,6,57.37705801440868,0.01713425987845276,0.11796984997851671
2024-12-22 22:00:00,0.15102367761276814,52.523793383262415,0.0,22,6,54.53863857328213,0.0,0.11797369063051673
2024-12-22 23:00:00,0.1320057984880358,55.2051160678873,2.4236244209683284,23,6,51.703451818644226,0.0,0.11819225903603325
2024-12-23 00:00:00,0.10377005221423691,51.98942090470922,0.0,0,0,53.97694515074372,0.0,0.1183804774041391
2024-12-23 01:00:00,0.11652968199629574,48.23357466805187,0.0,1,0,55.625394971106516,0.02896489614666573,0.1190305159876468
2024-12-23 02:00:00,0.13706689292737365,56.42699807727739,1.0700034440299244,2,0,57.40044669226186,0.0,0.12094720259826815
2024-12-23 03:00:00,0.11759413006654194,61.84241515408826,0.0,3,0,52.97552315990546,2.883060161308971,0.12253364215527558
2024-12-23 04:00:00,0.11173393506501851,60.51014348189617,0.7738466636887509,4,0,58.34427028697458,5.451240708435913,0.1233986010505776
2024-12-23 05:00:00,0.1089493308544126,57.322697816186874,0.0,5,0,61.11071394615371,0.0,0.12359520758128749
2024-12-23 06:00:00,0.11881105801181266,61.27549115442129,2.9941540735930197,6,0,64.35979066056552,5.712411735834051,0.1245117231047112
2024-12-23 07:00:00,0.1150780379381959,67.12543928010899,4.3358679061342755,7,0,65.86866588461022,4.304511851878011,0.12509399148504496
2024-12-23 08:00:00,0.09890435439996062,69.17634453690958,6.130919249412604,8,0,64.25976310740451,4.932071292745841,0.12549435162561742
2024-12-23 09:00:00,0.09783120988145583,63.22378280138063,0.994164201965134,9,0,64.16810525073684,7.037002541363392,0.12519521695107053
2024-12-23 10:00:00,0.11397579848621986,61.493056039991366,7.744113896313976,10,0,61.03913626178942,9.281004687712379,0.12668067747957185
2024-12-23 11:00:00,0.11241788228210149,59.513110210578375,4.920632772615709,11,0,61.40460136812441,7.340342427364687,0.12784490267016257
2024-12-23 12:00:00,0.10776432674656225,58.89042721587583,9.230976339580408,12,0,57.45306393396363,10.738376194755837,0.12889932335193457
2024-12-23 13:00:00,0.09943990640220432,57.04836371839002,0.9375868649515926,13,0,58.74845562139142,6.6520138920562335,0.13013184448202678
2024-12-23 14:00:00,0.09503723048458768,59.185561756147045,2.713084840108996,14,0,61.31413378068751,3.613485576067068,0.13004789405743133
2024-12-23 15:00:00,0.12127879447802499,67.6651212522808,10.78013710284674,15,0,67.05836652006244,4.624234085363136,0.1304761917243151
2024-12-23 16:00:00,0.14460579067839963,71.96770921718289,5.97168611602296,16,0,74.60052974539828,0.47952726837281867,0.130391794404219
2024-12-23 17:00:00,0.1808201778404386,74.69910131488383,1.184190795980762,17,0,78.8291139357837,0.0,0.13192517932283693
2024-12-23 18:00:00,0.2345846178674369,82.59321278293591,0.0,18,0,79.9258809272249,0.0,0.13347377397669172
2024-12-23 19:00:00,0.24240299452086178,77.33822499883087,0.0,19,0,75.76308756878245,0.0,0.13513914398507934
2024-12-23 20:00:00,0.2569010827647808,82.28553796882143,0.7005451428098401,20,0,71.85279695406709,4.0848228358204945,0.13746876521377838
2024-12-23 21:00:00,0.20637537640905354,74.90699618829154,0.0,21,0,72.00648096893167,2.2754037947365697,0.13853758910069916
2024-12-23 22:00:00,0.16549043392953366,78.56083647179729,5.413265141610468,22,0,61.5616094258893,0.0,0.13914037061389775
2024-12-23 23:00:00,0.14574195210363097,59.409653229069534,0.0,23,0,57.44894712044243,0.0,0.13971271034788088
2024-12-24 00:00:00,0.10881492727260234,52.40999298009727,0.2055217228558674,0,1,55.44542222011351,1.7802090012346838,0.13992291347531274
2024-12-24 01:00:00,0.11008139481526918,55.97642317390474,0.0,1,1,53.269209017098966,0.5843971640723543,0.13965423484276998
2024-12-24 02:00:00,0.12012898764604495,56.00555586483936,0.0,2,1,52.7265447940339,5.263584857986131,0.1389484887893813
2024-12-24 03:00:00,0.10613443395837856,61.33596066354563,0.6194699177379512,3,1,54.723071051214944,0.0,0.13847100145154115
2024-12-24 04:00:00,0.11549242434526771,53.962110895341304,0.0,4,1,59.018737504566495,3.329142303527048,0.13862760517155154
2024-12-24 05:00:00,0.12874858765010724,61.0792135363173,0.0,5,1,59.46528941236931,0.0,0.1394525742047055
2024-12-24 06:00:00,0.14040120358118172,65.0044270154333,1.1441836896536306,6,1,67.43095920928704,0.0,0.1403521636034292
2024-12-24 07:00:00,0.12117471786935184,66.57701154896638,7.724427747623057,7,1,65.20717316369617,9.396521727793939,0.140606191933894
2024-12-24 08:00:00,0.126500628486356,62.5477058067399,5.187392796077394,8,1,65.76134924590326,5.40904270560276,0.14175603668749384
2024-12-24 09:00:00,0.10599797430962135,68.86528450589614,10.623171464062066,9,1,62.660468760408804,4.83714444141445,0.1420963185386674
2024-12-24 10:00:00,0.09940637163658624,65.35488635734188,10.281606100738085,10,1,61.83230361765555,8.907437266343122,0.14148925908659932
2024-12-24 11:00:00,0.10628891083156376,60.5071725197209,12.836302545403157,11,1,56.27944152081496,12.899134874350821,0.14123388527616024
2024-12-24 12:00:00,0.07303050226443063,57.80929481751206,7.225980268286767,12,1,57.72373209484343,6.9031966018413655,0.13978664258940476
2024-12-24 13:00:00,0.08569408634727387,58.2351131924279,8.316819501620273,13,1,56.80440478077887,7.9892224690622085,0.139213900087116
2024-12-24 14:00:00,0.11595592429562179,59.35523923266086,7.396290281746019,14,1,63.493313461306265,1.4259497356117077,0.1400855123292424
2024-12-24 15:00:00,0.12392370319570205,65.33752945413505,8.53048979988,15,1,70.41462532298402,3.367249356474987,0.14019571685914564
2024-12-24 16:00:00,0.15385998366305073,68.23423372624943,7.453444877741523,16,1,73.64769009137532,5.214704776242259,0.1405813082335061
2024-12-24 17:00:00,0.19011320965240963,70.49346678621974,2.860242931051216,17,1,81.75476206553816,0.0,0.14096851789233822
2024-12-24 18:00:00,0.22103953055797376,73.77392972287409,3.0684730208155258,18,1,79.65163049615714,0.0,0.14040413925444392
2024-12-24 19:00:00,0.2478353316859055,76.20569465372792,0.0,19,1,76.04855735396461,0.0,0.14063048663632075
2024-12-24 20:00:00,0.23764776939161145,77.8402053368255,3.0988214351469376,20,1,74.11983549244997,0.0,0.13982826524577202
2024-12-24 21:00:00,0.20216970430517592,73.12204731984497,3.555333047650537,21,1,65.20412250284566,2.1411987934036207,0.13965302890811046
2024-12-24 22:00:00,0.1881943181748617,68.82001224669445,2.371237210736322,22,1,61.66499274085256,1.0633767560911536,0.1405990240849991
2024-12-24 23:00:00,0.15629282144697526,64.86555664958085,0.4695942421842455,23,1,52.21757558581924,1.6042347323508042,0.1410386436409718
2024-12-25 00:00:00,0.12045694378861128,52.644167033456945,2.4966316634173826,0,2,54.70418811117643,0.07960991189743798,0.14152372766247218
2024-12-25 01:00:00,0.10702139694539611,59.3620788715663,0.0,1,2,54.64905674780542,0.0,0.14139622775122745
2024-12-25 02:00:00,0.13408023030539598,53.91342845795286,0.6942679252607299,2,2,57.54143142392308,0.0,0.14197752952870044
2024-12-25 03:00:00,0.11532662931478335,53.744245772082934,1.0517866688879285,3,2,55.93846911466102,1.2105178150202611,0.1423605376685506
2024-12-25 04:00:00,0.08466218613876295,57.68024205056185,0.0,4,2,56.21413091220873,4.449208020993983,0.14107594440994625
2024-12-25 05:00:00,0.13044623395959498,52.34233783809483,1.6610448852883226,5,2,64.43887704102508,0.0,0.14114667967284159
2024-12-25 06:00:00,0.11835529755768219,58.79053137053575,0.0,6,2,58.46855309831103,0.0,0.14022810025519578
2024-12-25 07:00:00,0.1204241317771563,67.49726765087236,0.9248322194765854,7,2,65.73552142792163,1.4996824587069888,0.14019682583468762
2024-12-25 08:00:00,0.1046343500668459,60.09884013709716,4.819163357467043,8,2,64.83136752127398,8.946797843566596,0.13928573090054136
2024-12-25 09:00:00,0.12226808401664857,67.972389968467,4.060942125691261,9,2,61.436167709992546,7.987997354245753,0.13996365213833414
2024-12-25 10:00:00,0.09522135052577221,66.29237979867999,8.394936914593458,10,2,59.62438202637025,10.59617687666496,0.13978927625871693
2024-12-25 11:00:00,0.08368892479457098,57.4419411845539,9.27401520059245,11,2,57.412458863402996,7.93768943729456,0.1388476101738422
2024-12-25 12:00:00,0.0839071785901926,58.12487928340579,6.489364262244056,12,2,58.54658370940609,10.772126116441424,0.13930080502074896
2024-12-25 13:00:00,0.08720587786004307,61.12834244100739,11.028976339950837,13,2,58.43845138547905,7.300618822431016,0.13936379633378101
2024-12-25 14:00:00,0.0969908352246483,58.149164575285795,5.431450017850535,14,2,60.40460842494349,2.2927279203755075,0.13857358428915711
2024-12-25 15:00:00,0.13135693881426652,66.09959489940857,14.626429783477516,15,2,68.07759183568497,7.2641150647649075,0.13888330243993063
2024-12-25 16:00:00,0.16148496499783294,66.02262226160553,4.296824118342882,16,2,71.19139356452885,2.321115516769665,0.13920100999554655
2024-12-25 17:00:00,0.20209652763405087,71.71611557788022,0.0,17,2,75.70806951207875,0.0,0.13970031491144827
2024-12-25 18:00:00,0.23086272162963636,74.60724250968066,0.0,18,2,80.97086935665375,0.7876141876549335,0.14010961453943424
2024-12-25 19:00:00,0.233207345972751,79.74437791203681,4.0165316264440545,19,2,80.28107396089497,0.0,0.13950011513471947
2024-12-25 20:00:00,0.22044247465864367,80.87057933807522,0.0,20,2,75.52941442009661,1.2060246857039456,0.13878322785417913
2024-12-25 21:00:00,0.2267824137103774,72.65484082286089,0.0,21,2,70.08137145878128,0.0,0.1398087574127292
2024-12-25 22:00:00,0.18087791257526875,64.09861100564895,2.987994614947184,22,2,63.4185531298205,0.0,0.13950390717941283
2024-12-25 23:00:00,0.1669832566469625,59.83398900011368,0.0,23,2,56.71650455751852,3.190022454829868,0.13994934197941228
2024-12-26 00:00:00,0.12607579392549748,55.94833475815606,2.286968288917729,0,3,55.417226848717135,1.798145009683177,0.14018346073511587
2024-12-26 01:00:00,0.1118079752958658,60.607161469102216,3.2744810897964447,1,3,58.69910661413323,0.0,0.14038290149971877
2024-12-26 02:00:00,0.08692612504142101,56.06404571569022,0.9606223858299062,2,3,53.329032400899294,0.0,0.13841814711371983
2024-12-26 03:00:00,0.09078394634529072,53.927165774679125,8.385675884898665,3,3,57.515845442865164,0.0,0.1373955353233243
2024-12-26 04:00:00,0.126222338214912,58.622417398398284,0.0,4,3,55.72460785377587,0.0,0.13912720832649716
2024-12-26 05:00:00,0.11611643735831503,57.486797465196844,0.0,5,3,62.710961743294014,0.46795608086016055,0.13853013346811052
2024-12-26 06:00:00,0.11460966023309255,60.143751527463,0.0,6,3,60.953645608843715,0.28288421786881734,0.1383740652462526
2024-12-26 07:00:00,0.07963911641768609,61.32478817021302,10.33665361228802,7,3,63.2655272504589,0.9659887318790386,0.13667468960627469
2024-12-26 08:00:00,0.11569198347823666,70.19964922506362,10.97300864535774,8,3,61.86492751820715,7.962938687116761,0.13713542433174927
2024-12-26 09:00:00,0.08527704345632214,56.304709815674144,11.12893750778479,9,3,61.99502940182573,11.764042225437839,0.13559413097506903
2024-12-26 10:00:00,0.09800933455353421,64.04391484060379,5.32656398681166,10,3,59.36727119344181,7.021153116031207,0.13571029697622577
2024-12-26 11:00:00,0.10314959845857194,57.17423707801714,6.669764144869175,11,3,62.126059030490055,11.810028783692369,0.13652115837889248
2024-12-26 12:00:00,0.0760084681891304,55.91201070037581,6.46003987700841,12,3,57.39870535394837,11.070521789426067,0.1361920454455149
2024-12-26 13:00:00,0.08610682787545253,62.99669488244047,6.299071625923009,13,3,61.221992001355325,5.3709071951249605,0.13614625169615696
2024-12-26 14:00:00,0.0976825835929168,57.39169309536426,13.330463904888255,14,3,63.678475967437514,4.580995166034414,0.13617507454483482
2024-12-26 15:00:00,0.13553352923202944,61.18051455421325,5.765334540020632,15,3,69.58211713933436,9.72868748080846,0.13634909914557494
2024-12-26 16:00:00,0.15517125148323072,67.78705945486057,4.2897564237462005,16,3,73.56579249480669,0.0,0.13608602774913317
2024-12-26 17:00:00,0.21274043320444744,74.60277716452492,5.132900016391607,17,3,79.39837555338363,0.0,0.13652952381456637
2024-12-26 18:00:00,0.2093694257282091,75.78520330556276,0.0,18,3,76.57658245681436,5.50409697949979,0.13563396981867357
2024-12-26 19:00:00,0.21460928425768175,73.64558091027797,0.1842603744419868,19,3,72.30415443850939,0.0,0.13485905058054568
2024-12-26 20:00:00,0.2077730420950544,74.42886680442317,0.0,20,3,74.11283106317319,3.788374539432642,0.1343311575570628
2024-12-26 21:00:00,0.19001759112177044,77.37829315970166,0.0,21,3,64.59047626022935,0.0,0.13279928994920417
2024-12-26 22:00:00,0.18111538456691706,68.43991665598165,0.0,22,3,65.95615010440811,0.3871490449903549,0.13280918461552285
2024-12-26 23:00:00,0.14083802439961485,64.7761527526631,0.0,23,3,53.62171744350282,3.0405771546216087,0.13171979993855001
2024-12-27 00:00:00,0.09616952939780138,53.88140768274254,0.7895363234722768,0,4,52.66185427665385,0.0,0.13047370558322935
2024-12-27 01:00:00,0.11641100045061131,52.62793525441202,0.7742469083737898,1,4,60.23750481106295,0.2792616751925845,0.1306654982980104
2024-12-27 02:00:00,0.1300905148312071,60.2046868934114,0.0,2,4,55.160673643453315,2.084421589632279,0.1324640145392515
2024-12-27 03:00:00,0.12589987885448456,54.59535973012561,1.297395200469047,3,4,55.782755919831544,0.0,0.13392717839380125
2024-12-27 04:00:00,0.12524925385796865,54.7841840259165,0.0,4,4,59.78148282362042,6.2729939951461775,0.13388663321226194
2024-12-27 05:00:00,0.10824101039834458,61.79318760733745,2.385550541637996,5,4,63.01753140434282,2.905628378150322,0.13355849042226317
2024-12-27 06:00:00,0.12189224859659371,59.07505001057877,0.0,6,4,66.70244961514831,1.4221559261406265,0.13386193160407572
2024-12-27 07:00:00,0.12635142775789637,62.52106874428701,0.7297237946769544,7,4,63.05900485931588,4.022496085686913,0.1358082779099178
2024-12-27 08:00:00,0.11478366821760877,65.75774124825529,1.898344159039564,8,4,65.53472765105967,11.971337553933544,0.13577043144072498
2024-12-27 09:00:00,0.11374938905871268,64.46337842066838,5.773628360272698,9,4,60.93673224682102,7.11251699325458,0.13695677917415794
2024-12-27 10:00:00,0.08066578137993621,62.35386064892635,14.653235178383074,10,4,56.84850285978607,7.719021955147936,0.136234131125258
2024-12-27 11:00:00,0.09147710761178203,65.38390090096075,8.819467538706615,11,4,57.353665672951145,12.569263118393152,0.1357477773399751
2024-12-27 12:00:00,0.09634649522360465,58.33343436527449,5.354587623497963,12,4,53.99114091120578,5.119504188375449,0.1365951951330782
2024-12-27 13:00:00,0.10370398813557971,50.003852637986846,12.256932467813341,13,4,61.55511350038883,7.886667706575795,0.1373284101439168
2024-12-27 14:00:00,0.11857205491501759,60.753408145311354,6.4542482541512065,14,4,62.807722925952966,6.854165347750337,0.13819880478233768
2024-12-27 15:00:00,0.13347892062954603,63.51029076539681,7.611675987139732,15,4,67.28165804332293,2.7096014518461633,0.13811319609056752
2024-12-27 16:00:00,0.1632783316220419,68.37570003325365,2.5601880735069757,16,4,73.03544713713153,0.0,0.13845099109635137
2024-12-27 17:00:00,0.19195378802759416,74.09783585591944,6.905252868660691,17,4,76.8964472289385,0.19348124254066162,0.13758488088064913
2024-12-27 18:00:00,0.20869676333536294,77.13971022426651,0.0,18,4,80.99563208652532,1.9269060571212688,0.1375568532809472
2024-12-27 19:00:00,0.2222239593235927,78.54590972614149,4.892502925021377,19,4,75.0400134735762,0.0,0.13787413140869348
2024-12-27 20:00:00,0.2213745304053673,79.19318139043727,0.0,20,4,72.54595137257238,0.0,0.13844086008828985
2024-12-27 21:00:00,0.21093832012540048,71.57570520391872,0.0,21,4,67.79985652669859,3.5170277266576915,0.1393125571301078
2024-12-27 22:00:00,0.1802766419287988,65.20037359262858,4.899985250673734,22,4,61.234694333306976,1.4787580376140563,0.13927760952018617
2024-12-27 23:00:00,0.16908672775633313,73.04111302912845,0.5886097867346858,23,4,46.06722811471465,0.0,0.1404546388267161
2024-12-28 00:00:00,0.10719196366155934,43.457857401344164,7.950130796319714,0,5,44.32122696900246,2.5783927897376864,0.14091390692103936
2024-12-28 01:00:00,0.09495627325905015,46.08943087778658,0.0,1,5,43.05854632085643,0.6768711632025424,0.1400199599547243
2024-12-28 02:00:00,0.08120327478038047,41.080997526756754,0.8996499853623581,2,5,47.28067416157079,5.0098018615453155,0.13798299161927322
2024-12-28 03:00:00,0.09239241880565213,46.60091827660147,6.668022452170862,3,5,50.328163475479556,1.8596744337719022,0.13658684745057184
2024-12-28 04:00:00,0.0842636111708251,44.24729155394528,0.0,4,5,49.413019225429764,0.0,0.13487911233860753
2024-12-28 05:00:00,0.10364519911985753,47.900264293628176,0.0,5,5,52.21067783385573,0.0,0.13468762020200392
2024-12-28 06:00:00,0.09895651394061962,55.76145576516984,0.0,6,5,55.20589079870078,0.7120114277429113,0.13373196459133832
2024-12-28 07:00:00,0.09711116633636907,56.96527253892149,5.269350675316234,7,5,55.72369578303293,5.546768112938505,0.13251362036544134
2024-12-28 08:00:00,0.11152084483930366,58.574508013788495,0.0,8,5,57.83335460590581,5.768749446848676,0.13237766939134532
2024-12-28 09:00:00,0.07718948227636162,49.82530428048009,8.708191169873153,9,5,52.74184952808145,4.9495941376384955,0.1308543399420807
2024-12-28 10:00:00,0.09603463704350343,58.431814554836755,9.949471210133472,10,5,45.36392404600538,10.690657503720812,0.13149470892806264
2024-12-28 11:00:00,0.05927272013914296,45.90718529562904,16.091431550272528,11,5,50.68599356193464,12.1603281524463,0.13015285945003602
2024-12-28 12:00:00,0.07558481243003703,53.17948025843512,13.019197239293302,12,5,50.55194082660895,8.753409287994398,0.12928778933363735
2024-12-28 13:00:00,0.07252268831554208,51.913211365678016,10.315241565307895,13,5,51.94309918336909,8.692481296340157,0.12798856850780246
2024-12-28 14:00:00,0.09338372122108311,52.587361975789186,12.862963052457706,14,5,48.90890663862394,3.909360754570271,0.12693905460388852
2024-12-28 15:00:00,0.0861575165761093,51.683769159871126,8.504683265808119,15,5,59.26140898570244,3.2168953061982815,0.12496732943499535
2024-12-28 16:00:00,0.12281956404919786,59.752393134499314,3.0697548088047917,16,5,66.12830610600714,1.0739737792986117,0.1232815474527935
2024-12-28 17:00:00,0.18549900545390888,62.834501627535985,0.0,17,5,69.0211252038034,1.5640422049576654,0.12301259817888995
2024-12-28 18:00:00,0.2005922399085487,68.35505304939066,0.0,18,5,70.15521680148419,0.7168738134469638,0.12267490970277269
2024-12-28 19:00:00,0.21445232855452098,68.94532287059279,0.0,19,5,70.05311096302937,0.0,0.12235109175406138
2024-12-28 20:00:00,0.1930245848943079,61.73853197388689,0.6125644187236134,20,5,64.61962601974345,0.0,0.12116984402443388
2024-12-28 21:00:00,0.19934994640676043,67.93071871383964,0.0,21,5,61.67086431195804,0.0,0.12068699511949055
2024-12-28 22:00:00,0.15923154749539833,59.004072641463836,0.0,22,5,54.71917161971553,4.496448275605629,0.11981011618476554
2024-12-28 23:00:00,0.13142757312096076,52.84429677807749,0.10003619342305674,23,5,45.941912708740304,0.0,0.11824098474162503
2024-12-29 00:00:00,0.07896452078662342,43.984497410983515,1.9163810570794415,0,6,47.58274426967302,1.1812653522055574,0.11706484128850268
2024-12-29 01:00:00,0.09901781840139863,46.94498753688265,5.693803088772227,1,6,45.0988798015588,0.10558717766530958,0.11723407233610054
2024-12-29 02:00:00,0.08109188194641735,43.03603338161028,0.6497873740584441,2,6,44.062678378802055,0.0,0.11722943096801874
2024-12-29 03:00:00,0.08508897722966792,39.040600895914636,0.0,3,6,47.27015937975745,0.0,0.11692512090235273
2024-12-29 04:00:00,0.08014285629960535,48.5653720210123,0.0,4,6,50.5258700944586,0.0,0.11675342278271857
2024-12-29 05:00:00,0.09457382951555462,51.0062506388047,2.4045383533933364,5,6,54.29691723505968,1.8278830704470717,0.11637544904920595
2024-12-29 06:00:00,0.11208515646375469,51.80737033032848,0.0,6,6,57.34558429804111,0.0,0.11692247582100325
2024-12-29 07:00:00,0.09567198412140938,51.81049605409828,5.456475682224309,7,6,56.6472445208219,5.597880995608739,0.11686250989537994
2024-12-29 08:00:00,0.08681918325952459,57.06913460058944,9.570970532568989,8,6,55.17936298704396,4.720781769688036,0.11583327399622247
2024-12-29 09:00:00,0.09201371129702092,50.83559951932522,1.2142577909789747,9,6,51.39846145698928,6.910599396328202,0.11645095020541661
2024-12-29 10:00:00,0.08222794233454375,49.295555436578056,10.044621735078715,10,6,50.24990093319846,7.9213266283371135,0.11587567125920996
2024-12-29 11:00:00,0.07623670056977623,47.347915428424386,13.565244170253383,11,6,45.03478097478309,8.897004421979826,0.11658250377715301
2024-12-29 12:00:00,0.07403421397788901,51.01763401414239,12.926637638480987,12,6,48.71873280206339,10.447095121724978,0.1165178955083135
2024-12-29 13:00:00,0.061942665618927764,47.51285928773378,1.7037377048790843,13,6,56.46820190654853,8.005770434676807,0.1160770612292879
2024-12-29 14:00:00,0.08473407998435789,49.335668018988194,5.11821562264438,14,6,51.440936968595096,9.230861977755055,0.11571665951109102
2024-12-29 15:00:00,0.09515281582778146,60.703679842688594,2.1378877017796034,15,6,59.6099201809201,7.6057106435473685,0.11609146364657735
2024-12-29 16:00:00,0.14532587681150635,60.42412895667539,6.512154643014677,16,6,65.12606505711878,3.2870963815703775,0.11702922667834022
2024-12-29 17:00:00,0.16201696735846946,65.45517590971365,3.8691894443588373,17,6,69.30399984083652,1.9112526212069374,0.11605080842436359
2024-12-29 18:00:00,0.21816745389015554,67.1080273705003,0.0,18,6,67.84057137344941,5.669805880111857,0.11678310900693052
2024-12-29 19:00:00,0.18511926386302857,67.86546809782355,0.0,19,6,69.3222023516518,0.0,0.11556089797811835
2024-12-29 20:00:00,0.21840071549563939,61.29452832145838,2.802519406193874,20,6,63.30093964865773,3.01318207819186,0.11661823675317383
2024-12-29 21:00:00,0.16774686151181356,67.46992246743902,0.5179159692844277,21,6,56.43739195536727,4.325569364488519,0.11530144154921772
2024-12-29 22:00:00,0.1424528804965558,60.72714993543686,0.5119342182495145,22,6,56.32851600773901,1.214278415241625,0.11460233042426593
2024-12-29 23:00:00,0.1332352981477102,53.851270212796386,0.0,23,6,56.13400659170858,5.3313282492308,0.11467765230038048
2024-12-30 00:00:00,0.12179019774488624,54.365651527069524,0.0,0,0,52.89202439749829,4.966515367287065,0.11646205550697479
2024-12-30 01:00:00,0.11377993759340434,57.18081094865114,0.0,1,0,53.835691126776254,0.0,0.11707714380664169
2024-12-30 02:00:00,0.12047559636648245,49.94821384720383,0.18232707932293538,2,0,54.124370263855496,0.0,0.11871813190747772
2024-12-30 03:00:00,0.10167634654657132,53.39677483896617,2.1533908211653445,3,0,53.00261978970805,1.4857003333096344,0.11940927229568205
2024-12-30 04:00:00,0.10538122306599274,52.653619906396486,2.4377497350341164,4,0,59.897212937542875,0.0,0.12046087091094819
2024-12-30 05:00:00,0.11996634781450363,64.04118316620723,0.30051496707134423,5,0,63.07326140276075,7.591418349026522,0.12151889250673771
2024-12-30 06:00:00,0.11348669972656682,64.27552228813424,3.8321792760469098,6,0,63.84579854167244,4.631285193579391,0.12157729014268824
2024-12-30 07:00:00,0.09173957228317808,57.462401219979924,1.1103099236843958,7,0,65.75552216345612,4.810306617513986,0.12141343964942859
2024-12-30 08:00:00,0.11729460135276282,60.967736081402585,0.0,8,0,64.7787314572818,2.6699553870236934,0.12268324873664684
2024-12-30 09:00:00,0.10754014995224934,64.12582936009152,8.288207314869805,9,0,62.09870948010022,8.811370110822267,0.1233301836806147
2024-12-30 10:00:00,0.11247255869792605,60.09811708425358,8.548326219784737,10,0,56.08232284327065,5.721247097169312,0.12459037602908896
2024-12-30 11:00:00,0.07201254337421159,54.53935817629843,10.780326038945201,11,0,58.32115060264299,11.487768624962106,0.12441436947927376
2024-12-30 12:00:00,0.08986639320960282,63.56750056467775,4.934420281009752,12,0,55.34943222394189,2.034915954828546,0.12507404361392851
2024-12-30 13:00:00,0.10005537098969591,58.70057447078294,15.308852044204336,13,0,61.15882338047543,11.980427131033162,0.12666207300437718
2024-12-30 14:00:00,0.10469781495890403,61.31548518674153,10.59275622724509,14,0,61.34613586967574,5.430913512267672,0.12749389529498328
2024-12-30 15:00:00,0.13189347837168072,61.26144837273629,5.6105303534091435,15,0,65.72326388524768,0.0,0.12902475623431242
2024-12-30 16:00:00,0.1711764673414964,70.63475865354789,1.4059139891237398,16,0,73.34154877350541,2.3766533112935755,0.130101864173062
2024-12-30 17:00:00,0.19714608882453993,72.18024105795853,6.192583198672468,17,0,77.21729172364076,0.04710425988277408,0.13156557756748158
2024-12-30 18:00:00,0.2471924565121316,76.41160401621116,0.0,18,0,79.00858313647448,0.0,0.1327749526767306
2024-12-30 19:00:00,0.2325366380607471,80.75629612260884,7.914776886772244,19,0,75.53278988142307,3.863234982208707,0.13475067660163553
2024-12-30 20:00:00,0.2117849570861685,72.10546913822706,0.0,20,0,73.80282062064632,1.0664613611066769,0.13447502000124092
2024-12-30 21:00:00,0.21261697905232257,78.50767433371354,6.021768251119639,21,0,68.91377465450405,2.2290477473802834,0.13634460823209546
2024-12-30 22:00:00,0.17074169701932837,68.90343678103962,0.0,22,0,65.7832604189013,0.0,0.13752330892054432
2024-12-30 23:00:00,0.14849434155781469,67.55085527608344,5.532613480871078,23,0,55.20035584628541,1.1955971616339016,0.13815910239596535
2024-12-31 00:00:00,0.11583108560722173,51.38894718143136,0.0,0,1,53.65187843010257,0.0,0.13791080605689596
2024-12-31 01:00:00,0.10197410699759768,51.896534342191586,0.06592732491344978,1,1,52.25467509896358,0.722687937836448,0.13741889644873737
2024-12-31 02:00:00,0.1022889961436789,51.230718801606,2.8166226555969827,2,1,52.249386708588595,0.0,0.1366611214394539
2024-12-31 03:00:00,0.11949538751838465,56.11086108213187,2.317269978435379,3,1,56.96125875919223,3.694982370760419,0.1374035814799461
2024-12-31 04:00:00,0.10605169924716042,56.526449063457015,3.8526664178025922,4,1,59.98426463295373,0.2114144821690246,0.13743151798749476
2024-12-31 05:00:00,0.1284429877874164,56.911749070375905,0.0,5,1,59.71849712677739,1.8560314070727346,0.13778471131969947
2024-12-31 06:00:00,0.10562730313192939,58.25391659863683,0.29682930497433835,6,1,65.0470582974154,3.157049479755963,0.13745723646158955
2024-12-31 07:00:00,0.10041484812262601,60.48342303814043,6.791906278152844,7,1,65.48884935525275,9.737644111236651,0.13781870628823323
2024-12-31 08:00:00,0.1429660729493528,65.68213823481044,2.211605743983669,8,1,66.01138401562575,2.2495042936180267,0.13888835093809115
2024-12-31 09:00:00,0.08918245451634249,63.084971249818004,8.622413185820491,9,1,63.367593016085145,7.787366620977683,0.13812344696159504
2024-12-31 10:00:00,0.09976653619775838,59.44149681700494,7.338936940200219,10,1,54.270469385210085,6.352821886534067,0.13759402935742138
2024-12-31 11:00:00,0.11865363845374,63.753581027431665,9.761625107104798,11,1,59.434044230188626,3.6210277901568277,0.13953740831906838
2024-12-31 12:00:00,0.08601351034617477,57.106332663645475,9.655925757450568,12,1,58.23035410194851,6.170983919845121,0.13937687153309222
2024-12-31 13:00:00,0.11228274717013392,61.79009756427089,6.282074706318305,13,1,58.75887442196455,11.387697611196568,0.13988634554061047
2024-12-31 14:00:00,0.10920692582852282,58.11517939866105,7.193571606993778,14,1,62.49448396518853,6.53402857200697,0.14007422516017792
2024-12-31 15:00:00,0.12672249290158608,64.28469374810112,7.1257823541745555,15,1,68.41248962059528,4.064640874178282,0.1398587674322573
2024-12-31 16:00:00,0.1587896816151599,68.17147156022405,4.320466004507548,16,1,72.4156417443019,4.588349510871464,0.1393426513603266
2024-12-31 17:00:00,0.1602957880721959,67.99074793230902,7.927122086439433,17,1,75.46980833230502,0.32321081868823476,0.13780722216231228
2024-12-31 18:00:00,0.22347856637205235,81.91449818178572,3.5348444488572652,18,1,77.41100797464135,1.717332884395952,0.13681914340647566
2024-12-31 19:00:00,0.2387624329927241,78.39411173833034,1.0149317447272381,19,1,75.2634508754467,0.9039634799484145,0.13707855152864137
2024-12-31 20:00:00,0.23432787526527676,79.73231307891155,0.0,20,1,76.11583550497622,1.519565822134258,0.1380178397861042
2024-12-31 21:00:00,0.2330720149208202,71.01620669997946,0.0,21,1,68.45711435413017,0.0,0.1388701329472916
2024-12-31 22:00:00,0.17291784120186068,67.81780270253402,6.908338623481437,22,1,67.98303342155214,2.9318447444354567,0.1389608056215638
2024-12-31 23:00:00,0.15606050701504534,60.70341968589738,0.0,23,1,55.59623002557373,0.0,0.13927606251561506
2025-01-01 00:00:00,0.13236650129756816,58.78548554745444,0.3985086635268337,0,2,56.028479247297696,0.0,0.13996503816937952
2025-01-01 01:00:00,0.12106961965198289,55.847172650923966,1.2633205002203778,1,2,52.82558897681014,3.071380172138616,0.1407606845299789
2025-01-01 02:00:00,0.11508921896677106,56.12337079610424,0.0,2,2,54.87349065706655,0.0,0.14129402714760772
2025-01-01 03:00:00,0.11867346315571069,59.65609780034032,0.0,3,2,56.46068511182034,0.0,0.14125978029916297
2025-01-01 04:00:00,0.115769397116575,60.0155946473955,0.0,4,2,57.12336961368475,6.407634333605449,0.14166468437705523
2025-01-01 05:00:00,0.12602811028234695,60.84696300755179,0.0,5,2,60.56933596277742,3.9720570398513613,0.1415640644810107
2025-01-01 06:00:00,0.11440966886620978,56.94941050534984,0.0,6,2,65.3768267660375,2.8191184019167626,0.14192999638660572
2025-01-01 07:00:00,0.12133765084648938,62.31035791882574,7.069567638292851,7,2,66.71680631283432,1.9626625988692394,0.14280177983343334
2025-01-01 08:00:00,0.10249060800374019,62.62484468108021,4.648059022845798,8,2,61.90095839339708,0.9202816476696718,0.14111530212736614
2025-01-01 09:00:00,0.11696253639857877,66.90295676410409,4.785215617889442,9,2,62.20292099543788,10.090250492065122,0.142272805539126
2025-01-01 10:00:00,0.12031055699901555,62.18152540615154,8.480350932957565,10,2,59.90892503670176,12.585497668627726,0.14312880640584505
2025-01-01 11:00:00,0.08474839439452056,54.35325488419261,11.378911402597879,11,2,56.18922115357864,10.468157899586993,0.14171608790337759
2025-01-01 12:00:00,0.10963418266180028,56.7657933522263,8.15383102879847,12,2,56.342132574288314,4.251105200808341,0.1427002825831953
2025-01-01 13:00:00,0.08757753365136052,52.94480070140464,12.198000267181381,13,2,60.70452466337428,8.554891451473113,0.14167089868657975
2025-01-01 14:00:00,0.10577202291049141,59.65148562142245,3.6569840691743902,14,2,58.355234930373726,5.255337495031789,0.14152777773166178
2025-01-01 15:00:00,0.1185355615889964,58.204217627186424,10.718082184313534,15,2,68.3531637532585,5.132638189155651,0.14118665559363722
2025-01-01 16:00:00,0.1581619162473103,70.04124279107508,4.648666810797226,16,2,76.69199513199162,7.864143674106544,0.14116049870331013
2025-01-01 17:00:00,0.17427541503780977,74.63261972607604,2.2545030310285474,17,2,72.15109697401678,2.2103244642634303,0.14174298316021072
2025-01-01 18:00:00,0.24293960163687728,83.44925078045122,0.0,18,2,80.47235301417838,1.6130089714415985,0.14255385962957842
2025-01-01 19:00:00,0.26644898670373757,81.53979780722555,0.0,19,2,78.43261967162265,0.0,0.14370746603420395
2025-01-01 20:00:00,0.2335712076679004,75.99044915745405,0.0,20,2,70.54649695343979,1.1605288450220443,0.14367593821764663
2025-01-01 21:00:00,0.21500187758160627,76.0405229103348,0.0,21,2,69.3862824388356,0.0,0.14292301582851272
2025-01-01 22:00:00,0.16826169213477454,63.87278030456469,2.0568562721082335,22,2,65.48018702984731,1.5538203269915152,0.14272900961738413
2025-01-01 23:00:00,0.16208624757146217,60.39743490587264,0.0,23,2,52.5008428864672,0.0,0.14298008214056815
2025-01-02 00:00:00,0.11544884037070186,55.9201333874974,0.0,0,3,53.46000094392715,0.0,0.14227517960194871
2025-01-02 01:00:00,0.11117444364184248,47.96805070053391,0.0,1,3,55.02480061425289,2.282004915113328,0.14186288060152621
2025-01-02 02:00:00,0.09606951124311885,54.85367188118244,0.0,2,3,57.28903570484739,0.0,0.14107039277970737
2025-01-02 03:00:00,0.10570836399598074,52.06885287707091,0.0,3,3,55.256852575474184,0.0,0.14053018031471862
2025-01-02 04:00:00,0.12103316599024426,56.66327195605454,0.0,4,3,58.33747230808265,1.717297097918854,0.14074950401778819
2025-01-02 05:00:00,0.12209593095739242,54.97289742840991,3.6141222111815745,5,3,60.19293734257459,3.428837090596799,0.14058566321258173
2025-01-02 06:00:00,0.12923131232282412,62.88031893797179,4.372390533320212,6,3,64.6094332406114,3.7433146519828604,0.14120323168994067
2025-01-02 07:00:00,0.09482795360400226,64.62216573926023,9.441665031022222,7,3,67.95443002751735,2.798156681644524,0.14009866097150372
2025-01-02 08:00:00,0.10923175729906742,70.34224453258226,0.0,8,3,64.8104295014858,6.475908818868835,0.14037954219214235
2025-01-02 09:00:00,0.12108951954926624,64.62018633587218,3.6229257507289128,9,3,60.944307685616,8.921566499882303,0.140551499823421
2025-01-02 10:00:00,0.08767174728266383,59.19956909892016,10.550695829131485,10,3,58.76116816051891,13.410562056379554,0.139191549418573
2025-01-02 11:00:00,0.10376367797084021,58.03664681540867,7.451956479728091,11,3,55.79231059849183,11.937674382387282,0.13998385290091966
2025-01-02 12:00:00,0.06434418230578691,53.09200524565415,12.372752644472312,12,3,55.760962916358494,11.639268379947149,0.13809676955275244
2025-01-02 13:00:00,0.08871598049215203,59.049386273007606,9.765962739467573,13,3,62.25220932415956,8.289171777078792,0.13814420483778542
2025-01-02 14:00:00,0.09814445939622686,61.73289405370002,13.633212514551142,14,3,66.800615740179,3.6197577901396105,0.13782638969135771
2025-01-02 15:00:00,0.13657420725145344,71.4266238396079,10.268025870670487,15,3,64.78975893386618,0.7430842594034277,0.13857799992729344
2025-01-02 16:00:00,0.1421218475748409,66.38290652455568,8.393558192956434,16,3,74.61118519407661,1.5790016331010808,0.1379096637326072
2025-01-02 17:00:00,0.17367179039765446,72.58998356925188,0.9809956317316615,17,3,79.08546942696803,1.958405863544138,0.13788451270593408
2025-01-02 18:00:00,0.2265087009020808,75.52517520578436,0.0,18,3,76.42701989918153,0.0,0.1371998918419842
2025-01-02 19:00:00,0.24444294820639187,79.52915400669944,0.0,19,3,76.42405136944772,1.6020890286362968,0.13628297357126148
2025-01-02 20:00:00,0.2424940381903171,78.58897136866631,0.0,20,3,72.29239297732416,0.0,0.13665475817636216
2025-01-02 21:00:00,0.19628737689208045,73.27568599193067,5.151192394234365,21,3,72.17098512666536,0.0,0.13587498731429862
2025-01-02 22:00:00,0.18718153898007658,71.84533453982843,2.6088555809512424,22,3,66.80603455266285,3.9424277344168615,0.1366633142661862
2025-01-02 23:00:00,0.15515142848616525,61.5267997078823,0.0,23,3,53.033776945176584,2.14724221334523,0.13637436347096546
2025-01-03 00:00:00,0.1293346410855495,58.031887524365644,4.566073776109906,0,4,51.97800668549752,0.0,0.1369529385007508
2025-01-03 01:00:00,0.11595479280965225,56.619696039237056,0.0,1,4,56.540593602761064,0.0,0.1371521197160762
2025-01-03 02:00:00,0.09419578927353071,54.95614393555256,0.0,2,4,56.44364373836953,2.65696175974695,0.13707404796734338
2025-01-03 03:00:00,0.1100018547909699,54.347951447685304,3.5257941351276507,3,4,58.84912966820768,2.4540886467748013,0.13725294341713457
2025-01-03 04:00:00,0.1251495447313302,64.1264794937628,0.0,4,4,56.325557916726346,1.789752469620974,0.13742445919801313
2025-01-03 05:00:00,0.12189822521198294,55.829279378044816,0.0,5,4,62.99186022533809,0.0,0.1374162214586211
2025-01-03 06:00:00,0.10288865232446036,62.49816435067243,0.7214306427431607,6,4,63.11885282717288,0.0,0.13631861062535594
2025-01-03 07:00:00,0.11326308137814557,62.181670245008085,3.771674968745261,7,4,67.12945387883371,4.638459361136833,0.13708674094927856
2025-01-03 08:00:00,0.13098782251193275,71.59711328040851,7.649403696713286,8,4,64.5464504456595,10.559799114120054,0.1379932436664813
2025-01-03 09:00:00,0.1106406222201272,67.45853336516276,8.651499463842377,9,4,65.48251536699291,5.560688929700744,0.13755787294443383
2025-01-03 10:00:00,0.0937957002097222,59.510559748763505,10.03062162238944,10,4,59.743522231314415,9.17393533026098,0.13781303764972794
2025-01-03 11:00:00,0.1195353974584866,60.48903881929423,6.273434496867959,11,4,56.78762637556105,13.940217822467405,0.13847019262837987
2025-01-03 12:00:00,0.0739165394328067,58.24024131045099,10.3898524504368,12,4,58.047667158930494,8.189213561481889,0.13886904084200571
2025-01-03 13:00:00,0.10775829307022419,56.118601105889354,3.771640838890308,13,4,59.66638963796664,7.749048055527935,0.1396624705327587
2025-01-03 14:00:00,0.11143068881735801,62.293552046879626,13.57347972400725,14,4,61.23837713377852,2.8373924547911904,0.14021606342530582
2025-01-03 15:00:00,0.13003149105051456,64.79302705998332,1.709542588542302,15,4,72.24461928939606,6.424961783737863,0.1399434502502667
2025-01-03 16:00:00,0.16172934286084034,69.08507086518316,3.4674605643527925,16,4,76.66641893647865,0.3488719764877435,0.14076042922051668
2025-01-03 17:00:00,0.19856130281590864,73.33483641529534,0.0,17,4,77.03704884216418,0.0,0.14179749223794394
2025-01-03 18:00:00,0.22988065578043454,78.76903014656386,0.0,18,4,80.27220491323416,0.0,0.14193799035787535
2025-01-03 19:00:00,0.2310216191519948,79.60648396611373,0.046999454012178546,19,4,81.49247362787378,0.583649352361135,0.14137876831394214
2025-01-03 20:00:00,0.2242565421631802,77.57871361026992,0.0,20,4,75.9423314191297,0.0,0.14061887264614478
2025-01-03 21:00:00,0.19561523470991055,71.41728784920004,4.004861903509676,21,4,67.77636207659863,0.0,0.14059086672188767
2025-01-03 22:00:00,0.1777743512284907,73.81119686253302,0.7941535558697872,22,4,63.347272966758986,1.5659956272854612,0.1401989005655716
2025-01-03 23:00:00,0.14422811230043753,60.16184358744056,0.0,23,4,42.46137483204071,0.0,0.1397437623911663
2025-01-04 00:00:00,0.06837494856322596,47.264879626937066,0.0,0,5,47.466359749415204,0.0,0.13720377520273613
2025-01-04 01:00:00,0.09417154081809923,44.89204568762752,4.268951599695774,1,5,48.50064330278091,0.0,0.1362961397030881
2025-01-04 02:00:00,0.09013327961503774,51.64550409687346,3.1810480914956316,2,5,48.875474185894774,4.866877624392588,0.13612686846731756
2025-01-04 03:00:00,0.07058988052246681,43.484917734398394,0.0,3,5,48.783536357619674,3.588848852218457,0.1344847028727966
2025-01-04 04:00:00,0.08878965746067947,45.02861338359586,0.0,4,5,50.168713442147165,0.0,0.13296970756985282
2025-01-04 05:00:00,0.08827912518906751,46.36060241338814,1.6617643653953,5,5,50.569466838454424,2.285310374909415,0.13156891173556468
2025-01-04 06:00:00,0.11517043778933547,53.60017950282197,1.2367830510946385,6,5,56.24210351003512,2.7613549098448,0.13208065279660114
2025-01-04 07:00:00,0.09133578669299403,51.20892231456977,0.0,7,5,55.640116055892605,0.0,0.13116701551805315
2025-01-04 08:00:00,0.10070655802237292,55.37214885700199,7.301943062573182,8,5,56.69136112338624,1.1496826368253066,0.12990529616432148
2025-01-04 09:00:00,0.10292932944611342,48.753431635278105,3.500459981253698,9,5,51.173860130749176,5.559865984931555,0.1295839922987376
2025-01-04 10:00:00,0.07344775016067405,53.47094084967157,12.66939148791954,10,5,50.90668005364065,4.628956837760591,0.12873616104669391
2025-01-04 11:00:00,0.07487390984431726,48.26836044770077,10.894137780939355,11,5,51.08217498427614,10.120387130106602,0.12687526572943686
2025-01-04 12:00:00,0.09265050211368756,43.67414657719059,5.398264422739975,12,5,49.546416814420795,7.501235038017705,0.1276558475078069
2025-01-04 13:00:00,0.0764379564553926,52.26606358913202,7.189297278943737,13,5,51.54465718780727,9.296919105421308,0.12635083348218892
2025-01-04 14:00:00,0.08794061776882249,46.70320563232417,6.193385628572162,14,5,56.39361675751418,7.852468303664189,0.12537208052183327
2025-01-04 15:00:00,0.10270265180633895,57.117782771946004,7.178087996464243,15,5,62.955817443802445,6.6120768814288216,0.1242333788866593
2025-01-04 16:00:00,0.14595676580462214,57.17181749939364,3.966080856956282,16,5,64.27472443818985,0.0,0.12357618817598352
2025-01-04 17:00:00,0.18280258088775492,69.61432105594268,0.0,17,5,69.4520129430839,1.4438807836271046,0.12291957476231045
2025-01-04 18:00:00,0.18575154795340507,70.80853065021516,0.0,18,5,72.91522176278157,0.0,0.12108086193618423
2025-01-04 19:00:00,0.2070792622689078,66.66700341794747,1.9215816703925146,19,5,69.7485058127951,1.9917518082761156,0.12008326373272225
2025-01-04 20:00:00,0.19009089669436574,65.4752639329234,1.001829025974571,20,5,60.48409737342917,3.423431647065797,0.11865969517152165
2025-01-04 21:00:00,0.18786954584853138,66.42653259248452,0.36938145021761104,21,5,57.98022095536673,2.024830006611195,0.11833695813563087
2025-01-04 22:00:00,0.1432590976871729,58.57184802922703,0.9475615063616123,22,5,56.04558476246329,0.0,0.11689882257140931
2025-01-04 23:00:00,0.1355344896070256,54.001604539094046,0.0,23,5,45.114665420587215,1.5869511099576508,0.11653658829251712
2025-01-05 00:00:00,0.09787932929323526,49.986175089520955,0.6439732522130031,0,6,48.81609242103677,0.0,0.11776593748960085
2025-01-05 01:00:00,0.07802364371999944,43.5395786735366,8.884769477444937,1,6,49.74936786724513,0.0,0.11709310844384668
2025-01-05 02:00:00,0.0870879795841429,46.32565991092551,4.110984922615001,2,6,45.214138526675335,1.3070290315247644,0.11696622094255942
2025-01-05 03:00:00,0.10488780377994665,49.449437798530425,0.0,3,6,45.33501748572383,3.661656434373925,0.11839530107828773
2025-01-05 04:00:00,0.11172677147517367,49.98919878939121,0.0,4,6,48.76022252246224,0.0,0.11935101416222499
2025-01-05 05:00:00,0.08599338683495719,48.971826685088196,0.0,5,6,51.74582384137215,0.042516893724986,0.11925577506413705
2025-01-05 06:00:00,0.08225355106425936,51.65915952637987,3.7404295354464434,6,6,58.69342800627454,3.651364206863097,0.11788423811725889
2025-01-05 07:00:00,0.1150094431631899,50.05704195045081,5.175665000371438,7,6,54.85133820899347,2.9592548378450703,0.11887064047018371
2025-01-05 08:00:00,0.09527107567301638,53.54202306902658,2.776602107532275,8,6,57.144429684289875,5.6682478208362586,0.11864416203896054
2025-01-05 09:00:00,0.09725101719226728,56.67831879877932,1.607542581836138,9,6,55.49583540248442,9.823078976988906,0.11840756569505027
2025-01-05 10:00:00,0.07532825679662994,52.278936517174884,4.062561728258305,10,6,51.526055860948176,9.343987719840593,0.11848592013821509
2025-01-05 11:00:00,0.07802651910514297,50.1273816524611,10.596458252743659,11,6,49.32740570519812,9.675160223440011,0.11861727885741617
2025-01-05 12:00:00,0.09248734893325325,51.78010671392988,9.0473074321812,12,6,48.4862581295169,6.290630202079544,0.1186104808082314
2025-01-05 13:00:00,0.07666585950969657,45.01124655594411,11.461637795691164,13,6,54.60425997620757,8.018779598511834,0.1186199767688274
2025-01-05 14:00:00,0.0962351786536675,50.15052974533986,8.408548763710987,14,6,54.095618652441345,5.504362158311672,0.11896558347236262
2025-01-05 15:00:00,0.10318564006469923,55.19000505209997,10.00217538431378,15,6,61.33028377642802,3.7157306533382224,0.11898570798312762
2025-01-05 16:00:00,0.1234036712593822,57.18040334124453,5.973512991372863,16,6,64.19038924988557,0.9066148596206953,0.1180459957104093
2025-01-05 17:00:00,0.16923038748837474,69.08858641657339,5.32333009272198,17,6,64.74512976484193,0.0,0.11748048765210178
2025-01-05 18:00:00,0.1948506401502322,71.33601369614192,0.0,18,6,69.37203818842633,0.0,0.11785961649363626
2025-01-05 19:00:00,0.22004982018894362,70.83975025675673,0.0,19,6,68.11592744604027,0.033851376794499496,0.11840005640697109
2025-01-05 20:00:00,0.22867230959303053,74.1700367991762,0.0,20,6,64.22062864194265,0.0,0.12000761527774878
2025-01-05 21:00:00,0.1783300977399956,59.71095404634264,3.778490747150847,21,6,58.109404888796334,0.0,0.11961013827322646
2025-01-05 22:00:00,0.14576694541750346,59.40530095328973,6.581854041237089,22,6,55.81360827065139,0.0,0.11971463192865689
2025-01-05 23:00:00,0.1220540123196531,55.73434586747977,0.0,23,6,56.40600504998216,2.652904654046016,0.11915294537501638
2025-01-06 00:00:00,0.11627056669441935,52.00524993555552,0.0,0,0,54.3405606027363,2.089667404597695,0.11991924693339905
2025-01-06 01:00:00,0.10105665208500535,55.91448495558302,0.0,1,0,54.42190415681161,0.0,0.12087895561527429
2025-01-06 02:00:00,0.09487602207138306,51.50927121328868,3.0224731742560738,2,0,53.310067687047095,1.908670558889589,0.12120345738557596
2025-01-06 03:00:00,0.12841480040429668,57.621227630766484,0.0,3,0,56.92556284907693,0.0,0.12218374891159055
2025-01-06 04:00:00,0.10607657360318976,59.80190943801561,10.354171342753542,4,0,61.2552413649958,0.0,0.12194832400025789
2025-01-06 05:00:00,0.11565203406716683,59.37086945821082,0.0,5,0,64.35770796305391,0.0,0.12318410096826661
2025-01-06 06:00:00,0.10577837266819955,55.67152069034638,7.368462839012326,6,0,63.43976854050027,1.6452917036507957,0.1241643018684308
2025-01-06 07:00:00,0.12381057209204506,61.5443275162323,5.041832104715729,7,0,69.92120593305522,6.489303845318291,0.12453101557379977
2025-01-06 08:00:00,0.1252737219526625,67.74589440928314,1.0810746023752156,8,0,63.952041825404855,5.493271990412064,0.12578112583545167
2025-01-06 09:00:00,0.10147883400573639,64.74422028642557,7.431022732158637,9,0,59.70509547829648,7.155007295299297,0.12595728486934624
2025-01-06 10:00:00,0.08449946806555113,53.116166498619904,10.805829622348977,10,0,56.18073773325903,11.122101937904777,0.12633941867221796
2025-01-06 11:00:00,0.09473135115510965,62.88148758287337,8.252683060257638,11,0,55.318774970178005,9.532782334772564,0.12703545334096655
2025-01-06 12:00:00,0.08814850957672075,57.90861133655897,12.292939486933044,12,0,58.494995491300564,7.3840593495802125,0.1268546683677777
2025-01-06 13:00:00,0.08518735696143828,55.20645693358907,11.89691579178599,13,0,59.408193816394856,8.779794636411758,0.12720973076160028
2025-01-06 14:00:00,0.10187553487656002,63.10697997814349,10.193182531501805,14,0,62.33892957676738,9.397973068038464,0.12744474560422078
2025-01-06 15:00:00,0.12507936142478682,61.434817281327824,6.560862683739815,15,0,66.75574037428997,7.636566284195926,0.12835698399422446
2025-01-06 16:00:00,0.16175150036703445,66.2474837185953,0.5677096874285557,16,0,71.35244009194334,0.0,0.12995481020704328
2025-01-06 17:00:00,0.18881698240597208,74.6714034886964,2.1537974479962796,17,0,75.66561367517295,0.0,0.13077091832860985
2025-01-06 18:00:00,0.24474131153680911,83.14467435400101,0.6162263230054517,18,0,80.95892630722481,2.797435768657718,0.13284969630305055
2025-01-06 19:00:00,0.23693251139987642,84.12361793303177,0.0,19,0,81.05198348971696,0.0,0.13355314177017275
2025-01-06 20:00:00,0.23137031752755702,78.59638725526369,0.5923236059697032,20,0,77.2545548341797,0.0,0.13366555876744468
2025-01-06 21:00:00,0.18274534858539546,75.00386840286194,0.0,21,0,69.82101426266247,0.0,0.13384952755266968
2025-01-06 22:00:00,0.17703442586125945,70.97963698894517,0.0,22,0,62.594330853955306,0.0,0.13515233923782619
2025-01-06 23:00:00,0.13415680867782015,59.556535159154684,0.0,23,0,53.611257830209624,0.0,0.13565662241941648
2025-01-07 00:00:00,0.10525986465132381,57.008159482993555,0.0,0,1,56.47953679494764,2.1417996138349276,0.13519784316762082
2025-01-07 01:00:00,0.1349288743018384,52.61822204251815,6.755330867226966,1,1,54.572677507705606,0.0,0.13660918575998887
2025-01-07 02:00:00,0.11830685729342673,56.084523725970094,0.7704142116207847,2,1,56.25033602296932,2.6194906848070225,0.13758547056090736
2025-01-07 03:00:00,0.12577632784158507,54.698606522756535,3.6261583796010957,3,1,60.29277287021656,0.7983709290650718,0.1374755342041277
2025-01-07 04:00:00,0.12826106280144406,58.03576354557975,0.0,4,1,58.94811845052248,0.0,0.13839988792072164
2025-01-07 05:00:00,0.13054192189056496,58.89239238143199,0.0,5,1,66.17123531945826,0.0,0.13902029991336323
2025-01-07 06:00:00,0.10654388615336281,51.78183555073719,2.353196470875682,6,1,62.399375869465445,3.848485838285236,0.13905219630857835
2025-01-07 07:00:00,0.14294026255385525,65.22557898023133,0.15976444889168562,7,1,66.8487259318837,4.869732265334547,0.1398492667444871
2025-01-07 08:00:00,0.13120753053348752,68.00877056516981,3.584357684062369,8,1,65.31891638711724,7.791308383496929,0.14009650876868815
2025-01-07 09:00:00,0.11665226346270441,66.11841406068021,3.044783771063843,9,1,59.783871051405,6.597992304421291,0.14072873499606184
2025-01-07 10:00:00,0.10407036391700308,61.42375856617956,8.497444811600932,10,1,60.52280016444053,10.746951761184018,0.1415441889898723
2025-01-07 11:00:00,0.09205576844149713,64.17440648748345,12.921725411094654,11,1,60.54798922439358,8.402222806245987,0.14143270637680513
2025-01-07 12:00:00,0.0852333346240135,58.48276324854717,12.782499657701306,12,1,62.24789421166255,16.322864991694143,0.14131124075377569
2025-01-07 13:00:00,0.08509026746237244,59.2431091378183,14.745264422664146,13,1,60.76076049918185,4.548291798518631,0.14130719535798125
2025-01-07 14:00:00,0.10402396269382083,63.280554845703136,14.290615390715562,14,1,59.81779039741268,14.284445717417622,0.14139671318370045
2025-01-07 15:00:00,0.15530799137587284,64.77830164047016,0.0,15,1,69.41956872572908,2.0957430567201816,0.14265623943166236
2025-01-07 16:00:00,0.14705449602053947,65.59193240281449,0.5812861757680947,16,1,75.02365288725015,6.022846939999872,0.1420438642505584
2025-01-07 17:00:00,0.2051092823583128,65.73705400016786,0.0,17,1,76.99003800801752,2.3168340264202314,0.14272271008190593
2025-01-07 18:00:00,0.21823130543362845,75.93362311677897,2.2117564363635664,18,1,79.37343623319659,0.0,0.1416181264942734
2025-01-07 19:00:00,0.2552108120734736,81.37822336514927,0.0,19,1,76.49351652848392,1.67852011610367,0.1423797223556733
2025-01-07 20:00:00,0.22414472383092912,76.33046091704473,0.0,20,1,73.27190179757142,0.0,0.14207865595164715
2025-01-07 21:00:00,0.2135216110581306,76.10306380465362,0.0,21,1,70.49687309571014,0.7695788225850453,0.14336100022134443
2025-01-07 22:00:00,0.17432958122318185,68.93782928802977,1.3389974083176304,22,1,66.37198911955102,0.4140284206751136,0.14324829836142453
2025-01-07 23:00:00,0.13474399106306945,67.71575306398674,0.0,23,1,52.41876458219181,0.0,0.14327276429414326
2025-01-08 00:00:00,0.13488317788352377,54.01548896327421,0.0,0,2,53.95790999366791,0.0,0.1445070690121516
2025-01-08 01:00:00,0.10515909388537048,56.47692220754715,0.004536722858873808,1,2,51.901782550487006,0.9544426702322518,0.14326666149479875
2025-01-08 02:00:00,0.11350694426952954,56.69752374068729,4.1956107765406365,2,2,59.11644907068954,0.0,0.14306666511880303
2025-01-08 03:00:00,0.10760747867321527,60.24492654547294,0.0,3,2,58.186753559745604,0.0,0.14230962973678762
2025-01-08 04:00:00,0.0949015915786631,50.98395514049768,0.0,4,2,54.52575211552606,2.6739332265052242,0.14091965176917176
2025-01-08 05:00:00,0.11445218928568093,57.06085243679432,0.0,5,2,61.49976051439953,1.1994813856829505,0.14024924624396826
2025-01-08 06:00:00,0.11339168889662593,64.34408157656168,3.334364547710977,6,2,64.09950498042751,0.0,0.14053457135827088
2025-01-08 07:00:00,0.11418513548391966,69.61329186001953,0.0,7,2,64.45530085137025,2.045599891594071,0.13933644106369023
2025-01-08 08:00:00,0.12209433207743324,66.73540758021993,0.8387541955226236,8,2,66.77729560202305,0.8834701512681207,0.13895672446135462
2025-01-08 09:00:00,0.0982057584811055,63.7680876418015,0.8620622349824316,9,2,63.79210490094759,10.95586300462526,0.13818812008712136
2025-01-08 10:00:00,0.1103064915749885,64.18810999575834,3.3718786706772548,10,2,59.471689914622644,11.306734299423725,0.13844795873953744
2025-01-08 11:00:00,0.09661411822681602,61.71263525600064,6.0144715638731725,11,2,56.216361974271386,6.661046953054134,0.13863788998059237
2025-01-08 12:00:00,0.056616481661703605,56.34874948557558,8.873596224627768,12,2,56.58935614062022,11.197743931626073,0.1374455211071628
2025-01-08 13:00:00,0.0881008676761375,58.91283559812162,5.148125368799358,13,2,60.03933190809822,13.968134905656562,0.13757096278273634
2025-01-08 14:00:00,0.11074699579203827,63.729165646412724,9.058709641090864,14,2,62.717028948594916,2.555552312882165,0.13785108916182873
2025-01-08 15:00:00,0.12056509050299645,69.6807704418724,6.0031334378748085,15,2,68.4672439274589,3.1325012597106827,0.13640346829212555
2025-01-08 16:00:00,0.1608713918226741,70.85522270524598,12.631756412799493,16,2,74.669193538583,0.0,0.13697917228388115
2025-01-08 17:00:00,0.20455039753054782,73.69427581554565,0.0,17,2,74.40665069872273,2.6559228826978685,0.1369558854160576
2025-01-08 18:00:00,0.2134510844900971,77.30066706186862,0.5651780060933375,18,2,77.44012673591199,0.0,0.1367567095434105
2025-01-08 19:00:00,0.2385803901151339,80.74016428730239,0.6090174616433497,19,2,77.40628087789734,0.0,0.13606377529514632
2025-01-08 20:00:00,0.23881901397382677,77.10351370360057,0.0,20,2,76.68328042975254,0.6367705549940266,0.13667520405110037
2025-01-08 21:00:00,0.1957744932105785,74.15944023217682,0.33338339106611237,21,2,70.1658638470525,0.0,0.13593574080745238
2025-01-08 22:00:00,0.16856356605615427,65.0899927005392,2.693580282423505,22,2,63.600071209933105,0.0,0.1356954901754929
2025-01-08 23:00:00,0.16901831499631567,67.75782228987256,0.33772018895241385,23,2,55.77633242501285,0.7693349036668056,0.13712358700604482
2025-01-09 00:00:00,0.09618588541464902,51.32312388390723,4.845620096869432,0,3,54.789079611822785,0.0,0.1355111998198417
2025-01-09 01:00:00,0.11911898090637481,53.60932971380359,0.0,1,3,57.24467166659549,0.0,0.13609286177905022
2025-01-09 02:00:00,0.10245066622562245,55.40252255362263,0.0,2,3,56.318839440565,0.0,0.13563218352722076
2025-01-09 03:00:00,0.11471986571161429,61.82249115341945,5.162696165308305,3,3,59.014327594256585,0.25575256304558736,0.13592853298715407
2025-01-09 04:00:00,0.11723442621844073,55.1041415539626,3.192092166423476,4,3,55.82861413527755,1.684604167013854,0.13685906776381146
2025-01-09 05:00:00,0.08551254335189754,56.40804089541383,1.8917909894320077,5,3,60.02798154385889,1.6330379749623916,0.13565324918323715
2025-01-09 06:00:00,0.10865372460494979,59.877748488573005,4.316253922818107,6,3,65.22709838272144,0.0,0.13545583400441732
2025-01-09 07:00:00,0.13373603365162054,69.98642664580674,0.0,7,3,66.96573370182566,8.897789854542555,0.13627045476140484
2025-01-09 08:00:00,0.10857203682246201,56.979200945268694,7.74016350264961,8,3,69.51695045268303,7.173699614300273,0.13570702579244773
2025-01-09 09:00:00,0.0975881171442815,61.507511913797465,10.73346790533089,9,3,58.16137052935364,7.654572558723111,0.1356812907367467
2025-01-09 10:00:00,0.09896880572620631,70.51698767003337,6.27777254578618,10,3,58.87816877525431,7.043427480828335,0.1352088871597141
2025-01-09 11:00:00,0.09498545494898929,60.83514191515518,18.77567135887338,11,3,57.35535546370417,15.48072025707424,0.13514102618980467
2025-01-09 12:00:00,0.08003731996450933,53.97204760414814,10.598273740456678,12,3,58.343062008716956,16.180958356800133,0.1361168944524216
2025-01-09 13:00:00,0.10299224014640412,57.73324724091688,1.8986497974741976,13,3,63.429532233994124,13.808528998041714,0.13673736830534935
2025-01-09 14:00:00,0.10527948777287031,60.178865602834264,9.917675120169397,14,3,65.39538547679378,7.348136274992979,0.13650955547121735
2025-01-09 15:00:00,0.12614275749477005,66.35043503501478,4.488662231900015,15,3,65.28239077735101,5.919020890378138,0.13674195826254126
2025-01-09 16:00:00,0.17472097630050856,74.37682582944794,9.03300964187305,16,3,76.63208282549218,6.740070671064737,0.13731902428245105
2025-01-09 17:00:00,0.1888575959603765,74.80792931103193,4.482973226260725,17,3,80.49696625873429,0.0,0.13666515755036057
2025-01-09 18:00:00,0.23897161788784224,75.75791764027115,0.0,18,3,79.49417702340322,1.5156472168471256,0.13772851310859993
2025-01-09 19:00:00,0.2506802576855166,81.48669810371973,5.258581713920136,19,3,74.24966888850116,0.6362138470291202,0.13823267425736588
2025-01-09 20:00:00,0.23637969454730579,75.25079075429635,3.2880795709275867,20,3,73.2608852687206,5.3725498879935625,0.1381310359479275
2025-01-09 21:00:00,0.20055621252746136,70.25744323286297,0.0,21,3,69.4241853075808,4.021717807842677,0.13833027425279762
2025-01-09 22:00:00,0.20205685100292997,62.85502094150006,0.0,22,3,65.61187387263182,0.0,0.1397258277922466
2025-01-09 23:00:00,0.14641862920444074,58.61036098342226,1.809208767674281,23,3,51.44058355842373,4.270141687609649,0.13878417421758515
2025-01-10 00:00:00,0.11500549879220309,52.11285464132385,0.0,0,4,53.46364238205642,0.0,0.13956832477498324
2025-01-10 01:00:00,0.11096793984083747,51.23292422074896,0.0,1,4,57.2960210719181,0.0,0.1392286980639192
2025-01-10 02:00:00,0.10241504678453975,56.10234513663445,0.12853759892569444,2,4,58.46462740926943,0.0,0.13922721392054074
2025-01-10 03:00:00,0.1271555038357378,51.62301142527741,0.0,3,4,57.32754610095485,0.4127515759890863,0.1397453655090459
2025-01-10 04:00:00,0.099499574169197,46.40675906914939,0.0,4,4,60.84608005746617,0.0,0.1390064133403274
2025-01-10 05:00:00,0.12525751317098116,55.208537951539334,0.8369720181621316,5,4,62.56068929619231,0.0,0.14066245374945588
2025-01-10 06:00:00,0.13355892019391213,60.14017588147112,0.0,6,4,66.61388935581698,0.0,0.1417001702323293
2025-01-10 07:00:00,0.12858776192456747,62.750281478398776,0.0,7,4,66.2787200048914,2.7582053951391203,0.14148565891036877
2025-01-10 08:00:00,0.11917019318709839,70.85095442841587,0.0,8,4,65.6859347692479,7.81428767001913,0.14192724875889529
2025-01-10 09:00:00,0.11036437539224463,62.76270149308618,1.3880007861557715,9,4,59.34307074409509,11.684167571485363,0.14245959285256043
2025-01-10 10:00:00,0.07020681996901318,64.60558301309877,10.258423544842882,10,4,60.3983579420656,12.336693557234273,0.14126117677934405
2025-01-10 11:00:00,0.09094027834745685,58.893339091141705,8.999325229944025,11,4,55.0162578764017,11.325864831377507,0.1410926277542802
2025-01-10 12:00:00,0.09670639984301388,57.385588450019846,9.217911674176895,12,4,59.319181045975846,5.49543616311185,0.14178717274921787
2025-01-10 13:00:00,0.08779559975916099,55.20393198970095,5.17174756497025,13,4,59.09480904759235,6.355373274257989,0.1411539793997494
2025-01-10 14:00:00,0.09668861816891422,59.784670636497175,6.470708624490397,14,4,64.39257498618316,6.604716657756802,0.1407960264995846
2025-01-10 15:00:00,0.11880618239079076,61.204290772183626,8.47514941055599,15,4,66.59459010934027,7.757089329443588,0.14049033587025211
2025-01-10 16:00:00,0.17525622099141006,69.04426135616887,4.878851205584911,16,4,72.56711168626305,1.0606554878061716,0.140512637732373
2025-01-10 17:00:00,0.19233070549801792,72.81832923668115,5.4992066679809,17,4,78.23094617881202,0.0,0.14065735062977472
2025-01-10 18:00:00,0.24231761958604894,74.47219495383801,3.377822042440702,18,4,80.48645528564603,4.055206901899692,0.1407967673672
2025-01-10 19:00:00,0.2338996827767159,82.1518539061859,0.0,19,4,79.68254586871396,0.0,0.14009757674599999
2025-01-10 20:00:00,0.23328324174209408,78.86085305046458,0.0,20,4,71.27374002248659,0.0,0.13996855787911616
2025-01-10 21:00:00,0.19940476662838083,72.14008660091119,0.0,21,4,65.49422782252306,0.6365389354703878,0.13992058096665447
2025-01-10 22:00:00,0.2024927885065221,68.9620712124122,0.0,22,4,61.677923312149126,0.0,0.13993874502930415
2025-01-10 23:00:00,0.15331211112248994,63.36030390715578,0.0,23,4,43.85825547776293,0.0,0.1402259734425562
2025-01-11 00:00:00,0.11853688005113591,43.21318092391091,0.0,0,5,49.143502116981416,0.001030109125646281,0.14037311432834507
2025-01-11 01:00:00,0.08894952030182712,46.235432192491345,0.24413299478220146,1,5,48.788397225227754,0.0,0.1394556801808863
2025-01-11 02:00:00,0.11132938708176784,44.12074341588362,8.506060859566484,2,5,44.47585658377761,0.0,0.13982711102660414
2025-01-11 03:00:00,0.09440765402912515,43.44530177616188,0.0,3,5,50.89510219002745,0.0,0.13846261728466194
2025-01-11 04:00:00,0.10300152339056204,42.28162856100755,0.0,4,5,52.118045699489194,0.0,0.13860853183555213
2025-01-11 05:00:00,0.08162358807138147,48.40950488113387,0.0,5,5,49.39891382038277,2.6741835090058035,0.13679045162306883
2025-01-11 06:00:00,0.10180559635756434,54.47242564707945,4.351903692645298,6,5,53.63524796172677,0.0,0.135467396463221
2025-01-11 07:00:00,0.0815023410226393,53.47280269100858,5.738640292058122,7,5,53.67794853227157,2.54284600851545,0.13350550392564067
2025-01-11 08:00:00,0.10477904998837055,65.06273605176385,7.991712941315809,8,5,55.5608671742359,10.114238050478333,0.132905872959027
2025-01-11 09:00:00,0.06935706402091565,58.568224556732076,12.073093650819002,9,5,52.829444961206995,10.551621417535815,0.13119723498522162
2025-01-11 10:00:00,0.08436220109356703,56.968477137606726,7.4618544781157246,10,5,49.9931558865526,10.235352681510124,0.13178704253207804
2025-01-11 11:00:00,0.08859122080817877,52.506853830988355,8.932385582120858,11,5,44.47550156771621,5.560352573607484,0.13168916513460813
2025-01-11 12:00:00,0.0784768473627016,54.458124274207464,16.327861767973474,12,5,46.03066382797529,8.294941726311945,0.13092960044792842
2025-01-11 13:00:00,0.05880607568832276,46.3667353491344,12.20539631188649,13,5,51.501077655437804,8.352310042550174,0.1297217036116435
2025-01-11 14:00:00,0.0606749830699502,42.7864082696799,1.190272844842986,14,5,55.905036132787494,6.911959131990646,0.12822113548252
2025-01-11 15:00:00,0.10861333908400633,53.232989213758,8.905681725981928,15,5,55.46855374032617,8.36761594741344,0.12779643367807067
2025-01-11 16:00:00,0.16163958027534556,61.29447577453824,3.135700240491511,16,5,62.02005680764329,8.261061055919264,0.12722907364823463
2025-01-11 17:00:00,0.16134315287987314,65.06717515290235,5.820641026626445,17,5,70.54782340212219,1.72158992790095,0.1259379256224786
2025-01-11 18:00:00,0.23005294433027387,69.38450947737991,1.428666642970609,18,5,67.53707836689959,0.0,0.12542689748682131
2025-01-11 19:00:00,0.22073140828103813,74.21269680991946,0.0,19,5,68.47355796502008,3.4003573028510483,0.12487821938283473
2025-01-11 20:00:00,0.18509591980413562,69.72554053490788,0.9409055967341712,20,5,61.942793370253945,0.0,0.12287041430208646
2025-01-11 21:00:00,0.1681361433097408,67.13840150068951,0.7371970453806265,21,5,61.16745015185105,0.0,0.12156755499714313
2025-01-11 22:00:00,0.16110203688904648,56.49788547020224,1.2721187026267529,22,5,50.60256363728703,0.0,0.11984294034641498
2025-01-11 23:00:00,0.12646707794064826,51.13126895270261,2.0143509816965803,23,5,45.38677297746893,0.0,0.11872439729717159
2025-01-12 00:00:00,0.11171159267758793,51.16085554272309,5.23588085937606,0,6,47.89667618187167,0.0,0.11844001032327374
2025-01-12 01:00:00,0.07862225456256758,46.338948237985576,1.4486114636500445,1,6,47.33425730710961,0.0,0.11800970758413792
2025-01-12 02:00:00,0.09442037454947246,44.11986671013092,0.08014461166062574,2,6,45.5470843748208,0.0,0.1173051653952923
2025-01-12 03:00:00,0.09307274629850348,44.48684673668676,4.017886439658787,3,6,46.08333879823406,0.0,0.11724954423984972
2025-01-12 04:00:00,0.09124548197932796,45.40350909450935,7.849592532564187,4,6,49.097474428851015,0.0,0.11675970918104832
2025-01-12 05:00:00,0.08825932818139229,47.294598611002144,3.202747639588312,5,6,50.085636436715774,0.0,0.11703619835229877
2025-01-12 06:00:00,0.09098825869629956,48.55826563397116,0.7217214438283156,6,6,55.501916861380124,0.3469689236495235,0.11658547594974605
2025-01-12 07:00:00,0.09534337452726244,50.90058640060665,4.250585644285951,7,6,56.83693537332985,8.114784607587984,0.11716218567910536
2025-01-12 08:00:00,0.09844940863930933,56.37867329425555,6.183107058466966,8,6,54.904351018057916,7.9519986954301345,0.11689845062289446
2025-01-12 09:00:00,0.09041467833532031,53.84288674590939,7.541696363288408,9,6,54.80153500792036,13.650677256253925,0.11777585121932799
2025-01-12 10:00:00,0.09545642477581857,56.34374949240308,16.735370683339333,10,6,47.82732801055331,8.940268577137276,0.11823811053942179
2025-01-12 11:00:00,0.06102853421519368,50.9061405486978,7.591923819818986,11,6,45.1264005857817,16.57813340277745,0.1170896652647141
2025-01-12 12:00:00,0.0501659984007143,49.38419199654492,14.616078199995576,12,6,47.84072201582088,10.22066649155863,0.11591004655796462
2025-01-12 13:00:00,0.08581705693606774,46.51337545796363,9.773111330474492,13,6,51.23498225358222,7.677571047366878,0.117035504109954
2025-01-12 14:00:00,0.07375720953468892,50.59969603918291,3.9758056775814676,14,6,54.45335371288562,14.221342288893652,0.11758059687931811
2025-01-12 15:00:00,0.10210053824581518,55.82201375799917,6.8177698072789905,15,6,59.21207136678815,0.16713692893336507,0.1173092301777268
2025-01-12 16:00:00,0.13559420680172823,61.806221765758025,3.3732384824343615,16,6,62.33581088316905,1.1892285847868203,0.11622400628299277
2025-01-12 17:00:00,0.16559166006072282,64.2880860643414,4.758249334556546,17,6,66.54413622308415,0.0,0.11640102741552817
2025-01-12 18:00:00,0.19107194560175597,71.96241228201181,0.3195507793049989,18,6,69.01531150546633,0.0,0.11477681913517324
2025-01-12 19:00:00,0.20977986953210273,70.01756965577263,0.0,19,6,67.37478071051312,0.0,0.11432050502063427
2025-01-12 20:00:00,0.21350533906197047,71.04628614177581,5.1485276972140035,20,6,66.78427032926423,1.7269200118071013,0.11550423082304406
2025-01-12 21:00:00,0.17962342897481348,63.020572130804304,3.8154690156650353,21,6,60.038537016989004,0.0,0.11598286772575543
2025-01-12 22:00:00,0.15085019404576236,53.710422537002756,5.551194362337405,22,6,53.5776208389166,0.0,0.11555570760728524
2025-01-12 23:00:00,0.12451447977178975,55.50149658574454,0.8293763242384071,23,6,57.19016061102459,2.497365192402985,0.11547434935024947
2025-01-13 00:00:00,0.12815528979192622,57.32117149782131,0.0,0,0,55.913064009352,1.2973664609540632,0.11615950339668026
2025-01-13 01:00:00,0.10829856586366476,56.861618294006554,2.4624616891651736,1,0,52.40355639747557,1.1589757526936644,0.1173960163675593
2025-01-13 02:00:00,0.0911653902856621,56.469640920465736,0.0,2,0,48.99640698698816,3.3986998043644805,0.11726039202323385
2025-01-13 03:00:00,0.1177001649671283,54.364274331688954,0.45520844151942635,3,0,53.83267741859667,4.5064038500171195,0.1182865344677599
2025-01-13 04:00:00,0.12307383207019229,53.90355858583326,0.0,4,0,59.75758022184645,0.0,0.1196127157215459
2025-01-13 05:00:00,0.11347298822212178,60.33324144599631,0.0,5,0,63.45175221817448,1.3529676557864843,0.12066328488990963
2025-01-13 06:00:00,0.13648190179542743,63.03341384084472,0.4460942669367532,6,0,61.38591396503025,2.036690605188294,0.1225588533523733
2025-01-13 07:00:00,0.11004530284546904,62.9114981037194,1.2555128853696471,7,0,67.32441924099817,4.996363241849838,0.12317143369896523
2025-01-13 08:00:00,0.12967075880545847,69.55728821487165,4.558121233283331,8,0,65.98617272596266,3.4145986041555787,0.12447232328922146
2025-01-13 09:00:00,0.1270194723118293,61.91952339108971,8.919976136606607,9,0,64.59536681673086,7.875836573064187,0.12599752303824266
2025-01-13 10:00:00,0.0945441970724147,59.93800847356058,13.819157882537617,10,0,60.87352705696866,9.261939524514261,0.12595951355060084
2025-01-13 11:00:00,0.09646044825844133,64.20929944444437,7.474930516385047,11,0,60.24338386300757,14.818818562960816,0.12743584330240282
2025-01-13 12:00:00,0.08832106797509158,60.31908112775127,9.636153861742041,12,0,58.87253609206807,7.210776101459057,0.1290256378680019
2025-01-13 13:00:00,0.10913535902078528,56.75017448999398,7.767836396043633,13,0,60.901274255987026,2.6860180713350994,0.12999723378819844
2025-01-13 14:00:00,0.1097403994404471,60.911048747245566,6.459659856287958,14,0,62.996684558563985,7.629647616876196,0.13149653336760503
2025-01-13 15:00:00,0.15398128763660585,64.16658891556223,5.565737524057564,15,0,70.15935163215285,1.8881101438429395,0.13365823125888798
2025-01-13 16:00:00,0.15487083257228915,59.73287453745723,4.719477817494213,16,0,70.92816997480615,2.4080828179262257,0.134461423999328
2025-01-13 17:00:00,0.18366123024924455,70.6922667775927,4.8494478055424715,17,0,77.23630483735185,1.8501159847661774,0.13521432275718306
2025-01-13 18:00:00,0.2181555596785748,77.350950520132,1.1215601767469348,18,0,80.07621445062392,0.0,0.13634280667705054
2025-01-13 19:00:00,0.23719120876404684,77.85529064898479,0.0,19,0,80.33004859175172,0.0,0.13748494581171486
2025-01-13 20:00:00,0.201094521821392,78.30434707668395,4.529561133710036,20,0,72.63666635002178,0.0,0.13696782842669078
2025-01-13 21:00:00,0.20066706812810708,77.2068861064303,3.3054430726696324,21,0,70.44831092140375,2.3727178413380097,0.13784464672474467
2025-01-13 22:00:00,0.17068954062625402,67.48623430583721,0.0,22,0,63.25283413539766,0.0,0.1386712861655985
2025-01-13 23:00:00,0.14665112840612923,60.26269598319948,4.284388121718462,23,0,56.976918999249705,2.0397493588597615,0.13959364652536263
2025-01-14 00:00:00,0.1381998270392561,56.04232643380392,1.1442844440869668,0,1,53.420469251565294,0.0,0.14001216891066803
2025-01-14 01:00:00,0.11463552841947779,53.97797879562183,0.0,1,1,56.573253377368616,1.685797402883775,0.14027620901716023
2025-01-14 02:00:00,0.09029515480236543,54.621907032052306,1.2532801556775928,2,1,55.29174371161538,0.0,0.14023994920535623
2025-01-14 03:00:00,0.1035734651155912,54.54874335227153,0.0,3,1,54.11761084915351,1.519029022441851,0.13965133671154217
2025-01-14 04:00:00,0.12486302948909168,63.66169418131078,1.9077752906849226,4,1,58.263782388322305,0.0,0.13972588660399635
2025-01-14 05:00:00,0.11171107169102074,51.400123980679254,0.6556043309590853,5,1,64.31487118186686,0.27035194002938645,0.13965247341520046
2025-01-14 06:00:00,0.13942635353017174,60.428780249802244,0.0,6,1,62.670631985937646,5.548567737664483,0.13977515890414813
2025-01-14 07:00:00,0.13481578840319497,64.69723694316126,0.0,7,1,63.04116256451913,3.2328436021147424,0.14080726246905337
2025-01-14 08:00:00,0.12391735074223792,63.51014146496864,7.377046477525482,8,1,65.54484471498938,7.753155409444785,0.14056753713308587
2025-01-14 09:00:00,0.11158831371830757,67.62680233126902,6.515505258591724,9,1,58.4523537119516,10.430786864531088,0.1399245721916891
2025-01-14 10:00:00,0.11328004346165749,64.41037448841122,12.304358134297425,10,1,62.10211531756279,9.849593207575314,0.14070523245790756
2025-01-14 11:00:00,0.07814270193633212,58.82259061660418,12.372687528562903,11,1,60.61860628761483,13.070825413774784,0.13994199302781968
2025-01-14 12:00:00,0.0973548716354339,56.6761295407194,9.846990431581451,12,1,59.97503155509463,11.610323949186157,0.14031840151366728
2025-01-14 13:00:00,0.08222444944552497,57.54020903012045,14.267283479368555,13,1,59.971633129755816,7.957744889809739,0.13919711361469808
2025-01-14 14:00:00,0.08243998779103168,59.658779815529684,10.298490816967062,14,1,67.00324369948528,11.353347844985958,0.13805959646263913
2025-01-14 15:00:00,0.13179592250098698,63.42312667389997,8.396048698768599,15,1,71.21240048150895,7.105216733175794,0.137135206248655
2025-01-14 16:00:00,0.1761483308500753,67.91990841134755,5.0485201816427425,16,1,72.5302123538464,0.5043374513228462,0.13802176867689608
2025-01-14 17:00:00,0.18643226552317546,74.40348785341966,8.755971070491883,17,1,80.3939983797165,0.0,0.13813722847997653
2025-01-14 18:00:00,0.24760799849381715,79.92660493314736,0.0,18,1,77.17576700174263,0.0,0.13936441343061165
2025-01-14 19:00:00,0.21378762148976374,75.06228153247561,0.0,19,1,77.12221963444766,1.2529390039585877,0.13838926396084986
2025-01-14 20:00:00,0.21160824945123496,74.154161022497,0.0,20,1,70.00828140763808,0.0,0.13882733594542662
2025-01-14 21:00:00,0.19616118350479866,67.99995164146615,2.5435587706357707,21,1,68.80966297650724,0.0,0.13863959075278878
2025-01-14 22:00:00,0.1754780008265723,71.29028712869058,0.0,22,1,63.06084096840552,0.0,0.13883910992780205
2025-01-14 23:00:00,0.14424063534672973,64.4508924998186,0.0,23,1,54.09929020747885,0.0,0.13873867271699372
2025-01-15 00:00:00,0.11822464517283916,56.62054614229874,0.0,0,2,54.692754116533216,0.0,0.1379063734725597
2025-01-15 01:00:00,0.10388680762778418,50.449668065021,0.21952670621835763,1,2,53.963108701617,0.38444350458380566,0.13745851010623913
2025-01-15 02:00:00,0.11652477419851844,60.83403319264414,0.0,2,2,55.56665650284979,0.0,0.13855141091441217
2025-01-15 03:00:00,0.1168676997182892,53.53498531224154,0.0,3,2,59.055840369153174,0.0,0.13910533735619127
2025-01-15 04:00:00,0.10737621030426077,57.026960768776945,1.6019641308747017,4,2,56.447560942742385,0.0,0.13837671989015662
2025-01-15 05:00:00,0.11988369448411729,61.30529749478877,0.0,5,2,63.39739253024676,0.0,0.138717245839869
2025-01-15 06:00:00,0.10728215869840718,58.51400248602459,2.9894822439208273,6,2,65.14041521748963,0.0,0.13737790438854544
2025-01-15 07:00:00,0.09870642781517447,62.961692842740895,8.385443906023305,7,2,66.75893927157617,9.746761307557026,0.13587334769737794
2025-01-15 08:00:00,0.12728463732545772,66.58403608374164,5.086694923830513,8,2,64.68683090789447,12.887857026385424,0.1360136513050121
2025-01-15 09:00:00,0.13491354489603527,73.89216247469088,12.55476462022019,9,2,60.37403866721634,8.48110400161291,0.1369855359374174
2025-01-15 10:00:00,0.11381080618312743,62.77243805838015,9.72107048507286,10,2,59.866021755343816,7.7943037488477,0.137007651050812
2025-01-15 11:00:00,0.09400663924140391,64.1166500425311,16.53448014612131,11,2,58.58085311741156,13.71584327182438,0.13766864843852333
2025-01-15 12:00:00,0.08288299409630828,61.40132858717878,9.726193992810025,12,2,56.2984211779811,12.595754683973036,0.13706565354105976
2025-01-15 13:00:00,0.09358739381807013,59.07699198118949,2.6600497563398395,13,2,57.317956974522964,15.055254477433927,0.13753910955658247
2025-01-15 14:00:00,0.11044315754323174,56.8295596027298,9.52627684910137,14,2,63.845425248999184,14.001556886887156,0.13870590829625748
2025-01-15 15:00:00,0.09535377331382613,67.06602088326606,13.984410483636061,15,2,70.03183618885731,0.0,0.13718748541345913
2025-01-15 16:00:00,0.14834187060354995,63.728441407672854,7.533867308394592,16,2,75.60671911175436,6.17484327295365,0.13602888290318724
2025-01-15 17:00:00,0.2120657361574386,78.71933940723599,1.1269654827678384,17,2,79.92386173709752,0.0,0.13709694417961485
2025-01-15 18:00:00,0.21227496615577957,78.15723227674191,1.1511540924965624,18,2,79.74278463777831,1.537447461568876,0.13562473449886328
2025-01-15 19:00:00,0.23079764102369138,70.51928761818219,3.3989369345839346,19,2,76.99074910513126,2.1779753482595194,0.13633348531277692
2025-01-15 20:00:00,0.23276703347992905,76.42755496068648,0.0,20,2,73.59178931762499,2.06056106568785,0.13721510131397255
2025-01-15 21:00:00,0.18150988000065785,75.68873132751214,9.192365298698329,21,2,66.0323508623003,2.801035028516568,0.13660463033463333
2025-01-15 22:00:00,0.17744084566929355,67.7602280185643,0.0,22,2,62.28545602547972,0.0,0.1366864155364134
2025-01-15 23:00:00,0.1428159782579808,65.93876552153385,3.5087875271566187,23,2,54.896309854859076,0.0,0.13662705482438217
2025-01-16 00:00:00,0.11460909397752708,52.28272378988923,2.6667803276862987,0,3,54.48989563517482,3.323356758355698,0.13647640685791082
2025-01-16 01:00:00,0.11888124586375944,50.84402987011846,0.0,1,3,55.30532882145221,0.0,0.13710117511774314
2025-01-16 02:00:00,0.11967838912171497,54.89268494493006,0.0,2,3,52.73274477023338,5.211916388430123,0.13723257573954298
2025-01-16 03:00:00,0.1128828055754717,55.58342938888911,3.5633452661777767,3,3,54.18487461782777,0.0,0.13706653848359227
2025-01-16 04:00:00,0.11829433721634708,55.372983297876196,0.5067576066148443,4,3,60.121565001207635,0.0,0.13752146043826252
2025-01-16 05:00:00,0.10705229209974639,62.4977092851277,1.1832510435454546,5,3,60.004759392809355,0.0,0.13698681867224707
2025-01-16 06:00:00,0.11808587074564154,58.95078513938173,0.0,6,3,63.356677782495204,0.0,0.13743697334088184
2025-01-16 07:00:00,0.10945491214757853,65.71117176869963,5.296084540034267,7,3,66.19986889354033,1.4888356668354445,0.137884826854732
2025-01-16 08:00:00,0.12842737013537997,66.22730134799713,6.801266323923912,8,3,62.88498524547009,10.750092819225832,0.1379324407218121
2025-01-16 09:00:00,0.11307462907415011,59.76586862162305,7.9727111707106175,9,3,64.0206097716699,5.222385624804962,0.13702248589590021
2025-01-16 10:00:00,0.10243482840740874,57.58705332876914,11.301615791731983,10,3,56.46174514271955,18.251541417319203,0.13654848682191195
2025-01-16 11:00:00,0.11225507215760253,59.01352064776313,9.764223521986693,11,3,57.54533353598966,11.327901980455128,0.1373088381934202
2025-01-16 12:00:00,0.08930880081510677,63.882125553617506,9.51979597567769,12,3,56.40130083967181,8.314321589664836,0.1375765801400368
2025-01-16 13:00:00,0.08342763621843641,59.75213429773792,10.349886136184681,13,3,60.30647209814542,11.215105345439394,0.13715325690671873
2025-01-16 14:00:00,0.09227066958873473,54.47206566673985,8.413783146911175,14,3,62.67899163645437,1.3030550659765074,0.1363960699086147
2025-01-16 15:00:00,0.09542316722441867,53.720358555520534,15.828249713605857,15,3,68.47420180589911,4.861737278337403,0.13639896132155604
2025-01-16 16:00:00,0.1401034238600736,70.86727703381531,8.987274920587488,16,3,76.0382118783357,2.425133436190333,0.13605569270724455
2025-01-16 17:00:00,0.20640497420501033,73.28776690135376,0.0,17,3,76.14143343020211,0.0,0.13581982762589337
2025-01-16 18:00:00,0.20622791240688074,81.16837742813136,7.12703600791295,18,3,77.60757323961715,0.0,0.1355678670530226
2025-01-16 19:00:00,0.2218784968075404,76.18081665851444,0.0,19,3,76.88448371793112,4.272864712412947,0.1351962360440163
2025-01-16 20:00:00,0.22912884045186013,78.63696549319035,0.10309378612499584,20,3,76.54324809738078,0.5131006451957024,0.13504464466784674
2025-01-16 21:00:00,0.20068077613738494,76.3029644175026,3.14096018225962,21,3,68.33833008196144,1.118508544403594,0.13584343200687704
2025-01-16 22:00:00,0.18635064042785235,67.08593180528551,0.0,22,3,66.11826318040109,0.0,0.13621467345515034
2025-01-16 23:00:00,0.15080726327650945,62.28638413686971,0.0,23,3,54.64631165058877,0.0,0.1365476436642557
2025-01-17 00:00:00,0.1054993178099223,55.08097555526696,0.0,0,4,57.39978087879651,0.0,0.13616806965727216
2025-01-17 01:00:00,0.12769863874267368,56.757071141215384,0.7177802784044719,1,4,55.93342671452266,0.0,0.1365354610272269
2025-01-17 02:00:00,0.12252153448757123,55.07277478942781,1.295173891429049,2,4,56.58888550916011,0.0,0.13665392541747093
2025-01-17 03:00:00,0.10165635321453169,58.59654090357527,0.0,3,4,53.613610293480825,0.0,0.13618615656909844
2025-01-17 04:00:00,0.1179958099767399,55.00695398480465,0.0,4,4,55.399416004220996,0.0,0.1361737179341148
2025-01-17 05:00:00,0.10185857997348462,54.31684632757426,3.7279598042240574,5,4,63.80918513306665,1.8178088618797024,0.1359573132621872
2025-01-17 06:00:00,0.11754675602981976,67.99510328697242,1.0552007561691334,6,4,66.82191802245026,2.7065655220465694,0.13593485014902798
2025-01-17 07:00:00,0.14058637663914386,62.77154723748382,3.216970413667309,7,4,70.85004128532492,4.199538744364172,0.1372319945028432
2025-01-17 08:00:00,0.11585008060183943,64.18811614156027,6.4521622706044575,8,4,61.77278701468963,10.27165903886271,0.13670794077227902
2025-01-17 09:00:00,0.10018784950414422,64.53412241021104,14.818424795359864,9,4,62.776882123372154,5.675095417079174,0.13617099162352878
2025-01-17 10:00:00,0.10014083823899474,62.02026283658465,10.883413970070489,10,4,56.925096821580986,7.7027751081984075,0.13607540869984483
2025-01-17 11:00:00,0.10100588421048874,57.73535110898853,9.664226415109638,11,4,56.05841667333934,14.997741963483966,0.1356066925353818
2025-01-17 12:00:00,0.08278304396924649,57.48383045676592,5.187733590849235,12,4,56.89131193398236,17.852735801325778,0.13533478600013762
2025-01-17 13:00:00,0.08556582640502917,57.7685651282751,6.44601537336727,13,4,60.75614055822907,12.194889405144338,0.1354238772579123
2025-01-17 14:00:00,0.11024206506675713,60.55085232285279,8.644464417846955,14,4,62.343201586905344,9.713214297820448,0.1361726854028299
2025-01-17 15:00:00,0.09956713214675464,56.12729386432653,8.013494350164581,15,4,68.58615128952566,4.305411266649511,0.13634535060792724
2025-01-17 16:00:00,0.1789433842838612,74.53764308780995,3.9899400918581343,16,4,75.2570518909,1.507163288895415,0.13796368229225173
2025-01-17 17:00:00,0.17522248839260762,73.12166081259694,4.3009867981458445,17,4,79.76960632829646,0.6363539196971636,0.13666441205006827
2025-01-17 18:00:00,0.22535070293195542,79.37165207711206,0.0,18,4,80.38162601286784,3.844114917150981,0.13746119498861306
2025-01-17 19:00:00,0.2139971595322043,74.58652308106569,0.0,19,4,78.41735503231837,1.1943205945429352,0.13713280593547403
2025-01-17 20:00:00,0.2130027519363203,76.00641803322901,2.144253423750945,20,4,73.30927534632302,2.6822824639293077,0.13646088558065989
2025-01-17 21:00:00,0.214685756631952,71.44113193277163,4.792880739073047,21,4,67.37728503083963,0.0,0.1370444264346002
2025-01-17 22:00:00,0.1943886396781878,73.21826486315712,0.0,22,4,64.72521439279065,1.727390821140804,0.13737934307003083
2025-01-17 23:00:00,0.16253079334289955,61.77258778891782,0.8530055229773413,23,4,43.89387287632978,0.0,0.13786782348946372
2025-01-18 00:00:00,0.07903365394951391,48.42154694725303,0.0,0,5,46.25432077040456,0.3924249860184126,0.13676508749528005
2025-01-18 01:00:00,0.08038707786452585,43.93471787696073,0.0,1,5,43.96284549960096,1.7242984376552095,0.13479377245869056
2025-01-18 02:00:00,0.09707690779748068,44.66581949026593,0.0,2,5,46.3927527426539,0.0,0.1337335796799368
2025-01-18 03:00:00,0.1015754234439954,45.68954858739534,3.9721865133201772,3,5,45.3732825707682,0.0,0.13373020760616444
2025-01-18 04:00:00,0.0899564995244369,51.589007489605535,0.0,4,5,48.76214040194897,1.0152684212174163,0.13256190300398515
2025-01-18 05:00:00,0.08590355833462913,43.51573896945246,0.0,5,5,51.312432574330586,0.0,0.13189711043569952
2025-01-18 06:00:00,0.08225584499870899,48.45421522542468,0.12630548663057403,6,5,54.10881562896535,3.5274210763356697,0.1304266558094032
2025-01-18 07:00:00,0.11269107351146465,49.47055515750486,3.2760490125959474,7,5,56.82797326659421,7.918103225449572,0.12926435151241658
2025-01-18 08:00:00,0.08911594058025582,53.52268051951305,3.3301404200771945,8,5,50.89264652584254,12.25613322243957,0.12815042901151727
2025-01-18 09:00:00,0.08645812139481358,53.143129367119926,15.547507751655996,9,5,49.19588218578888,12.384721842929062,0.12757835700696185
2025-01-18 10:00:00,0.08198830989560468,47.634499765895285,9.598807203022298,10,5,51.575720536226896,13.231421889742249,0.1268220016593206
2025-01-18 11:00:00,0.08871132180434405,47.619022469076725,12.139536078269412,11,5,48.83013300531329,10.755145212445893,0.12630972822573122
2025-01-18 12:00:00,0.06047660203918222,42.088089081308446,10.749972767450533,12,5,47.44462754185808,10.770835930221331,0.12538029314531188
2025-01-18 13:00:00,0.08763260629412722,45.633796846081296,13.28188910733526,13,5,52.934793695825334,11.800188099170935,0.12546640897402428
2025-01-18 14:00:00,0.06811097107653508,54.82833224939147,14.849930467890513,14,5,53.388455286467924,7.578635955205966,0.12371094672443171
2025-01-18 15:00:00,0.1166386472118098,55.95829205127809,14.418555205575668,15,5,58.35500876769319,7.339107995967453,0.12442225985214234
2025-01-18 16:00:00,0.1206269454140755,60.11429194962955,3.410170711294958,16,5,63.0217693590015,0.8625281325896026,0.12199240823256795
2025-01-18 17:00:00,0.16678991241210325,61.379648529107,6.999039490625716,17,5,72.32245372962366,5.4021788902825945,0.12164105090004691
2025-01-18 18:00:00,0.21810336066898567,63.593744319231234,1.9238828684285645,18,5,70.46220733641154,0.5422987303410914,0.12133907830575652
2025-01-18 19:00:00,0.21789953052054178,66.34670442555752,3.4108781331102715,19,5,68.9005971108836,0.3584145462353436,0.12150167709693725
2025-01-18 20:00:00,0.21324141865020127,68.37090391645198,0.0,20,5,65.52090116953175,0.0,0.12151162154334894
2025-01-18 21:00:00,0.1752507863289188,67.36626489341492,0.0,21,5,55.805286327793205,5.3564580805069415,0.11986849778072256
2025-01-18 22:00:00,0.1469425451838502,62.39828104485544,3.2750012599989775,22,5,53.454730887574556,0.0,0.11789157717679183
2025-01-18 23:00:00,0.14524737694483064,56.66070738403194,3.3414237711970047,23,5,46.89944564623851,0.0,0.11717143482687231
2025-01-19 00:00:00,0.09866804029980551,43.62928995813597,5.480021973516602,0,6,46.001627291547706,2.390056790019125,0.11798953425813445
2025-01-19 01:00:00,0.10407623000619225,46.08840372331638,0.6949164440767126,1,6,50.51881843190969,0.6710380514334026,0.11897658226403722
2025-01-19 02:00:00,0.09396364765642402,45.07968493514803,0.0,2,6,45.39870690002032,0.0,0.11884686309149319
2025-01-19 03:00:00,0.09043611856064437,45.82528280696299,0.0,3,6,49.360850111681415,0.0,0.11838272538802024
2025-01-19 04:00:00,0.11115488910985188,53.99329328813184,0.0,4,6,51.16905699327905,0.0,0.11926599162074586
2025-01-19 05:00:00,0.09596285133862784,43.91864765404593,0.0,5,6,52.94376133873944,0.285991056868115,0.1196851288292458
2025-01-19 06:00:00,0.09737174072502228,51.9071537254603,0.0,6,6,56.34451950570285,7.573054611346672,0.12031495781784218
2025-01-19 07:00:00,0.08313050362352745,59.573309124848635,6.072344702401608,7,6,56.416067438304786,7.92059413957277,0.1190832674058448
2025-01-19 08:00:00,0.10673431748107887,52.30561545275103,1.6410676089692373,8,6,51.78769367349811,11.670431589613802,0.11981736644337909
2025-01-19 09:00:00,0.09298644033717188,53.67403870419133,7.050527858152475,9,6,53.492987916646356,9.568024696189955,0.12008937973264401
2025-01-19 10:00:00,0.07370943007915891,51.10169752087675,9.166899776928032,10,6,50.81893295184772,13.472023614782472,0.11974442640695877
2025-01-19 11:00:00,0.08959490917219494,49.247549081779574,16.244581522661793,11,6,49.70024756276985,8.098872614087394,0.1197812425472859
2025-01-19 12:00:00,0.07483195080357062,43.42189344366413,10.3234463274224,12,6,49.01133435578034,12.537964916347736,0.12037938207913541
2025-01-19 13:00:00,0.0767742623525543,50.79005708932826,13.61142314393169,13,6,52.921570060638764,11.11428158675184,0.11992695108156988
2025-01-19 14:00:00,0.0940623665789334,53.11288720782956,11.468963949242251,14,6,52.9286111635608,13.90506002132873,0.12100825922750315
2025-01-19 15:00:00,0.11067448356214071,56.28739220054466,11.966602706443963,15,6,62.444951549399775,10.587379098548876,0.12075975240876692
2025-01-19 16:00:00,0.1355515998647194,56.72298057505466,9.201893656903257,16,6,62.60649069150858,2.4992560055147575,0.12138161301087709
2025-01-19 17:00:00,0.17315425859898556,64.85915537382816,3.105847328341845,17,6,68.28731873164506,0.0,0.12164679410199719
2025-01-19 18:00:00,0.22635701076422451,65.62478835566192,0.0,18,6,71.3475323087594,0.0,0.12199069618929881
2025-01-19 19:00:00,0.20671249656568552,68.92147548690703,0.0,19,6,67.47305010706425,0.0,0.12152456977451313
2025-01-19 20:00:00,0.22416132300155797,75.3940536635747,0.0,20,6,66.07989034154777,3.6448747675205926,0.12197956578915299
2025-01-19 21:00:00,0.18334626616319757,64.88810534070626,1.001032316034723,21,6,58.818915362992406,1.1617409501824718,0.1223168774489146
2025-01-19 22:00:00,0.1577978450595442,55.704401200972114,0.0,22,6,54.87279481164135,1.4504237688369594,0.12276918161040186
2025-01-19 23:00:00,0.1418168712339534,55.213601848318454,3.993153914430146,23,6,54.619222030968366,2.2713791706395687,0.12262624387244864
2025-01-20 00:00:00,0.1068690894945127,50.65573217751893,0.047667964102474106,0,0,53.84821962680095,0.0,0.12296795425556144
2025-01-20 01:00:00,0.11838680608989349,51.165018221343715,0.0,1,0,59.602138535202165,0.0,0.12356422825904899
2025-01-20 02:00:00,0.11495351855162358,51.768394213999215,0.0,2,0,53.78160206406412,1.4566521175644522,0.12443880621301563
2025-01-20 03:00:00,0.09958540336250764,54.03930702088814,6.749899288883906,3,0,51.894266964538865,0.0,0.12482002641309327
2025-01-20 04:00:00,0.13219831363684661,59.464792021514015,2.325322625312744,4,0,56.941783112148755,0.0,0.12569683576838472
2025-01-20 05:00:00,0.12511520039264698,60.39992986387951,3.6695979444754134,5,0,61.912718531334,0.0,0.12691151697896885
2025-01-20 06:00:00,0.11761321963904958,63.32371180457112,0.0,6,0,63.93401363782842,6.254065503930221,0.12775491193372
2025-01-20 07:00:00,0.1321209601383728,61.17116122969933,0.8909502977607477,7,0,68.02562677168322,5.331265804210241,0.1297961809551719
2025-01-20 08:00:00,0.10690838932414287,64.25626951723241,3.9937144616753018,8,0,66.6904052831616,9.653215402661004,0.1298034339486329
2025-01-20 09:00:00,0.10866563225078671,65.59644122483766,9.666211570889768,9,0,61.14984569718664,8.157146240164462,0.13045673361170015
2025-01-20 10:00:00,0.09217067948894371,59.77600397761841,10.439213142934454,10,0,55.589627584491694,13.385017096538524,0.13122595233710785
2025-01-20 11:00:00,0.09891347376172108,58.063310801156945,10.609457270334072,11,0,54.9546655036634,12.002527161913513,0.13161422586167146
2025-01-20 12:00:00,0.0806001704458843,58.933311388268,11.483141490757232,12,0,57.81274415266454,13.57204216914337,0.13185456834676787
2025-01-20 13:00:00,0.09693278546474551,56.761076334170504,9.5435645563709,13,0,56.84375595870442,9.710151795826063,0.13269450680977582
2025-01-20 14:00:00,0.1078665251341669,60.69616580668211,10.418782047578976,14,0,62.917022010690225,10.43282870855413,0.13326968008291054
2025-01-20 15:00:00,0.1209792557542893,68.74932943751799,12.91708803274771,15,0,71.34278912409364,4.903057184198801,0.13369904559091675
2025-01-20 16:00:00,0.18533056088643385,67.95023539379586,1.0827048018355194,16,0,74.2599943440485,3.076950427484532,0.1357731689668215
2025-01-20 17:00:00,0.1895548322134087,77.34820905217842,4.51453223812736,17,0,77.5863402013143,0.0,0.1364565262007558
2025-01-20 18:00:00,0.20647474764842313,79.28498855543468,4.830324432078684,18,0,76.89624678073885,0.07346530714859333,0.13562809857093075
2025-01-20 19:00:00,0.2431524382091573,74.28261763998636,0.0,19,0,77.85843883297146,0.7813807295406487,0.13714642947274208
2025-01-20 20:00:00,0.19999083700135756,73.96812502075274,0.0,20,0,73.0568390838138,0.0,0.1361393258894004
2025-01-20 21:00:00,0.2180388753744773,70.90638052434272,3.2348102008270607,21,0,68.9737669191987,0.0,0.13758485127320372
2025-01-20 22:00:00,0.17561894857504473,65.7610217277143,0.0,22,0,65.08273163146534,0.5221623514283537,0.13832739725301624
2025-01-20 23:00:00,0.13401113137037923,63.33960878842026,0.0,23,0,56.76796232755843,1.421524388881221,0.13800215809203398
2025-01-21 00:00:00,0.10555696833963811,56.93857596464483,0.0,0,1,55.24986857016388,0.0,0.13794748637724755
2025-01-21 01:00:00,0.099399281937474,59.008594280708344,0.0,1,1,56.11406997684057,0.0,0.1371563395375634
2025-01-21 02:00:00,0.1206694168067667,56.07638440281709,0.0,2,1,54.42737181930953,0.24207174658641942,0.13739450196486103
2025-01-21 03:00:00,0.09809380206834165,54.025158558405536,0.0,3,1,58.72186562121998,1.87696313668091,0.13733235191093743
2025-01-21 04:00:00,0.1157802797502407,49.79355512587445,0.0,4,1,56.76504396240595,0.0,0.1366482671656622
2025-01-21 05:00:00,0.11105529956380342,58.76517814142258,3.902603685332472,5,1,61.225425925691404,0.0,0.13606243796446038
2025-01-21 06:00:00,0.1090326706505598,61.72282724386512,6.489893923378681,6,1,67.15119113745106,1.528940415154939,0.13570491508993998
2025-01-21 07:00:00,0.12626261824373977,65.26332772077521,3.7104849589518065,7,1,65.01538647720643,5.997185621884382,0.13546081751099692
2025-01-21 08:00:00,0.1267207208465314,72.71868027713863,10.102965455606483,8,1,62.03470221771999,3.0915291012508472,0.13628633132442977
2025-01-21 09:00:00,0.12487917165759631,68.68618250049077,10.639259058900336,9,1,60.95536330331351,12.927634202151332,0.13696189546638018
2025-01-21 10:00:00,0.09468900916263863,64.28905873912277,9.97928421064985,10,1,61.727787837407064,12.114932777585892,0.13706682586945082
2025-01-21 11:00:00,0.09206253026456042,55.86567246375282,5.889305009919567,11,1,52.96972692067964,6.488340239905699,0.13678136989040246
2025-01-21 12:00:00,0.0762822752243942,55.86961624460406,18.764143232171193,12,1,58.0721711419459,9.509150467770098,0.136601457589507
2025-01-21 13:00:00,0.09117904344548607,57.56388204170494,8.954164586193768,13,1,58.69500393661698,10.47854629780015,0.13636171833870456
2025-01-21 14:00:00,0.08611614344075379,57.48170819458397,16.15988004917475,14,1,63.30756604483237,4.279785226356794,0.13545545243481233
2025-01-21 15:00:00,0.11868344759459513,65.24432072806923,11.121716485944999,15,1,67.79333138697228,9.253001390401389,0.13535979376149174
2025-01-21 16:00:00,0.157991275522325,69.63252773790599,3.1196652953261292,16,1,75.48553043437721,3.9062651172295295,0.13422065687132054
2025-01-21 17:00:00,0.19479115478601225,70.08197899316342,4.475126731516917,17,1,77.59285631751267,1.8989305947520063,0.13443883697851236
2025-01-21 18:00:00,0.22281357712908476,81.31505367902021,7.465188714498655,18,1,80.98909742430959,0.0,0.1351196215402066
2025-01-21 19:00:00,0.23859288712254195,79.29542095719384,5.374784033023198,19,1,80.05346232694814,1.1518437913130204,0.13492964024493095
2025-01-21 20:00:00,0.2224838199989856,71.9521717146823,0.0,20,1,73.62391723121061,0.0,0.13586684786983214
2025-01-21 21:00:00,0.19890829720660433,73.39982607332396,0.0,21,1,67.76773364716165,0.0,0.13506974044617073
2025-01-21 22:00:00,0.17996813695621144,69.38658999071399,0.35072813060625174,22,1,64.37313964316678,0.9879241310010086,0.13525095662871936
2025-01-21 23:00:00,0.1435208435613497,66.73170740241791,0.0,23,1,56.10055633182882,0.0,0.13564719463667646
2025-01-22 00:00:00,0.11651103728037958,53.88025793605515,4.199080849749555,0,2,52.673973241748236,2.263575049038979,0.13610361417587402
2025-01-22 01:00:00,0.111615564748253,57.62995721836161,2.5885619774763153,1,2,55.55081915106256,0.38941760931510444,0.13661262595965648
2025-01-22 02:00:00,0.11813021577974035,55.67754589183883,0.0,2,2,54.932681302209105,0.0,0.13650682591686372
2025-01-22 03:00:00,0.11225816403133554,51.23162580413287,1.6053633939836902,3,2,55.60449759268677,2.360065841684265,0.1370970076653218
2025-01-22 04:00:00,0.13109686291426464,51.91666084562332,0.0,4,2,57.145868960055765,2.950228298586449,0.13773519863048947
2025-01-22 05:00:00,0.12641969136765366,62.11995049984234,0.12987847609823291,5,2,60.3773897281188,0.24526986487506805,0.13837538162231655
2025-01-22 06:00:00,0.12496741330968357,65.45597941014012,0.8713005499123062,6,2,67.1777048271494,7.20779902589215,0.13903932923311338
2025-01-22 07:00:00,0.10832665681167987,65.69973266202297,7.662249891594886,7,2,65.23919368062444,6.03791049478409,0.13829199750677756
2025-01-22 08:00:00,0.1268855098226436,70.75344024754136,10.11942235352598,8,2,66.99225798508888,9.112977848045803,0.13829886371411557
2025-01-22 09:00:00,0.11107894349390035,68.0858924848834,6.847096497493199,9,2,62.0273843790738,11.612059710759572,0.13772385420729488
2025-01-22 10:00:00,0.08223709911801727,63.95294315033523,11.394656950133703,10,2,56.66735745012957,12.574463567150838,0.13720502462210235
2025-01-22 11:00:00,0.08510281769552236,56.0165899313115,11.368069588025273,11,2,57.88120298998213,12.524771000610809,0.1369150365983924
2025-01-22 12:00:00,0.09673648413674744,63.040238860614465,7.507833071056725,12,2,55.4800130799338,10.936290810377384,0.1377672953030738
2025-01-22 13:00:00,0.0778083270073794,59.57201678221994,12.555097686421698,13,2,61.165769672281726,8.816258089692539,0.1372101821181527
2025-01-22 14:00:00,0.09403745600267856,58.71679432793723,18.056439333504382,14,2,63.215754959509525,9.78132713844537,0.13754023680823288
2025-01-22 15:00:00,0.12680600351333046,61.4928376464172,3.47904421177462,15,2,70.18925051788618,10.05250065648346,0.13787867663818018
2025-01-22 16:00:00,0.1585231886989208,69.3005949365374,6.612930703304673,16,2,76.42012304621484,5.746462704244484,0.137900839687205
2025-01-22 17:00:00,0.20541510104316446,68.2056422747327,3.270214864192921,17,2,74.00301735965127,1.0866370890185177,0.13834350411458637
2025-01-22 18:00:00,0.2118951461786757,79.71266210631909,1.0070741511751211,18,2,78.03420416258126,3.497673000956877,0.13788856949165265
2025-01-22 19:00:00,0.2589073291366354,75.90506869726191,0.0,19,2,75.05474679685551,0.05389265074747339,0.1387350045755732
2025-01-22 20:00:00,0.23008119617553233,78.65961274777253,0.0,20,2,77.86911306991766,0.0,0.13905156191626264
2025-01-22 21:00:00,0.2113114434981826,71.88340555575907,0.0,21,2,67.5945719588586,0.0,0.13956835967841175
2025-01-22 22:00:00,0.17314170423962708,67.62905686631895,4.658268154160175,22,2,60.977014753874776,0.0,0.1392839249818874
2025-01-22 23:00:00,0.12826818828669218,61.18512766825265,0.0,23,2,59.42756206507404,0.0,0.13864839767877668
2025-01-23 00:00:00,0.10175198516921989,54.43095062432865,0.0,0,3,53.51511146061826,1.7081882373805983,0.138033437174145
2025-01-23 01:00:00,0.1073554987999799,61.01327168783297,7.366214095145409,1,3,51.821672582503325,2.6195106276955027,0.13785593442630031
2025-01-23 02:00:00,0.13142065950768736,59.497584718776686,0.0,2,3,53.10970445524402,0.0,0.13840970291496477
2025-01-23 03:00:00,0.09874219692710387,56.56083558708548,1.1983985928282412,3,3,56.71827927063207,0.0,0.13784653761895513
2025-01-23 04:00:00,0.102320421512339,56.35095524900641,3.7233408681892737,4,3,58.605956150873155,0.0,0.13664751922720822
2025-01-23 05:00:00,0.11948970945769648,61.21590510362855,3.5550206544273504,5,3,59.94352722183418,0.0,0.13635876998096
2025-01-23 06:00:00,0.13040982206452326,65.23143767850954,0.0,6,3,63.68302999007115,3.2648223223452817,0.13658553701241163
2025-01-23 07:00:00,0.12485218746627054,61.99770667971066,1.055793614995384,7,3,66.06004316904723,11.836343021490814,0.13727410078968624
2025-01-23 08:00:00,0.10259965602200469,65.70607674138913,7.921229424162021,8,3,67.33926878333352,13.839204157943403,0.13626219021465966
2025-01-23 09:00:00,0.0789067174291643,58.8611770113793,16.457245857200128,9,3,62.41859147499,14.497569000670945,0.13492168079529562
2025-01-23 10:00:00,0.11057755041092188,65.34596034688188,9.221700323449543,10,3,57.79315736678607,10.57094335287741,0.1361025329325
2025-01-23 11:00:00,0.11363836386516347,65.52756669794888,11.530566493920466,11,3,57.029519054763085,10.876889248952256,0.1372915140229017
2025-01-23 12:00:00,0.0797625814302629,57.74263363415173,15.194421489463664,12,3,59.3819744392748,10.18926107234389,0.1365842680767982
2025-01-23 13:00:00,0.07187723846960498,51.042522177510705,15.427015734028554,13,3,63.298314558510384,16.16151626824162,0.13633713938772427
2025-01-23 14:00:00,0.09291580958845175,61.886630437787815,14.267876643753308,14,3,61.40878681976541,7.156447021614818,0.1362904041204648
2025-01-23 15:00:00,0.12836023447942108,60.72491870976399,6.743439229436805,15,3,70.69380829727591,5.783359221485074,0.1363551637440519
2025-01-23 16:00:00,0.1550507852880823,66.34287100041368,5.000787028009654,16,3,72.91417704942799,1.0331762965391822,0.1362104802686003
2025-01-23 17:00:00,0.21378829168455332,75.54477817159386,4.306781381257523,17,3,74.21195634115499,0.0,0.1365593632119915
2025-01-23 18:00:00,0.23388479480127827,78.27498320487754,4.418089594198987,18,3,75.29872825340827,0.931325622092279,0.1374755985712666
2025-01-23 19:00:00,0.23818993732484386,77.38124960124617,0.0,19,3,80.12871843017811,0.4293611918997293,0.136612373912442
2025-01-23 20:00:00,0.20374536362775836,75.38163115325638,0.0,20,3,76.44600769676398,0.0,0.1355150475562847
2025-01-23 21:00:00,0.19810030797895925,73.94196839005875,0.0,21,3,67.32373409048392,0.0,0.1349645835763171
2025-01-23 22:00:00,0.1626909278582885,67.15160935704532,6.521293911622848,22,3,63.16965234118555,0.7145268244847738,0.13452913456042798
2025-01-23 23:00:00,0.13834041419646806,60.04438281161813,0.5399203149959844,23,3,51.36710817637058,0.0,0.13494881064000197
2025-01-24 00:00:00,0.11238530384321756,53.86762390456531,3.772141728448597,0,4,56.47628031319985,0.0,0.13539186558475189
2025-01-24 01:00:00,0.11847131132331484,56.03889481618288,0.104640228236602,1,4,54.993574226402636,1.6958985887485143,0.1358550244398908
2025-01-24 02:00:00,0.0940915079248796,54.48040409958706,0.29843472835194235,2,4,52.30688971515164,0.0,0.1342996431239405
2025-01-24 03:00:00,0.1205350070044717,50.88821669789468,0.0,3,4,56.82631969550602,0.0,0.13520767687716417
2025-01-24 04:00:00,0.11973698570033568,59.58184496840484,0.0,4,4,55.720531062475416,1.4505040252254844,0.13593336705166403
2025-01-24 05:00:00,0.10949584962221516,49.7352059763815,4.3816682414258565,5,4,62.71546705869897,0.0,0.13551695622518564
2025-01-24 06:00:00,0.12834092448358553,60.172105202463214,0.27320374991847024,6,4,62.47245423786167,4.515724298617846,0.13543075215931324
2025-01-24 07:00:00,0.10768432708773945,62.65343172939108,4.363091889146891,7,4,66.61296073579673,3.823643422264892,0.1347154246435411
2025-01-24 08:00:00,0.13548133479260036,66.41299480818955,2.661398356841193,8,4,63.370319679611775,7.6395078277001085,0.13608549459231592
2025-01-24 09:00:00,0.11106923180199259,66.47370241215475,6.785561676576489,9,4,57.00557648966637,7.191509259335698,0.13742559935785045
2025-01-24 10:00:00,0.11557804351152104,65.34262226167118,15.899720137886522,10,4,60.89675296636494,7.826925376134678,0.13763395323704206
2025-01-24 11:00:00,0.07671668713928423,56.62473475976809,19.677382955492927,11,4,59.57317929476694,12.73352096233579,0.13609555004013044
2025-01-24 12:00:00,0.10362182016307434,59.34837399601385,11.89171393088133,12,4,56.783929124896375,14.846947038172544,0.1370896849873309
2025-01-24 13:00:00,0.07476566799100268,58.45411469960989,15.937071266818595,13,4,60.47197215673473,11.860226811082214,0.13721003621738914
2025-01-24 14:00:00,0.12604099510326244,54.44619606534385,12.846750398299692,14,4,64.47930122559012,13.195083987623171,0.13859025228050628
2025-01-24 15:00:00,0.11838823808930488,69.68467414001906,9.524435008582133,15,4,69.39150939919527,5.933248072137102,0.13817475243091806
2025-01-24 16:00:00,0.159516966870056,63.84645008776016,13.514943060166747,16,4,76.97587200452072,0.0,0.138360843330167
2025-01-24 17:00:00,0.1941279190909577,74.86706627684258,2.0543876976140996,17,4,78.27894756466613,0.9637440863284445,0.13754166113876717
2025-01-24 18:00:00,0.2318592500380441,78.69322310585846,4.3424942295612015,18,4,78.21282470854052,0.0,0.1374572634402991
2025-01-24 19:00:00,0.23658552518096307,79.81017666697159,1.3349816096471705,19,4,78.30114278605001,0.35246581789700865,0.13739041293430404
2025-01-24 20:00:00,0.21458350720155514,75.8626644358534,0.0,20,4,72.66433827979344,0.0,0.13784200224987891
2025-01-24 21:00:00,0.17027292391981963,76.17144277819052,4.802060105615774,21,4,66.31573240843933,0.0,0.13668252791408142
2025-01-24 22:00:00,0.201166073628504,63.45366448965583,1.0154707444805977,22,4,66.01836360085595,1.9675372644459859,0.1382856589878404
2025-01-24 23:00:00,0.15203986498358202,63.36823079658005,0.0,23,4,46.98333170740047,1.6253439448112645,0.13885646943730348
2025-01-25 00:00:00,0.057677605469525065,44.11061176688238,4.828047605437115,0,5,42.212144001411495,0.0,0.1365769820050663
2025-01-25 01:00:00,0.09663105504052469,43.76802965370596,4.372417888201621,1,5,44.66618890279405,0.0,0.13566697132661673
2025-01-25 02:00:00,0.10127347684986503,47.4055127598154,4.206871624038564,2,5,47.90991083002053,0.0,0.13596622003182443
2025-01-25 03:00:00,0.08925320435522127,49.842560195546035,0.0,3,5,44.272373655408,0.0,0.13466281158810567
2025-01-25 04:00:00,0.0844614018011716,46.301604388679316,1.5406181900844373,4,5,47.97672083614851,1.7549668521708641,0.13319299559230716
2025-01-25 05:00:00,0.09885086929384834,51.98076670891683,0.7424101757448942,5,5,57.90667758137444,0.0,0.13274945474529187
2025-01-25 06:00:00,0.11467806625629567,52.74282847453109,0.0,6,5,54.95908365810762,1.905555998420239,0.13218016898582147
2025-01-25 07:00:00,0.09469655385208768,52.76450836095616,5.865099826322028,7,5,59.08739462171992,2.7847520928014733,0.13163901176766932
2025-01-25 08:00:00,0.11015869550056914,56.096560347183804,8.119438568186663,8,5,58.66050327025238,12.003682858704309,0.13058390179716803
2025-01-25 09:00:00,0.09965724382182331,54.701214423207006,12.565255382600926,9,5,50.903164662909845,11.588125249147524,0.13010840229799428
2025-01-25 10:00:00,0.07823915737777103,50.49084780177261,11.545871706854316,10,5,50.42034557664307,10.387562884377878,0.12855261537575471
2025-01-25 11:00:00,0.056597591252340276,51.25876037274784,19.16743273499117,11,5,52.57213600664353,16.717557015750106,0.1277143197137987
2025-01-25 12:00:00,0.06918615074921489,49.205362963756116,17.141283700046525,12,5,49.72972997789256,13.640877430605414,0.1262795001548879
2025-01-25 13:00:00,0.07993126508815361,43.720601470481256,15.822643596175388,13,5,55.6373440936669,10.252704019064579,0.12649473336726919
2025-01-25 14:00:00,0.084174341380549,45.62142352771839,14.211706351970813,14,5,53.3123467355629,12.53964523410563,0.12475028946215612
2025-01-25 15:00:00,0.11026310209877266,55.94512021944249,14.243413998183264,15,5,63.027909296528044,6.098845755857578,0.1244117421292173
2025-01-25 16:00:00,0.14090886071143996,56.824798569340466,10.783396768695027,16,5,64.54120762861935,0.0,0.1236364043726083
2025-01-25 17:00:00,0.1821724962653509,65.4743913483267,3.33616892000565,17,5,67.77357579696387,2.5312135013127115,0.12313826175487468
2025-01-25 18:00:00,0.20108574055716807,70.92751698092925,3.466086332881538,18,5,71.1914049931783,0.0,0.1218560321931715
2025-01-25 19:00:00,0.21807032431927859,65.84427453037492,0.6091828401471558,19,5,68.20557817981522,8.303961612863338,0.12108456549060131
2025-01-25 20:00:00,0.22384375016883137,63.911575890680936,6.70924377025115,20,5,64.33828140435597,0.0,0.12147040894757116
2025-01-25 21:00:00,0.1686105013930375,69.86560032476004,3.842047338664379,21,5,60.40041029108329,0.0,0.12140114134228858
2025-01-25 22:00:00,0.16303938149001931,60.55505155830778,0.0,22,5,50.94659948027786,4.7597544478937035,0.1198125291698517
2025-01-25 23:00:00,0.142842392952751,53.22049746553631,8.15748741307593,23,5,44.29913135567694,0.0,0.11942930116856708
2025-01-26 00:00:00,0.07890488645170846,42.90783427805384,0.0,0,6,47.36210218397874,0.5641613929342387,0.1203137712094914
2025-01-26 01:00:00,0.10501295286509679,44.28340534648881,2.230741592341648,1,6,47.99801367778747,0.9166430962298553,0.12066301695218189
2025-01-26 02:00:00,0.10661504390630662,42.205121359073104,0.0,2,6,47.09051727031467,0.0,0.12088558224620029
2025-01-26 03:00:00,0.07526945970293684,49.20298081060457,6.5876310278555685,3,6,47.933196921600285,0.0,0.12030292621902178
2025-01-26 04:00:00,0.10150999682903315,44.8958521296887,0.8848212285335039,4,6,50.268704461429316,5.318247977703522,0.12101328434518267
2025-01-26 05:00:00,0.09755815500934069,52.96333089811804,0.0,5,6,54.480688178149606,0.0,0.12095942124999487
2025-01-26 06:00:00,0.09806183625101624,51.28307879651598,0.0,6,6,52.7502284174704,8.257578133950034,0.12026707833310822
2025-01-26 07:00:00,0.0936375577429777,52.263963837614014,1.324573271577167,7,6,55.88449206013318,8.708050964446436,0.12022295349522862
2025-01-26 08:00:00,0.10959852064772127,55.53927495858267,6.315893477539151,8,6,55.49214410335432,10.783982243754378,0.12019961287635998
2025-01-26 09:00:00,0.08473716150666728,47.24366858040728,9.295274384369828,9,6,53.09317190786492,11.330180496386742,0.11957794277989514
2025-01-26 10:00:00,0.07542481225312557,52.31513307110486,10.164077277175972,10,6,45.64977049302278,20.5817826502265,0.11946067839970158
2025-01-26 11:00:00,0.0700873702025518,49.32466658410431,15.21409775742902,11,6,45.92114101916333,12.68064094032884,0.12002275252262706
2025-01-26 12:00:00,0.06781432134410206,51.07510494672602,16.14151037699242,12,6,48.75879254743382,12.255511340005722,0.11996559296408067
2025-01-26 13:00:00,0.06065905004424693,42.75593773006821,10.78180204742395,13,6,52.914021143956326,14.525886792669922,0.11916258400391792
2025-01-26 14:00:00,0.08040654088810531,54.605712061919334,6.989182146975669,14,6,53.72948307139635,8.409861915749985,0.11900559231673276
2025-01-26 15:00:00,0.10472163170025978,57.19348070784822,11.533888622506597,15,6,58.081367948037574,4.4026724572146225,0.11877469771679472
2025-01-26 16:00:00,0.14353284894532556,63.42168753999033,9.247834831452796,16,6,65.54662954041619,3.511618008750081,0.11888403055987329
2025-01-26 17:00:00,0.1860539320898459,64.32058424346407,6.37909204377106,17,6,67.7538269817851,1.7765595014027245,0.11904575705256058
2025-01-26 18:00:00,0.2095453278114502,71.65443879478032,1.929110335579449,18,6,71.65455354185133,5.1141465526821985,0.11939823985482233
2025-01-26 19:00:00,0.20058326115194702,65.18477569304227,5.5045087150794645,19,6,67.96727659274666,5.685238838050257,0.11866961222285018
2025-01-26 20:00:00,0.19488507004866626,70.69168030865089,3.4897376042594215,20,6,62.2584202169895,0.0,0.11746300055117663
2025-01-26 21:00:00,0.17664107811426558,62.021131097046904,9.379398687454515,21,6,62.25265059694546,2.7713373791068237,0.11779760791456113
2025-01-26 22:00:00,0.14022843095991996,54.12697218374616,10.852265188915306,22,6,57.01802242713629,0.0,0.11684715164247367
2025-01-26 23:00:00,0.12572978745488816,50.946250903436464,0.0,23,6,52.96517161590947,0.0,0.11613412641339604
2025-01-27 00:00:00,0.11804415082522794,54.893830214729036,0.0,0,0,55.68791010486891,0.0,0.11776492909562603
2025-01-27 01:00:00,0.11849116617917183,52.258745441289264,0.0,1,0,54.341300924116204,0.0,0.11832652131704584
2025-01-27 02:00:00,0.11766852113721936,56.19807498065575,1.7648135045811264,2,0,56.593876951609104,0.0,0.11878708286833385
2025-01-27 03:00:00,0.10751478484500211,49.569388522095316,0.0,3,0,54.60976576230313,0.0,0.12013063808258656
2025-01-27 04:00:00,0.09743697357254318,49.55443052625166,2.4625315612021605,4,0,60.18739146532312,3.905431314208683,0.1199609287802328
2025-01-27 05:00:00,0.11533254454832269,62.83534684967891,0.0,5,0,63.93468115590797,2.3712078021652436,0.12070152834435706
2025-01-27 06:00:00,0.13412016351258174,64.4369385984581,0.0,6,0,62.68768579229819,3.7280839483445876,0.12220395864692231
2025-01-27 07:00:00,0.11272137555455895,61.22462139485873,2.017834859116376,7,0,66.01852717825628,4.716187352544752,0.12299911772240485
2025-01-27 08:00:00,0.09947557015373339,65.8735280257146,6.868314432193848,8,0,67.05261912243975,14.019156719236289,0.12257732811848869
2025-01-27 09:00:00,0.12122428213238437,67.88311170564955,13.656339502872378,9,0,59.678554164741655,12.788684139067616,0.1240976248112269
2025-01-27 10:00:00,0.0882926207006546,63.02272130758511,11.406133369093824,10,0,57.5110816176781,12.868448907472994,0.1246337834965406
2025-01-27 11:00:00,0.08857928164939559,59.32304874810143,13.610608707048419,11,0,58.73909101509103,10.391055393995568,0.12540427980682575
2025-01-27 12:00:00,0.08980015783728454,60.92010806256632,17.13356640199236,12,0,57.45042208408969,15.986132549877027,0.12632035632737507
2025-01-27 13:00:00,0.08565209678986671,55.43352042356461,13.926211775848724,13,0,56.71687701140566,12.030616167569567,0.1273617332751092
2025-01-27 14:00:00,0.06571796491545695,59.96719758747628,17.018212734683093,14,0,62.90681059359821,11.292552968524058,0.12674970927624885
2025-01-27 15:00:00,0.13034021975783225,63.490134165913545,7.485774485839142,15,0,71.88771591803385,7.898390514455119,0.12781715044531436
2025-01-27 16:00:00,0.17635434405041422,67.52199642820077,3.591630576289357,16,0,77.59475617080646,5.555295367105265,0.12918471274135973
2025-01-27 17:00:00,0.20233980529910267,72.2216018547244,4.984154487659234,17,0,76.11548294675578,0.46655636532740935,0.1298632907917454
2025-01-27 18:00:00,0.199648149287172,77.62283413129616,1.4150096179267893,18,0,77.0458399881719,0.0,0.12945090835323383
2025-01-27 19:00:00,0.26310611024167063,78.98254743649154,0.0,19,0,76.47359103085553,1.411534714396207,0.13205602706530564
2025-01-27 20:00:00,0.205237451230676,74.03464648847938,4.70258390464599,20,0,77.07233962282774,2.521156435411723,0.13248737628122273
2025-01-27 21:00:00,0.1888214764771053,76.03428569204166,6.7372788341957905,21,0,70.07533229702834,4.188748998235176,0.1329948928796744
2025-01-27 22:00:00,0.18328612367870256,65.26671222724103,0.0,22,0,66.45135767133928,0.0,0.13478896340962365
2025-01-27 23:00:00,0.1508487289193754,62.82484038360495,5.205552354559168,23,0,56.85144079865343,2.9732001486710393,0.13583558597064396
2025-01-28 00:00:00,0.11487316743975233,53.90917977215288,0.0,0,1,52.235721252877184,0.0,0.1357034616629158
2025-01-28 01:00:00,0.10542086510491216,56.02038118183676,3.7663929335130875,1,1,53.07489073372703,2.7000879885350613,0.13515886578482164
2025-01-28 02:00:00,0.1241601714945403,48.1914537842754,0.0,2,1,53.94134912287725,0.0,0.1354293512163767
2025-01-28 03:00:00,0.11428805579238516,58.18460681962412,3.4162543869024886,3,1,55.29513999769407,2.216228234553989,0.1357115708391843
2025-01-28 04:00:00,0.0953445724077254,54.172720267205165,0.0,4,1,57.06503978826195,4.039381249613669,0.13562438745731692
2025-01-28 05:00:00,0.13696375064234548,62.32553631744772,0.0,5,1,60.39879515843638,0.5020712480220065,0.13652568771123452
2025-01-28 06:00:00,0.12212812406788809,59.992597139663495,0.0,6,1,65.84129864357854,3.8821388726914883,0.13602601940103898
2025-01-28 07:00:00,0.1331156037737608,64.40401850917576,3.266119102447809,7,1,66.13266629573612,7.480290880045331,0.13687577891017236
2025-01-28 08:00:00,0.12131810056274855,71.98518892678095,14.160541914964448,8,1,67.03819198308783,9.65073439224867,0.13778588434388134
2025-01-28 09:00:00,0.1349026539553079,63.71115355860724,10.590586309228001,9,1,62.16290270511072,16.581804458835325,0.13835581650316983
2025-01-28 10:00:00,0.08926493140742642,65.62354570575192,20.81950887082219,10,1,57.47412864183429,14.681288574501432,0.13839632944928532
2025-01-28 11:00:00,0.08795589490821044,58.95162582786257,13.63272617816509,11,1,57.7704856190773,9.42091900485655,0.13837035500173592
2025-01-28 12:00:00,0.09254416854228863,58.72290197304686,20.732792090739594,12,1,54.72712613167787,17.45873167825696,0.1384846887811111
2025-01-28 13:00:00,0.08564843737860427,57.97361454406659,9.293146019195207,13,1,55.22169885121477,15.762047634249905,0.13848453630564184
2025-01-28 14:00:00,0.11021509914635232,62.558498469651546,12.430671493258096,14,1,64.8116208487965,11.089102698027194,0.14033858356526246
2025-01-28 15:00:00,0.08652055903901995,61.331495361061116,9.091983648666174,15,1,70.40940181207812,5.548790680306853,0.1385127643686453
2025-01-28 16:00:00,0.14771906913142027,65.22382642082837,13.137777416497887,16,1,73.59118504713216,0.7661055647795738,0.1373196279136872
2025-01-28 17:00:00,0.19116847167203638,71.40348239580601,4.663072295811356,17,1,76.58499126423364,0.0,0.13685415567922612
2025-01-28 18:00:00,0.22494434568411437,77.68667568822374,0.0,18,1,76.16664975100997,0.5566801187296098,0.13790816386243204
2025-01-28 19:00:00,0.2262172775963638,78.14377004931848,0.0,19,1,79.70141171854084,0.0,0.1363711291688776
2025-01-28 20:00:00,0.24232952259564922,79.6404412630393,0.0,20,1,74.43154575675185,1.1883632750028499,0.13791663214241814
2025-01-28 21:00:00,0.2007646161538689,77.62162693353078,3.269176029392591,21,1,68.95143870312864,0.2031741122038461,0.1384142629622833
2025-01-28 22:00:00,0.1734690558637636,65.2464089266827,2.817526192796965,22,1,63.49148655210707,3.604364216122533,0.13800521846999417
2025-01-28 23:00:00,0.14850187778978255,61.152497986733,0.0,23,1,53.891148965048465,1.963491000665953,0.13790743300626115
2025-01-29 00:00:00,0.11623866116297776,50.234324264010446,0.0,0,2,52.624096956458956,0.0,0.1379643285780622
2025-01-29 01:00:00,0.1360117788163282,61.34785630951094,2.5073588429751847,1,2,55.45420781742231,0.0,0.13923894998270453
2025-01-29 02:00:00,0.11826342514198275,55.92374190791524,0.0,2,2,54.23285870481765,0.0,0.13899325221801465
2025-01-29 03:00:00,0.12533181240936433,56.84527595376943,1.601841422826235,3,2,55.46738041272666,3.8674597131809105,0.1394534087437221
2025-01-29 04:00:00,0.11242292099426336,52.026635665219274,1.3038129890458154,4,2,61.83355842218926,0.8242161709952194,0.14016500660149453
2025-01-29 05:00:00,0.11217263952513201,58.39412292709368,0.0,5,2,61.4027832290399,1.6725471141351542,0.13913204363827728
2025-01-29 06:00:00,0.11954207526223078,63.128531565991594,1.3918728776600042,6,2,59.63062013176124,2.351834257946868,0.13902429160470822
2025-01-29 07:00:00,0.11445194082185488,63.727706491568966,4.47088097221758,7,2,64.76636982949253,9.304106894748173,0.13824663898171216
2025-01-29 08:00:00,0.1230326223484228,69.279544715761,9.687738019834782,8,2,62.5719454483405,6.981972064706285,0.13831807738944857
2025-01-29 09:00:00,0.11976607527341884,71.97270854655858,6.569071531830342,9,2,61.35699979146037,16.38277647568388,0.13768738661103652
2025-01-29 10:00:00,0.08345339967818913,58.604838145850735,15.914965961043519,10,2,55.954029875932584,12.116785477225298,0.13744523945565165
2025-01-29 11:00:00,0.08478032919329989,55.53221548468508,18.94508500122481,11,2,58.23703808844804,10.365180407347847,0.13731292421753039
2025-01-29 12:00:00,0.06559520042585809,54.56095542417078,17.01686954834934,12,2,57.13382712143906,21.686508843716933,0.13619005054601244
2025-01-29 13:00:00,0.08380779968092875,62.8657974877575,17.45623582643711,13,2,58.87016126247472,14.141891189421356,0.13611335730860927
2025-01-29 14:00:00,0.10024892205832812,63.15712339774067,13.379491418258894,14,2,63.80064692269328,11.538612361521189,0.1356980999299416
2025-01-29 15:00:00,0.1400610095526828,63.06772062300574,14.358093593431324,15,2,68.19568111667104,2.710893415387573,0.13792895203467756
2025-01-29 16:00:00,0.1729786949293423,68.4659857383271,8.175134736116382,16,2,73.153719252772,5.856719604742403,0.13898143644292432
2025-01-29 17:00:00,0.1839695194953551,70.81019971893751,0.09575624786505266,17,2,76.89544221984174,2.4808552203958554,0.13868148010222928
2025-01-29 18:00:00,0.2286706315541576,80.19190250651938,2.8707565420914127,18,2,78.78597484762692,0.0,0.13883674201348106
2025-01-29 19:00:00,0.23883927214229833,77.61091744368669,0.0,19,2,78.03012691934345,2.4917419615502774,0.139362658452895
2025-01-29 20:00:00,0.22457215978169756,76.51152984983007,0.9897291050093409,20,2,73.85863920583384,3.277424887014856,0.13862276833564702
2025-01-29 21:00:00,0.20583606671716942,75.37082588075008,0.0,21,2,70.59906388068305,1.4720232657710164,0.13883407877578455
2025-01-29 22:00:00,0.17213320433123064,67.74372092172295,0.0,22,2,62.38396809060464,0.0,0.13877841829526233
2025-01-29 23:00:00,0.1723913407559388,62.72545605845901,0.6019606247417184,23,2,55.28102876107829,0.0,0.13977381258551883
2025-01-30 00:00:00,0.109844372994153,54.83861763063859,0.0,0,3,59.717353462008916,4.723308364451528,0.1395073839118178
2025-01-30 01:00:00,0.11966856307024322,57.37028663355361,1.792721049447413,1,3,54.84137882704456,0.23067639945260726,0.13882641658906428
2025-01-30 02:00:00,0.08964335107518771,60.19206392260762,0.19878821417700718,2,3,55.28003571449562,0.24326533442560727,0.13763391350294782
2025-01-30 03:00:00,0.1270323852057673,57.15795104312581,0.0,3,3,53.76301670422974,0.0,0.13770477070279794
2025-01-30 04:00:00,0.12834948003113222,58.86039458325025,4.683628495162115,4,3,56.945932495969444,0.0,0.13836837732933413
2025-01-30 05:00:00,0.10424233590342653,57.73282046352605,0.7167391360482436,5,3,61.2606923628658,3.3394195141202365,0.13803794801176308
2025-01-30 06:00:00,0.11036213416863555,59.20847142406378,2.207803266985684,6,3,65.57792494190393,8.410192913539657,0.13765545046619662
2025-01-30 07:00:00,0.12144690802986934,66.60377361476546,9.172531705989927,7,3,67.11009969198393,10.37391823581069,0.1379469074331972
2025-01-30 08:00:00,0.1101737843913023,66.35974392537233,13.042357936481533,8,3,65.20188346235362,13.058550247141872,0.1374111225183172
2025-01-30 09:00:00,0.10513257427165851,59.99692383883628,13.543398404868853,9,3,63.218121790654365,15.85643628837987,0.1368013933099105
2025-01-30 10:00:00,0.09205519324182986,60.56010296792343,13.042591620129503,10,3,56.77869532917334,15.531574827891264,0.1371598013750622
2025-01-30 11:00:00,0.11259051456152867,58.5121107670035,10.724657212751408,11,3,58.32209467503161,12.913217909423299,0.1383185590987384
2025-01-30 12:00:00,0.075869319229103,55.71079622970505,17.006883574081574,12,3,57.727152811446864,11.753187313516191,0.13874664738220696
2025-01-30 13:00:00,0.11791237283999195,62.4420006485735,19.5596655744925,13,3,60.045864013345884,17.783242092420863,0.1401676712638346
2025-01-30 14:00:00,0.11134826735231142,61.33155787166673,15.341997191540317,14,3,62.75125860623262,11.421960831992841,0.1406301439844172
2025-01-30 15:00:00,0.14750544351461203,67.87005594752304,0.0,15,3,66.41742070345904,9.477527850420483,0.14094032873283094
2025-01-30 16:00:00,0.1420001792014816,69.16644221986519,11.186950603093864,16,3,70.96731995683572,4.804590981362226,0.13964955724417008
2025-01-30 17:00:00,0.2027635085755656,73.65806696966122,7.474718194474551,17,3,77.95964577288639,0.7321743022723561,0.1404326401225122
2025-01-30 18:00:00,0.23049670288163798,74.32118915572235,0.0,18,3,79.79679319810619,0.9658509509896988,0.14050872642782386
2025-01-30 19:00:00,0.20854130459108128,78.83926435739703,3.459265863387328,19,3,77.05912079421269,1.95272585484311,0.1392463111131898
2025-01-30 20:00:00,0.21012255854160425,77.36003390858144,2.1978789503768175,20,3,73.36755813347854,0.0,0.1386442443948526
2025-01-30 21:00:00,0.20577945900526076,69.02242075328085,0.0,21,3,66.87936983779991,3.310741761427352,0.13864188574018974
2025-01-30 22:00:00,0.16918103315292038,66.59330339065795,4.449553906761896,22,3,64.4579573114626,0.0,0.13851887860776016
2025-01-30 23:00:00,0.14401493445774557,62.417329492733714,0.0,23,3,54.898795730701664,0.6704952223670954,0.1373365283453354
2025-01-31 00:00:00,0.12904803583520436,56.10067909701708,0.0,0,4,54.06668922742376,0.0,0.13813668096371257
2025-01-31 01:00:00,0.10566863755277717,56.27423725086325,0.0,1,4,56.62822045838134,0.0,0.13755335073381814
2025-01-31 02:00:00,0.10757138017717832,53.03583452186393,0.0,2,4,56.54720157129974,0.0,0.13830035194640108
2025-01-31 03:00:00,0.10792152298003398,56.75754541116561,1.0632785367713777,3,4,53.19081875614111,0.06780118721814822,0.13750406602032886
2025-01-31 04:00:00,0.11717730027889646,55.67990407683056,4.586291148505702,4,4,58.44342200096694,2.059122925140799,0.1370385585306524
2025-01-31 05:00:00,0.08421711652730408,49.16233696580701,4.367096551514858,5,4,59.52971947553277,0.21294812814149042,0.13620417438998061
2025-01-31 06:00:00,0.1108943657058689,59.89514566705197,2.5328247515967046,6,4,64.76282846477073,9.807837321346458,0.136226350704032
2025-01-31 07:00:00,0.10586099013478692,67.93654890316192,0.0,7,4,59.480848588585545,10.569214350604124,0.13557693745840357
2025-01-31 08:00:00,0.10960632000723904,60.40276244853515,3.6648068078555376,8,4,64.916391247172,11.155776720061029,0.13555329310906758
2025-01-31 09:00:00,0.11426487887846297,64.88271493925843,12.377037929346116,9,4,63.00666098766085,14.205316234333367,0.13593380580101777
2025-01-31 10:00:00,0.10920427248030526,66.65552923137149,14.326589362964711,10,4,58.52856597256518,17.170614068321047,0.13664835076928758
2025-01-31 11:00:00,0.07871269636944868,56.316187375604166,14.36959950264382,11,4,54.9875919762531,18.65338573790055,0.13523677501128425
2025-01-31 12:00:00,0.09030606424976227,57.32390604465801,23.349910912942825,12,4,61.58595497084184,12.657533119617543,0.13583830605381172
2025-01-31 13:00:00,0.0833915152164741,53.50036230600257,16.48338943498692,13,4,62.08076160196651,16.229043319618874,0.13439993698616515
2025-01-31 14:00:00,0.1154197629300076,64.9759801899963,16.34485660092497,14,4,62.38654102216494,8.412789724781552,0.13456958263523583
2025-01-31 15:00:00,0.11601937457426319,63.181999386983435,15.253074593509986,15,4,67.77420133473277,9.852219344414568,0.1332576630960546
2025-01-31 16:00:00,0.12074231127743254,68.44545486261237,8.532994434779063,16,4,69.40833181150107,7.397704672018479,0.13237191859921923
2025-01-31 17:00:00,0.2007181477899923,77.7041549658122,13.386150476390794,17,4,78.23787108254707,0.8392491759117177,0.13228669523315367
2025-01-31 18:00:00,0.22282686278491312,79.40780061803392,0.0,18,4,76.03538004363567,0.0,0.13196711856245683
2025-01-31 19:00:00,0.23127807699362515,75.97184549027168,0.0,19,4,78.62375980153732,0.0,0.13291448407922948
2025-01-31 20:00:00,0.23106642850937417,75.21973957243385,0.0,20,4,75.42183661263503,1.575607770211144,0.13378714532788658
2025-01-31 21:00:00,0.18485343711535976,74.95373293975818,5.469304002495562,21,4,68.15203146312807,0.0,0.13291522774914066
2025-01-31 22:00:00,0.1730207941686076,66.29537150081504,2.807300559765264,22,4,61.29569385735166,1.7076554011341707,0.13307521779146098
2025-01-31 23:00:00,0.15085873021054164,56.64942279229362,0.0,23,4,48.246634690227665,2.7575133242461254,0.1333603759478275
2025-02-01 00:00:00,0.09794696734407765,45.57823066579906,0.0,0,5,45.77331247138145,3.178498963624462,0.13206449809403054
2025-02-01 01:00:00,0.08581257675054475,41.03229304231495,4.847116752109113,1,5,46.05356108940683,0.0,0.13123716222727086
2025-02-01 02:00:00,0.10967492547103788,51.039211940961856,1.2659070036860078,2,5,44.36515174133114,1.2278154302780293,0.13132480994784834
2025-02-01 03:00:00,0.08102166217089188,46.793939789279,4.936462890157183,3,5,47.619721192854854,0.5848970781111222,0.13020398241413408
2025-02-01 04:00:00,0.08545539666747486,44.33705313457172,0.0,4,5,48.910352565707406,0.0,0.12888223643032484
2025-02-01 05:00:00,0.09150877805414122,47.08055398382836,1.7903736285175984,5,5,49.76027322614795,2.0860524509036704,0.12918605566060973
2025-02-01 06:00:00,0.09637010708403237,46.371176553505705,1.05079679335401,6,5,58.1348264900168,8.3157403542871,0.1285808782180332
2025-02-01 07:00:00,0.09240165217754276,51.93656388241404,2.2380157641766267,7,5,60.27384774578232,10.473752969303483,0.1280200724698147
2025-02-01 08:00:00,0.11133481794961007,60.00783178327931,8.038926691150522,8,5,57.52956441907431,10.674394067041213,0.12809209321741347
2025-02-01 09:00:00,0.09932374910994403,62.6348754289097,7.937174633639902,9,5,54.29141638343103,16.869516022373812,0.12746954614372522
2025-02-01 10:00:00,0.08189247023333157,54.87821885362058,16.527030873789805,10,5,53.2514138118241,20.138009835653513,0.12633155438343463
2025-02-01 11:00:00,0.07856551027213639,49.42666936705575,19.169012385383986,11,5,46.19309015464998,20.35232765975669,0.12632542162937996
2025-02-01 12:00:00,0.08070107198631153,46.90581565060222,20.55242669433273,12,5,46.5252641698086,19.379881897715848,0.12592521361840284
2025-02-01 13:00:00,0.07650277500110558,45.583484391092895,18.837548899268498,13,5,49.911108900767665,10.340449531280179,0.1256381827760958
2025-02-01 14:00:00,0.06174141766620639,57.33114807996538,14.348921512983864,14,5,55.0154291934965,13.19723738566204,0.12340158505677075
2025-02-01 15:00:00,0.11572411048682357,53.81572461281195,17.514133596453558,15,5,58.68205795387143,10.351238807867196,0.1233892823864608
2025-02-01 16:00:00,0.14031333182715244,66.03732108727687,11.666510954035461,16,5,62.301465522410055,7.3306523836582835,0.12420474157603245
2025-02-01 17:00:00,0.18140059996476618,68.80071257235173,9.282317490285742,17,5,68.27343909699539,1.4437470294456067,0.12339984374998136
2025-02-01 18:00:00,0.18966900461996974,62.691577840265644,5.079503465646229,18,5,69.55615460624443,4.345463840062855,0.12201826632644204
2025-02-01 19:00:00,0.1922898988093406,67.61386643323685,0.0,19,5,69.94473338665502,0.0,0.12039375890209686
2025-02-01 20:00:00,0.1772322549299983,66.12114119756237,1.3575780991263295,20,5,64.43008984636106,1.5633796563865228,0.11815066833628952
2025-02-01 21:00:00,0.17050761258601013,64.0855010655506,2.710978142241172,21,5,55.454493252554855,1.3411919038797409,0.11755292564756663
2025-02-01 22:00:00,0.16191502110376244,59.07060993245778,0.0,22,5,55.16659423417946,2.527607793990573,0.11709018510319807
2025-02-01 23:00:00,0.15535365810095184,63.98362316175871,0.0,23,5,48.88152634642052,4.317947042105736,0.1172774737652985
2025-02-02 00:00:00,0.09662362110803276,42.27082634737704,0.0,0,6,45.79618247039867,0.0,0.11722233433879663
2025-02-02 01:00:00,0.08184405452674837,46.47103167629253,0.0,1,6,47.81038190277113,4.223912677220488,0.11705697924613846
2025-02-02 02:00:00,0.08639823667749039,47.80928942970705,0.0,2,6,45.1873263558962,2.28170890807168,0.11608711721307398
2025-02-02 03:00:00,0.11051355400404497,46.19254325838764,0.0,3,6,48.33446576116406,0.0,0.11731594603945537
2025-02-02 04:00:00,0.07926507750187455,47.555545489303654,0.5227537969453716,4,6,47.79635359649402,0.0,0.117058016074222
2025-02-02 05:00:00,0.11901403307654784,45.94214357321928,0.0,5,6,51.89360511158096,0.5496794801145665,0.11820406836682229
2025-02-02 06:00:00,0.11860607570892756,52.72735898168298,4.137840595269475,6,6,54.94694101337358,5.329253295149371,0.11913056705952624
2025-02-02 07:00:00,0.1177001772886803,57.0606730321218,11.574784461457355,7,6,57.67833205205017,9.705371819880567,0.12018467227249031
2025-02-02 08:00:00,0.09661693832898778,57.77327372906883,10.34762331935655,8,6,53.81420046420171,10.618976622351452,0.11957142728829773
2025-02-02 09:00:00,0.08433524442547574,57.287156980104896,9.936228494907635,9,6,49.59333476652405,16.861674753958447,0.1189469062597782
2025-02-02 10:00:00,0.08526072986275159,57.043449617672,17.41906151487134,10,6,50.63078417615172,15.76828167859207,0.11908725041100404
2025-02-02 11:00:00,0.08634689577528164,52.68885274902109,16.936353235804866,11,6,49.12249079203255,20.90650572492219,0.11941147480696841
2025-02-02 12:00:00,0.0640968899452873,48.4855827401387,16.65965586757823,12,6,48.83859837939257,21.6923716197902,0.11871963388859241
2025-02-02 13:00:00,0.06039903742949944,44.86399859276292,13.88818908005387,13,6,52.57502824262063,12.880249617593165,0.11804864482310883
2025-02-02 14:00:00,0.08004838173562741,48.78923464725478,13.530756056879577,14,6,53.9837978443134,12.54212742724548,0.11881143499266805
2025-02-02 15:00:00,0.09338231078808872,53.68625509689437,11.752166780231063,15,6,59.79935883104058,11.472105395418435,0.11788052667188742
2025-02-02 16:00:00,0.14787683905593801,60.04416661562163,11.564384500485806,16,6,63.61096697822897,5.301820442653613,0.11819567280642014
2025-02-02 17:00:00,0.16272900944441976,62.78013962905362,6.31794721592129,17,6,67.7142574742395,0.0,0.11741768986807238
2025-02-02 18:00:00,0.19692356816410256,65.23713450743595,6.389516500249737,18,6,70.39470126609632,2.4214346351192386,0.11771996334907792
2025-02-02 19:00:00,0.2219449665367118,65.91203261873366,2.3601832584626514,19,6,72.7646589769991,0.0,0.11895559117105171
2025-02-02 20:00:00,0.2166363538484292,62.947671090193055,1.4850322359682622,20,6,65.7949589654326,0.5613135947500832,0.12059742862598634
2025-02-02 21:00:00,0.1865267360201131,63.55852150286249,0.0,21,6,60.33018836602346,0.0,0.1212648921024073
2025-02-02 22:00:00,0.15577847562042202,54.530040452048965,0.0,22,6,55.91189119487308,2.224870128777579,0.12100920270726812
2025-02-02 23:00:00,0.11475478614101325,51.16333019143315,0.0,23,6,49.99006087538357,0.0,0.11931758304227068
2025-02-03 00:00:00,0.12570177678447716,53.42513061666856,0.0,0,0,55.34434462374927,2.5211965708918282,0.12052917286212252
2025-02-03 01:00:00,0.12559308422670099,50.43105355618796,0.0,1,0,56.6250731015825,0.0,0.12235204909962054
2025-02-03 02:00:00,0.09357353282355763,56.01933272107998,0.0,2,0,55.33408796070663,0.0,0.12265101977237335
2025-02-03 03:00:00,0.1330731777837911,57.53394854030133,5.607734164780906,3,0,56.08427664456848,1.1542600727645338,0.12359100409652941
2025-02-03 04:00:00,0.1046761041494107,54.412462241196096,1.2901007453564763,4,0,56.37331531723582,0.0,0.12464979687351012
2025-02-03 05:00:00,0.1238408912975019,56.85470571472243,0.0,5,0,60.487443437996944,5.035052855228513,0.12485091596604986
2025-02-03 06:00:00,0.12211420782039259,63.07403948747351,1.394679377490073,6,0,62.724866401373035,5.157991028287389,0.12499708813736092
2025-02-03 07:00:00,0.11998018672353723,62.107072997286906,0.0,7,0,67.69162661410354,7.374897123190844,0.12509208853047996
2025-02-03 08:00:00,0.1073847504499304,63.18786440636395,9.94776828657334,8,0,67.43351072875355,11.553802651417142,0.12554074736885254
2025-02-03 09:00:00,0.09228764475967569,68.25897028185639,17.143179289358436,9,0,65.3608975406491,15.569117823158958,0.12587209738277755
2025-02-03 10:00:00,0.1034946692024876,64.32016616359104,15.096007757812318,10,0,56.95823212182385,20.098531729873365,0.12663184485526655
2025-02-03 11:00:00,0.0884862702511264,60.583180886469805,11.108250972933513,11,0,55.88827612014913,15.416203667160442,0.12672098545842675
2025-02-03 12:00:00,0.06819313295887842,60.18716382948207,16.472060686191274,12,0,56.08189605474747,16.277619807325358,0.1268916622506597
2025-02-03 13:00:00,0.07319342002202495,51.25399446168791,21.787631297244424,13,0,57.63980032716791,15.381284196634446,0.1274247615253483
2025-02-03 14:00:00,0.08253033346807415,64.00918634014238,16.42511737176699,14,0,61.35189946296094,16.99087732140501,0.1275281761808669
2025-02-03 15:00:00,0.12025838109846027,64.61133462017213,7.707871036564764,15,0,67.17333126684122,11.758029326876505,0.12864801244379903
2025-02-03 16:00:00,0.1565193039403092,71.43882144822142,17.247128406098405,16,0,75.02742058233979,9.090737735470132,0.1290081151473145
2025-02-03 17:00:00,0.1913980096723475,74.51738322309811,0.2499281396032984,17,0,75.7634713119079,0.08689903872323487,0.13020265682347815
2025-02-03 18:00:00,0.2379892524864642,77.35570124787644,0.0,18,0,80.78808992752,4.011713259442876,0.13191372700357656
2025-02-03 19:00:00,0.23496699718457253,77.80094000843422,0.0,19,0,79.93403668449962,3.548374923219945,0.1324563116139041
2025-02-03 20:00:00,0.22671671119723855,78.37396298928067,0.0,20,0,73.84821780080294,1.9509329777619582,0.1328763265034378
2025-02-03 21:00:00,0.2049471198090674,72.28043151052061,0.0,21,0,70.65889263458538,2.1755967761118438,0.13364384249464423
2025-02-03 22:00:00,0.19413004840158501,70.97783445095637,2.226525559461271,22,0,60.61015285415249,0.0,0.13524182469385937
2025-02-03 23:00:00,0.12507843130028934,58.25601218224382,4.516860058268606,23,0,53.53522085389235,5.119251237559478,0.13567197657549587
2025-02-04 00:00:00,0.13279492130040074,52.91855123864927,0.0,0,1,55.05079942931287,0.0,0.13596752426365935
2025-02-04 01:00:00,0.13273707379802788,61.215400727986456,0.0,1,1,55.21657114546656,1.567162713073394,0.13626519049579797
2025-02-04 02:00:00,0.11082996704382211,52.76664562107313,1.6752376083093286,2,1,57.98967717309636,1.894755073419729,0.13698420858830898
2025-02-04 03:00:00,0.12677747346241305,54.36742420958063,1.777872526252156,3,1,54.13891539148751,0.0,0.13672188757491824
2025-02-04 04:00:00,0.1085630119610638,53.31234710437776,0.8413171744370764,4,1,57.145259338521875,0.0,0.13688384206707047
2025-02-04 05:00:00,0.12160754272283603,59.293876638929696,0.9650893451735643,5,1,61.15027546818767,0.5694499030101877,0.13679078587645938
2025-02-04 06:00:00,0.11197132688331178,58.96419396119408,0.0,6,1,63.3205963048377,4.431597143514512,0.13636816583741432
2025-02-04 07:00:00,0.12886660360804061,63.76387970367594,5.092601941836086,7,1,63.573337737025845,9.064649596509906,0.13673843320760198
2025-02-04 08:00:00,0.1079720386219812,68.37496322540814,8.538727410061096,8,1,63.443051648198306,17.154228500222544,0.1367629035481041
2025-02-04 09:00:00,0.09790574551414837,62.16010959807349,16.72056436736464,9,1,60.965689860754786,13.574722215318705,0.13699699107954047
2025-02-04 10:00:00,0.1011342404888355,63.98029836797947,23.69031940277629,10,1,61.519287196148156,14.171265754223693,0.1368986398831383
2025-02-04 11:00:00,0.10002215206051651,61.25533207538304,18.35257130460039,11,1,55.15061461016255,16.706837101333946,0.1373793016251962
2025-02-04 12:00:00,0.07405234031354455,60.566937930743336,18.32600985258743,12,1,59.1776328742005,19.807676642354075,0.13762343526497398
2025-02-04 13:00:00,0.09465113510485776,57.99699495322183,18.619300053540453,13,1,62.187160653319225,18.24740709080084,0.13851750672675867
2025-02-04 14:00:00,0.0950987328669678,70.01491902335079,13.5879848468642,14,1,62.297523935525724,14.671532846720885,0.1390411900350459
2025-02-04 15:00:00,0.09489111965222785,66.69722106265947,15.652135621601586,15,1,68.69008460944723,11.727578577328147,0.13798422080811953
2025-02-04 16:00:00,0.14602093844232641,69.20990680412554,10.718623792027545,16,1,74.39631555017176,5.4659839420654475,0.13754678891237027
2025-02-04 17:00:00,0.2028439474776988,70.44148479148484,3.27742822274109,17,1,77.98712844786533,0.0,0.13802370298759323
2025-02-04 18:00:00,0.22247894613608873,76.85452999272333,3.1572338666486766,18,1,78.81219331719733,0.0,0.13737744022299425
2025-02-04 19:00:00,0.23532234427955703,83.21215320069355,0.0664641892088554,19,1,75.80742653809008,0.0,0.13739224635195196
2025-02-04 20:00:00,0.23511693629181593,82.63558913986951,0.0,20,1,74.56891538890395,0.0,0.1377422557308927
2025-02-04 21:00:00,0.20947833897925922,77.97465532704456,1.23061555898036,21,1,67.41769253668699,2.207362229526114,0.13793105652965068
2025-02-04 22:00:00,0.18594941285239175,70.67922369890343,0.829473761897642,22,1,63.35595269894879,0.6633497645134967,0.13759019671510095
2025-02-04 23:00:00,0.12437389904641252,59.28053817128567,3.361463511387187,23,1,54.967534401494184,0.0642515623148185,0.13756084120452275
2025-02-05 00:00:00,0.11203613220168047,56.17481560423491,2.910414325261971,0,2,56.348248574545295,0.0,0.13669589165874274
2025-02-05 01:00:00,0.11215486153533749,50.663782513893395,0.0,1,2,58.59028930690234,7.221951130700172,0.13583829948113063
2025-02-05 02:00:00,0.09358849408174418,49.97449907648816,0.0,2,2,53.61994567324709,0.0,0.13511990477437738
2025-02-05 03:00:00,0.09929734508665802,55.86082370483273,0.006103125202297359,3,2,56.20605932374728,0.3377149135135235,0.1339748994253876
2025-02-05 04:00:00,0.1120887222625489,57.77514811316301,1.2715810788402966,4,2,55.21464031119098,2.80844872748027,0.1341218040212828
2025-02-05 05:00:00,0.11933404699385547,61.07428099163544,1.6931403221776722,5,2,64.24742924823201,0.1185281169077144,0.1340270750325753
2025-02-05 06:00:00,0.12146909795449484,62.8753813696864,1.0549427284764126,6,2,64.40983737759636,2.6023433370088824,0.13442281549387458
2025-02-05 07:00:00,0.11340054968523884,66.0232136402371,4.544106058456574,7,2,65.0235390413451,11.656473166579902,0.1337783965804245
2025-02-05 08:00:00,0.09904577727747287,62.47200582892212,12.881083505305929,8,2,64.46490844857212,9.53185522929441,0.1334064690244033
2025-02-05 09:00:00,0.10144247499108751,64.02453093809177,10.922553840713428,9,2,61.62657360112226,21.145543685897348,0.13355383275260913
2025-02-05 10:00:00,0.09656683580511806,56.5982728631022,24.945721134415464,10,2,57.12482313107426,18.93463964326505,0.1333635242241209
2025-02-05 11:00:00,0.10237932844417814,52.17772084231107,20.815129661185825,11,2,59.53132265935352,18.07490078827679,0.13346173990677346
2025-02-05 12:00:00,0.057261438177441684,59.52543888994124,14.838248959354258,12,2,58.80104701809636,14.17851292463041,0.13276211898443585
2025-02-05 13:00:00,0.09308950173903528,55.101569500154845,18.792685988925122,13,2,61.175534457421506,13.042269641972624,0.13269705092752657
2025-02-05 14:00:00,0.0941217997296736,62.399188974684634,18.97220136498605,14,2,61.926997773923624,13.136749636960056,0.13265634538013932
2025-02-05 15:00:00,0.13073258216468495,66.83372927374272,12.059818600720915,15,2,66.66637473879662,14.691916731738345,0.1341497396514917
2025-02-05 16:00:00,0.17272650623345487,66.15278675803127,4.159219768706172,16,2,72.98164527613986,5.514104782724458,0.1352624716427887
2025-02-05 17:00:00,0.19047515143115387,75.09774220992516,1.2250490650116372,17,2,78.72933876591054,0.9717668415396964,0.13474710514084934
2025-02-05 18:00:00,0.2333763048420645,75.01372145475872,1.8973253052094319,18,2,79.6156022703609,1.0810990396063127,0.13520116175359834
2025-02-05 19:00:00,0.21625351482382096,72.70539826660941,0.0,19,2,75.57401287880273,6.619317867113934,0.13440662719294266
2025-02-05 20:00:00,0.2308707703181445,77.52397225488313,0.0,20,2,74.54382812984043,0.0,0.13422970361070635
2025-02-05 21:00:00,0.1993778898700406,71.7015095813472,1.8789216142687413,21,2,66.18667026051718,4.383309377306317,0.13380885156448893
2025-02-05 22:00:00,0.17591486121939431,66.72262727429163,0.0,22,2,61.93971645256916,0.0,0.13339074524644737
2025-02-05 23:00:00,0.1455109846607668,69.58405259933899,0.0,23,2,54.893985275000325,0.0,0.13427145714704544
2025-02-06 00:00:00,0.11493836409231253,49.69579621498838,0.0,0,3,52.25596445965266,0.0,0.13439238347582178
2025-02-06 01:00:00,0.13485929747851502,55.82409852939186,0.0,1,3,52.76999061221308,0.0,0.13533840164012087
2025-02-06 02:00:00,0.09815423202410178,51.51366450898354,1.6955870065923087,2,3,58.16239978119072,1.5736376524307956,0.13552864072105242
2025-02-06 03:00:00,0.12023195301818305,57.964593196381166,0.0,3,3,58.79608260515137,0.0,0.13640091605153262
2025-02-06 04:00:00,0.1272506643191632,57.01853061020018,0.0,4,3,62.725546811603614,0.41400791927205016,0.1370326636372249
2025-02-06 05:00:00,0.11443599517553066,59.36001696641499,1.2137479780551228,5,3,62.14833198124586,0.0,0.13682857814479468
2025-02-06 06:00:00,0.1340523614679622,58.22353939666383,0.0,6,3,65.57430797091841,2.949253529597965,0.13735288079118915
2025-02-06 07:00:00,0.11276622702165681,61.83489793587783,2.5100346967736815,7,3,65.27561960291376,5.9853376420605,0.13732645068020657
2025-02-06 08:00:00,0.12112959012507328,68.55273649694472,2.650480002948056,8,3,63.62221210491302,12.57411164225896,0.1382466095488566
2025-02-06 09:00:00,0.09627286017185983,69.98964981115107,14.881553033632786,9,3,63.1275183785625,15.204595747636658,0.1380312089313888
2025-02-06 10:00:00,0.09549676039684926,62.92067236479013,16.927570921711478,10,3,61.275097108548344,17.37731755160283,0.13798662245604423
2025-02-06 11:00:00,0.08748015170864597,55.67939652246327,16.761027751697483,11,3,58.691329983860655,14.638929253148632,0.13736582342539708
2025-02-06 12:00:00,0.09153701575290953,58.20262626286219,15.596132109829654,12,3,55.794580687693234,18.846703232540193,0.13879397249104156
2025-02-06 13:00:00,0.07960457014417563,65.24211887470642,18.61655252887663,13,3,60.35308258464262,14.434535012093605,0.13823210034125574
2025-02-06 14:00:00,0.08727167216938847,59.897587534667544,18.33274669692226,14,3,61.70935662192232,9.017463417333001,0.1379466783595772
2025-02-06 15:00:00,0.12918973942267267,67.92754854712628,13.9377186577305,15,3,67.4482432583505,8.078660782367328,0.13788239324532667
2025-02-06 16:00:00,0.16365415026537009,65.72818899868177,15.346743811204341,16,3,76.44384077455398,2.8089099116431453,0.13750437841332316
2025-02-06 17:00:00,0.1988057742426515,73.03671211465192,7.443032039611463,17,3,74.69290193813428,0.11518427194122928,0.13785148769713554
2025-02-06 18:00:00,0.25017187195954627,79.07467241846427,0.0,18,3,82.91224462882668,0.0,0.13855130299369728
2025-02-06 19:00:00,0.2425226469618687,79.84630202439656,2.5839756463379735,19,3,78.19109163446498,0.0,0.13964585016611594
2025-02-06 20:00:00,0.23251638272278968,74.63957915685171,0.17031797436877483,20,3,72.23872123719042,0.0,0.13971441734964282
2025-02-06 21:00:00,0.21103933396836358,70.58049090615987,0.15817464082928925,21,3,68.22998512359868,0.0,0.1402003108537396
2025-02-06 22:00:00,0.19321371907841453,71.2560629706391,4.537273290588578,22,3,61.855666557809606,3.1839583492799863,0.14092109659786548
2025-02-06 23:00:00,0.16968474226828198,67.03855799525392,0.0,23,3,53.44569935143966,3.63401218677569,0.14192833649817857
2025-02-07 00:00:00,0.1062782306095711,59.37838677034695,0.08158376819235443,0,4,54.706491307879986,3.972960841737834,0.14156749760306436
2025-02-07 01:00:00,0.12577522667222923,60.3324772672362,4.163985009273616,1,4,54.00019456110952,0.0,0.14118899465280246
2025-02-07 02:00:00,0.11719006677618,55.08881868870293,1.081466953612118,2,4,53.15321024681855,3.631906782505748,0.14198215443413906
2025-02-07 03:00:00,0.11168650130098459,54.02330792980851,0.0,3,4,55.58171850302335,1.1395940616224591,0.14162609394592243
2025-02-07 04:00:00,0.09903421687368076,60.34771048315495,0.0,4,4,55.477874317722694,0.0,0.140450408635694
2025-02-07 05:00:00,0.10175760957761884,60.38892557558598,0.0,5,4,58.66454567448472,0.0,0.13992214256911437
2025-02-07 06:00:00,0.10592818437697732,58.064318169878646,7.266634164162618,6,4,61.68166049922405,4.61113925948246,0.13875030185699
2025-02-07 07:00:00,0.09578818308996649,60.93813395336383,6.172476641757652,7,4,68.8891728999007,10.125177127278299,0.13804288335983622
2025-02-07 08:00:00,0.11182443212377104,67.12070034240195,7.794056463046098,8,4,65.09533393377058,14.929607886129315,0.1376551684431153
2025-02-07 09:00:00,0.11023494178470827,63.71680700949795,15.136574009393579,9,4,62.53639027913336,17.03545508444437,0.13823692184365063
2025-02-07 10:00:00,0.08854960156677318,61.26010031912637,13.723597539812472,10,4,58.5346535885135,18.030302327474,0.13794745689239749
2025-02-07 11:00:00,0.08844542759567317,61.94423842062836,17.846955693932017,11,4,58.09157608358012,23.46247890389163,0.1379876767210236
2025-02-07 12:00:00,0.07106677731542232,59.50793067955956,16.383333524220657,12,4,59.786889040012575,18.687568998787338,0.13713475011946166
2025-02-07 13:00:00,0.09182977263660909,61.69079155238893,14.059702618843183,13,4,60.346462198887515,16.56157846796571,0.13764413355664637
2025-02-07 14:00:00,0.10155324436163016,53.34990782459613,9.67300971344147,14,4,66.49130667474235,13.30511639164641,0.13823919906465645
2025-02-07 15:00:00,0.10827463896646766,64.02151995679847,8.321674024638217,15,4,67.9838609841706,9.521351308528244,0.1373677365456479
2025-02-07 16:00:00,0.14435219907985347,70.2812350656606,13.412819623629126,16,4,74.33020142179616,1.2778999603302208,0.1365634885795847
2025-02-07 17:00:00,0.1770666311471179,68.24730156311165,1.638598403144706,17,4,78.4610788491834,0.0,0.13565769095060415
2025-02-07 18:00:00,0.22812409425954688,74.9573865312945,1.8721223913100808,18,4,76.6717499655277,6.848763285499774,0.13473903354643751
2025-02-07 19:00:00,0.23306273153439333,75.84628774312674,3.3482658644582477,19,4,77.13849368805039,0.0,0.13434487040362603
2025-02-07 20:00:00,0.2282834827462243,77.12244590522303,0.05802889822610202,20,4,69.44909298213014,0.760974647066745,0.13416849957126914
2025-02-07 21:00:00,0.2092671929707208,78.34106829342267,0.0,21,4,67.79479244670907,0.9590687323626141,0.13409466036303402
2025-02-07 22:00:00,0.1865721531326205,74.52682780026217,0.4655802218468231,22,4,62.62834908135621,2.8356271432197957,0.13381792844862592
2025-02-07 23:00:00,0.15249042543332153,60.580864049562834,0.0,23,4,44.82097890272525,1.0269858764577149,0.1331014985805026
2025-02-08 00:00:00,0.08705303647895923,47.18385902249704,4.213682417198206,0,5,44.70422034990903,5.294426616360981,0.13230044882506042
2025-02-08 01:00:00,0.08537259011650082,47.30740128424323,6.567868559505724,1,5,46.64133343571918,0.6710083788869793,0.1306170056352384
2025-02-08 02:00:00,0.09229049463106467,46.85778739787861,5.074341406298345,2,5,44.20683201057065,3.7739931087102563,0.12957952346252527
2025-02-08 03:00:00,0.09297002356492239,47.255228779075956,0.0,3,5,50.70386848800428,2.9119227580818485,0.12879967022352268
2025-02-08 04:00:00,0.12064570688007559,47.9558639234689,0.0,4,5,50.201414637911114,4.317572685625773,0.12970014897378912
2025-02-08 05:00:00,0.09769599856777143,54.46667669680225,0.014556985734046606,5,5,50.56159228845946,0.06954504039993764,0.12953091518171214
2025-02-08 06:00:00,0.10505480417666564,55.695416280153516,1.6207028614789014,6,5,56.49954875068345,6.324933092061911,0.12949452434003247
2025-02-08 07:00:00,0.10400136578624573,51.81262404727069,0.0,7,5,58.49557807340878,9.032856898165631,0.1298367402857108
2025-02-08 08:00:00,0.11651684275772808,59.05217959344032,3.964498392544698,8,5,55.981669347596224,14.683563294081281,0.130032257395459
2025-02-08 09:00:00,0.0763483986505068,58.09902916124418,18.810017362477062,9,5,50.29241193016962,18.037742881240646,0.1286203180982006
2025-02-08 10:00:00,0.0970603486186332,53.31191992974312,15.478860526903507,10,5,53.946054093840665,13.630340883592673,0.12897493255869477
2025-02-08 11:00:00,0.07367512947080823,53.09203807572526,14.241161394306847,11,5,49.31730908320369,19.732300777848533,0.12835950347015873
2025-02-08 12:00:00,0.10192234357052796,48.640197161925165,16.270359580641795,12,5,45.899386465720795,21.93872720878451,0.12964515206412147
2025-02-08 13:00:00,0.07796470291412717,49.036042301454756,20.813744830485913,13,5,50.90840197979714,13.655248244460786,0.12906744082568472
2025-02-08 14:00:00,0.06870847011178496,50.878141544518236,14.556861239415497,14,5,53.729360055263776,11.474496614879342,0.12769890856527452
2025-02-08 15:00:00,0.1002841000467625,47.71161398369249,15.081942986432367,15,5,59.03043472810731,13.302363651791715,0.12736596944362014
2025-02-08 16:00:00,0.15266095142076513,58.76030537005154,6.641005434223315,16,5,61.704291767315574,8.971588966564708,0.1277121674578248
2025-02-08 17:00:00,0.17659578795179234,61.9533229028184,0.0,17,5,68.1210540194867,0.0,0.12769254899135288
2025-02-08 18:00:00,0.19544318458513937,64.21576748983102,4.985330571274638,18,5,67.83268317560695,0.4871572293923572,0.1263308444215859
2025-02-08 19:00:00,0.22791497941635402,74.08404721030655,1.3936646895114149,19,5,67.31328129998714,0.0,0.12611635475000094
2025-02-08 20:00:00,0.205301459235746,69.62582425370235,0.0,20,5,64.8661720047589,3.295532690516852,0.12515877043706433
2025-02-08 21:00:00,0.1819325295967386,63.995824571139906,0.0,21,5,58.06062486856286,0.0,0.12401982612981509
2025-02-08 22:00:00,0.13738015433643963,57.20651941836751,5.127151291763322,22,5,53.56508909529664,0.0,0.12197015951330754
2025-02-08 23:00:00,0.14956451301863805,55.093675326770104,2.070355159350538,23,5,47.09705922662433,3.754148202083237,0.12184824649602906
2025-02-09 00:00:00,0.07832863105375136,48.629191413966936,4.0138456107251566,0,6,43.69977398622771,0.0,0.12148472960331208
2025-02-09 01:00:00,0.09503335168010767,42.83067755247091,0.0,1,6,44.27826320390483,0.0,0.12188726133512902
2025-02-09 02:00:00,0.09913937289004132,45.55965423217956,0.1773328906285241,2,6,43.42703507539545,0.3721154168574047,0.12217263126258637
2025-02-09 03:00:00,0.09513413075550126,48.71402683866745,1.4076962059878613,3,6,45.295881160532616,4.266555478385994,0.12226280239552717
2025-02-09 04:00:00,0.07791530271013698,40.74640439698872,0.0,4,6,49.282420863615314,0.0,0.12048236888844639
2025-02-09 05:00:00,0.08470539575758029,48.8399491649577,0.0,5,6,53.40417126562089,0.0,0.1199410937713551
2025-02-09 06:00:00,0.10452582117575482,50.75151114285691,0.0,6,6,53.55050230797286,6.989863790390224,0.11991905281298382
2025-02-09 07:00:00,0.08524622456463346,54.73458106920233,6.727428680992264,7,6,57.6832167902121,12.38962303178724,0.11913758859541662
2025-02-09 08:00:00,0.06894376070236599,54.85838084866577,5.673283545900353,8,6,55.41158504161159,15.156157846604314,0.11715537684310988
2025-02-09 09:00:00,0.0907263536249296,55.64155319390418,16.565697018318623,9,6,49.496539355127744,17.510122383647214,0.11775445830037751
2025-02-09 10:00:00,0.07051463010946378,58.417351810643396,18.924437953493822,10,6,49.77832091962122,20.257550172603842,0.11664838669582878
2025-02-09 11:00:00,0.08301850764550134,48.392648267978466,19.182943590912796,11,6,50.384794801326535,16.37597521783833,0.11703769411977433
2025-02-09 12:00:00,0.06948674523607971,48.92955557570268,22.16963624853707,12,6,44.56799539484886,20.178505127647107,0.11568621085583897
2025-02-09 13:00:00,0.07061572834124773,54.7354542273532,18.617231817623004,13,6,54.458302862487805,21.986885879340623,0.115380003581969
2025-02-09 14:00:00,0.08408247786020026,48.687842045192816,15.49148415274813,14,6,52.906678661055814,10.86738679455901,0.11602058723815296
2025-02-09 15:00:00,0.08898808415775254,59.93467626925743,16.466843492714297,15,6,55.677089089129936,8.10282041405851,0.1155499199094442
2025-02-09 16:00:00,0.12124060395459921,58.99233394619037,12.352712137417688,16,6,64.32629197145937,4.2194604433832446,0.11424073876502065
2025-02-09 17:00:00,0.17674111971535444,69.75151275827409,3.5552756539028896,17,6,69.63229518403227,0.0,0.11424679425516905
2025-02-09 18:00:00,0.19356690217481015,70.37076471430873,0.0,18,6,68.89204193561169,5.155821833493872,0.11416861582140535
2025-02-09 19:00:00,0.2255980983965235,70.43565555383712,0.0,19,6,68.59327882601949,0.0,0.11407207911224575
2025-02-09 20:00:00,0.20388712161098554,67.76006210678831,0.0,20,6,68.28847770184487,0.0,0.11401314837788072
2025-02-09 21:00:00,0.1597864185475774,62.05207151698227,5.337916884587941,21,6,59.382918034964675,2.1590007457626412,0.11309039375083234
2025-02-09 22:00:00,0.14803501078008047,59.2141431962145,1.1076649996797232,22,6,60.06862791980714,0.0,0.11353434610265072
2025-02-09 23:00:00,0.13393388286052496,56.97520941925551,0.05110081741525217,23,6,56.9419613540261,2.2054889804891205,0.11288306984606267
2025-02-10 00:00:00,0.10901762457949495,54.37074361691584,0.0,0,0,54.536143170736985,0.0,0.11416177790963532
2025-02-10 01:00:00,0.1156309588914433,53.41987955637747,2.5864630646282416,1,0,55.11428381239125,1.2852556385060496,0.11502001154344095
2025-02-10 02:00:00,0.12061557836050887,53.72870519485013,0.0,2,0,54.253448924365905,0.0,0.11591485343804377
2025-02-10 03:00:00,0.14688026035984433,58.06824348656376,0.0,3,0,56.39686820256154,1.2758379421582622,0.11807094217155807
2025-02-10 04:00:00,0.13088346429870729,59.81822894713177,2.7041513207680503,4,0,59.10339234446293,0.6098300779268615,0.12027794890441516
2025-02-10 05:00:00,0.094703936310675,55.8453950413505,1.3556295234716416,5,0,60.273047919711445,0.0,0.1206945547607941
2025-02-10 06:00:00,0.11412318385816575,58.94186666553136,0.0,6,0,61.35899824821077,2.0006556554538113,0.12109444487256123
2025-02-10 07:00:00,0.1158306922911509,65.33288943770748,4.900125516758235,7,0,68.06225387228594,11.140218190485568,0.12236879769449947
2025-02-10 08:00:00,0.12285912201881174,70.30779911703335,10.972398236779446,8,0,66.10422332533723,16.923352888936055,0.1246152710826847
2025-02-10 09:00:00,0.0959965711986854,67.82442772459531,13.707437428949778,9,0,58.38367115006762,16.756598611572233,0.12483486348159119
2025-02-10 10:00:00,0.08660954869855308,57.21192190706927,18.80510179642213,10,0,58.72728661915422,18.91617443394168,0.1255054850894699
2025-02-10 11:00:00,0.07251093385174645,57.54026136133016,14.01443915393562,11,0,59.00632995720742,23.28904780130763,0.1250676695147301
2025-02-10 12:00:00,0.07667901213287302,53.974253252349385,11.157587032033017,12,0,59.15582716696734,25.136966303774365,0.1253673473020965
2025-02-10 13:00:00,0.07883388971638844,56.452329899069504,16.93420832982121,13,0,58.01605580748671,20.874762497909032,0.12570977069272737
2025-02-10 14:00:00,0.09200596418107825,64.53810816405242,19.23169389269284,14,0,65.04805293410129,15.538521738202958,0.1260399159560973
2025-02-10 15:00:00,0.11033467145841266,58.531497357333365,3.6086771743607233,15,0,67.9615991295101,9.852047294653827,0.12692935709362482
2025-02-10 16:00:00,0.1634610954075254,62.751035667241304,7.5806683295245,16,0,73.78290341406083,5.375320511051977,0.12868854423749673
2025-02-10 17:00:00,0.20168471337531294,70.35417582527309,0.0,17,0,75.08724162557743,0.0,0.129727860639995
2025-02-10 18:00:00,0.20938791460865283,77.84561932347798,0.0,18,0,69.89499449783168,0.0,0.1303870694914051
2025-02-10 19:00:00,0.23245108729668842,80.39542850037809,6.852647402845474,19,0,75.37152754123674,3.1356767146828726,0.13067261069557864
2025-02-10 20:00:00,0.2113585682742803,78.32601956113658,0.0,20,0,74.07826260806965,0.11097760149386127,0.13098392097321593
2025-02-10 21:00:00,0.22533987354300283,76.7673016956893,0.0,21,0,67.51684993364621,0.0,0.13371531493135866
2025-02-10 22:00:00,0.18735471312966903,62.28584061553429,2.9373082927588126,22,0,64.36013880914615,0.0,0.1353536358625915
2025-02-10 23:00:00,0.1539143569545166,66.86243395389432,0.07457295233700734,23,0,56.57950096666001,0.0,0.13618615561650782
2025-02-11 00:00:00,0.10313672104274703,53.368496646281294,0.0,0,1,53.726532689003484,0.0,0.13594111796914332
2025-02-11 01:00:00,0.10551361489556658,56.72835579827522,3.2432607345075137,1,1,53.62781295416128,0.0,0.13551956196931514
2025-02-11 02:00:00,0.10315267637030709,50.25074941290098,1.6516050267913198,2,1,50.47310681293644,4.291889042198305,0.13479194105305672
2025-02-11 03:00:00,0.11256217779311668,54.862681227851255,1.0101901654825842,3,1,52.75686642732689,0.0,0.13336202094610974
2025-02-11 04:00:00,0.1330155722559121,56.60828023102131,0.0,4,1,55.25491901348872,0.0,0.13345085877765991
2025-02-11 05:00:00,0.13295101812859342,61.633181479728464,0.0,5,1,62.14912768023588,0.8157460311262046,0.13504448718673986
2025-02-11 06:00:00,0.12390909745045953,55.963034491342704,3.2100980983108176,6,1,63.43238145499231,4.338659487705953,0.13545223358641878
2025-02-11 07:00:00,0.12041843341414392,64.17185052440865,4.397980237916157,7,1,64.30572895507056,11.019405958341457,0.1356433894665435
2025-02-11 08:00:00,0.08960035842741551,61.901445052479524,15.080616007225581,8,1,62.814268785534374,17.648872923898104,0.1342576076502353
2025-02-11 09:00:00,0.09800347220775667,65.72934755378583,11.567808581910032,9,1,59.614388472770734,14.324494629807042,0.13434122852561328
2025-02-11 10:00:00,0.09371322982676232,63.65944337702882,23.674563070686126,10,1,60.186727868504605,22.92031015346247,0.13463721523928868
2025-02-11 11:00:00,0.07303067520052922,62.45875071565423,22.460560562225247,11,1,57.09337929582669,19.91177059343772,0.13465887112882127
2025-02-11 12:00:00,0.08755399622139641,55.194591847893264,18.152589628277056,12,1,59.245525501819195,20.007406230359987,0.1351119954658431
2025-02-11 13:00:00,0.09527495854033755,60.2299961977267,22.589845492348857,13,1,54.971725275781594,24.03817652019066,0.1357970400001743
2025-02-11 14:00:00,0.10433288801267993,63.713382730990084,16.38025908580542,14,1,64.10378788020188,11.305474606097977,0.13631066182649104
2025-02-11 15:00:00,0.12071227779349711,57.779930604225754,15.349819054138687,15,1,66.9183203018913,12.425198523730872,0.13674306209045287
2025-02-11 16:00:00,0.13488840127242713,69.8454098243772,9.068035949471156,16,1,72.39710480829166,8.734081746533786,0.13555253316815713
2025-02-11 17:00:00,0.2125811205257461,76.02728660268119,5.110406833027493,17,1,79.58637927437822,0.0,0.1360065501327585
2025-02-11 18:00:00,0.2028774232521488,76.05280243311923,3.2950077783345364,18,1,77.58381486387037,0.0,0.13573527965957086
2025-02-11 19:00:00,0.22943788868105494,74.48903910057155,1.8147907825134026,19,1,77.86447901198729,0.0,0.1356097297172528
2025-02-11 20:00:00,0.23913627425894202,79.89814446345483,0.0,20,1,70.9237190120342,0.0,0.13676713413328034
2025-02-11 21:00:00,0.20588985507830126,69.12118163148945,0.0,21,1,67.95443630385051,0.18611878811132956,0.13595671669725112
2025-02-11 22:00:00,0.15966662116950603,67.3114914009722,0.9477146359286668,22,1,59.83176502018409,2.499297010375807,0.134803046198911
2025-02-11 23:00:00,0.13630014258114156,62.885861520499304,1.2011549441352185,23,1,54.2054917757924,0.0,0.13406912060002038
2025-02-12 00:00:00,0.12005466145957464,56.6098355859715,0.0,0,2,55.11130323463249,2.599952183554984,0.13477403478405484
2025-02-12 01:00:00,0.11289555290429139,52.33526516654883,5.569604190437131,1,2,56.651371852402725,3.9228296415259027,0.1350816155344184
2025-02-12 02:00:00,0.09611271368009297,52.24795512438339,2.8472322804435852,2,2,53.163944230678226,1.206966260333143,0.13478828375565946
2025-02-12 03:00:00,0.1198189867089764,55.116261479553465,0.0,3,2,54.74719779750742,1.4713539720425899,0.1350906507938203
2025-02-12 04:00:00,0.10080394994329504,59.02557544360895,0.0,4,2,56.59944715579635,0.0,0.13374849986412793
2025-02-12 05:00:00,0.13255081632471455,65.20753031191288,0.0,5,2,60.480740999685544,0.0,0.1337318247889663
2025-02-12 06:00:00,0.10506282674589888,56.16482159448476,0.0,6,2,62.09854203316603,7.340486693131681,0.1329465635096096
2025-02-12 07:00:00,0.11450216950962723,65.0354489761033,10.097064841071774,7,2,61.012673374675046,13.242679790001675,0.13270005251358807
2025-02-12 08:00:00,0.10296591876286931,61.850198050273924,14.458377049320708,8,2,61.979247838987774,16.25293692289926,0.13325695086089864
2025-02-12 09:00:00,0.1186385339098281,67.32486834067022,15.696836117237732,9,2,61.02733857918437,21.621643878856393,0.13411674509848495
2025-02-12 10:00:00,0.0958901350133372,58.12192005906896,21.446959770962838,10,2,57.99651659892084,19.739469642630183,0.1342074494812589
2025-02-12 11:00:00,0.08025465410697213,56.133843791534204,24.155019725199345,11,2,57.96383709730456,23.476936817745365,0.1345084486023607
2025-02-12 12:00:00,0.08822131328130121,54.97393150276456,22.22900583661008,12,2,58.9001715879256,25.396609263652945,0.13453625347985673
2025-02-12 13:00:00,0.1113224351540651,56.97194698970848,22.683771810785238,13,2,58.41230580634032,20.93816045498593,0.13520489833876206
2025-02-12 14:00:00,0.10433709471943739,60.345642111100666,21.15394674717357,14,2,59.81975443683114,19.333808981663093,0.13520507361821027
2025-02-12 15:00:00,0.11619836461831859,64.53907751739979,17.28071285275396,15,2,68.64525685121595,14.790184892263607,0.13501699390257785
2025-02-12 16:00:00,0.14603669237913536,67.82036208236653,8.286733244173334,16,2,72.89334455736686,2.2806372681354783,0.135481506032024
2025-02-12 17:00:00,0.18359485519531157,68.65731146886426,3.328529462299344,17,2,76.31675329776738,2.0137070139904543,0.13427374497658925
2025-02-12 18:00:00,0.23625072231801195,79.16255470064092,0.0,18,2,80.75727678629774,0.0,0.13566429910433353
2025-02-12 19:00:00,0.22611395903630607,78.14695897501949,0.0,19,2,77.73469412799952,0.0,0.13552580203580233
2025-02-12 20:00:00,0.2323990219250442,80.55114952204023,0.0,20,2,73.15832069150915,0.0,0.13524508318855658
2025-02-12 21:00:00,0.217998856155173,70.64775793542776,2.3658318633216426,21,2,68.1628965222476,4.911645317403786,0.1357496249000929
2025-02-12 22:00:00,0.1719370096152296,62.7078490139732,1.2124284440415052,22,2,64.66658296042552,0.0,0.1362608910853314
2025-02-12 23:00:00,0.13770404943102604,62.8582874469734,0.0,23,2,52.89234473489651,0.0,0.13631938720407658
2025-02-13 00:00:00,0.1445526398388219,58.418499202028855,0.0,0,3,52.531384150660614,0.0,0.13734013630321187
2025-02-13 01:00:00,0.13595596911145752,54.806837773160794,0.0,1,3,53.92168971080062,1.3394622226496629,0.13830098697851048
2025-02-13 02:00:00,0.11912676652255132,53.75101635027988,0.6368054997847877,2,3,52.39519707965594,0.0,0.13925990584694622
2025-02-13 03:00:00,0.12726663676792047,51.96595827000822,0.0,3,3,55.66562476989511,0.0,0.13957022459940224
2025-02-13 04:00:00,0.11813921547000808,61.381315387604886,0.0,4,3,58.03292958118124,0.0,0.14029252732968195
2025-02-13 05:00:00,0.12126933170621493,54.54429878519201,1.8190357361186855,5,3,60.80249467247279,0.4673711910445229,0.13982246547057778
2025-02-13 06:00:00,0.11304046593881643,58.618836588366975,0.0,6,3,63.25485593003077,8.009588603312292,0.14015486710361605
2025-02-13 07:00:00,0.1031217376797545,65.80180072565562,5.012706566018911,7,3,68.58446775107492,10.008951507806708,0.139680682444038
2025-02-13 08:00:00,0.1369494370544047,59.33918070558644,10.115685050731999,8,3,65.89733142209447,17.7368794299061,0.14109666237285198
2025-02-13 09:00:00,0.0888106126202849,68.09469927062943,15.48824360232529,9,3,60.88231971392681,22.05942140257185,0.139853832319121
2025-02-13 10:00:00,0.09655527224162803,63.07401735495454,20.3821300205834,10,3,58.43011074854754,19.55237819953919,0.1398815463702998
2025-02-13 11:00:00,0.09087439658479637,61.12159429851369,27.341764670169198,11,3,59.56362386158902,22.17449656690024,0.14032403564020912
2025-02-13 12:00:00,0.09009826782504535,58.59690946900874,16.91568769970344,12,3,55.99801167559045,20.06541825018708,0.1404022420795318
2025-02-13 13:00:00,0.0845372650891112,56.65152511675197,24.814803047393898,13,3,57.33155018908068,21.006482331564698,0.13928619332682537
2025-02-13 14:00:00,0.09466022657791294,55.86067070765595,10.705065675001098,14,3,63.396364331464206,14.205483765741231,0.1388829904875952
2025-02-13 15:00:00,0.11631094491916104,62.494328424933165,20.797727736979656,15,3,68.61796640608691,7.860059015702784,0.13888768133346366
2025-02-13 16:00:00,0.16282732727562507,64.66939881154352,4.106912509005745,16,3,73.84131065578116,5.9742713035970185,0.13958729112081739
2025-02-13 17:00:00,0.18570776134596353,74.41999651191905,14.354410024832008,17,3,78.440530488885,3.108965892914774,0.13967532887709455
2025-02-13 18:00:00,0.22747459006425225,79.36667125640274,0.0,18,3,76.80260877865692,1.4296037148322855,0.13930965669985457
2025-02-13 19:00:00,0.22122052199874448,82.99355109757595,4.516340712705622,19,3,73.96803560765129,2.8191387267693604,0.13910576348995615
2025-02-13 20:00:00,0.2501598422472477,77.97459142276286,3.7945460819380257,20,3,71.69472409269015,2.5732599483179532,0.13984579767004798
2025-02-13 21:00:00,0.21471639287649102,75.82249994986866,0.0,21,3,68.95014744584054,0.11801601487605455,0.13970902836676957
2025-02-13 22:00:00,0.17797936322602434,66.83560176136042,0.0,22,3,61.074714073621124,0.0,0.13996079310055268
2025-02-13 23:00:00,0.14168975654048002,61.38802059293352,0.0,23,3,50.35355633442101,0.0,0.14012686423011325
2025-02-14 00:00:00,0.1009377769859759,55.736976478007314,2.755795582555012,0,4,54.53013765959063,0.0,0.13830957827791135
2025-02-14 01:00:00,0.1233244747106859,53.00488557116966,0.0,1,4,53.205567570655106,3.3307387519877847,0.13778326601121252
2025-02-14 02:00:00,0.11328121841024852,55.20113005975587,0.0,2,4,51.24666577269971,0.0,0.13753970150653325
2025-02-14 03:00:00,0.11686895208338442,51.305029548513005,1.8804660418465329,3,4,55.85514119041377,0.0,0.13710646464467757
2025-02-14 04:00:00,0.0966208845897775,52.88502993817643,0.0,4,4,57.016257494345105,3.4561106119987937,0.13620986752466796
2025-02-14 05:00:00,0.13823498573283194,59.82211267995618,0.0,5,4,64.24183948359848,0.26394746586291873,0.13691676977577702
2025-02-14 06:00:00,0.13367304799243024,63.72728228195119,0.3748705270526769,6,4,64.10515447425891,8.664861505731709,0.13777646069467755
2025-02-14 07:00:00,0.11469163470976926,60.77336738536771,3.7066042419999854,7,4,66.40039197089257,10.772067469666508,0.13825853973759486
2025-02-14 08:00:00,0.119824599831385,67.37418853471905,9.78396379387111,8,4,63.93132538922009,14.048489653478818,0.13754500485330237
2025-02-14 09:00:00,0.10697466606587819,62.26103081557061,21.642097333980473,9,4,59.8313151177885,21.17427464457024,0.13830184041353544
2025-02-14 10:00:00,0.0769408080639595,61.07919178117434,19.21135470351487,10,4,57.21860360083938,23.70494162987378,0.13748457107279924
2025-02-14 11:00:00,0.10757779905931336,62.728052827122546,20.96606922516415,11,4,58.922628302063764,22.225046174065273,0.1381805461759041
2025-02-14 12:00:00,0.08970533279176672,59.34467000751762,22.395830370941244,12,4,58.61247410072212,25.902642154417546,0.13816417388285085
2025-02-14 13:00:00,0.07716424883302092,59.66368656215771,23.81535604415353,13,4,56.2352645148711,22.57349166688973,0.1378569648721804
2025-02-14 14:00:00,0.0863095163239562,65.32065155508994,16.30765501515436,14,4,60.39513328552409,17.85099531459009,0.1375090186115989
2025-02-14 15:00:00,0.1264951770150857,60.639931773368026,17.76491003159672,15,4,65.35377905193452,8.396462157412403,0.13793336161559575
2025-02-14 16:00:00,0.15122570563847387,64.58513091705014,12.399754842298227,16,4,74.93427483609497,2.452702183167064,0.13744996071404778
2025-02-14 17:00:00,0.20195846611404183,70.50328408281747,0.0,17,4,73.27200370528726,3.3572492378361214,0.13812707341271768
2025-02-14 18:00:00,0.21888868085611493,75.92034825562197,6.279894611930669,18,4,79.79051512397274,0.0,0.13776932719571197
2025-02-14 19:00:00,0.2121338365362448,70.68297733988196,5.112847462671223,19,4,77.5314255400765,0.0,0.13739071530144117
2025-02-14 20:00:00,0.23398996119262994,76.07094044343823,0.0,20,4,73.10726081010742,0.41060417444221387,0.13671697025749874
2025-02-14 21:00:00,0.20116608975976316,71.07100829457468,0.0,21,4,66.79025248794771,0.0,0.13615237429430177
2025-02-14 22:00:00,0.1778226785755522,70.24427200404418,0.798180239588349,22,4,65.24551715254528,0.0,0.13614584576719876
2025-02-14 23:00:00,0.18031540122335493,63.99602527526621,0.0,23,4,45.39639244656595,1.1768318402745588,0.1377552476289852
2025-02-15 00:00:00,0.10342879605789826,43.247226977785964,4.774990337957894,0,5,42.301410901390575,0.0,0.1378590400903153
2025-02-15 01:00:00,0.10619863390832028,47.07770322827936,0.0,1,5,42.8653201515112,2.4679488691543345,0.13714546339021674
2025-02-15 02:00:00,0.1256447145007578,47.60240708619772,5.676324249080858,2,5,42.359558768454676,1.630931496944403,0.1376606090606546
2025-02-15 03:00:00,0.09760650002800464,43.18972778630813,0.0,3,5,49.05513668041485,0.0,0.13685800689168046
2025-02-15 04:00:00,0.09447493735753777,45.076790664131146,0.0,4,5,51.5855427912161,0.0,0.13676859242367048
2025-02-15 05:00:00,0.0847001267324613,41.6158704772384,4.43524412302078,5,5,54.01065682679778,0.0,0.13453797329865502
2025-02-15 06:00:00,0.0904214765958146,48.347991881924266,0.0,6,5,54.589430433217345,11.99458828748965,0.1327358244904627
2025-02-15 07:00:00,0.06749514022319235,52.49979429195994,7.037032749766302,7,5,53.32369505576595,9.633959842737859,0.13076930388685534
2025-02-15 08:00:00,0.09910795013514107,56.41378426549207,15.579065898641321,8,5,52.80599210348323,20.909927404140543,0.12990611014951184
2025-02-15 09:00:00,0.07087956178373561,51.888790154586374,14.67757529560171,9,5,49.99685857309951,15.44533365982188,0.12840214747108922
2025-02-15 10:00:00,0.0918174064524022,50.33155861803049,15.943755173643455,10,5,49.050674427962385,20.298251587820317,0.12902200573727435
2025-02-15 11:00:00,0.07492756415913145,45.22100227478246,17.60296593509598,11,5,50.48382608115769,21.990157343629686,0.1276615792831001
2025-02-15 12:00:00,0.07344290539194352,48.25650509319855,25.551535130849114,12,5,50.83216191288663,25.36590146860222,0.1269839781414408
2025-02-15 13:00:00,0.07310506112168058,49.42741266241269,24.069177376664168,13,5,49.18407983145687,20.514842026093152,0.12681484532013496
2025-02-15 14:00:00,0.10008851281059096,51.44832128222537,24.07566309634419,14,5,49.36745852820978,20.291941631177767,0.12738897017374473
2025-02-15 15:00:00,0.11716331243771427,53.8801310460785,15.664584857082229,15,5,56.35417942112785,10.82336200187533,0.1270001424830209
2025-02-15 16:00:00,0.13116926948431215,53.756727007476115,6.747179852306376,16,5,66.13950690794394,5.933904268729563,0.1261644576432642
2025-02-15 17:00:00,0.16465437566142582,61.77845338234614,0.0,17,5,68.14623881123366,0.0,0.12461012054107184
2025-02-15 18:00:00,0.20435665298586006,66.3796000343583,10.037868870230957,18,5,68.45447664030567,5.673923587183363,0.12400461937981123
2025-02-15 19:00:00,0.20093272477080656,67.87522406352431,1.84423056488126,19,5,66.83220934342324,0.0,0.12353790638958463
2025-02-15 20:00:00,0.18860138108803814,67.92288045768981,0.4787711462880291,20,5,62.26016244965933,0.0,0.12164671555189333
2025-02-15 21:00:00,0.19379405918322828,68.32359678747996,0.9752391610983573,21,5,56.276923807825845,0.0,0.12133954761120436
2025-02-15 22:00:00,0.172541937778869,61.28317838821624,0.0,22,5,57.96063984961585,1.6052749189314859,0.1211195167446759
2025-02-15 23:00:00,0.12159077759226784,50.65645612617256,0.0,23,5,48.55312170411729,0.0,0.11867265742671394
2025-02-16 00:00:00,0.09785417866353888,47.28704441887096,6.101655447969347,0,6,43.492795002442726,5.102010098523225,0.11844038170194897
2025-02-16 01:00:00,0.08801166602209341,47.18549513092232,2.3042155004827647,1,6,41.72692097416185,0.22590367884080384,0.11768259137335617
2025-02-16 02:00:00,0.10166235715573692,42.65524841259055,0.0,2,6,45.93381003482431,1.1546642021650033,0.11668332648398032
2025-02-16 03:00:00,0.10944411409613775,48.31214429734795,0.0,3,6,46.30623106072008,1.296686995794782,0.11717656040348585
2025-02-16 04:00:00,0.09089523575983453,46.08796207760394,0.0,4,6,49.94001632929256,0.0,0.11702740617024822
2025-02-16 05:00:00,0.08051937703248585,44.17188053917962,0.0,5,6,53.49401662318301,0.3406602210982859,0.11685320826608259
2025-02-16 06:00:00,0.0760891802058353,53.24145155001873,7.172011125463461,6,6,52.48234465359171,6.453050539027291,0.11625602924983343
2025-02-16 07:00:00,0.10766569166723607,55.516673752155754,5.556867154019902,7,6,58.68358750382695,13.46189001706752,0.1179298022266686
2025-02-16 08:00:00,0.078534077292163,55.39458311823205,7.844577995037296,8,6,54.154389623046754,14.679256137665934,0.11707255752487784
2025-02-16 09:00:00,0.09054690464588881,54.74086388786512,16.77678125097106,9,6,53.13712372810151,18.02066370726751,0.11789203014413423
2025-02-16 10:00:00,0.09031345949024334,49.62023047541846,21.723666739898444,10,6,48.56582841509583,25.49640311503724,0.11782936568737762
2025-02-16 11:00:00,0.0694282538200518,51.04117709927142,18.7157794719513,11,6,49.500619991261715,24.010648666797323,0.11760022775658262
2025-02-16 12:00:00,0.06991167061261166,47.516597618743816,25.423597849589832,12,6,43.287235546152786,17.5796260743952,0.11745309297411045
2025-02-16 13:00:00,0.08560199765349465,48.54446129164921,27.4288983264576,13,6,51.584118085219394,19.467949934303782,0.11797379866293604
2025-02-16 14:00:00,0.07375729421597825,51.25030535672823,21.283831591953113,14,6,52.12343545287645,21.26581759185119,0.11687666455482719
2025-02-16 15:00:00,0.09173346485806795,50.09260048909133,14.192161492132476,15,6,58.78178822628403,11.558953332797294,0.11581708757234192
2025-02-16 16:00:00,0.12730991579201362,55.7731539575319,10.156962708007315,16,6,66.19841005563663,4.729027273763069,0.11565628116849613
2025-02-16 17:00:00,0.18522622795667676,56.637181867305294,0.4098770515842336,17,6,66.02338046535185,0.0,0.11651344168079826
2025-02-16 18:00:00,0.22569388133721213,69.43685564422064,0.0,18,6,67.19244281901508,0.0,0.1174024928621046
2025-02-16 19:00:00,0.20955690085510773,65.23339602015456,1.087729848904696,19,6,66.88568257345047,0.0,0.11776183353228382
2025-02-16 20:00:00,0.19932401039657902,68.05386266306232,0.0,20,6,62.83842258930489,1.2017728176656102,0.11820860975347303
2025-02-16 21:00:00,0.1913416537444054,64.89572574697316,6.788950528596699,21,6,56.530844298617225,0.1380196752931077,0.11810642619352207
2025-02-16 22:00:00,0.13439105373836477,60.558698623355475,2.772978234079018,22,6,53.975755686821536,0.0,0.11651680602516773
2025-02-16 23:00:00,0.12867703165808578,49.910357928686885,0.0,23,6,54.37768034496253,0.0,0.11681206661124348
2025-02-17 00:00:00,0.11332582542804365,53.852822137392366,0.0,0,0,55.00768859668191,4.274033376347168,0.11745671855976451
2025-02-17 01:00:00,0.13495229488367197,59.42660899843359,0.0,1,0,52.540707207868735,0.0,0.11941257809566362
2025-02-17 02:00:00,0.13089816592301637,59.66565539950621,5.506148923657454,2,0,52.65295269961426,0.0,0.12063073679430025
2025-02-17 03:00:00,0.10326343622286427,57.70039134332162,3.1182259869332687,3,0,55.30915793082993,0.0,0.12037320854958052
2025-02-17 04:00:00,0.11291712945163046,56.6263294543699,5.682992684454005,4,0,57.13882480230084,0.0,0.12129078745340537
2025-02-17 05:00:00,0.10738020567572953,54.412575360441465,0.03573250296964162,5,0,60.27830897926324,1.349729643409292,0.12240998864687384
2025-02-17 06:00:00,0.11901375452368969,63.02957612995208,0.0,6,0,62.35312076862493,8.953587897468818,0.12419851257678444
2025-02-17 07:00:00,0.12728612988462998,63.261912082120226,1.982059371763178,7,0,65.72841549803022,14.65966102114361,0.12501603083584253
2025-02-17 08:00:00,0.10597821688643623,66.86202611002064,13.487949827943376,8,0,61.920938449988846,24.147698636380426,0.12615953665227056
2025-02-17 09:00:00,0.1005331121625908,61.78079880180574,16.657405869011647,9,0,60.62213840614641,16.501921093238114,0.12657562863213315
2025-02-17 10:00:00,0.1044718406522903,60.313102144294604,20.420615589340343,10,0,57.42120672776837,24.338720748361105,0.12716556118055178
2025-02-17 11:00:00,0.10562581704820943,58.55921513688607,29.35551496988152,11,0,56.53390738096287,23.070693049748492,0.12867379298172502
2025-02-17 12:00:00,0.08737036255248458,57.388913639473564,24.085902571443224,12,0,59.327548726006,29.319664658372847,0.12940123847921972
2025-02-17 13:00:00,0.08702666116789504,58.53692177480851,28.350772080363484,13,0,56.423635288232816,21.733657984145793,0.1294605994589864
2025-02-17 14:00:00,0.0821681377502132,57.19921134559699,15.683706942027715,14,0,57.9498070223507,11.660912434609251,0.12981105127291284
2025-02-17 15:00:00,0.13367958556780576,58.43394830602376,26.752387268241453,15,0,66.39166082490759,13.479854668606766,0.1315588063024853
2025-02-17 16:00:00,0.16427657838909954,72.77935585275466,10.957609474590798,16,0,70.35157614784221,7.095473402886524,0.1330990839106972
2025-02-17 17:00:00,0.19909498761191782,80.61980157647274,8.82348665443446,17,0,70.54989948951516,2.121688285557149,0.13367694889633222
2025-02-17 18:00:00,0.2249234988227156,78.0066107904198,3.031955191812796,18,0,81.55035353045872,0.0,0.13364484962489487
2025-02-17 19:00:00,0.23674535010233844,73.8208774905287,0.0,19,0,77.69424415958296,0.9179163504166712,0.13477770167686282
2025-02-17 20:00:00,0.2323110871484363,74.10059931501986,2.866605315206688,20,0,73.9880616461818,0.0,0.1361521632081902
2025-02-17 21:00:00,0.21444652212417728,74.28292374565054,3.0485111180343347,21,0,67.00541798736553,0.0,0.13711486605734738
2025-02-17 22:00:00,0.19983442667249368,71.86792359380037,0.0,22,0,63.550030956006104,0.9596267896983821,0.13984167326293606
2025-02-17 23:00:00,0.1495347517017224,58.82714611994917,0.0,23,0,53.15974392924389,0.427797141056512,0.14071074493142094
2025-02-18 00:00:00,0.13449896684933882,53.607159695628816,0.15857388219659907,0,1,55.65403894766605,2.9401489405047703,0.1415929591573082
2025-02-18 01:00:00,0.12734481078177276,54.65237966503622,0.0,1,1,54.50166489179376,0.07556906887799267,0.14127598065306243
2025-02-18 02:00:00,0.11129108993657397,56.89018487457392,4.875955335473371,2,1,54.41159209490233,1.6909272357944962,0.14045901915362732
2025-02-18 03:00:00,0.09090890952047243,53.38511934725689,2.459338647307776,3,1,55.56789300742412,0.0,0.13994424720769436
2025-02-18 04:00:00,0.11147423323240084,50.48582980482218,0.0,4,1,60.50350026677436,3.9046480673804838,0.1398841265318931
2025-02-18 05:00:00,0.1359915091302619,59.560433401898685,2.121272855476857,5,1,61.00833422609228,0.0,0.14107626417583194
2025-02-18 06:00:00,0.11447396887518335,64.2730194241514,0.0,6,1,61.65204701358418,9.010496599888638,0.14088710644047753
2025-02-18 07:00:00,0.11870544561673706,63.446972743428326,4.3287027758191385,7,1,65.6844028788999,13.259557441162064,0.14052957792931534
2025-02-18 08:00:00,0.11138408784504263,66.30878932823083,13.530198464511672,8,1,64.72766457922796,18.09165531017129,0.14075482255259059
2025-02-18 09:00:00,0.10938813285343481,62.23121133006861,21.613728119483966,9,1,60.52075380297913,23.81913619502742,0.1411237817480424
2025-02-18 10:00:00,0.08833083609553358,58.103700569162235,22.389361713690846,10,1,57.873423062957556,18.200291303153445,0.14045123989151087
2025-02-18 11:00:00,0.07701127138119485,61.26219116929533,29.296076546312424,11,1,54.412076917847756,23.439781767407503,0.13925896715538527
2025-02-18 12:00:00,0.09074622662945594,57.784495866602214,28.08343937387956,12,1,57.094845788309506,26.281402863516146,0.13939962815859241
2025-02-18 13:00:00,0.07669283205496213,58.46987401352447,22.48308706214092,13,1,56.5673580096938,27.07202978507737,0.13896905194555356
2025-02-18 14:00:00,0.07342955543829004,63.80308917656216,21.200061781557373,14,1,62.17459287015312,17.64174585156349,0.1386049443492234
2025-02-18 15:00:00,0.1367344672116115,59.3006484898597,19.139424764695395,15,1,66.18508358182065,5.697463182163963,0.13873223108438196
2025-02-18 16:00:00,0.1624354317161181,65.75724507386788,10.952600500398292,16,1,74.56368606923851,5.594078051633802,0.13865551663967443
2025-02-18 17:00:00,0.2095260781735789,73.10326035877175,11.841806806238317,17,1,79.61843632317834,0.0,0.139090145413077
2025-02-18 18:00:00,0.23412915315457364,74.71274756063895,0.0,18,1,75.71268894987028,3.1064862101039976,0.13947371434357106
2025-02-18 19:00:00,0.24616201192641035,80.50737451343961,1.1063725764853514,19,1,76.50926825847313,0.1353604893463737,0.13986607525290737
2025-02-18 20:00:00,0.22959480261240794,75.91883158892703,2.5740638476177002,20,1,71.97671419600579,0.0,0.13975289673057287
2025-02-18 21:00:00,0.19965449170384578,69.42132794759915,0.0,21,1,68.44891586699602,2.6977903352741874,0.13913656212972572
2025-02-18 22:00:00,0.1825126677157987,67.7305084039235,0.0,22,1,62.84456487611898,1.591287098596425,0.13841482217319678
2025-02-18 23:00:00,0.14435371929110016,63.19716562396756,0.0,23,1,53.17247723815611,0.0,0.13819894582275416
2025-02-19 00:00:00,0.10126543226735046,56.93821072712746,2.84199479474811,0,2,54.155101506865336,2.0156432905794843,0.13681421521517131
2025-02-19 01:00:00,0.11123869331229409,55.22565135240119,0.0,1,2,53.63643471809762,0.0,0.1361431269872764
2025-02-19 02:00:00,0.13103775015404834,55.541405686324495,0.0,2,2,57.605115456496215,0.0,0.1369659044963378
2025-02-19 03:00:00,0.09662746624093974,55.45177964167513,4.0270467194755915,3,2,53.8449494952921,0.0,0.13720417769302393
2025-02-19 04:00:00,0.09879584694357119,54.829928152432075,1.3975376552745566,4,2,58.02977802827757,0.0,0.13667591159765605
2025-02-19 05:00:00,0.11864172731780401,55.22290344680726,3.527501006713311,5,2,61.63514268315991,2.5389287357321444,0.13595300402213698
2025-02-19 06:00:00,0.11340565996436978,61.54015846442734,2.6576610594360415,6,2,64.53042326306013,1.617409994730651,0.13590849115085307
2025-02-19 07:00:00,0.11276381230650184,62.587469573699096,14.247221688688082,7,2,64.35844538283212,15.875801257061156,0.13566092309625993
2025-02-19 08:00:00,0.12217617485767562,70.36165682497541,16.68664121931531,8,2,66.42833453652997,18.573353897715375,0.13611059338845297
2025-02-19 09:00:00,0.11106240772780593,67.98677001102344,15.545365845772459,9,2,56.57460959828949,21.0507126705523,0.13618035484155178
2025-02-19 10:00:00,0.08539762772479177,62.77746213932415,23.78888953342613,10,2,55.73195985261008,24.755390064485336,0.1360581378261042
2025-02-19 11:00:00,0.10283908206500159,59.13092660079569,22.746042898383127,11,2,57.813852440828164,23.023345492042722,0.13713429660459614
2025-02-19 12:00:00,0.09281167300601326,56.20524359397008,23.979036615952385,12,2,55.08268268366725,20.128427642096668,0.13722035687028603
2025-02-19 13:00:00,0.0859354105336883,52.80730195864152,19.753502019881992,13,2,57.061504214945145,19.676772571217754,0.13760546430689963
2025-02-19 14:00:00,0.09519662589721418,58.24677299186301,21.141555511582702,14,2,61.683956194673016,12.772274245779943,0.13851242557602148
2025-02-19 15:00:00,0.119137914592201,62.94282747008986,19.987264322205785,15,2,65.89464588357613,8.996841049296721,0.13777923588354604
2025-02-19 16:00:00,0.14840964492088876,68.20019325371484,12.553163126724307,16,2,73.81425506716919,2.073904719236621,0.13719482810041148
2025-02-19 17:00:00,0.17736228858153302,74.04259342046528,2.7698196983307906,17,2,78.26956289357953,3.426692736058773,0.1358546702007429
2025-02-19 18:00:00,0.23733915547108575,79.4090099581974,0.0,18,2,78.12017166497047,0.0,0.13598842029726424
2025-02-19 19:00:00,0.2352227343680833,75.72864797466451,7.391460774181985,19,2,78.56996524138772,0.0,0.13553261706566727
2025-02-19 20:00:00,0.19733962360231322,74.27487055626486,1.1380626356452486,20,2,69.76676733470647,3.1268626725292767,0.13418865127357998
2025-02-19 21:00:00,0.21577599455716318,77.18237771028217,0.0,21,2,67.61401786206072,2.380248751296774,0.13486038055913488
2025-02-19 22:00:00,0.1980278242189855,69.92938353225496,1.6162421089600671,22,2,65.2901919325913,0.0,0.13550684541343433
2025-02-19 23:00:00,0.12794534991529116,61.343817946073116,7.662151272321304,23,2,55.84167825951463,0.0,0.13482316335610897
2025-02-20 00:00:00,0.11049374356698861,53.544890911716024,2.1716182587606325,0,3,56.78092714919988,0.5044221063092819,0.13520767632692723
2025-02-20 01:00:00,0.11139561835281084,53.57965435947373,0.0,1,3,52.8263844312661,5.914239066038038,0.13521421487028207
2025-02-20 02:00:00,0.12492338018395768,54.10751295177743,9.2830209079543,2,3,56.201964428193705,1.1565322265845361,0.13495944945486163
2025-02-20 03:00:00,0.1293231487662463,55.88017067451955,0.0,3,3,54.51942647146692,1.8710157642786265,0.13632176956008277
2025-02-20 04:00:00,0.11290561803245538,63.48495553458969,0.0,4,3,58.64584894941558,6.345911047116569,0.13690967668878626
2025-02-20 05:00:00,0.12201880134284628,58.062764137387774,0.0,5,3,63.178367909585475,0.7779138258387047,0.13705038810649636
2025-02-20 06:00:00,0.14981310094693093,62.67692834698212,0.0,6,3,62.00607210984886,9.968261312988137,0.13856736481410306
2025-02-20 07:00:00,0.10154892082980027,58.19748189122227,7.749690151305576,7,3,61.18343580483916,14.38585183028676,0.13810007766924048
2025-02-20 08:00:00,0.11403266882955328,63.343282989175876,5.799638825172779,8,3,67.32765589133658,19.749812473548715,0.13776076491806874
2025-02-20 09:00:00,0.10867232289256896,67.56473320294626,18.137111703689126,9,3,61.66936988004767,19.90283293583303,0.13766117804993386
2025-02-20 10:00:00,0.08566392007230206,61.98052469464415,26.61588038352376,10,3,57.646411804438266,22.045601663411244,0.13767227356441344
2025-02-20 11:00:00,0.10860231338257127,43.815404249994636,22.25588637071261,11,3,56.10343659331295,24.661956132064624,0.13791240820264553
2025-02-20 12:00:00,0.07823418121136887,58.58432533102565,21.230444502138283,12,3,52.591252671585664,27.6766461141618,0.13730501271120202
2025-02-20 13:00:00,0.06894505473392304,62.92176248826839,24.71965964922394,13,3,59.296725037584714,24.93668713838905,0.1365970812195451
2025-02-20 14:00:00,0.08915583519699989,52.49235835741394,21.41598668874918,14,3,61.497955366265074,22.18589283610111,0.1363453816070362
2025-02-20 15:00:00,0.12853769719774177,67.42112645176266,16.369674406732052,15,3,67.5116207601105,13.017130788562886,0.1367370392156004
2025-02-20 16:00:00,0.13657573289238353,58.53641304399295,8.889009839556264,16,3,72.54140135378852,8.259933616396143,0.136243959547746
2025-02-20 17:00:00,0.19620137377111624,75.48241219668954,8.57140228801778,17,3,69.64597422083497,1.5175876580464618,0.1370289214306453
2025-02-20 18:00:00,0.22996925179765582,76.37381624825362,2.0834222900460593,18,3,78.86420964509529,0.0,0.13672184211091906
2025-02-20 19:00:00,0.2144537940659937,70.36437164180289,0.0,19,3,76.7793900189682,0.0,0.135856469598332
2025-02-20 20:00:00,0.22288027273192862,77.82909207300499,0.0,20,3,73.12691487317872,0.0,0.13692066331206595
2025-02-20 21:00:00,0.21233849352932535,76.16306205889462,0.4777219790200394,21,3,67.03614151825376,0.0,0.13677743410257273
2025-02-20 22:00:00,0.1856332456346261,68.56741938556989,0.0,22,3,62.63287023070083,0.0,0.13626099332822442
2025-02-20 23:00:00,0.14511109022896587,64.40647192599448,0.6253169394387597,23,3,54.17287469413024,3.176284550751851,0.13697623250796087
2025-02-21 00:00:00,0.10919296558036769,52.50989430282581,5.138162850156219,0,4,54.396156366557925,3.4523771897838014,0.13692203342518497
2025-02-21 01:00:00,0.10448369974807042,47.891182982073765,0.0,1,4,54.89693937366673,0.40799732578514175,0.13663403681665415
2025-02-21 02:00:00,0.12489237086301747,56.15973184190324,0.0,2,4,54.87240144080966,5.77747290149257,0.13663274476161494
2025-02-21 03:00:00,0.12475830280273614,59.90608853153176,1.3723622406261196,3,4,59.01172761281577,0.5319635559450844,0.1364425428464687
2025-02-21 04:00:00,0.11440678876421251,58.92692869054572,0.0,4,4,55.94280439397194,2.892176890910077,0.1365050916269586
2025-02-21 05:00:00,0.1166255728364007,51.0336316968906,0.0,5,4,59.74599626537357,0.0,0.13628037377252336
2025-02-21 06:00:00,0.1085375398685243,55.64824337249396,1.6636300550757608,6,4,66.91941142248405,3.6997699131179163,0.13456055872758974
2025-02-21 07:00:00,0.11560154608482995,60.826401787226864,9.3108230342519,7,4,64.52504898268518,12.124078712126773,0.13514608477988266
2025-02-21 08:00:00,0.108576187020705,59.736732731919304,13.438950324811533,8,4,65.43509212109946,22.957161792693054,0.13491873137118063
2025-02-21 09:00:00,0.12663095828980914,63.71322414678007,18.617437951253425,9,4,60.90341639577568,22.32195859050555,0.13566700784606564
2025-02-21 10:00:00,0.08894942776368381,61.891337228828284,30.28411953930003,10,4,57.34423845873037,24.415816336115185,0.13580390399987322
2025-02-21 11:00:00,0.08574865451909641,53.22305162513416,29.92395018043922,11,4,58.33923874008569,26.618001065203043,0.13485166821389508
2025-02-21 12:00:00,0.07613942161006564,58.853553363243144,29.546796904538027,12,4,57.75977275019205,24.631419337738468,0.1347643865638408
2025-02-21 13:00:00,0.07321959190994304,58.646460256268,26.181231994844367,13,4,55.75053416791523,26.40424970575304,0.1349424922795083
2025-02-21 14:00:00,0.08997809374088633,57.06444464344506,19.541622997010755,14,4,62.845363436550635,24.109092215762722,0.13497675305217025
2025-02-21 15:00:00,0.12263121246113197,61.94630674449589,22.7756714105049,15,4,65.35583892319602,13.331310453187534,0.13473064952147815
2025-02-21 16:00:00,0.15264283382387536,61.10659850985383,13.81972225916804,16,4,74.96241198497232,8.40546803010821,0.13540011206029032
2025-02-21 17:00:00,0.195696896638488,71.3568678823476,4.872100576146799,17,4,79.84796314446866,2.7212503225057736,0.13537909217976413
2025-02-21 18:00:00,0.2217434889700468,76.36441497865746,0.0,18,4,81.5715151405152,0.30393484317397795,0.13503635206194708
2025-02-21 19:00:00,0.23103969414324046,78.36356304526349,0.0,19,4,77.05576928678134,0.0,0.13572743123183237
2025-02-21 20:00:00,0.21466613784830937,77.55314835424986,3.7006516504505167,20,4,71.49653077484682,0.0,0.1353851756116816
2025-02-21 21:00:00,0.19659346178240514,73.2012396498935,2.390629790926251,21,4,67.98578887493939,1.1536642678281939,0.13472913262222658
2025-02-21 22:00:00,0.15895600235611584,66.49637235203834,0.6357136153492287,22,4,60.594865623989854,1.1026740931669259,0.1336175808189553
2025-02-21 23:00:00,0.16747978173565495,63.39013851352516,0.0,23,4,49.456117345911345,0.0,0.134549609631734
2025-02-22 00:00:00,0.11801740636420585,47.97162212361956,0.0,0,5,47.17420614312362,0.0,0.13491729466439395
2025-02-22 01:00:00,0.06976939872094669,44.479898246906124,0.0,1,5,45.4926815553246,0.0,0.13347086545493045
2025-02-22 02:00:00,0.09736953312951636,45.89993250380194,0.0,2,5,47.23883626305271,2.470416988387415,0.13232408054936792
2025-02-22 03:00:00,0.09626391702611553,44.64899047149439,0.0,3,5,45.266683590011084,0.0,0.13113681447534206
2025-02-22 04:00:00,0.09546736173109645,44.180503306999185,0.0,4,5,46.11678005192596,0.0,0.13034767168229552
2025-02-22 05:00:00,0.08973083205291107,50.0059111684672,1.0127621861562282,5,5,47.00726057693804,0.0,0.1292270574829835
2025-02-22 06:00:00,0.10659109075772039,49.65704433694024,2.840228096906624,6,5,54.63747396649358,9.247104590843982,0.1291459554367
2025-02-22 07:00:00,0.10064854344323285,55.70703052686932,6.581838582156441,7,5,55.355807211232076,16.296339181135657,0.12852291365996676
2025-02-22 08:00:00,0.10203233111702815,55.862533247563874,18.514784325380816,8,5,55.548256849103005,20.592082006783137,0.12825025299731357
2025-02-22 09:00:00,0.07723246999850675,53.53708732205224,16.4699340461426,9,5,51.59641393585646,26.6253885525803,0.12619198265184264
2025-02-22 10:00:00,0.06438638101303798,50.520211472097245,23.053062195659543,10,5,49.68549453670973,29.700614384334788,0.12516852237056572
2025-02-22 11:00:00,0.08066274271764257,47.111736838495496,26.062996785534292,11,5,48.92677097726828,22.09828591212719,0.1249566093788385
2025-02-22 12:00:00,0.060350876104952086,42.03804042559256,30.989802255832053,12,5,44.74042731075305,27.89880369369503,0.1242987533161254
2025-02-22 13:00:00,0.08626867155341984,48.88605382263733,26.612056700293504,13,5,51.494215145707486,22.49200583136297,0.12484246496793695
2025-02-22 14:00:00,0.057936163891473366,50.49736556655149,23.994933340231967,14,5,52.62307847564558,15.691180529655725,0.12350738455754474
2025-02-22 15:00:00,0.0970275253796508,56.15518379019577,13.418125162168087,15,5,59.318981862777605,12.688318503974797,0.12244056426248302
2025-02-22 16:00:00,0.12326461752222068,56.583162067277755,10.43390157021815,16,5,65.4024223148379,9.077785853793136,0.12121647191658075
2025-02-22 17:00:00,0.1682314389545092,69.42319626670752,10.867208806251611,17,5,69.33683342619831,4.0746924033007295,0.12007207784641498
2025-02-22 18:00:00,0.20612493133234425,66.06348991103755,0.0,18,5,69.01973825590433,0.0,0.1194213046115107
2025-02-22 19:00:00,0.2126120672458824,65.96108176822621,4.700474283507197,19,5,67.63555577184887,1.731564226596957,0.11865348682412076
2025-02-22 20:00:00,0.20984244516149556,64.09881237500473,1.748825711339807,20,5,65.1413524183192,5.503761077480018,0.11845249962883686
2025-02-22 21:00:00,0.18733431577040624,57.8089762639367,0.0,21,5,55.2777817451811,5.1261102201129916,0.1180667018783369
2025-02-22 22:00:00,0.15776311644261531,63.184543321662446,0.0,22,5,51.50901847017328,0.0,0.11801699829860772
2025-02-22 23:00:00,0.15226354450115726,57.79959223052701,6.635843549469075,23,5,44.143057257332416,6.100864201141172,0.11738298841383699
2025-02-23 00:00:00,0.10964505041220561,46.62395523460748,4.939920322677974,0,6,42.056354894578256,2.6909150901098995,0.1170341402491703
2025-02-23 01:00:00,0.08925589317500947,41.85445886496399,0.0,1,6,44.27664629341292,0.0,0.1178460775180896
2025-02-23 02:00:00,0.0965010180151993,50.616136402479256,0.47107105308332714,2,6,44.528490946098565,0.0,0.11780988938832637
2025-02-23 03:00:00,0.08899504004944019,44.05568752349976,0.0,3,6,46.36079598120565,3.5217394205317767,0.11750701951429825
2025-02-23 04:00:00,0.09732123962234179,45.32570014815801,0.47174392239136786,4,6,48.15538034446641,1.0087994500589956,0.11758426442643348
2025-02-23 05:00:00,0.08905573722351781,52.8683762600758,0.0,5,6,53.508915385449264,0.0,0.11755613547520873
2025-02-23 06:00:00,0.09150838967850426,53.47873219697318,0.0,6,6,55.55382080103002,7.357861864927167,0.11692768959690807
2025-02-23 07:00:00,0.06853265137941456,61.4513414560585,13.507919011248672,7,6,55.56650447620589,15.383361322722529,0.11558952742758231
2025-02-23 08:00:00,0.08483894852418405,56.504478260102076,13.52013918781344,8,6,53.779604544897126,17.97167650400366,0.11487313648621379
2025-02-23 09:00:00,0.09885972395914844,53.17563069661428,15.925553004967483,9,6,51.41160328349509,23.641268615293402,0.1157742720679072
2025-02-23 10:00:00,0.07915936242713956,49.54894387624471,19.214895183647567,10,6,48.6144528967579,29.27676366916812,0.11638981296016143
2025-02-23 11:00:00,0.07428993306490234,42.76378721556518,27.210307922272936,11,6,52.27856772639727,25.747283307537373,0.11612427922463059
2025-02-23 12:00:00,0.07524411054103726,46.34954867164704,25.046443660755102,12,6,44.68218606096702,22.96582882603057,0.11674483065946749
2025-02-23 13:00:00,0.06158662708987185,51.25993917071702,27.628506768436136,13,6,47.84031660781371,22.212723117519136,0.11571641214015298
2025-02-23 14:00:00,0.08375905421572621,51.609136046509775,18.328936525645066,14,6,51.2268380813201,17.10467497447439,0.1167923659036635
2025-02-23 15:00:00,0.11333395806446303,53.43767557170339,22.009505060440766,15,6,58.75881849066285,12.16116032325337,0.11747180059886403
2025-02-23 16:00:00,0.13318517719634165,55.03648490279674,10.144211299464413,16,6,63.75376632679609,2.334881957319684,0.11788515725195241
2025-02-23 17:00:00,0.18208855467280943,64.02041329117245,7.33380658954277,17,6,66.06895232551788,0.6597387722507144,0.11846253707354824
2025-02-23 18:00:00,0.2225539352021032,70.45609976913106,0.0,18,6,70.4901189258406,2.429283631358023,0.11914707890145487
2025-02-23 19:00:00,0.21860953191312696,70.07618521230268,6.014361367976044,19,6,67.95436881574324,0.0,0.11939697326259006
2025-02-23 20:00:00,0.19840359850256775,67.7486076296775,0.6002121070033462,20,6,65.17017955196492,0.0,0.1189203546518014
2025-02-23 21:00:00,0.170270441385271,60.74371443212125,6.809151818401079,21,6,60.62349374017577,0.0,0.1182093598857541
2025-02-23 22:00:00,0.17884371500390756,60.99156683951237,1.9625984002184689,22,6,49.08653777653555,0.0,0.11908771815914126
2025-02-23 23:00:00,0.1245653656395638,43.32653212843542,4.988920728093676,23,6,55.00786294635139,2.754591204553696,0.11793362737324153
2025-02-24 00:00:00,0.11703318134866783,54.86173586667733,0.0,0,0,51.07688098998527,0.0,0.11824146616226082
2025-02-24 01:00:00,0.11035301127904402,61.882032273801805,1.2092606732161284,1,0,54.253963955691944,0.0,0.11912051274992891
2025-02-24 02:00:00,0.10390090310412323,48.92834386696077,4.265252561566346,2,0,53.970455715046874,0.0,0.11942884129530075
2025-02-24 03:00:00,0.11876460224588978,53.3438654702573,3.1673598200441697,3,0,55.06121419025982,2.820935930668938,0.12066923972015281
2025-02-24 04:00:00,0.11337765483294325,55.096326524616785,1.8584764736459913,4,0,54.79496342024849,0.0,0.12133825702059453
2025-02-24 05:00:00,0.10934201718958034,55.72394108263192,0.0,5,0,62.36625028434054,5.580706002882659,0.12218351868584715
2025-02-24 06:00:00,0.1196771478450052,63.62167478775574,0.0,6,0,60.76188034225473,8.303862613406292,0.12335721694278469
2025-02-24 07:00:00,0.126459102882944,64.85471354291337,11.295138355739779,7,0,66.14469313475901,17.37185986448003,0.12577081908876508
2025-02-24 08:00:00,0.11092828528088192,65.13098710416524,18.838941644716332,8,0,60.51740736285636,19.072403735443896,0.1268578747869608
2025-02-24 09:00:00,0.1075182103834897,65.9324603359405,17.90534642625803,9,0,60.40606628923389,21.831513311008177,0.1272186450546417
2025-02-24 10:00:00,0.0982751603363171,60.49538065727824,21.867694350742596,10,0,61.21801641065212,27.20083708583263,0.12801513663419078
2025-02-24 11:00:00,0.07324751685183564,67.78480023174305,24.129219244919163,11,0,60.89937512617169,26.35518254120099,0.127971702625313
2025-02-24 12:00:00,0.08717438985576233,56.66042421726108,31.16045670336323,12,0,53.29486165546345,21.697805530219107,0.12846879759675986
2025-02-24 13:00:00,0.09842956601017486,57.157202086569065,24.040524926646103,13,0,57.218849106576315,27.308706234569165,0.1300039200517725
2025-02-24 14:00:00,0.09232456116935242,53.154427820308484,27.332462682061106,14,0,61.26242622315476,20.072046403828132,0.13036081617484027
2025-02-24 15:00:00,0.12637914086680702,60.568707788271745,21.89028217966043,15,0,71.66544117498346,12.167405429863404,0.13090436545827125
2025-02-24 16:00:00,0.16165565159007997,70.82694258970098,12.22043081887361,16,0,72.0928252540952,8.366882107639837,0.132090635224677
2025-02-24 17:00:00,0.19076523278042493,67.9560165973127,12.786829123607472,17,0,78.29948296988675,0.13141135297712012,0.132452163479161
2025-02-24 18:00:00,0.21878546223610545,69.24597183967222,0.0,18,0,78.23235674486298,3.947413960414414,0.1322951437722444
2025-02-24 19:00:00,0.24116364554893321,77.73635198433158,5.808364099154961,19,0,73.75168896578312,1.2118869283061657,0.13323489850706968
2025-02-24 20:00:00,0.2136598237798507,80.53649639570328,1.1161005248592375,20,0,68.50943360145043,0.0,0.1338705745602898
2025-02-24 21:00:00,0.2052279095164558,72.36465773938133,0.0,21,0,65.92546042024713,1.94159870510741,0.1353271357324225
2025-02-24 22:00:00,0.17769752512745088,66.07604519088224,5.571578725375647,22,0,66.91743287688958,0.0,0.13527937782090346
2025-02-24 23:00:00,0.14428471906238158,56.336525032578265,3.4027437647699603,23,0,54.08554216337719,0.5147317831501003,0.1361010175468542
2025-02-25 00:00:00,0.12816497911269573,55.017528835925546,0.0,0,1,55.69943589922022,3.4332670013256505,0.1365648424536887
2025-02-25 01:00:00,0.11382133418876655,55.70676832817449,0.0,1,1,50.852339628006106,0.0,0.13670935590826047
2025-02-25 02:00:00,0.10141625444971522,47.987280754268824,0.0,2,1,53.399489939112506,0.0,0.13660582888099349
2025-02-25 03:00:00,0.08954908961166094,57.68043760610243,8.45406156633637,3,1,56.61301558525208,0.0,0.13538851585456727
2025-02-25 04:00:00,0.11419161167238041,57.50555342084032,0.0,4,1,54.95555821560863,0.0,0.13542243072287716
2025-02-25 05:00:00,0.12681441743572988,60.761303148734136,0.0,5,1,60.11102847387101,3.2383095022343182,0.13615044739980006
2025-02-25 06:00:00,0.12980473579278565,62.106243550403356,0.9377169352255241,6,1,61.517024108090034,3.4948416606333477,0.13657243023095758
2025-02-25 07:00:00,0.10545236511193642,65.36834101014229,1.7233727979108577,7,1,66.23018072482463,14.321286113269792,0.1356971494904989
2025-02-25 08:00:00,0.12600192402333157,66.24361883282906,10.968466394879226,8,1,64.11190727675626,18.827991934548056,0.13632521777143433
2025-02-25 09:00:00,0.08638956389790385,66.0939856139723,23.852562813853957,9,1,61.74223527068726,29.70961282769796,0.13544485750120158
2025-02-25 10:00:00,0.0915307969733972,54.55543957202178,26.572999095588898,10,1,59.28506998407867,30.300943576170138,0.13516384236107992
2025-02-25 11:00:00,0.08061807978276785,52.73952972488861,26.473875706779243,11,1,55.654450468118036,29.47610995506033,0.13547094914986876
2025-02-25 12:00:00,0.08891319942075977,53.7545747939219,28.871844934130177,12,1,58.47244886020619,30.53893012008863,0.13554339954841033
2025-02-25 13:00:00,0.08674237289391551,56.050560867019506,26.277523710167067,13,1,57.3819153235305,21.25383023270469,0.1350564331685662
2025-02-25 14:00:00,0.10359124232843343,59.8036497784988,24.731269680929433,14,1,63.4928750834843,26.047183190798737,0.1355258782168612
2025-02-25 15:00:00,0.13735224486838088,63.28041617094468,17.703830795333538,15,1,63.14711349271898,12.046695007261459,0.13598309088359348
2025-02-25 16:00:00,0.15957135935156022,70.66375864957055,12.373048171089177,16,1,70.67045218485553,10.9754597589592,0.13589624537365516
2025-02-25 17:00:00,0.1892635386011536,75.83834951889108,5.318626450165754,17,1,80.71544724957138,1.5446229458695282,0.13583367478285216
2025-02-25 18:00:00,0.22775328938428294,73.292208495868,0.0,18,1,78.78860439496198,0.7401094859168722,0.13620733424735956
2025-02-25 19:00:00,0.2566146854762,78.3300720736625,3.6536884874576856,19,1,77.3064937898123,3.4026289014519997,0.13685112757766235
2025-02-25 20:00:00,0.23036701862799927,73.37073906404314,2.6954108720456853,20,1,70.51493198965801,2.7904296733189162,0.13754726069633522
2025-02-25 21:00:00,0.2153741597735058,71.56033332979197,0.0,21,1,64.8969090522895,0.30067007348495367,0.1379700211237123
2025-02-25 22:00:00,0.15762902527544678,68.11506234521138,0.0,22,1,61.68865214984087,0.0,0.1371338336298788
2025-02-25 23:00:00,0.14374738050071997,51.30949383360965,0.0,23,1,53.36839152928591,0.3444810828827141,0.13711144452314292
2025-02-26 00:00:00,0.11045887623698876,61.21862942538828,7.543506594013412,0,2,57.3519552092386,0.0,0.1363736902366551
2025-02-26 01:00:00,0.10717378202076024,55.33552860268343,0.0,1,2,55.65903645054078,0.9911754213892842,0.1360967088963215
2025-02-26 02:00:00,0.11144553616973217,51.71490712533221,0.0,2,2,54.2001223680614,2.8576508075022176,0.13651459563465554
2025-02-26 03:00:00,0.12113454973166801,60.149849842270825,0.3105214480118174,3,2,55.119086201121526,1.3119917713654736,0.13783065647298917
2025-02-26 04:00:00,0.10634483427980371,53.875880847692514,0.0,4,2,58.586506509356994,0.5176351820100752,0.13750370741496512
2025-02-26 05:00:00,0.11960646707015611,57.49428702249518,0.0,5,2,57.53370438078267,0.0,0.1372033761497329
2025-02-26 06:00:00,0.11199200745486393,58.61252551852702,4.04277990269494,6,2,59.36618937694122,8.508797967671573,0.13646117913565284
2025-02-26 07:00:00,0.12633178914777488,68.49526307702752,9.190364303023278,7,2,65.99642097402054,9.932994685713872,0.1373311551371461
2025-02-26 08:00:00,0.10588553605784402,64.17369375206744,17.64192585353246,8,2,63.39123236814148,18.52990714370347,0.1364929723052508
2025-02-26 09:00:00,0.10259369405765198,63.72555616279766,22.825757872391524,9,2,57.68356449898576,27.126768148196795,0.1371681443952403
2025-02-26 10:00:00,0.1047372302931731,64.15990017816252,28.55810876886661,10,2,53.28549107208032,30.841211176079476,0.13771841245023095
2025-02-26 11:00:00,0.09410334668072888,59.34769903161567,33.90810758668977,11,2,57.829866523470805,29.305356875389844,0.13828029857097932
2025-02-26 12:00:00,0.08383318810346158,55.868219121362905,34.02186832460857,12,2,55.355207944563865,28.925460602028526,0.13806863143275858
2025-02-26 13:00:00,0.060570376883216565,59.95156938317832,36.49950102986625,13,2,59.294465846190285,26.466020870942977,0.13697813159897945
2025-02-26 14:00:00,0.10162035558953549,66.61709081334483,29.68998412747083,14,2,61.646247683327985,22.670948733061504,0.13689601131819204
2025-02-26 15:00:00,0.10370692449139261,63.189481172033275,18.419864330713093,15,2,66.95287496195942,14.117661610075887,0.13549412296915084
2025-02-26 16:00:00,0.14521935112321552,67.39498518936624,17.647199366745095,16,2,70.91099597113148,4.8474697957147805,0.13489612262630316
2025-02-26 17:00:00,0.19267175685626708,72.64150408627778,10.08628224916728,17,2,75.86315364892954,1.0840882238491298,0.1350381317202662
2025-02-26 18:00:00,0.2384131167752619,80.20954810033174,6.721032168312663,18,2,78.65310784954885,5.4832546454309705,0.13548229119489033
2025-02-26 19:00:00,0.25628603317120774,75.5815286246584,0.0,19,2,75.46467583179133,0.0,0.135468597348849
2025-02-26 20:00:00,0.2139336757236605,75.12551668093846,1.9528287848752777,20,2,71.42940958624213,0.0,0.1347838747278349
2025-02-26 21:00:00,0.18385038788922525,67.17523927058089,0.0,21,2,68.23273860247228,0.0,0.13347038423265653
2025-02-26 22:00:00,0.1739808641539765,63.229285659071046,1.7939078643504716,22,2,63.49806513117658,6.7569554608249796,0.13415171085259528
2025-02-26 23:00:00,0.15119722185302487,60.492745324948324,0.0,23,2,51.15866778757648,0.0,0.1344621209089413
2025-02-27 00:00:00,0.09715396488930358,53.25464983433916,1.6781408146681096,0,3,53.3962028681006,0.0,0.13390774960278776
2025-02-27 01:00:00,0.11891560293405193,59.115087194267126,0.0,1,3,52.504631703779445,0.0,0.13439699214084158
2025-02-27 02:00:00,0.11965996993422959,55.26733429920706,2.776292685445642,2,3,53.94070229424133,0.0,0.1347392602143623
2025-02-27 03:00:00,0.09550319970226273,50.994615109717984,0.72120830315135,3,3,57.78659408644546,0.0,0.1336712872964704
2025-02-27 04:00:00,0.10008307922111666,52.589122756874396,0.5326750862016664,4,3,57.719159318662776,1.5914735264672244,0.13341038083569182
2025-02-27 05:00:00,0.10669531714231822,61.40042049097471,6.825799049465655,5,3,64.4307856465035,1.9842281363978485,0.1328724162553652
2025-02-27 06:00:00,0.12066443296878157,63.707448944204074,0.0,6,3,63.579077973470305,6.1779560989977975,0.13323376731844513
2025-02-27 07:00:00,0.121212765089282,63.22996862671751,8.942485486318335,7,3,64.10772751134301,18.906524199313417,0.13302047464934125
2025-02-27 08:00:00,0.1004173801069662,63.024559839313206,15.31228171890608,8,3,63.1388418251015,14.856245111490907,0.13279263481805467
2025-02-27 09:00:00,0.09874641566375446,66.77799183147731,21.85165889988234,9,3,60.52405670476883,22.390068743196878,0.13263233155164225
2025-02-27 10:00:00,0.11993870863181265,57.06015019975332,33.690104774840634,10,3,58.051955340439946,26.593860617648538,0.1332657264824189
2025-02-27 11:00:00,0.07596815297051335,58.660749758315525,29.126403162104303,11,3,53.989197937784176,29.89759937241979,0.13251009341115993
2025-02-27 12:00:00,0.07607028004715567,63.24564141744182,27.937189246328458,12,3,55.862997605489845,27.640538441233616,0.13218663890881385
2025-02-27 13:00:00,0.09375054277490433,56.98645617163033,35.451238122721456,13,3,56.976151975495235,25.350859206902875,0.13356914582096752
2025-02-27 14:00:00,0.10731213795758848,55.94299386232948,24.83688042955454,14,3,64.16401155362036,22.516678039961814,0.1338063034196364
2025-02-27 15:00:00,0.12250516357963623,63.41794730121527,15.54039832380809,15,3,63.10101537533222,19.041128764055948,0.13458956338164654
2025-02-27 16:00:00,0.17129397344653033,65.44832472411613,12.368381299767709,16,3,72.34030317172987,9.99136244923376,0.13567600597845134
2025-02-27 17:00:00,0.1936572685795137,67.56532643547702,3.381500270466412,17,3,72.9108338395372,0.15722957356858033,0.13571706896691996
2025-02-27 18:00:00,0.20340549705608346,78.19048870045287,0.0,18,3,78.2944371040068,0.0,0.13425841814528752
2025-02-27 19:00:00,0.2407676103538291,81.00703117531411,0.0,19,3,75.14932278051735,3.083952369541948,0.1336118171945634
2025-02-27 20:00:00,0.219916035019059,74.95223123817478,0.0,20,3,68.39246729204729,5.275857506525062,0.133861082165205
2025-02-27 21:00:00,0.2157582986857794,70.8189022674693,4.131847702951173,21,3,68.8331236488022,1.7872202405273132,0.13519057844839474
2025-02-27 22:00:00,0.18188111674209748,63.87165328472034,2.202905642217228,22,3,57.04793066484686,0.0,0.13551975563956645
2025-02-27 23:00:00,0.128276545212521,61.600911128876845,2.043420078450333,23,3,53.30049626912382,0.7258387820796812,0.13456472744621215
2025-02-28 00:00:00,0.1277675395823433,51.56375641457106,0.0,0,4,54.76608859545597,1.6248741924558185,0.13584029305842213
2025-02-28 01:00:00,0.11832330155060145,50.14840297894508,3.097266416874403,1,4,56.23530777415693,0.0,0.1358156138341117
2025-02-28 02:00:00,0.11077236110021943,59.53678460531783,4.869314927395572,2,4,50.62263977174521,2.4241126159358015,0.13544529679936126
2025-02-28 03:00:00,0.11300504308955943,55.335730380516495,1.3809981204115611,3,4,53.81629962644331,0.7393163820743455,0.13617454027383194
2025-02-28 04:00:00,0.13186898105293662,56.680011680326245,1.4788113770427378,4,4,59.09821778451146,3.2610426626572644,0.13749895285015779
2025-02-28 05:00:00,0.0959502622856699,59.75779034981314,0.0,5,4,62.334464259101814,0.0,0.13705124223113077
2025-02-28 06:00:00,0.12365765649329097,62.49929874681479,3.6905253266186464,6,4,65.63106298029516,3.0142118255769867,0.13717595987798534
2025-02-28 07:00:00,0.11934290751438337,61.747624089643324,14.1232560763376,7,4,69.49349428198475,14.143273246079842,0.13709804914569787
2025-02-28 08:00:00,0.10442749619558808,65.24249994713894,16.37331745246861,8,4,62.09050802035411,21.62329807415416,0.13726513731605713
2025-02-28 09:00:00,0.10585753150916188,62.2469962321811,19.47658430846963,9,4,60.91324785007284,21.359095018757476,0.13756143380961577
2025-02-28 10:00:00,0.09422242910762703,61.57156762915038,25.83464084765857,10,4,56.644210508588856,27.743500673656367,0.1364899221627747
2025-02-28 11:00:00,0.07803540512611531,58.429350344190325,27.975711435884406,11,4,51.952592161164205,34.079923512158814,0.13657605766925815
2025-02-28 12:00:00,0.07419784060580009,54.678306836410464,29.22439432554833,12,4,56.07899918631322,30.94037786037818,0.13649803935920166
2025-02-28 13:00:00,0.0941566274919627,52.00524909966866,31.71512466135767,13,4,54.36590224328099,26.788660254740535,0.13651495955574575
2025-02-28 14:00:00,0.08782713895753755,58.822589802848995,27.379747234462215,14,4,60.99279742854835,18.60063836022893,0.1357030845974103
2025-02-28 15:00:00,0.096355032857728,61.38079211627575,25.07061290365562,15,4,63.94572341350549,18.743773558998576,0.13461349581733076
2025-02-28 16:00:00,0.14297520349765588,60.832848456889984,16.54114296252845,16,4,72.83389842959706,6.721781057270405,0.133433547069461
2025-02-28 17:00:00,0.18822165471819266,73.5807018205246,4.866041246749002,17,4,74.31980786796618,0.26598411566167846,0.13320706315857261
2025-02-28 18:00:00,0.2135049102531035,78.96595519823177,0.0,18,4,73.78923205043382,1.1407253129733506,0.1336278720417818
2025-02-28 19:00:00,0.2449079889647777,85.4503888388164,0.0,19,4,77.60813693979848,0.4795034805690232,0.133800387817238
2025-02-28 20:00:00,0.23564791575387192,74.62498760277364,0.0,20,4,70.74824040564475,4.176978805251289,0.13445588284785517
2025-02-28 21:00:00,0.19665767136555304,70.23186538021311,6.281497919951059,21,4,66.01414533603563,1.6103187031544044,0.1336600233761791
2025-02-28 22:00:00,0.15232804374895573,63.328202263497374,6.842148570766699,22,4,60.05487754779223,0.9473585024338049,0.13242864533479817
2025-02-28 23:00:00,0.15332692820262564,62.67804617572423,2.92810420156305,23,4,46.5898827815372,0.0,0.13347241129271922
2025-03-01 00:00:00,0.10542184298963919,44.939148585358375,0.41567328891766314,0,5,44.85314074504723,1.2093369768980513,0.13254134060135656
2025-03-01 01:00:00,0.11955616172250887,41.71595447272427,0.0,1,5,43.184062586711754,0.0,0.13259270977518603
2025-03-01 02:00:00,0.1103005653346953,43.85046389327317,0.770029070055292,2,5,40.9432774308617,0.5302613112705931,0.13257305161828917
2025-03-01 03:00:00,0.08092731287945891,38.439618400518505,0.0,3,5,50.79801090687294,0.0,0.13123647952620168
2025-03-01 04:00:00,0.10325864911315003,48.741148095345075,5.70682663798072,4,5,51.818041730052386,0.0,0.13004438236204388
2025-03-01 05:00:00,0.09632203523897219,45.39313326592481,0.0,5,5,53.846582049835405,0.0,0.13005987290176482
2025-03-01 06:00:00,0.08318269961183997,50.84947769630825,1.3456951666554107,6,5,52.591627719171534,7.277757842656645,0.12837341636503768
2025-03-01 07:00:00,0.0950031664214409,49.43255215808629,4.977256067603149,7,5,54.29683230477804,14.5834479858781,0.12735926048616508
2025-03-01 08:00:00,0.11264699044434726,53.435195202999566,15.493169962931159,8,5,54.83761974777659,27.080001913881254,0.1277017394131967
2025-03-01 09:00:00,0.10043298428009047,53.14159725820549,24.288987517074684,9,5,49.30917193211651,29.670535577668186,0.12747571661198542
2025-03-01 10:00:00,0.06882317699409349,51.060748487236786,30.46953070328699,10,5,46.28553624574978,29.619570500338718,0.12641741444058818
2025-03-01 11:00:00,0.07560848296527758,49.799478726442615,29.782427037104892,11,5,49.748331962070665,29.867673947056705,0.12631629268388658
2025-03-01 12:00:00,0.07780629397845329,51.43625510597819,33.71720414988198,12,5,47.07711946011637,31.716997133335752,0.12646664490774714
2025-03-01 13:00:00,0.05285463306374362,49.53207519752673,27.67619739522307,13,5,47.043288413928714,32.331022544812974,0.12474572847323802
2025-03-01 14:00:00,0.06311036649972034,52.36195292627372,27.752024639255918,14,5,54.868184318647415,24.188117477016288,0.12371586295416231
2025-03-01 15:00:00,0.10450553824778105,57.59038279672352,25.465474801518518,15,5,56.66263817922734,10.710322760578617,0.12405546734541452
2025-03-01 16:00:00,0.1315185197962061,59.633500038077,16.68882128561327,16,5,58.92587021892067,10.453954579084307,0.1235781055245208
2025-03-01 17:00:00,0.1481808693441596,62.767116301746285,6.184390952072878,17,5,64.53563060992819,2.9128953751120235,0.1219097394672694
2025-03-01 18:00:00,0.2116183485729572,70.03441370671743,0.0,18,5,67.25505642509648,6.157869080084343,0.12183113273059663
2025-03-01 19:00:00,0.2278070601530813,71.72167300087142,3.554796218917787,19,5,67.24513356697717,0.0,0.12111859403010929
2025-03-01 20:00:00,0.2060766127063376,68.88062546253744,0.0,20,5,63.22761385402603,0.3879925101617736,0.11988645640312871
2025-03-01 21:00:00,0.17941257487558906,58.229330306300966,0.0,21,5,60.26228514546682,1.260672560528385,0.11916791071604686
2025-03-01 22:00:00,0.15650233250853038,55.11407223864644,2.1055606593410747,22,5,52.46472147886439,0.0,0.11934183941436248
2025-03-01 23:00:00,0.13312294890486512,52.05925410971463,0.0,23,5,43.287548791106836,0.0,0.11850000694362245
2025-03-02 00:00:00,0.07469013858142284,46.713642202683694,0.0,0,6,46.72932055376437,1.118201506567364,0.11721951925994678
2025-03-02 01:00:00,0.08213829745758239,44.17091873177325,4.727865334646687,1,6,46.294764811247944,0.0,0.1156604415822415
2025-03-02 02:00:00,0.09122353940872822,47.97534367148444,0.0,2,6,44.27155780704219,0.0,0.11486556550199288
2025-03-02 03:00:00,0.0865689192277123,48.90723027530332,0.0,3,6,46.28792619299816,2.283896148406827,0.11510063243317009
2025-03-02 04:00:00,0.1151064907625434,49.54121253080292,0.0,4,6,46.835786936160304,1.3939497250058412,0.11559429250189483
2025-03-02 05:00:00,0.10710848741633464,51.64416123196984,0.0,5,6,48.56317882553654,3.4992760752422707,0.11604372800928492
2025-03-02 06:00:00,0.08175652419773836,47.569122054679056,0.0,6,6,58.319567906799605,9.481800069512722,0.11598430403369736
2025-03-02 07:00:00,0.08902559478604319,55.469529233254846,10.684724549032328,7,6,54.14207444325897,15.840900561453003,0.11573523854888912
2025-03-02 08:00:00,0.1031875757140661,53.28175831897644,16.199599772373194,8,6,54.5533989054708,25.97053905882752,0.11534109626846074
2025-03-02 09:00:00,0.07832774105480023,48.68640121786932,25.80393282747753,9,6,47.993308828317325,26.202660604348054,0.11442004446740696
2025-03-02 10:00:00,0.09120358092106425,50.10409610368994,25.254609215928614,10,6,49.66436243468719,29.61254560985044,0.11535256129769743
2025-03-02 11:00:00,0.09204203264938618,52.43061749553495,38.01146865616686,11,6,44.34662385153357,31.442783867151185,0.11603729253453528
2025-03-02 12:00:00,0.08649989239052992,48.232713799958546,24.957164125334206,12,6,50.47044187233126,31.807195694091813,0.11639952580170515
2025-03-02 13:00:00,0.07577832601841933,53.57151469856082,24.997920283616594,13,6,52.80497103773536,27.200155395066034,0.11735467967481662
2025-03-02 14:00:00,0.09846791963177884,49.77728738182088,33.52249492333215,14,6,54.02125228528254,18.20301168877205,0.11882791105531908
2025-03-02 15:00:00,0.09638314791945339,60.72294298515995,24.02029108030176,15,6,57.96732243677618,15.065259747019548,0.11848947812497208
2025-03-02 16:00:00,0.15933699525235104,58.30562726761612,17.006568727995266,16,6,62.436873616141206,8.096387462615606,0.11964858126897811
2025-03-02 17:00:00,0.16974359570471165,62.8836408041762,9.694210792718257,17,6,66.63729212383983,0.32149712559572363,0.1205470282006678
2025-03-02 18:00:00,0.21132888891165005,62.63833185410964,1.9992254455265759,18,6,69.03363806349736,0.0,0.12053496738144666
2025-03-02 19:00:00,0.2129723061829346,71.76896858348815,1.049187021518827,19,6,66.91182945210215,1.4157248183545836,0.11991685263269054
2025-03-02 20:00:00,0.210934120566266,65.12553889719378,0.0,20,6,64.77467278020288,0.0,0.12011924879352089
2025-03-02 21:00:00,0.18486410743464143,60.740710699465744,2.8636681677547693,21,6,55.897273005829994,1.164126757517721,0.1203463959834814
2025-03-02 22:00:00,0.14501230955879674,61.833807061346725,2.3123737403838125,22,6,55.92207657352281,5.020007542544496,0.11986764502724251
2025-03-02 23:00:00,0.11586673833860775,56.572224311516415,4.999509013589406,23,6,52.299412898553925,0.0,0.11914863625364847
2025-03-03 00:00:00,0.10813838675434304,56.76729479584588,6.174843769154079,0,0,51.673344817815156,0.1613090668860008,0.12054231326085345
2025-03-03 01:00:00,0.12411316713861227,52.00609112826599,1.156666278751418,1,0,53.98846133574877,0.0,0.12229126616422971
2025-03-03 02:00:00,0.09112142200527559,53.10011675990872,0.0,2,0,54.47745354128398,0.0,0.12228701127241919
2025-03-03 03:00:00,0.10286640714146116,53.43281447513779,6.203830259207478,3,0,51.15640232865938,0.0,0.12296607326882537
2025-03-03 04:00:00,0.1328139284240395,57.13380069363043,0.0,4,0,55.75008733622964,5.576363978424356,0.12370388317138771
2025-03-03 05:00:00,0.10556590137530797,61.683713849257344,1.1828746778533328,5,0,55.46927808559488,1.0801987401202249,0.12363960875301161
2025-03-03 06:00:00,0.13554236198235223,60.99144701066475,0.0,6,0,61.49955694568816,6.455034956027299,0.1258806853273705
2025-03-03 07:00:00,0.10740865409301244,69.1706225925828,6.826076660335546,7,0,62.8864401892681,13.901622325820842,0.12664664613182758
2025-03-03 08:00:00,0.09387343663998937,67.02274887218246,18.773682932642437,8,0,63.48421093277467,22.93910783574972,0.12625855700374103
2025-03-03 09:00:00,0.0963159524169486,62.13793090149551,23.622513024896648,9,0,58.374287698250036,21.814164699473707,0.12700806581049723
2025-03-03 10:00:00,0.11546608348950438,62.60175571032423,29.67999465443105,10,0,56.015239179515454,34.048071464448306,0.12801900341751557
2025-03-03 11:00:00,0.07976379000571053,62.576343581838714,28.245267797869296,11,0,58.291990272409315,30.758483351276357,0.12750740997402907
2025-03-03 12:00:00,0.06311064735442437,62.07873959871462,31.588002635752947,12,0,60.168784452443745,32.18879164823903,0.12653285809752468
2025-03-03 13:00:00,0.06879024371366387,59.838452496581915,28.40679738399864,13,0,56.294217545035195,29.103323125167666,0.1262416880014932
2025-03-03 14:00:00,0.10663899794726549,58.21818465311141,27.186898877071464,14,0,63.85436313328892,25.469742187580092,0.12658214959797182
2025-03-03 15:00:00,0.09839312069736973,61.1224312451266,22.35123664042284,15,0,67.43904941595761,17.477984036628506,0.1266658984637183
2025-03-03 16:00:00,0.15671515423107385,68.50685724180089,22.553697113498913,16,0,68.26000187526182,10.414155643566698,0.1265566550878318
2025-03-03 17:00:00,0.19617035318969928,77.09429772579449,7.425405585341737,17,0,74.07591510623816,2.853383350759748,0.1276577699830396
2025-03-03 18:00:00,0.22558731464935652,77.04631681098758,0.0,18,0,71.08537788752066,0.0,0.12825187105544403
2025-03-03 19:00:00,0.2358770067890118,78.59554528897439,4.882820380622753,19,0,76.30534736342427,6.023884374563302,0.12920623358069724
2025-03-03 20:00:00,0.21645484335826287,75.8226879280609,1.572407809091082,20,0,69.58355663436777,0.9880468128407616,0.12943626369703046
2025-03-03 21:00:00,0.20480785342253296,70.6878872295967,0.0,21,0,66.92759861593733,0.0,0.1302672531131926
2025-03-03 22:00:00,0.16046091868865825,66.14091432048886,0.0,22,0,66.93369109924937,0.0,0.13091094516027016
2025-03-03 23:00:00,0.16620718504406853,62.22515040859794,0.0,23,0,56.255654838088994,0.0,0.1330084637729977
2025-03-04 00:00:00,0.09945655411955243,58.56729881356145,6.783168339802722,0,1,51.55573851977055,1.125196943934089,0.1326467207465481
2025-03-04 01:00:00,0.1174075293424857,52.32266707076567,0.18145711031012823,1,1,51.170323496213996,0.26677561277191825,0.13236731917170946
2025-03-04 02:00:00,0.100937679921004,53.356246576624244,0.0,2,1,56.13496003080944,5.116853779543845,0.13277632991819815
2025-03-04 03:00:00,0.10322585684673395,50.779788439285994,1.1470901164983462,3,1,52.54478799207129,0.0,0.1327913069892512
2025-03-04 04:00:00,0.10810168122199035,56.847610333015155,4.221600957121943,4,1,58.61920084897629,1.902067017584026,0.13176163002249916
2025-03-04 05:00:00,0.15608959804377176,61.01032868679662,0.5475213392372403,5,1,65.2097574480352,0.0,0.1338667840503518
2025-03-04 06:00:00,0.12426717351770965,64.93641954591376,0.0,6,1,64.12645597986422,14.595587489863956,0.1333969845309917
2025-03-04 07:00:00,0.10715180793259688,63.42638600328783,5.013844385785748,7,1,66.44440257586469,13.044948843849774,0.13338628260764104
2025-03-04 08:00:00,0.10402599451804018,65.91430884579253,13.176517055927988,8,1,64.94999734779807,28.982902571208584,0.13380930585255982
2025-03-04 09:00:00,0.08002654313001008,62.322576336539825,28.500709155105405,9,1,58.76033096104565,28.002997281343426,0.13313058046560405
2025-03-04 10:00:00,0.09103114361147245,61.56418739055628,28.132523277776393,10,1,57.622364214542365,25.400765302366665,0.13211245797068608
2025-03-04 11:00:00,0.10965691633556474,58.046671582790424,25.78197510093792,11,1,53.69599195578746,36.559972378682666,0.13335800490109664
2025-03-04 12:00:00,0.08793867518653144,55.79530929604942,34.118735346346256,12,1,58.544904880211696,31.888020110425835,0.13439250606076777
2025-03-04 13:00:00,0.09645428768013561,56.405860413973976,32.15113930182056,13,1,55.890420893744455,27.113713412460726,0.13554517455937076
2025-03-04 14:00:00,0.08453629598633411,59.50682611308778,26.81221333701362,14,1,63.14247504949093,24.971614670723305,0.13462422864433196
2025-03-04 15:00:00,0.11220989808757663,60.799210271422034,19.60348251913024,15,1,68.85151926894184,18.247476275932662,0.13519992770225725
2025-03-04 16:00:00,0.1521018431669087,65.81209350057703,12.663501153740247,16,1,70.67894299293242,9.6434378913826,0.13500770640791704
2025-03-04 17:00:00,0.1818002526794184,77.1257861894984,12.28582274100424,17,1,74.14091288340595,3.178108040442687,0.13440895221998866
2025-03-04 18:00:00,0.2371186920882355,84.25665368503205,0.8662949953178455,18,1,76.72630581643364,0.7071383344439913,0.13488942627994197
2025-03-04 19:00:00,0.23751823655360318,73.21171746850754,1.6752528263162445,19,1,73.79800002262034,1.8192279750969509,0.13495781085346661
2025-03-04 20:00:00,0.2290256833916275,71.55255534506512,0.8566558335304201,20,1,71.97458222389618,0.0,0.13548159585485678
2025-03-04 21:00:00,0.19810449132559524,68.59889798585279,1.1469104671913763,21,1,64.7504528616985,2.1435790968921955,0.13520228910081772
2025-03-04 22:00:00,0.1879816861552931,66.25387021844831,0.0,22,1,60.02732371930232,0.0,0.13634898774526083
2025-03-04 23:00:00,0.14928686751335382,64.58293329595377,0.0,23,1,54.086628274416306,0.0,0.13564397451481439
2025-03-05 00:00:00,0.10662175752606082,54.88483189365407,4.0771913189876505,0,2,54.24831115464262,0.0,0.13594252465675224
2025-03-05 01:00:00,0.12591084871405175,53.56369445326732,4.951065587366894,1,2,52.52430293189868,0.0,0.1362968296305675
2025-03-05 02:00:00,0.10151876671257887,54.80392533747869,0.0,2,2,50.17959306985948,2.597701233688548,0.13632104158021643
2025-03-05 03:00:00,0.09081375141729905,51.25776490488162,0.0,3,2,56.819555820674616,0.0,0.13580387052065665
2025-03-05 04:00:00,0.10030700340887817,53.69664170419826,2.9374987564778268,4,2,55.66359623623849,3.062173192622267,0.13547909227844365
2025-03-05 05:00:00,0.11440633539613876,56.496096413601144,6.587279062755056,5,2,63.78610012984965,0.0,0.13374228966812562
2025-03-05 06:00:00,0.12326231845951093,54.5919778079678,6.236858534657625,6,2,62.434269434184685,1.731013472875044,0.13370042070736735
2025-03-05 07:00:00,0.10380670468896001,58.98287052265483,5.847567615092678,7,2,64.2713735675955,13.296444172861039,0.13356104140554914
2025-03-05 08:00:00,0.12340092031294721,60.410807396716045,21.139795748996836,8,2,61.87387815968047,22.723931180436548,0.1343683299803369
2025-03-05 09:00:00,0.09840898200277616,65.18252733677761,23.790256615840523,9,2,60.284789607207706,30.12947648953601,0.13513426493336886
2025-03-05 10:00:00,0.09159822010255486,60.583107104471125,32.54110222941531,10,2,63.91856145840474,31.844510946883876,0.13515789312049728
2025-03-05 11:00:00,0.07724461867282362,58.920822588535145,34.976724908745894,11,2,54.83436892807805,29.96756051151735,0.13380738071788306
2025-03-05 12:00:00,0.10732246283839872,49.64541094298235,28.930394521576225,12,2,58.44114928818012,30.03785251079511,0.13461503853671086
2025-03-05 13:00:00,0.08381000974718553,51.14107885682761,34.14265837406651,13,2,58.16538589491479,25.545635844094566,0.13408819362283794
2025-03-05 14:00:00,0.07947176334969483,60.10640786855448,32.40558206244274,14,2,64.01152833933881,24.30954713305072,0.13387717142964464
2025-03-05 15:00:00,0.14414202814444263,52.77219886310206,23.514486165868558,15,2,62.6477532047025,16.423472558627644,0.1352076768486807
2025-03-05 16:00:00,0.15584577431657448,70.4303408330517,15.815026839703272,16,2,75.47544754496492,10.351281421694502,0.1353636739799168
2025-03-05 17:00:00,0.19786909686707307,65.75105653998209,3.131896276199626,17,2,76.18839857060783,0.0,0.1360332091544024
2025-03-05 18:00:00,0.2449193652322978,78.20505133238913,2.3926613079282735,18,2,76.45362488105665,0.0,0.13635823720207166
2025-03-05 19:00:00,0.2393852271893511,74.1456645580998,0.7306192873486885,19,2,77.31292664996322,5.680634583334075,0.13643602847856115
2025-03-05 20:00:00,0.24237707829571092,78.86279874112314,0.0,20,2,71.87305089387065,1.7948961942544877,0.13699233659956464
2025-03-05 21:00:00,0.21496874961580786,81.85134561287724,0.0,21,2,64.21208418118545,0.0,0.13769501402832351
2025-03-05 22:00:00,0.17613457478997918,59.23366838368967,0.5407613719472047,22,2,56.7933197628846,0.0,0.1372013843881021
2025-03-05 23:00:00,0.15125053589223653,63.8650861872942,0.0,23,2,56.56720151373416,3.1016932947422378,0.13728320390388885
2025-03-06 00:00:00,0.10687703881143054,47.12896338308619,0.009369946284619091,0,3,52.489757154101795,4.29147914682843,0.13729384062411262
2025-03-06 01:00:00,0.11573746979550556,54.30111695415239,0.0,1,3,51.80773458396282,0.0,0.13686994983583986
2025-03-06 02:00:00,0.10288560153130497,52.37192225133391,4.722975938981843,2,3,52.32426888691408,0.0,0.1369269012866201
2025-03-06 03:00:00,0.1197984707139491,53.81000562545685,0.055682497381996335,3,3,57.329035238811024,0.7806425989788519,0.13813459792398053
2025-03-06 04:00:00,0.11746649843563899,51.48270007704284,0.0,4,3,55.50243766259259,1.0423938242327695,0.1388495768834289
2025-03-06 05:00:00,0.12865800623017032,58.980392106279055,0.0,5,3,60.87246289652949,1.3517797510162828,0.13944339650151352
2025-03-06 06:00:00,0.11852639949776636,54.948986598339076,3.601972293616873,6,3,61.95206453318454,13.945003207798942,0.13924606654477417
2025-03-06 07:00:00,0.1384558164258703,66.59456400652967,10.736888079628935,7,3,61.412461746004944,14.248383604204033,0.1406897795338121
2025-03-06 08:00:00,0.11425442694510096,62.61247939913853,17.705949667852597,8,3,64.4622124080614,24.10875640741323,0.14030867564348518
2025-03-06 09:00:00,0.09559559106648528,58.171032440786206,27.019921082547015,9,3,61.92624195552138,31.40973327081906,0.14019145102113972
2025-03-06 10:00:00,0.0984214327148441,64.8240306912162,32.403534547465945,10,3,55.529050906898966,34.769895292447146,0.1404757515466518
2025-03-06 11:00:00,0.1043962537325785,56.6721918467958,33.46125396840445,11,3,55.37905436487727,32.12321761661331,0.14160706967414158
2025-03-06 12:00:00,0.07250652254658475,61.559003603251284,33.04734958101948,12,3,56.00477141365162,31.07741301827594,0.140156405495316
2025-03-06 13:00:00,0.10978437780080742,59.719093453481996,31.320725128063685,13,3,58.796629598510314,28.104568225005632,0.14123867083088357
2025-03-06 14:00:00,0.08615994645899752,55.35231379190366,30.863687244095654,14,3,65.52878444860106,28.76683336960776,0.1415173451271045
2025-03-06 15:00:00,0.1254533088373304,61.31423594092239,28.886762890198625,15,3,65.78604788574957,14.228830448847884,0.14073864848930817
2025-03-06 16:00:00,0.1467983457917291,66.82110988314233,16.60838857110502,16,3,70.84784440613114,7.875500600800845,0.14036167230077293
2025-03-06 17:00:00,0.1874936470579594,76.39210322669818,13.951238565804726,17,3,75.07797905618683,2.171265573564316,0.13992936189205987
2025-03-06 18:00:00,0.20881593036538143,76.82866594849054,1.306033657083446,18,3,75.02696753839707,0.0,0.13842505210593836
2025-03-06 19:00:00,0.24562974701070348,77.4755333323173,1.3324183898083153,19,3,71.98424509875395,0.7224508258813713,0.13868524043182803
2025-03-06 20:00:00,0.2027263796744984,74.78895376134606,8.417883135633904,20,3,71.77501848337641,0.0,0.13703312798927753
2025-03-06 21:00:00,0.180713596344985,71.34570976109617,5.784373756764513,21,3,67.48465207839536,0.5392837189489548,0.13560582993632656
2025-03-06 22:00:00,0.18728297725626866,70.60479306173447,5.875132355358753,22,3,61.56704581716349,0.14664926544764917,0.1360703467057553
2025-03-06 23:00:00,0.17084460865331738,61.57399802417861,0.0,23,3,52.71077376325556,0.45810695459503087,0.13688676640413366
2025-03-07 00:00:00,0.09699301720994982,51.572195355468885,7.672638757547017,0,4,51.05909898864461,0.0,0.1364749321707386
2025-03-07 01:00:00,0.1230871984769381,51.050136030129465,0.0,1,4,53.45950061555753,0.6376281291647877,0.13678117086579833
2025-03-07 02:00:00,0.12073940045174038,51.18264723946115,0.0,2,4,53.65552312645233,0.0,0.1375250791541498
2025-03-07 03:00:00,0.10772248678378446,48.829097563279,0.0,3,4,55.270982395837244,3.637537289448368,0.1370219131570596
2025-03-07 04:00:00,0.12676943868101254,51.919997731685356,1.1420178859383803,4,4,57.05111510944571,1.785955277207042,0.1374095356672835
2025-03-07 05:00:00,0.1190858567568456,61.19870799500818,0.0,5,4,60.29246689675662,0.0,0.13701069610589497
2025-03-07 06:00:00,0.12312934495959751,58.84371660306519,1.4288883999144684,6,4,65.1799899726109,6.603864469282099,0.13720248550013794
2025-03-07 07:00:00,0.10347930518694548,64.7965446616701,4.8696247541899496,7,4,64.98757700877488,15.535492935130955,0.13574513086518272
2025-03-07 08:00:00,0.08709051450764929,55.91116208004533,23.55324238887739,8,4,63.54196464939242,24.916234756018927,0.1346133011802889
2025-03-07 09:00:00,0.11211115332892577,64.3993413542038,26.341663473381196,9,4,56.15631261378368,29.42390809255497,0.13530144960789062
2025-03-07 10:00:00,0.09959903720781409,59.12500675958168,37.876986920277865,10,4,58.91578464594497,32.86114238974375,0.13535051646176435
2025-03-07 11:00:00,0.08573439385140329,55.268182819572345,29.765673213610725,11,4,54.779960864028354,42.4122386092508,0.13457293896671538
2025-03-07 12:00:00,0.10680034322634482,55.95474291862131,39.94471326966907,12,4,55.89027851774437,31.910146998293683,0.13600184816170538
2025-03-07 13:00:00,0.10838126434539824,54.1452155845177,27.03676386421963,13,4,55.28167954257932,33.79186112807168,0.13594338510106332
2025-03-07 14:00:00,0.10072563566111697,51.031082860614404,30.625700572814374,14,4,65.68705291145451,23.998543441623024,0.1365502888178183
2025-03-07 15:00:00,0.09718214269967856,64.45849927270707,22.20047368351582,15,4,61.406459609864854,11.161425069495515,0.1353723235620828
2025-03-07 16:00:00,0.1466063334873445,67.13254722956998,15.693445083219325,16,4,74.40526044483602,9.470813923372926,0.13536432304940013
2025-03-07 17:00:00,0.1789700436668344,70.42441968858535,7.127365257840978,17,4,76.20003295590932,3.1338462470454616,0.13500917290810324
2025-03-07 18:00:00,0.22226033427962463,72.25791863212085,0.0,18,4,73.02191191838527,1.7736518949584943,0.13556935640453005
2025-03-07 19:00:00,0.21949002038051896,72.12895545030268,0.0,19,4,79.42246575259234,0.7172210845920117,0.1344802011282724
2025-03-07 20:00:00,0.21352702383665037,76.06612765971532,0.0,20,4,72.45612580593009,0.06643251486036561,0.13493022796836204
2025-03-07 21:00:00,0.18149965072537233,76.59160590558905,0.4060993905040484,21,4,61.63456800591528,0.0,0.13496298023421152
2025-03-07 22:00:00,0.17357237151300667,67.00133367017204,4.0729302481910645,22,4,60.638330169833914,2.509459468159473,0.13439170499490893
2025-03-07 23:00:00,0.11623486600926555,57.05840631916654,1.033726388173689,23,4,44.82518304362871,0.0,0.1321162990514068
2025-03-08 00:00:00,0.08915707849970846,44.47652705574825,4.082890704530351,0,5,47.20300156138952,0.0,0.13178980160514672
2025-03-08 01:00:00,0.10133251544211734,43.605828386506055,0.0,1,5,43.05616634154075,1.149769661861935,0.13088335647869584
2025-03-08 02:00:00,0.08597289096583512,46.63960224077672,0.0,2,5,38.94195002409091,0.0,0.12943475191678314
2025-03-08 03:00:00,0.07997367140584956,46.17731782393569,2.4885172169774865,3,5,48.15920686028954,3.5864208938196276,0.12827855127603582
2025-03-08 04:00:00,0.09214749276531042,35.68653351478065,1.201167645269754,4,5,48.32013433592861,1.308384797632094,0.12683597019621493
2025-03-08 05:00:00,0.08697585365615013,49.068505072700525,0.0,5,5,45.959693289143964,0.0,0.1254980534003526
2025-03-08 06:00:00,0.09473200208852695,47.213667032070425,3.2692411225806572,6,5,54.14778651722785,5.882044020911428,0.12431483078072465
2025-03-08 07:00:00,0.079203665493436,48.91286225525707,7.227824153735547,7,5,55.66028279333388,15.949220208030722,0.12330334579349511
2025-03-08 08:00:00,0.08836894295526587,54.16003492973491,14.834504981898872,8,5,52.85127944430972,31.37318971273486,0.12335661364547913
2025-03-08 09:00:00,0.0819255650893809,54.81581962001133,26.531228618193236,9,5,48.90673679876314,29.74142885094958,0.12209888080216474
2025-03-08 10:00:00,0.080846315282794,45.31095156624732,30.428225257455445,10,5,46.50929514576394,36.037371110476634,0.12131751738862225
2025-03-08 11:00:00,0.09506569549086455,49.983402333008456,32.083998574423504,11,5,45.64493036649548,31.454744165178663,0.1217063216235998
2025-03-08 12:00:00,0.07430393131377705,48.73832227257712,33.16151505518892,12,5,47.36126413439065,30.881564126417203,0.12035230446057615
2025-03-08 13:00:00,0.0796668057505217,46.8021471304769,30.169902947700194,13,5,50.32416936632059,29.879023802930003,0.11915586868578963
2025-03-08 14:00:00,0.0759581026578116,45.971053893132904,29.021513617579593,14,5,48.131609802385185,29.58998624612014,0.11812388814398522
2025-03-08 15:00:00,0.10532908114519728,49.293263153153454,28.67694448066043,15,5,57.7868015765024,13.941220915892856,0.11846334391254852
2025-03-08 16:00:00,0.12620877791450266,60.55784075991482,18.41120406723547,16,5,63.324895410161474,7.32402362683065,0.1176134457636801
2025-03-08 17:00:00,0.15909057396384343,57.513089852593886,12.442359573289949,17,5,66.60796148981561,2.524743716834419,0.11678513452605549
2025-03-08 18:00:00,0.21258534372924967,69.67598420297634,1.8062398818614591,18,5,66.94275496815261,4.459248137779174,0.11638200991978986
2025-03-08 19:00:00,0.2078176539444139,67.22382909823042,0.0,19,5,69.10925868312084,1.2247292419760618,0.11589566131828548
2025-03-08 20:00:00,0.2010020295417963,65.9629675038427,0.0,20,5,65.0373669300537,1.8924315897966852,0.11537378655599989
2025-03-08 21:00:00,0.17151120818475893,56.88268108114757,0.0,21,5,56.538742649660364,0.0,0.114957601450141
2025-03-08 22:00:00,0.14736991924192183,56.801674633791556,0.0,22,5,52.237054386735636,0.0,0.11386583260551246
2025-03-08 23:00:00,0.1322408502620075,54.3666840155023,0.0,23,5,45.21868898751079,0.0,0.11453274861604339
2025-03-09 00:00:00,0.08863218330085026,39.39849621779989,3.4335697440090214,0,6,46.26063682489511,0.0,0.11451087798275762
2025-03-09 01:00:00,0.1109752281258887,45.29101561060236,3.3970596339739574,1,6,42.16247058724999,0.6316865489194602,0.11491265767791477
2025-03-09 02:00:00,0.1251483895058371,44.078356818812914,7.741578740968258,2,6,42.06222842726188,0.0,0.11654497011708152
2025-03-09 03:00:00,0.08617630613959545,42.09460866165565,0.0,3,6,45.70834432914566,0.7011235511974978,0.1168034132309876
2025-03-09 04:00:00,0.0964896905544712,47.894974470405444,5.591069071225452,4,6,44.995426361242764,0.0,0.11698433813886928
2025-03-09 05:00:00,0.10530670583781905,40.195363327498946,5.569435219824456,5,6,46.45366112541897,0.0,0.11774812364643883
2025-03-09 06:00:00,0.09576815277649497,51.45303450816423,0.0,6,6,51.74049731725069,11.718160826188834,0.11779129659177083
2025-03-09 07:00:00,0.08233087276030593,58.5634417034283,10.897499151030825,7,6,55.51633204687968,15.165130619434061,0.11792159689455707
2025-03-09 08:00:00,0.11048094980703926,59.2898228577533,22.192982399299968,8,6,56.52678764740515,29.264272880387658,0.11884293051338096
2025-03-09 09:00:00,0.09431650127712285,54.66694854653943,25.03806426049992,9,6,49.0626279625729,33.24418812454496,0.11935921952120356
2025-03-09 10:00:00,0.08480886010460985,49.51477880524732,30.440456275284077,10,6,47.399079878888806,31.712070966968742,0.11952432555544586
2025-03-09 11:00:00,0.09285014516422958,45.61304458717274,32.28867472764676,11,6,46.52558303871234,39.06709347202829,0.11943201095850275
2025-03-09 12:00:00,0.08114899890065595,45.24513038967881,27.440697239290863,12,6,45.27347952854899,31.38129141639219,0.11971722210795603
2025-03-09 13:00:00,0.07303825585188621,48.31086146535667,34.73100635926752,13,6,47.211976758217624,34.538450883062104,0.11944103252884623
2025-03-09 14:00:00,0.07173604927495308,46.08312430209019,28.433284849448334,14,6,53.01609763757237,26.176515050780772,0.11926511363789379
2025-03-09 15:00:00,0.09673002318538533,54.769883954021275,21.480580257158937,15,6,54.79884968769222,13.428871798301806,0.11890681955623496
2025-03-09 16:00:00,0.14396429766106003,64.0198265661696,19.32808680281083,16,6,60.73302993529422,5.612995939617029,0.11964663287900817
2025-03-09 17:00:00,0.17975836770156642,62.069831066673984,4.160462418866171,17,6,65.78335793857023,0.0,0.1205077909514133
2025-03-09 18:00:00,0.19375344383328325,61.88647032754926,2.821279619482166,18,6,68.3162437013013,2.4298276898778566,0.11972312845574802
2025-03-09 19:00:00,0.2294709298486164,63.36813818893618,1.6925976034118242,19,6,63.1579997166684,0.0,0.1206253482850898
2025-03-09 20:00:00,0.20660245447124231,68.67350263787776,0.0,20,6,62.005782999225396,0.0,0.12085869932381672
2025-03-09 21:00:00,0.19439194759926548,62.07622893549766,0.0,21,6,54.6083113546631,0.11247428827004995,0.12181206346608782
2025-03-09 22:00:00,0.15927323058376372,59.995881687308874,0.0,22,6,50.95366373902687,0.0,0.12230803477199792
2025-03-09 23:00:00,0.14697903055357286,50.614435736656844,2.626185111778816,23,6,54.17002890013639,2.307830794555801,0.1229221256174798
2025-03-10 00:00:00,0.12363150833565507,55.250770929876836,0.655774843679429,0,0,52.46545687904794,3.751042963165083,0.12438043082726334
2025-03-10 01:00:00,0.11174378125561962,52.10659055918048,0.916474841063405,1,0,56.049424840203756,2.2102114994268938,0.12441245387433546
2025-03-10 02:00:00,0.10646347460627563,50.367271708826564,1.7566163288559558,2,0,52.92799865991829,0.0,0.1236339157535204
2025-03-10 03:00:00,0.1115963421216716,51.789198572574556,0.0,3,0,56.01381331800108,0.0,0.12469308391944023
2025-03-10 04:00:00,0.10150410273740883,50.247213735102065,0.0,4,0,57.74990148393887,0.0,0.12490201776039599
2025-03-10 05:00:00,0.10262586561701323,62.52630265451464,3.350614312194208,5,0,59.234982634644446,0.0,0.12479031608452906
2025-03-10 06:00:00,0.11975141863390557,58.95300138762036,2.410514447643427,6,0,59.66771096732643,15.734158401540046,0.12578961882858783
2025-03-10 07:00:00,0.10903723652733989,64.36146136019995,7.51962655206481,7,0,63.38951945411155,17.925916963972462,0.12690238398554757
2025-03-10 08:00:00,0.09518876745771751,61.88179066626778,19.578506939206207,8,0,61.271792753715175,28.196318603083746,0.1262652097209925
2025-03-10 09:00:00,0.09701653091289217,58.97116508930388,30.066104907551985,9,0,58.25508647471564,33.80985628913045,0.12637771095581624
2025-03-10 10:00:00,0.09361125592970036,58.64950673275179,35.416322788081295,10,0,56.87702182757616,35.45588949865043,0.12674447744852835
2025-03-10 11:00:00,0.08753238850167719,60.089195953761745,33.080624308040264,11,0,52.2331181348513,33.68460821610924,0.1265229042542553
2025-03-10 12:00:00,0.10476574503647253,53.465918276525514,31.08257882548225,12,0,53.740757322593225,36.50892241954736,0.12750693534324767
2025-03-10 13:00:00,0.0935620298983502,52.702743038108395,30.44632724696361,13,0,55.559942489771515,28.399803529281414,0.1283620925951837
2025-03-10 14:00:00,0.12074940660395886,58.08155714036474,30.339828931944616,14,0,60.75544566954836,27.34965182353829,0.13040431581722559
2025-03-10 15:00:00,0.10938211968010293,62.860767137379995,30.78130783854422,15,0,64.57515735109908,15.243368003052078,0.13093148650450548
2025-03-10 16:00:00,0.16168259874249286,71.3685941277123,15.597062299756276,16,0,69.78076696057838,8.172134141115464,0.1316697490495652
2025-03-10 17:00:00,0.1860744118591974,72.31762602869678,7.306234877980346,17,0,75.37722760533532,0.0,0.13193291755613315
2025-03-10 18:00:00,0.21936174761082852,77.16707734817894,0.0,18,0,75.69771871129875,3.9170646819648476,0.13299993021353088
2025-03-10 19:00:00,0.26323391166014,78.89076921411687,0.0,19,0,75.11587252498774,0.0,0.13440672112234434
2025-03-10 20:00:00,0.21401443876634996,71.41661072903945,0.0,20,0,68.95378755645596,6.526200550533429,0.13471555380130715
2025-03-10 21:00:00,0.1737872162578146,68.1025211614917,0.0,21,0,64.45094532659756,0.0,0.13385702332874672
2025-03-10 22:00:00,0.15898555054388042,62.63932177198897,3.7952598471443295,22,0,65.32148930660853,0.0,0.13384503666041822
2025-03-10 23:00:00,0.12067242553323002,56.97696599457665,0.0,23,0,51.11466963110436,1.1572594400418752,0.13274892811790398
2025-03-11 00:00:00,0.09496205211299041,55.054950732669376,8.676971011538672,0,1,48.31699465169397,0.9173233689819318,0.13155436744195959
2025-03-11 01:00:00,0.1031537736756239,53.458011762878336,0.0,1,1,53.312244666861076,2.36216383290228,0.13119645045945977
2025-03-11 02:00:00,0.10773966219142907,52.88237564309055,5.564531601387179,2,1,51.57315924943219,1.7090438895898548,0.1312496249421745
2025-03-11 03:00:00,0.08039645403447858,44.69240441078963,4.869708892952703,3,1,54.48218502821771,5.703586224621072,0.12994962960520812
2025-03-11 04:00:00,0.13488510014435914,60.57201717537071,0.0,4,1,55.8979856371405,2.0484679037947586,0.13134050449716436
2025-03-11 05:00:00,0.09055676897335802,53.21538520909681,0.0,5,1,60.27787922653495,0.0,0.13083762547034541
2025-03-11 06:00:00,0.1237150247061188,65.7439275653469,0.0,6,1,62.016474217229764,7.998778823594358,0.1310027757233543
2025-03-11 07:00:00,0.10592307206797222,57.57814709366742,6.362841173420686,7,1,63.06337092005236,16.823015226657272,0.13087301887088065
2025-03-11 08:00:00,0.11152707438827768,60.916791739408126,18.441684495403063,8,1,64.54987853070699,29.704562175954987,0.131553781659654
2025-03-11 09:00:00,0.1023011330502689,55.20491965094321,26.15591556963093,9,1,54.878343579322056,36.860173512674095,0.13177397341537803
2025-03-11 10:00:00,0.10722704972406229,60.47342784604052,26.33736446418836,10,1,53.83110796580068,38.44217867137713,0.13234129815680976
2025-03-11 11:00:00,0.08310643685892201,52.95806157568708,43.657964418168326,11,1,53.398773718515535,28.027231795936295,0.1321568835050283
2025-03-11 12:00:00,0.07832924005875432,51.615363071219996,35.979301639159424,12,1,52.019461089360966,29.338675416875688,0.13105536246429006
2025-03-11 13:00:00,0.09056696810405156,51.01310341121916,35.86033875678796,13,1,56.542001458538465,31.92443410358737,0.13093056822286095
2025-03-11 14:00:00,0.10780604221832903,59.988311314479354,29.753776881535387,14,1,60.02443870593152,25.61674123605818,0.1303912613734597
2025-03-11 15:00:00,0.12455083327146177,63.45728205543408,25.14894623794725,15,1,67.97758388629418,18.499549510944917,0.131023291106433
2025-03-11 16:00:00,0.1550036498225176,71.82669199416893,17.191231930260336,16,1,70.92578405416269,13.052095153746645,0.13074500156810068
2025-03-11 17:00:00,0.1878270284176881,68.908066865806,9.53695967137073,17,1,74.59698174321143,3.36529193631246,0.1308180272580378
2025-03-11 18:00:00,0.2242160093917061,75.72322631956347,0.0,18,1,75.74611495786077,0.48975736659182345,0.13102028816557434
2025-03-11 19:00:00,0.2330786800626565,72.37991937962032,2.817032219893746,19,1,72.91897179971919,0.0,0.12976382018234586
2025-03-11 20:00:00,0.24939038945776465,73.95083863380556,0.7952697798457162,20,1,72.8834751316805,0.0,0.13123781812782148
2025-03-11 21:00:00,0.19653121432474233,69.44158233982918,2.4649905713982614,21,1,68.44464740009644,0.18880105586931029,0.13218548471394348
2025-03-11 22:00:00,0.17177373171007612,67.51073331804712,0.0,22,1,58.732203966797314,1.1671031148952167,0.1327183255958683
2025-03-11 23:00:00,0.14610429489397594,64.41100574866284,0.8093839428706181,23,1,55.665255554477866,0.0,0.1337779868192327
2025-03-12 00:00:00,0.1202689967603161,55.596557258125394,0.0,0,2,51.10355102100814,1.8494608065579472,0.13483244284620463
2025-03-12 01:00:00,0.08077643437643908,49.748516912838475,3.5108910701817706,1,2,51.0386197171936,0.0,0.1339000537087386
2025-03-12 02:00:00,0.11298726828096134,55.73875025037202,1.129178503305736,2,2,53.85034931785822,0.0,0.13411870396246908
2025-03-12 03:00:00,0.12332306531255538,52.76368953571245,0.0,3,2,55.03424422224052,0.0,0.1359073127657223
2025-03-12 04:00:00,0.10651833260496943,52.87144587530119,0.0,4,2,55.850192086412086,3.8445775776969593,0.13472536411824773
2025-03-12 05:00:00,0.11581655406187052,53.72548357894816,0.0,5,2,58.401221974086326,4.262398405627476,0.1357778551636024
2025-03-12 06:00:00,0.14201157575819215,57.301996918765774,0.10655373286961117,6,2,64.47609031205835,5.235680827823513,0.1365402114574388
2025-03-12 07:00:00,0.12077936401534474,67.70678885396009,9.50424721793751,7,2,62.185541615455506,14.490115422871973,0.13715922362191266
2025-03-12 08:00:00,0.07738207082386533,64.41585461395043,16.785934404102104,8,2,62.03216426136176,28.635639333091838,0.13573651514006216
2025-03-12 09:00:00,0.0811640013527727,62.728460301358396,29.18217310289152,9,2,62.61786757742547,31.22795691857121,0.13485580131933314
2025-03-12 10:00:00,0.08997253565186335,58.39110269008617,35.36015470508373,10,2,53.72358158274248,40.0323801704132,0.1341368632329915
2025-03-12 11:00:00,0.07779796546411044,64.22487967326522,42.45003116430895,11,2,54.04732922456747,39.5688118570964,0.13391567692487436
2025-03-12 12:00:00,0.08514679928437882,59.1406618430238,35.37105640742707,12,2,57.37108414420881,38.772434023516595,0.13419974189260872
2025-03-12 13:00:00,0.08207856401603218,53.01341485320161,38.53906776968871,13,2,58.47243991114873,30.16062404541467,0.13384605838894123
2025-03-12 14:00:00,0.10944847805797096,56.54087165304391,25.779908124175744,14,2,62.884298264609704,27.747693283101032,0.13391449321559298
2025-03-12 15:00:00,0.10155402675235858,60.41068054601153,29.406671887029216,15,2,63.298079632554646,24.38775444366548,0.1329562929439637
2025-03-12 16:00:00,0.1467832224036608,66.41063858760165,13.643842794816717,16,2,71.66022280464185,10.099806476321866,0.13261377513484465
2025-03-12 17:00:00,0.19078879042484015,68.77406959119944,6.256352209700743,17,2,74.36825566461646,0.0,0.13273718188514266
2025-03-12 18:00:00,0.2282019591495681,76.34288192135165,1.1627886515553696,18,2,80.96629066502383,0.0,0.13290326312505357
2025-03-12 19:00:00,0.2414264327802956,81.06813874821289,0.0,19,2,76.55738383310914,0.0,0.1332510861549552
2025-03-12 20:00:00,0.19361534446188264,70.73501827212577,0.0,20,2,70.97291483336937,0.0,0.13092712594679345
2025-03-12 21:00:00,0.20087249056910558,67.40748249801484,0.0,21,2,66.51195516161553,0.0,0.13110801245697526
2025-03-12 22:00:00,0.168668187674287,64.3940507914909,2.553690971714839,22,2,61.180776191033516,0.0,0.13097861478881737
2025-03-12 23:00:00,0.1578391154047362,59.674454890160085,0.0,23,2,53.737824726867316,0.0,0.1314675656434324
2025-03-13 00:00:00,0.1274104956179977,58.73488551044313,0.0,0,3,50.64756589927166,0.0,0.13176512809583577
2025-03-13 01:00:00,0.11845552244663944,55.565636551773856,0.0,1,3,55.18873849903793,0.0,0.1333350900987608
2025-03-13 02:00:00,0.11636692415887305,55.480135346148415,2.8696176996515477,2,3,50.16995825734801,1.8906940999150479,0.13347590909367377
2025-03-13 03:00:00,0.12522592723231535,51.97344261900607,2.96772613928995,3,3,54.23489445704508,0.0,0.1335551950069971
2025-03-13 04:00:00,0.12667381344540854,52.90860390424539,0.0,4,3,54.258811599829045,0.0,0.13439500670868207
2025-03-13 05:00:00,0.110758629863126,51.261913876510974,3.657882965675102,5,3,59.094097242802164,2.1469789654744145,0.13418425986706772
2025-03-13 06:00:00,0.14675913751839784,61.5100110542673,0.0,6,3,64.02207289786482,14.585323835899363,0.13438207494040963
2025-03-13 07:00:00,0.1039934340611818,63.6174101453118,10.683244069023319,7,3,59.92210018314283,25.4060822386403,0.1336826611923195
2025-03-13 08:00:00,0.09410495840620438,67.46198259193162,15.754576958070665,8,3,61.74539662836413,27.332327808093517,0.13437944817491695
2025-03-13 09:00:00,0.09795255766880087,61.40969817040635,28.22666867372088,9,3,56.26542951207502,32.190516062580365,0.13507897135475147
2025-03-13 10:00:00,0.08849885632342133,58.69125023335468,41.90928082785646,10,3,55.753634006653044,35.62729770850939,0.1350175680493997
2025-03-13 11:00:00,0.05785978064904117,56.856544671849115,37.22899840266922,11,3,51.99449278489794,39.73687913135619,0.13418681034877183
